:020000040800F2
:10000000405900245D03000861630008135900088B
:1000100029620008B51C00082584000800000000C3
:100020000000000000000000000000005D67000804
:10003000071D000800000000636300085F670008F8
:1000400077030008770300087703000877030008A8
:100050007703000877030008770300087703000898
:100060007703000877030008770300087703000888
:100070007703000877030008770300087703000878
:100080007703000877030008770300087703000868
:100090007703000877030008770300087703000858
:1000A0007703000877030008770300087703000848
:1000B0007703000877030008770300087703000838
:1000C0007703000877030008770300087703000828
:1000D00077030008D583000877030008770300083A
:1000E000770300087703000800000000770300088A
:1000F00077030008770300087703000877030008F8
:1001000077030008770300087703000877030008E7
:1001100077030008770300087703000877030008D7
:1001200077030008770300087703000877030008C7
:1001300077030008770300087703000877030008B7
:1001400000000000000000000000000000000000AF
:100150007703000877030008770300087703000897
:100160007703000877030008770300087703000887
:100170007703000877030008770300087703000877
:100180007703000877030008770300087703000867
:100190007703000877030008770300087703000857
:1001A0007703000877030008770300087703000847
:1001B0007703000877030008770300087703000837
:1001C0007703000877030008770300087703000827
:1001D0007703000877030008770300087703000817
:1001E0007703000877030008770300087703000807
:1001F00077030008770300087703000877030008F7
:1002000077030008770300087703000877030008E6
:1002100077030008770300087703000877030008D6
:100220007703000877030008770300080000000048
:100230007703000877030008000000007703000838
:1002400077030008770300087703000877030008A6
:100250007703000877030008770300087703000896
:100260007703000877030008770300087703000886
:1002700077030008770300087703000800000000F8
:1002800077030008770300087703000800000000E8
:10029000000000007703000800F002F800F04FF8BB
:1002A0000AA090E8000C82448344AAF10107DA45D1
:1002B00001D100F044F8AFF2090EBAE80F0013F0D4
:1002C000010F18BFFB1A43F00103184700B80000E4
:1002D00020B80000103A24BF78C878C1FAD8520775
:1002E00024BF30C830C144BF04680C6070470000B0
:1002F0000023002400250026103A28BF78C1FBD82F
:10030000520728BF30C148BF0B60704766290BF009
:10031000B482642900F0EE80782900F02781002063
:1003200070471FB50BF0A4FA00F0B8FC04000020E1
:1003300000210BF0D7F9E0601FBD10B510BD00F033
:10034000CDFD1146FFF7EDFF0AF052FD00F0EBFD89
:1003500003B4FFF7F2FF03BC08F019FE0948804719
:1003600009480047FEE7FEE7FEE7FEE7FEE7FEE797
:10037000FEE7FEE7FEE7FEE704480549054A064BAF
:10038000704700006967000899020008404F002488
:10039000405900244051002440510024704753EA42
:1003A000020C00F069802DE9F04B4FF00006002BA5
:1003B0001FBFB3FA83F503FA05F424FA05F65E408D
:1003C00012BF1643B2FA82F502FA05F4C5F1200510
:1003D0001EBF22FA05FC44EA0C04203556EA044C00
:1003E0004FEA144418BF641C4FF000084FF0000996
:1003F000904271EB030C39D3002919BFB1FA81F790
:1004000001FA07F6B0FA80F700FA07F6C7F12007FD
:100410001EBF20FA07FC46EA0C062037B6FBF4FCA8
:10042000A7EB0507103F07F01F0BCBF120060CFAD6
:100430000BFB2CFA06F644BFB3460026202FA4BFC0
:100440005E464FF0000B5BEA060C08BF4FF0010B55
:1004500019EB0B09ABFB027C48EB0608C01B06FB43
:1004600002CC0BFB03CC71EB0C01C1E70B4602463F
:1004700041464846BDE8F08B13B54FF000004FF001
:100480000001AFF30080BDE81C4070470FB4044981
:1004900010B503AA029800F0EFFB10BC5DF814FB46
:1004A0002C00002470B5044685690068C10601D59A
:1004B000302600E02026C00707D070BDD4E9012116
:1004C00030469047206A401C20626D1EF6D570BDF4
:1004D00070B5044685690078C00707D170BDD4E9BE
:1004E000012120209047206A401C20626D1EF6D515
:1004F00070BD00002DE9F041064600241068752902
:10050000314616A510D0AFF30080002802DA404231
:1005100013A507E031688A0701D512A502E0490753
:1005200004D511A5012401E0AFF3008000210A22C7
:1005300006F1240709E0B0FBF2FCB0FBF2F302FB8A
:100540001C00303078541846491C0028F3D123464B
:100550002A463046BDE8F04100F025B90000000011
:100560002D0000002B0000002000000070B50446A4
:100570000D4621461068AFF300802188090502D599
:100580000F4A7A4402E00E4A7A440E32002104F106
:10059000240305E000F00F060009965D5E54491C37
:1005A0000028F7D120780023000704D5702D02D051
:1005B00009B1022311322046BDE8704000F0F3B8C3
:1005C000F8B300002DE9F0474FF0000A89460446D1
:1005D000C0F820A02046E1688847002876D025286A
:1005E00006D0D4E901219047206A401C2062F1E73F
:1005F000E168204600258847C4F81CA0064600276D
:10060000C4F818A02A2E09D0304608F0B9FC38B337
:1006100004EB8708303EC8F8186019E059F8041B4D
:10062000204604EB87029161E1688847012F064666
:1006300018D1E069002820DA25F020051DE0D8F85F
:10064000180000EB800006EB40003038C8F81800B6
:100650002046E1688847064608F092FC0028EED163
:10066000012F0AD02E2E08D12046E16888477F1C32
:100670000646022F45F02005C4DBA069002803DAF6
:10068000404245F00105A061E80701D025F01005C2
:10069000B6B1A6F14100192802D8203645F400650C
:1006A0004A463146204625604D46FFF72FFE58B199
:1006B000012806D0ED1D25F0070000F1080989E7A3
:1006C00004E005F1040985E730468AE7206ABDE8C1
:1006D000F0874FF0000200B5134694469646203945
:1006E00022BFA0E80C50A0E80C50B1F12001BFF4EB
:1006F000F7AF090728BFA0E80C5048BF0CC05DF851
:1007000004EB890028BF40F8042B08BF704748BF9E
:1007100020F8022B11F0804F18BF00F8012B704712
:100720004FF0013C50F8042B51F8043B9A4215D18C
:10073000A2EB0C03934313EACC130BD150F8042B18
:1007400051F8043B9A4209D1A2EB0C03934313EAFC
:10075000CC13E7D04FF00000704700BFD01A01BAA9
:10076000B1FA81F101F0180122FA01F0CB40C1F198
:100770002001DBB2C0B2C01A2CFA01F3D11A9143A6
:1007800011EAC311E6D17047704770477047704750
:1007900010B500F087FA006810BD10B5044600F0EF
:1007A00081FA046010BD2DE9F0470D469946924646
:1007B000044600F124080168880604D5E06921F0A8
:1007C0001001216000E00120A84201DD471B00E08C
:1007D0000027A1697A1902EB0900081AA0612078A4
:1007E000C00602D42046FFF75DFE002608E0D4E9EB
:1007F00001211AF806009047206A401C761C2062EE
:100800004E45F4DB2078C0060AD52046FFF74AFEA5
:1008100006E0D4E9012130209047206A401C206284
:10082000381EA7F10107F4DC07E0D4E9012118F82C
:1008300005009047206A401C2062281EA5F1010592
:10084000F3DC2046FFF744FE2078000602D50220A4
:10085000BDE8F0870120FBE770472DE9FF4F0C460C
:100860001E464FF0FF378BB0D2E90001DDF8608003
:100870000A908A46C1F30A5505B93D46002108464B
:100880004FF00000BAF1000F00F4400005DA00EB71
:1008900080004FF4400101EA50004FEA9059B9F14D
:1008A000010F00DDB9460A9850EA4A000ED044F61E
:1008B0001050A5F2FF3545432F14B8F1000F1ED09C
:1008C0007542291E1EDDC9F100021CE0B8F1010FBE
:1008D0004FF0000001D0302103E0F24305E0215445
:1008E000401CB042FBDB30460022002121540B9912
:1008F000C1F80880C1E900200FB0BDE8F08FBD1B32
:100900006D1CDEE74A4600DA694206A800F06CFA80
:1009100006AB93E8070003AB83E8070050460A994B
:1009200000F00AFB8DE80700A0F500501F3800908A
:100930000398002D0ADD42F21F014A4608440023B5
:1009400003A90390684600F073FD09E0A0F500508C
:100950004A461F38002303A90390684600F07DFD36
:100960008DE807000004000C03D04FF0FF30410871
:1009700000E01046B8F1000F03D0002200921546A7
:100980001EE0751E05D400F091F9303262556D1EDF
:10099000F9D5B3460122084302D000227F1C04E0AF
:1009A0002078302801D100227F1E002A099784D0A8
:1009B0001DE0112D07DA00F079F9303262556D1C17
:1009C00050EA0102F5D1084302D00098C8B10EE008
:1009D0000021681E05E0235C625C63542254401EC3
:1009E000491C8142F7DBAB46A81B401E0990002042
:1009F00004F80B000B98099AC0F80880C0E9002B96
:100A00007AE711264FF0000857E72DE9F04F8846A6
:100A10000446D21D22F0070191B0D1E90001CDE9D1
:100A20000A0107F008FD02460B98C00F01D02D20E7
:100A300007E02068810701D52B2002E0202101EA90
:100A4000C000032A099001D0072A05DB034641466E
:100A5000204600F089F90BE12078800601D5E06995
:100A600000E00620B8F1650F814606D0B8F1660FA8
:100A700018D0B8F1670F70D131E00020B9F1110F33
:100A8000009001DB112301E009F101030AAA01A989
:100A90000CA8FFF7E2FEDDE90C70002609F1010564
:100AA000834647E001204B4600904FF000470AAADA
:100AB00001A90CA8FFF7D1FEDDE90DB00C995D4648
:100AC000002610B909F101000D18B9EB050003D497
:100AD000C0F1FF3609F10105A5EB09002BE0B9F1E2
:100AE000010F01DA4FF001090020B9F1110F009058
:100AF000484601DD112300E003460AAA01A90CA81B
:100B0000FFF7ABFEDDE90C704D46002683462078EA
:100B100000070AD4AB4500DA5D4601A8012D04DDCB
:100B2000411911F8011C302907D04F4502DA17F19D
:100B3000040F04DA012082460FE06D1EEEE7002F5D
:100B400002DCED1B3E4403E0781CA84200DD7D1C66
:100B5000B81B00F1010A4FF000472078000703D4CA
:100B6000AA4501DB4FF0FF3A0021B7F1004F0DF12C
:100B700043088DF8431024D002202B23002F01DAE4
:100B80007F422D230A21021EA0F1010000DC5FB18B
:100B900097FBF1FC97FBF1F201FB1C7C17460CF173
:100BA000300C08F801CDEEE7A8F1010003702188B0
:100BB000090501D5452100E06521A0F1010800F8F3
:100BC000011C09980FA9A1EB0807FF1D00B1012026
:100BD000411901EBEA70A1693844081A401EA0616E
:100BE0002078C00602D42046FFF75CFC099828B1A3
:100BF000D4E901219047206A401C20622078C00679
:100C000022D52046FFF74EFC1EE0002E04DBB34544
:100C100002DD01A8805D00E03020D4E90121904789
:100C2000206A401C2062761CAAF101005FEA000ADB
:100C30000AD100F033F8C0680168405CD4E90121B2
:100C40009047206A401C2062281EA5F10105DCDCCB
:100C500007E0D4E9012118F8010B9047206A401CF5
:100C60002062381EA7F10107F3DC2046FFF730FCB5
:100C7000032011B041E60000074B70B50D467B44E0
:100C800000F05FF80446284600F020F910B14FF05C
:100C9000FF3070BD204670BD53A100000048704772
:100CA000004F002400487047E04E002430B5B0F1FA
:100CB0000A024FEA900E71F100034EEA817EB0EB1A
:100CC0000E0061EB91014FEA101E4EEA017E10EB1F
:100CD0000E0041EB11114FEA102E4EEA016E10EB9F
:100CE0000E0041EB11214FEA104E4EEA014E10EB7F
:100CF0000E0041EB1141401841F100014FEAD000D4
:100D000040EA41704FEAD10110EB80054FEA8104BF
:100D100044EA907444EB01046D1944EB0404521B43
:100D2000A3414FF0000348BF0A3200D530BD401C3C
:100D300041F1000130BD000001694A1C02610878E0
:100D4000704700B58FB0CDE901310021059105490B
:100D50007944CDE9031011466846FFF733FC0FB024
:100D600000BD0000E5FFFFFF2DE9F0411F460446EE
:100D700003260168072A01F4006004DB08B116A508
:100D800005E016A503E008B115A500E015A521F0C2
:100D900010002060A069C01EA0610FB1401EA061BC
:100DA0002046FFF77FFB4FB1D4E901213846904739
:100DB000206A401C2062C01C206206E0206AFAE71C
:100DC000D4E9012115F8010B9047761EF8D2204690
:100DD000FFF77EFBBDE8F0814E414E006E616E0074
:100DE000494E4600696E66002DE9F0478146164679
:100DF0008AB0354878440DC88DE80D0032487844F3
:100E0000801C03AC0DC884E80D0041F69B300844FB
:100E1000372190FBF1F290FBF1F5A5F1800501FB84
:100E200012041B3C02D56442012000E00020DFF8E0
:100E300098A080460027FA44AAF1BE0A0EE0E00717
:100E40000AD03246684607EB470101230AEB8101CD
:100E500000F003FB8DE8070064107F1C002CEED12E
:100E6000194F7F44AE3F19E0E80715D007EB041097
:100E70000DF1180A90E80E008AE80E00C068F042F2
:100E800001D1981908903246012306A903A800F061
:100E9000E4FA03AB83E807006D10641C002DE3D176
:100EA0004FF0010332466946B8F1000F03A802D0A3
:100EB00000F0BEFA01E000F0D0FAC9E90001C9F87B
:100EC00008200AB0BDE8F087BCAC0000007B00F051
:100ED0008000704700487047E04E00247546FFF7D9
:100EE000F9FFAE4605006946534620F007008546E7
:100EF00018B020B5FFF740FABDE820404FF00006DB
:100F00004FF000074FF000084FF0000B21F00701F1
:100F1000AC46ACE8C009ACE8C009ACE8C009ACE834
:100F2000C0098D46704710B50446AFF300802046D7
:100F3000BDE81040FFF70CBA5FEA400C08BF91F023
:100F4000000F4FEA8C234FEAC12243EA51514FEA86
:100F50001C5018BF00F5F0404FEA300018BF41F0B8
:100F600000415FEA6C5C00F02980BCF1FF3F08BFE4
:100F700040F080407047130C06BF12044FF0100C75
:100F80004FF0000C130E04BF12020CF1080C130FEB
:100F900004BF12010CF1040C930F04BF92000CF17A
:100FA000020CD30F04BF52000CF1010C11464FF09C
:100FB0000002A0F11F00A0EB0C00704711F0004FE1
:100FC00008BF704731F000413FF4D5AF0B0C06BFAE
:100FD00009044FF0100C4FF0000C0B0E04BF090277
:100FE0000CF1080C0B0F04BF09010CF1040C8B0F62
:100FF00004BF89000CF1020CCB0F04BF49000CF1B7
:10100000010CCCF12003A0EB0C0022FA03F302FA4E
:101010000CF241EA030100F10100704720F07F4C1F
:1010200080EA030023F07F47ACEB070303F57C5312
:1010300000F0004003F1FF032DE980494FEA154B12
:1010400009B44FEA144325EA0B4E24EA03480FF291
:10105000042606EB132749083E785FEA320203FBB9
:101060000667C7F5000707FB06F64FEA54374FEA55
:10107000D64606F1020607FB066CCCF1005C4FEA8F
:101080001C472CEA074C07FB06F40CFB06F504EBA7
:1010900015464FEA961634BF00204FF000404FEA45
:1010A000D13706FB07FC4FEA1C4C0CFB0BF7D21B9D
:1010B00003FB0CF761EB07010CFB0EF7B0EB0740ED
:1010C00072EB17420CFB08F734BFA2EB0742B2EBFE
:1010D000074261EB17414FEA0C444FEA910706FBC8
:1010E00007FC4FEA1C4C0CFB0BF7B0EBC74072EB54
:1010F000573203FB0CF734BFA2EBC742B2EBC74237
:1011000061EB57310CFB0EF7B0EBC70072EB577277
:101110000CFB08F734BFA2EBC702B2EBC70261EBCE
:101120005771039F4FEA816141EA921104EBCC04AD
:101130004FEAD1374FEA826206FB07FC42EA90127F
:101140004FEA80604FEA1C4C0CFB0BF7D21B03FBF1
:101150000CF761EB07010CFB0EF7B0EB074072EBED
:1011600017420CFB08F734BFA2EB0742B2EB074271
:1011700061EB17414FEA8C554FEA910704EB9C2431
:1011800006FB07FC4FEA1C4C0CFB0BF7B0EBC7400F
:1011900072EB573203FB0CF734BFA2EBC742B2EB42
:1011A000C74261EB57310CFB0EF7B0EBC70072EB97
:1011B00057720CFB08F734BFA2EBC702B2EBC702B1
:1011C00061EB577115EB4C254FEA816141EA9211B1
:1011D0004FEA82624FEAD13742EA901206FB07FCDF
:1011E00044F100044FEA80604FEA1C4C0CFB0BF703
:1011F000D21B03FB0CF761EB07010CFB0EF7B0EB06
:10120000074072EB17420CFB08F734BFA2EB074212
:10121000B2EB074261EB174115EB1C154FEA813128
:1012200041EA92414FEA823242EA90424FEA8030EC
:101230004FEA0C7644F1000448EA03434EEA0B48B7
:101240004FF0000EB2EB080C71EB030724BF6246AF
:1012500039464EEB0E0E4FF0000B0018524149413B
:101260004BEB0B0BB2EB080C71EB03077BF1000BA4
:1012700024BF624639464EEB0E0E4FF0000B0018AD
:10128000524149414BEB0B0BB2EB080C71EB0307DE
:101290007BF1000B24BF624639464EEB0E0E51EA3D
:1012A000020718BF46F0010616EB0E7655F1000254
:1012B00054F1000103D5BDE88901BDE80088BDE80F
:1012C0008901BDE80048B619524141EB0101A3F183
:1012D0000103704780807F7E7D7C7B7A797877768A
:1012E00076757473727171706F6E6E6D6C6C6B6A03
:1012F0006A696868676666656464636362616160A1
:10130000605F5F5E5E5D5D5C5C5B5B5A5A5959581D
:101310005857575656555555545453535252525187
:10132000515050504F4F4F4E4E4D4D4D4C4C4C4BDD
:101330004B4B4A4A4A494949484848474747474624
:101340004646454545444444444343434342424260
:1013500042414141002B9C4630D477002BD01CB534
:101360004FEA370703B44FF010004FF01001BAF105
:10137000000F06D0BCF1000FDCBF40F0080040F0C9
:1013800008014FF000000FBCBDE810400BF1010B4D
:10139000BBF1010F08BF5FEA170722BF12F101027C
:1013A00011F101014FF0004143F1000300F0004052
:1013B00043EA00007047F9D35708D0E746EA0646EB
:1013C00013F1400F4FEA16461FDD13F1200FDFBF68
:1013D00016430A46002120335B42BED0C3F12007EA
:1013E00046EA064602FA07F74FEA164646EA0706B5
:1013F000C3F1200722FA03F201FA07F721FA03F1F9
:101400004FF0000342EA0702A7E746EA020646EA6F
:1014100006464FEA164646EA0106BCBF46EA0646BD
:10142000360C4FF000034FF000024FF0000194E73C
:101430002DE9804C9A46934670B491E8380007C86D
:1014400031EA400C48BF34EA430C03D5FFF7E6FD10
:10145000FFF780FFF0BCBDE8008C2DE9804C9A4678
:10146000934670B491E8380007C810F0804F08BF69
:1014700013F0804F03D100F005F8FFF76BFFF0BCCD
:10148000BDE8008C20F07F4780EA030023F07F4C0A
:1014900007EB0C03A3F57C5300F00040A3F1FE031F
:1014A00092F0000F00F0B38095F0000F00F077800D
:1014B0002DE901494FEA11404FEA144621EA00485C
:1014C00000FB06FC24EA064708FB06F607FB08F8C3
:1014D00000FB07F718EB06484CEB164C4FEA124B93
:1014E00018EB07484FEA15464CEB174022EA0B4E23
:1014F0000BFB06FC25EA06470EFB06F607FB0EFE75
:101500000BFB07F71EEB064E4CEB164C4FF000069C
:101510001EEB074E4CEB174B18EB0B0840F100008D
:1015200018EB0E0B58EB000840F100008F1A4FF03B
:1015300000013CBFC943661B14BFB5EB040C00217E
:101540003CBFC943F61B4FEA17444EEA8E0E27EA0A
:1015500004454FEA1C4704FB07622CEA074C05FBD5
:1015600007F70CFB05F604FB0CFC16EB074642EBF9
:10157000174216EB0C4642EB1C421BEB060658EBDF
:101580000202414146EA9E0601D5BDE80189B6192D
:10159000524141EB0101A3F10103BDE801894FEA8A
:1015A00014454FEA114724EA054621EA074C05FB9A
:1015B00007F406FB07F70CFB06F105FB0CFC11EB2F
:1015C000074144EB17444FEA124711EB0C4144EB3F
:1015D0001C4422EA074C05FB07F206FB07F70CFB4D
:1015E00006F605FB0CFC16EB074642EB174216EB22
:1015F0000C4642EB1C456A1854F1000148BF704785
:10160000B619524141EB0101A3F10103704795F076
:10161000000F37D04FEA11424FEA144721EA024641
:1016200024EA074C02FB07F106FB07F70CFB06F464
:1016300002FB0CFC14EB074441EB17414FEA154742
:1016400014EB0C4441EB1C4125EA074C02FB07F567
:1016500006FB07F70CFB06F602FB0CFC16EB074635
:1016600045EB174516EB0C4645EB1C42121951F1A0
:10167000000148BF7047B619524141EB0101A3F187
:10168000010370474FEA14454FEA114724EA054623
:1016900021EA074C05FB07F106FB07F70CFB06F2F6
:1016A0004FF0000605FB0CFC12EB074241EB174123
:1016B00012EB0C4251EB1C4148BF7047921841EBB2
:1016C0000101A3F1010370472DE9F04F2DED108BBF
:1016D00089B006460C46B0EE40BAB0EE60DA9346EA
:1016E000B6F8820600902146304604F0EFFBF0EE9B
:1016F00040AA2146304604F075FBF0EE408A9FED8B
:10170000FD1A38EE811AB7EEC11AB0EE410BB1EEF8
:10171000001B06F0C5FEB7EEC00BF0EE40EA9FEDF1
:10172000F51A3DEE011AB7EEC11AB0EE410BB1EE5B
:10173000001B06F0B5FEB7EEC00BF0EE40DA7DEE12
:10174000EE0A80EE8B0A3DEEC00AF0EE40BAD4ED10
:101750000B0A9FEDE91AB7EE000A00EE810AF7EED8
:10176000000A80EE801A8DED011AB7EE000A8DEDA9
:10177000020AD4ED0D0AB4F9400000EE100AB8EEEA
:10178000C01AB7EE000A00EE810A8DED030AB4F923
:101790004210B4F94000081A00EE100AF8EEC00A30
:1017A00094ED0E1AB7EE000A01EE200ADDED030AF1
:1017B00020EE200A8DED040AB6F8140600EE100A99
:1017C000B8EE400AB0EE409A9FEDCC0AB4EEC09A53
:1017D000F1EE10FA05DD9FEDCA0A39EE400AB0EECF
:1017E000409AB4F9140000EE100AB8EEC00AC0EE38
:1017F000090AB0EE609AB6F8800600F480504FEA0D
:101800006018B6F8100600EE100AB8EE400A8DED2A
:10181000070AB6F8500600EE100AB8EE400A8DED41
:10182000080A002026E007A901EB800191ED000ADB
:10183000DFEDB20AB4EEE00AF1EE10FA0DDD07A911
:1018400001EB800191ED000ADFEDAD0A30EE600A98
:1018500007A901EB800181ED000A07A901EB8001D6
:1018600091ED000A20EE090A07A901EB800181ED44
:10187000000A401C0228D6DBD4ED080AB3EE090AA0
:1018800038EEC01AB7EE000A00EE810A42F64C208C
:10189000005F00EE900AF8EEE00A20EE201AD4ED88
:1018A000070A9FED980A7AEEC01AB7EE000A00EE1A
:1018B000A10ADDED070A41EE400ACDED070A94F8D2
:1018C0002500404525D1D4ED080AB3EE090A38EECB
:1018D000C01AB7EE000A00EE810A42F64C202044FE
:1018E000B0F9020000EE900AF8EEE00A20EE201AAD
:1018F000D4ED070A9FED830A7AEEC01AB7EE000A0C
:1019000000EEA10ADDED080A41EE400ACDED080A1D
:101910002AE042F64C202044B0F9020000EE100A02
:10192000B8EEC00A04F52050D0ED940A70EE200AFB
:1019300094ED081AB3EE090A78EEC01AB7EE000A61
:1019400001EE210A20EE801AD4ED070A9FED6D0A00
:101950007AEEC01AB7EE000A00EEA10ADDED080A21
:1019600041EE400ACDED080A002591E12846EA172C
:1019700005EBD26252112946EB1705EB93639B11DD
:10198000A2EB430257B205EBD0714910A5EB410120
:10199000794049B20691AB1C4FEAE37C03EB9C7C97
:1019A0004FEAAC0CEA1C4FEAE27E02EB9E7EACEB07
:1019B000AE0C691C4FEAE17E01EB9E7E0CEBAE0C97
:1019C0004FEAE57E05EB9E7EACEBAE0C4FEA470E90
:1019D000CEF1010E0CFB0EFC4FFA8CF9B8F1000FA2
:1019E00001D1059701E006980590B6F88216059892
:1019F00081427DD136F8150000EE100AB8EE400A9B
:101A0000B0EE408A9FED3D0AB4EEC08AF1EE10FAC6
:101A100005DD9FED3B0A38EE400AB0EE408A28EE25
:101A2000090AB0EE408A41F24420204400EB8500D0
:101A3000D0ED000AB3EE090A38EEC01AB7EE000A7C
:101A400000EE810A04F6444030F9150000EE900AD9
:101A5000F8EEE00A20EE201A41F64460204400EB44
:101A60008500D0ED000A9FED270A7AEEC01AB7EE86
:101A7000000A00EEA10AF0EE480A41EE400AB0EE7C
:101A8000608A94F8250040451BD042F6502020443F
:101A9000D0ED020A7800401E00EE100AB8EEC01A1F
:101AA000B0EE480A00EE810A42F65020204490ED44
:101AB000011A00EE909AF8EEE00A01EE600AB0EE2C
:101AC000408A88EE0B0AB0EE408AD4ED060A07A9D8
:101AD000009801EB800090ED001AB0EE480A00EE8D
:101AE000C10AB0EE408A04F1440000EB85000BE02F
:101AF000CDE00000339388430000204200FEFF4603
:101B0000000080473333534090ED000AD4ED060ABD
:101B100042F644202118009801EB800090ED001A55
:101B200000EEC10A94ED0A1AF3EE090A78EEE01A03
:101B3000F7EE000A41EE210A60EE209AB0EE081B93
:101B4000B7EEE90A06F0ACFCB0EE481A09EEAB1AA3
:101B5000B7EEC11A20EE010BB7EEC00BB0EE40EAB3
:101B6000B7EECE0A07F068F9B0EE40CB07F064F9A3
:101B700094ED0C1AB7EEC11A20EE010BB7EEC00BB4
:101B8000B0EE40EAD4ED0C0A1FED261AB7EE000ABB
:101B900000EEC10AF0EE4E0A49EE800A88EE200AF5
:101BA00030EE2B0AB7EEC00AB0EE40FB07F044F966
:101BB000B0EE40CB07F040F99FED3A1B30EE410B01
:101BC000B7EEC00BB0EE40AAB4F93E0000EE100A2A
:101BD000B8EEC00AB4EECA0AF1EE10FA02DD4FF018
:101BE000000A1DE0B4F9400000EE100AB8EEC00A89
:101BF000B4EECA0AF1EE10FA02DD4FF0010A0FE06E
:101C0000B4F9420000EE100AB8EEC00AB4EECA0AF7
:101C1000F1EE10FA02DD4FF0020A01E04FF0030A84
:101C200004F12C0000EB8A00D0ED000A04F13C0026
:101C300030F91A0000EE100AB8EEC00A3AEE401A67
:101C4000B7EE000A00EE810A01A800EB8A00D0ED91
:101C5000000A60EEA90A60EE200A88EE200A30EE43
:101C60002B0AB7EEC00AB0EE40CB07F0E5F8B0EEB5
:101C700040FB07F0E1F89FED0D1B30EE410BB7EE96
:101C8000C00BB0EE40AA0BEB850080ED00AA6D1CE6
:101C9000B5F5407FFFF66AAE09B0BDEC108BBDE82C
:101CA000F08F000000000060661271406666666694
:101CB0006612714000BFFEE702460B46D11A11F1D1
:101CC000220F05DD11F11E0F02DA6FF005007047DB
:101CD00011F1020F04DD022902DA6FF00500F6E7C8
:101CE0001E2904DD222902DA6FF00500EFE700204B
:101CF000EDE70146087D00F040020AB90020704778
:101D00006FF00600FBE770472DE9F04F2DED028BD9
:101D1000B9B005460E46002415F8400F00F00F003C
:101D200000902878C0F303192888C0F30328288876
:101D30001E2101EB103008EE100A6F88403D002094
:101D400025E0840000F1220115F8111001F00F01C7
:101D500021AA42F8241000F1220115F81110C1F354
:101D6000031221AB611C43F8212000F1220135F858
:101D70001110C1F30322A11C43F8212000F122011C
:101D800035F811100A0BE11C43F82120401C0628ED
:101D9000D7DB00200CE021A951F82010072906DD2F
:101DA00021A951F82010103921AA42F82010401C16
:101DB0001828F0DB002025E0840000F1280115F848
:101DC000111001F00F0101AA42F8241000F12801BE
:101DD00015F81110C1F3031201AB611C43F8212067
:101DE00000F1280135F81110C1F30322A11C43F8BA
:101DF000212000F1280135F811100A0BE11C43F8ED
:101E00002120401C0828D7DB00200CE001A951F854
:101E10002010072906DD01A951F82010103901AA68
:101E200042F82010401C2028F0DB4FF0000A86E02A
:101E30004FF0000B7DE0202000FB0AB404F14000CD
:101E400035F81000C0F3051000EE100AB8EEC00A15
:101E500006F1440000EB840080ED000A06F1440026
:101E600000EB840090ED000AF3EE0F0AB4EEE00AF6
:101E7000F1EE10FA0FDD06F1440000EB840090ED66
:101E8000000ADFED330A30EE600A06F1440000EB91
:101E9000840080ED000A06F1440000EB8400D0EDE0
:101EA000000A0121009801FA00F000EE100AB8EED5
:101EB000C00A20EE800A06F1440000EB840080EDA9
:101EC000000A21A850F82A0000FA08F0C11901A858
:101ED00050F82B0000FA09F0084400EE100AB8EEA2
:101EE000C00A06F1440000EB8400D0ED000A30EE99
:101EF000200A06F1440000EB840080ED000AB8EEF1
:101F0000481BB0EE000B06F0CBFA06F1440000EBE4
:101F1000840090ED001AB7EEC11A81EE002BB7EEE7
:101F2000C20B06F1440000EB840080ED000A0BF1C7
:101F3000010BBBF1200FFFF67EAF0AF1010ABAF1E7
:101F4000180FFFF675AF39B0BDEC028BBDE8F08F0E
:101F5000000080420EB5838A03F400631A1182F0F8
:101F6000800290F86A3003F03F0300EE103AB8EEBA
:101F7000C00A8DED000A9DED000AF3EE0F0AB4EEE3
:101F8000E00AF1EE10FA07DD9DED000ADFED340AFC
:101F900030EE600A8DED000A9DED000AF3EE000AB6
:101FA00080EE201A8DED001AB0F86A30C3F3841366
:101FB00000EE103AB8EEC00A8DED010A9DED010A5F
:101FC000F2EE0E0AB4EEE00AF1EE10FA07DD9DED36
:101FD000010ADFED240A30EE600A8DED010A9DED65
:101FE000010AF0EE000A80EE201A8DED011AB0F819
:101FF0006A30DB0A00EE103AB8EEC00A8DED020A34
:102000009DED020AF2EE0E0AB4EEE00AF1EE10FACD
:1020100007DD9DED020ADFED130A30EE600A8DED5B
:10202000020A9DED020AF2EE000A80EE201A8DED02
:10203000021A81F825209DED000A01F5205383ED59
:10204000940A9DED010A42F650230B4483ED010AE8
:102050009DED020A42F650230B4483ED020A0EBDA9
:102060000000804200000042F0B52DED048B83B0EB
:1020700004460D46B4F840001B2101EB103009EE78
:10208000100AB4F87400C0F30900ADF80000BDF9FF
:102090000000B0F5007F06DBBDF80000A0F5806011
:1020A00000B2ADF80000B4F87400800AADF8020088
:1020B000BDF902001F2805DDBDF80200403800B25E
:1020C000ADF80200BDF80200BDF80010084400B2EF
:1020D000ADF80200B4F87200C0F3090000EE100A77
:1020E000B8EEC00A8DED010A9DED010ADFED5A0A36
:1020F000B4EEE00AF1EE10FA07DD9DED010ADFED26
:10210000570A30EE600A8DED010AB8EE491BB0EEB9
:10211000000B06F0C5F99DED011AB7EEC11A81EE6C
:10212000002BB7EEC20B8DED010AB4F87200800AE5
:1021300000EE100AB8EEC00A8DED020A9DED020A0B
:10214000F3EE0F0AB4EEE00AF1EE10FA07DD9DEDB2
:10215000020ADFED430A30EE600A8DED020A9DEDC2
:10216000020ADFED400A80EE201AB7EE000A31EED7
:10217000000ADDED010A20EE200A8DED020A94F836
:10218000760000EE100AF8EEC08A9FED370AF4EEF2
:10219000C08AF1EE10FA05DD9FED340A38EEC00A70
:1021A000F0EE408A94F87000C0F3031000F10806C6
:1021B00000EE106AB8EE401BB0EE000B06F070F9AE
:1021C000B7EEE81A81EE002BB7EEC20B85ED080AD8
:1021D000B4F87600000A00EE100AB8EEC08A9FED4F
:1021E000220AB4EEC08AF1EE10FA05DD9FED1F0A57
:1021F00038EE400AB0EE408AB4F87000C0F303270E
:1022000000EE107AB8EE401BB0EE000B06F048F975
:10221000B7EEC81A81EE002BB7EEC20B85ED070AA8
:102220009DED010A05F5205080ED910A9DED020A11
:1022300042F64420284480ED010ABDF8001042F621
:102240004C204153BDF8020042F64C2129444880FD
:1022500003B0BDEC048BF0BD0080FF430000804460
:1022600000008042000000430000FE420000804366
:102270002DE9F04782460D4600240027A046A146DE
:1022800000BF0DE04FF6FF7042F65C21294421F8B3
:10229000140042F66621294421F81400601C84B21F
:1022A000052CEFDB00241EE004F140003AF810009A
:1022B00038B942F65C20284420F81740781C87B2D1
:1022C0000FE004F140001AF8100000F0010040B1E6
:1022D00042F66620284420F8184008F101001FFA51
:1022E00080F8601C84B2B4F5407F04DA052F02DA6E
:1022F000B8F1050FD8DB042F02DD6FF0020964E0AE
:10230000B8F1040F02DD6FF003095EE007EB08008F
:10231000042802DD6FF0040957E0002419E0661C70
:1023200013E042F65C222A4432F8161042F65C2290
:102330002A4432F81400FFF7BFFC8146B9F1000FC0
:1023400002D04846BDE8F087761CBE42E9DB601C3F
:1023500084B2BC42E3DB002418E0661C12E042F6C3
:1023600066222A4432F8161042F666222A4432F8CF
:102370001400FFF7A1FC8146B9F1000F01D04846D7
:10238000E0E7761C4645EADB601C84B24445E4DBAA
:10239000002418E0002612E042F666222A4432F8B1
:1023A000161042F65C222A4432F81400FFF784FC2F
:1023B0008146B9F1000F01D04846C3E7761C464577
:1023C000EADB601C84B2BC42E4DB4846BAE7024662
:1023D000B2F8603018B2B0F5004F00DB00B288826E
:1023E00070470000B0F87820120A00EE902AF8EE4C
:1023F000E00AB0EE600ADFED0B0AB4EEE00AF1EE9F
:1024000010FA05DDDFED080A70EE600AB0EE600A32
:10241000DFED060A80EE201AB0EE410A81ED0A0ACD
:10242000704700000000FE420000804300000046AC
:1024300030B57A308288C2F3013202EB8202540056
:102440006FF027028A870025CD870279C2F3031532
:10245000402255528288C2F303254222555240221F
:10246000525A12FB04F215B240225552B1F94050B3
:102470004222525A12FB045215B24222555202799C
:1024800002F00F0202F10803012202FA03F30278BC
:1024900000EE102AB8EEC00A81ED0B0A0288120A7B
:1024A00000EE102AB8EEC00A81ED0C0A827800EE28
:1024B000102AB8EEC00A81ED0D0A42887A38120A55
:1024C00000EE102AB8EEC00A81ED0E0A00222FE0BD
:1024D00001F12C0505EB820595ED000ADFED160AEA
:1024E000B4EEE00AF1EE10FA0FDD01F12C0505EB78
:1024F000820595ED000ADFED110A30EE600A01F168
:102500002C0505EB820585ED000A01F12C0505EB94
:102510008205D5ED000A00EE103AB8EEC00A80EE52
:10252000801A01F12C0505EB820585ED001A521C7D
:10253000042ACDDB30BD00000000FE4200008043D5
:102540002DE9F04F85B006460D460024B6F86C0024
:10255000000A4FFA80FABAF17F0F01DD4FFA8AFACA
:102560008DF810A096F86C004FFA80F8B8F17F0F44
:1025700001DD4FFA88F88DF81280B6F86E00000A77
:1025800047B27F2F00DD7FB28DF8117096F86E0094
:102590004FFA80F9B9F17F0F01DD4FFA89F98DF813
:1025A000139096F87000C0F303100830039096F86B
:1025B000700000F00F0002904FF0000BA5E000202B
:1025C00000909CE02021009801FB0B042046E317BB
:1025D00004EBD3635B1121464FEAE47C04EB9C6C73
:1025E0004FEAAC1CA3EB4C03224604EBD27C4FEA2F
:1025F0006C0CA4EB4C0C4FF0020E0EFB03C3DBB2D1
:102600000193403016F81000C0F3420000EE100AAB
:10261000B8EEC00A41F24420284400EB840080ED6B
:10262000000A41F24420284400EB840090ED000AA7
:10263000F0EE080AB4EEE00AF1EE10FA11DD41F214
:102640004420284400EB840090ED000AF2EE000ADA
:1026500030EE600A41F24420284400EB840080ED13
:10266000000A41F24420284400EB8400D0ED000A27
:102670000121029801FA00F000EE100AB8EEC00A3B
:1026800020EE800A41F24420284400EB840080EDD3
:10269000000A04A90198085600EE100AB8EEC00A14
:1026A00041F24420284400EB8400D0ED000A30EED3
:1026B000200A41F24420284400EB840080ED000A07
:1026C0009DED030AB8EE401BB0EE000B05F0E8FEEE
:1026D00041F24420284400EB840090ED001AB7EE4C
:1026E000C11A81EE002BB7EEC20B41F24420284400
:1026F00000EB840080ED000A0098401C00900098D8
:102700002028FFF65FAF0BF1010BBBF1180FFFF6AE
:1027100056AF05B0BDE8F08F2DE9FF5F05460E46C8
:102720000024B5F868004FEA103ABAF1070F03DD4C
:10273000AAF110004FFA80FA8DF80CA0B5F86800E5
:10274000C0F30328B8F1070F03DDA8F110004FFA1A
:1027500080F88DF80E8095F86800C0F30317072FF6
:1027600002DDA7F1100047B28DF80D7095F86800F2
:1027700000F00F09B9F1070F03DDA9F110004FFABE
:1027800080F98DF80F90B5F87000C0F30320029027
:102790000020009053E04FF0000B4AE02021009809
:1027A00001FB00B42046E31704EBD3635B11214621
:1027B0004FEAE47C04EB9C6C4FEAAC1CA3EB4C03AB
:1027C000224604EBD27C4FEA6C0CA4EB4C0C4FF08D
:1027D000020E0EFB03C3DBB2019303A8019BC0569C
:1027E00000EE100AB8EEC00A41F64460304400EB37
:1027F000840080ED000A9DED020AB8EE401BB0EEA9
:10280000000B05F04DFE41F64460304400EB8400BF
:1028100090ED001AB7EEC11A81EE002BB7EEC20B95
:1028200041F64460304400EB840080ED000A0BF177
:10283000010BBBF1200FB1DB0098401C0090009809
:102840001828A8DBBDE8FF9F2DE9F043B8B0024689
:10285000002092F8203003F00F0C92F82030C3F3E0
:102860000317138CC3F30326538C1DB2B5F5004F29
:1028700000DB2DB2002328E0980003F1120412F8C7
:10288000144004F00F040DF1800848F8204003F1D3
:10289000120412F81440C4F303180DF18009441C0B
:1028A00049F8248003F1120432F81440C4F30328D9
:1028B000841C49F8248003F1120432F814404FEAD2
:1028C0001438C41C49F824805B1C062BD4DB00237D
:1028D0000DE020AC54F82340072C07DD20AC54F861
:1028E0002340103C0DF1800848F823405B1C182B56
:1028F000EFDB002324E0980003F1180412F81440E1
:1029000004F00F044DF8204003F1180412F81440AD
:10291000C4F30318441C4DF8248003F1180432F862
:102920001440C4F30328841C4DF8248003F11804D8
:1029300032F814404FEA1438C41C4DF824805B1C54
:10294000082BD8DB002309E05DF82340072C04DDC9
:102950005DF82340103C4DF823405B1C202BF3DB3B
:1029600000234CE0002447E04FF0200808FB034020
:1029700000F1400832F818804FEA982901F64448DF
:1029800028F8109038F91080B8F11F0F0BDD01F610
:10299000444838F81080A8F140080FFA88F901F689
:1029A000444828F8109001F6444838F810804FF059
:1029B000010909FA0CF908FB09F80FFA88F901F680
:1029C000444828F810900DF1800838F8238008FA60
:1029D00006F808EB05093DF8248008FA07F8C14419
:1029E00001F6444838F81080C8440FFA88F901F617
:1029F000444828F81090641C202CB5DB5B1C182B75
:102A0000B0DB38B0BDE8F08370B52DED048B044623
:102A10000D46B4F86400800A00EE100AB8EEC00A51
:102A2000F0EE408AB3EE0F0AF4EEC08AF1EE10FA2F
:102A300005DD9FED250A38EEC00AF0EE408A9FEDD5
:102A4000230AC8EE800AF0EE608AB4F86400C0F38E
:102A5000090000EE100AB8EEC08A9FED1D0AB4EE20
:102A6000C08AF1EE10FA05DD9FED1A0A38EE400A31
:102A7000B0EE408AB2EE000AC8EE000AB0EE608AFC
:102A8000B4F8620006B2B2EE0C1BB0EE000B05F01B
:102A900007FDB0EE401B208C00F4704000EE100AE1
:102AA000B8EEC00B80EE012BB2EE000B32EE000B45
:102AB000B7EEC09BC5ED018A85ED028AAE8185ED3A
:102AC000049ABDEC048B70BD00008042000080457C
:102AD0000080FF4300008044B0F87030C3F301323F
:102AE00081F824207047000090F8782000EE902AAA
:102AF000F8EEE00AB0EE600ADFED0A0AB4EEE00A92
:102B0000F1EE10FA05DDDFED080A70EE600AB0EEB6
:102B1000600ADFED060A80EE201AB0EE410A81ED70
:102B2000060A70470000FE42000080430000004299
:102B300030B50A46B0F8664021B2B0F86640210AC6
:102B40007F2902DDA1F5807421B24C0121B290F8F9
:102B50006630A3F580744FF40055C5EB4413118023
:102B6000538030BD70B50446B3F5804F13D1D1E921
:102B7000000540EA05108D6840EA05208D6928436C
:102B80008D8940EA054054F82250064E35402843CE
:102B900044F8220003E06FF0704044F82200002067
:102BA00070BD00000000F0CF30B50246086852F852
:102BB000200020F001000C6842F8240088680828F2
:102BC00001D1402300E00023486818438C6820436B
:102BD000CC6820430C6920434C6920438C69204316
:102BE000CC6920430C6A20434C6A20438C6A204302
:102BF000CC6A20430C6B20434C6B20438C6B2043EE
:102C00000C6852F824400D4D2C4020430C6842F8CB
:102C10002400086BB0F5801F07D1086828B1106840
:102C200020F480100C6B20431060086818B1106805
:102C30004C6B20431060002030BD00008004C0FFBA
:102C400030B50346D1E9000540EA05108D6840EA39
:102C500005208D8940EA0545088A401E45EA005551
:102C6000087D801E45EA00608D692843551C53F895
:102C7000255005F040452843551C43F825001868A9
:102C800000F48010B0F5801F0BD1586820F4700458
:102C9000088A401E44EA0054586820F4700020431B
:102CA0005860002030BD2DE9F04104460D4616461F
:102CB0001F46002C19DB3F2C17DC002028703070D9
:102CC000C4EB04284FEAE87008EB9060801101EE35
:102CD000100AB8EEC11BB0EE410B06F05DF8BCEE79
:102CE000C00B10EE100A38706FE0402C30DB7F2CE8
:102CF0002EDC00202870A4F14000C0EB00284FEA31
:102D0000E87008EB9060801101EE100AB8EEC11B6C
:102D1000B0EE410B06F040F8BCEEC00B10EE100A0E
:102D20003070C4F17F00C0EB00284FEAE87008EB78
:102D30009060801101EE100AB8EEC11BB0EE410B9D
:102D400006F02AF8BCEEC00B10EE100A38703CE01A
:102D5000802C1CDBBF2C1ADCA4F18000C0EB002807
:102D60004FEAE87008EB9060801101EE100AB8EEAF
:102D7000C11BB0EE410B06F00FF8BCEEC00B10EE1D
:102D8000100A2870FF203070002038701DE0C02C21
:102D90001BDBFF2C19DCFF202870C4F1FF00C0EB07
:102DA00000284FEAE87008EB9060801101EE100AED
:102DB000B8EEC11BB0EE410B05F0EEFFBCEEC00B50
:102DC00010EE100A307000203870BDE8F08100006D
:102DD00070B504460CB9012070BD94F83500022886
:102DE00003D0802060650120F6E7DC492068884236
:102DF00049D0DA4918312068884244D0D749303167
:102E0000206888423FD0D5494831206888423AD06E
:102E1000D24960312068884235D0D0497831206865
:102E2000884230D0CD499031206888422BD0CB49A0
:102E3000A8312068884226D0C9492068884222D01B
:102E4000C7491831206888421DD0C54930312068F3
:102E5000884218D0C24948312068884213D0C049FE
:102E60006031206888420ED0BD49783120688842A0
:102E700009D0BB4990312068884204D0B849A831B4
:102E80002068884201D1012000E00020F0B3042036
:102E900084F83500B149206888424BD0AF491831D9
:102EA0002068884246D0AD4930312068884241D000
:102EB000AA494831206888423CD0A849603120683E
:102EC000884237D0A54978312068884232D0A3495A
:102ED0009031206888422DD0A049A83120688842CE
:102EE00028D09F492068884224D09D491831206805
:102EF00088421FD09A493031206888421AD09849B8
:102F000048312068884215D0954900E020E06031C2
:102F1000206888420ED0924978312068884209D0D2
:102F20008F4990312068884204D08D49A8312068AB
:102F3000884206D12068006820F0010021680860FE
:102F400009E12068006820F001002168086002E1C2
:102F50002068006820F00E00216808607F49206822
:102F6000884249D07D4918312068884244D07B4945
:102F70003031206888423FD0784948312068884203
:102F80003AD0764960312068884235D0734978312B
:102F90002068884230D071499031206888422BD017
:102FA0006E49A8312068884226D06D492068884241
:102FB00022D06B491831206888421DD068493031D1
:102FC0002068884218D0664948312068884213D06A
:102FD00063496031206888420ED0614978312068A9
:102FE000884209D05E4990312068884204D05C490B
:102FF000A8312068884206D12068006820F00100CE
:103000002168086005E02068006820F00100216860
:10301000086052492068884270D0504918312068B1
:1030200088426BD04D4930312068884266D04B4988
:1030300048312068884261D0484960312068884220
:103040005CD0464978312068884257D04349903156
:103050002068884252D04149A831206888424DD02A
:103060003F492068884249D03D491831206888424C
:1030700044D03B493031206888423FD038494831FC
:10308000206888423AD0364960312068884235D07D
:10309000334978312068884230D0314990312068F6
:1030A00088422BD02E49A8312068884226D02D494D
:1030B0002068884222D02B491431206888421DD0D4
:1030C000284928312068884218D026493C31206898
:1030D000884213D023495031206888420ED02149BC
:1030E00064312068884209D01E49783120688842BE
:1030F00004D01C498C312068884201D1012000E0B5
:103100000020D8B1206E006820F48070216E086025
:10311000A56D94F85C0000F01F01012088406860F4
:10312000D4E919104860E06E40B1E06E006820F408
:103130008070E16E0860D4E91C10486000BF002078
:1031400084F8340000BF012084F83500206D10B1F0
:103150002046216D884700203EE600001000024016
:1031600010040240085402580348006840F001006F
:10317000014908607047000020040058F8B5024675
:103180000023734DDEE001279F400E6806EA070426
:10319000002C71D04E68022E02D04E68122E13D130
:1031A000DF0802F1200656F827005E07F70E0F260B
:1031B000BE40B0435F07FF0E0E69BE403043DF08DC
:1031C00002F1200646F8270010685F000326BE4083
:1031D000B0430E7906F003065F00BE403043106036
:1031E0004E68012E08D04E68022E05D04E68112E72
:1031F00002D04E68122E13D190685F000326BE40A5
:10320000B0435F00CE68BE403043906050680126F6
:103210009E40B0430E79C6F300169E403043506086
:10322000D0685F000326BE40B0435F008E68BE409A
:103230003043D0604E6806F08056B6F1805F1BD1F7
:1032400000BF444E366846F00206424F3E603E469E
:10325000366806F00206009600BF00BF3E4E9F088B
:1032600056F827009E07370F0F26BE40B0433B4E4F
:10327000B24202D100262EE063E0394EB24201D1C3
:10328000012628E0374EB24201D1022623E0364E15
:10329000B24201D103261EE0344EB24201D10426CF
:1032A00019E0334EB24201D1052614E0314EB2424C
:1032B00001D106260FE0304EB24201D107260AE0C6
:1032C0002E4EB24201D1082605E02D4EB24201D168
:1032D000092600E00A269F073F0FBE4030431E4EDE
:1032E0009F0846F827002868A0434E6806F48036F9
:1032F000B6F5803F00D1204328606868A0434E683F
:1033000006F40036B6F5003F00D1204368604FF068
:10331000B0463068A0434E6806F48016B6F5801FAC
:1033200000D120434FF0B04630607068A0434E6833
:1033300006F40016B6F5001F00D120434FF0B0464A
:1033400070605B1C0E68DE40002E7FF41CAFF8BD81
:1033500080000058F4440258080400580000025845
:103360000004025800080258000C025800100258CD
:103370000014025800180258001C0258002002587D
:1033800000240258024613690B400BB1012000E0F3
:10339000002070470AB1816101E00B04836170472E
:1033A00001480068000C70470010005C014800688C
:1033B000704700003400002403480068034909787E
:1033C0000844014908607047340000243C00002490
:1033D00010B5052000F00AF901F0CCFA104909688F
:1033E000C1F303210F4A515C01F01F01C8400E498F
:1033F00008600B48006800F00F001146085C00F000
:103400001F0109480068C840084908600F2000F003
:103410000FF808B1012010BD00F09AF80020FAE77B
:10342000184402586EB9000820000024240000242B
:1034300070B504461148007808B9012070BD0F48E6
:1034400000784FF47A71B1FBF0F00D490968B1FBD7
:10345000F0F5284601F0B1FF08B10120EEE7102C8D
:1034600007D200222146501E00F083F80548046070
:1034700001E00120E2E70020E0E700003C0000243A
:1034800020000024380000244178154A116001789A
:10349000F9B1121D41681160017B0907C27A41EA46
:1034A0000261827A41EAC241427B41EA8241827BE7
:1034B00041EA4241C27B41EA0241427A41EA0221A9
:1034C000027A41EA420102781143054A083211604A
:1034D00005E00021024A121D1160121D11607047A3
:1034E00098ED00E000BF00BF00BFBFF35F8F00BFDB
:1034F00000BF00BF0548006820F480300349086021
:1035000000200249703108607047000024ED00E09F
:1035100040F001010D4A11600C497039096841F40D
:1035200080310A4A703A116000BF00BF00BFBFF38C
:103530004F8F00BF00BF00BF00BF00BF00BFBFF381
:103540006F8F00BF00BF00BF7047000094ED00E028
:10355000704701460846002809DB00F01F030122DE
:103560009A4043099B0003F1E023C3F8002100BF08
:1035700070472DE9F05F80460D46164604F074FF53
:10358000074639462A46334601F00700C0F1070ACC
:10359000BAF1040F02D94FF0040A01E0C0F1070AA2
:1035A000D14600F1040ABAF1070F02D24FF0000A27
:1035B00001E0A0F1030AD4464FF0010A0AFA09FA21
:1035C000AAF1010A0AEA020A0AFA0CFA4FF0010B00
:1035D0000BFA0CFBABF1010B0BEA030B4AEA0B04F1
:1035E0002146404604F048FFBDE8F09F00BF00F0D0
:1035F0000702064B19684FF6FF031940044B0B43B3
:1036000043EA0221014B196000BF70470CED00E056
:103610000000FA050348006840F080700149086026
:10362000704700000C48025810B501F0A3F9074993
:103630000968C1F30321064A515C01F01F01C8402B
:10364000044908600846006810BD0000184402588C
:103650006EB900082000002410B501F04FF90549AB
:103660000968C1F30211044A515C01F01F01C8400E
:1036700010BD0000204402586EB9000870B5014624
:10368000844D2D6805F00303824D2D68C5F3053088
:10369000804D2D1D2D68C5F300147E4D14352D6809
:1036A000C5F3CC0515FB04F501EE105AB8EE411A2E
:1036B000F0EE410A00286FD023B1012B4ED0022B2F
:1036C0006BD16BE0734D283D2D68C5F340153DB3BC
:1036D000704D283D2D68C5F3C1066F4D25FA06F2E1
:1036E00001EE102AF8EE411A01EE100AB8EE411A66
:1036F00081EE812A9FED691AC0EE811A654D103561
:103700002D68C5F3080501EE105AB8EE411A31EEE6
:10371000811AF7EE001A31EE211A22EE010A1CE09E
:1037200001EE100AB8EE411ADFED5D1A81EE812A32
:103730009FED5A1AC0EE811A564D10352D68C5F30B
:10374000080501EE105AB8EE411A31EE811AF7EE73
:10375000001A31EE211A22EE010A5BE001EE100A96
:10376000B8EE411ADFED4F1A81EE812A9FED4B1A18
:10377000C0EE811A474D10352D68C5F3080501EEDE
:10378000105AB8EE411A31EE811AF7EE001A31EEF6
:10379000211A22EE010A3DE077E01DE001EE100A59
:1037A000B8EE411A9FED402AC2EE011A9FED3B1A76
:1037B00080EE812A374D10352D68C5F3080501EEDE
:1037C000105AB8EE411A32EE011AB7EE002A31EE65
:1037D000021A21EE810A1DE001EE100AB8EE411A2C
:1037E000DFED301A81EE812A9FED2C1AC0EE811A8E
:1037F000284D10352D68C5F3080501EE105AB8EEB6
:10380000411A31EE811AF7EE001A31EE211A22EE3A
:10381000010A00BF00BF1F4D10352D68C5F34625B6
:1038200001EE105AB8EE411AF7EE001A31EE211AE5
:10383000C0EE011ABCEEE11A81ED001A154D1035EB
:103840002D68C5F3064501EE105AB8EE411AF7EEA1
:10385000001A31EE211AC0EE011ABCEEE11A81ED18
:10386000011A0C4D10352D68C5F3066501EE105A8E
:10387000B8EE411AF7EE001A31EE211AC0EE011A25
:10388000BCEEE11A81ED021A03E000250D604D60E7
:103890008D6070BD284402580090D003000000469F
:1038A0000024744C0024744A0024F44A70B5014684
:1038B000844D2D6805F00303824D2D68C5F3055036
:1038C000804D2D1D2D68C5F300247E4D1C352D68BF
:1038D000C5F3CC0515FB04F501EE105AB8EE411AFC
:1038E000F0EE410A00286FD023B1012B4ED0022BFD
:1038F0006BD16BE0734D283D2D68C5F340153DB38A
:10390000704D283D2D68C5F3C1066F4D25FA06F2AE
:1039100001EE102AF8EE411A01EE100AB8EE411A33
:1039200081EE812A9FED691AC0EE811A654D183526
:103930002D68C5F3080501EE105AB8EE411A31EEB4
:10394000811AF7EE001A31EE211A22EE010A1CE06C
:1039500001EE100AB8EE411ADFED5D1A81EE812A00
:103960009FED5A1AC0EE811A564D18352D68C5F3D1
:10397000080501EE105AB8EE411A31EE811AF7EE41
:10398000001A31EE211A22EE010A5BE001EE100A64
:10399000B8EE411ADFED4F1A81EE812A9FED4B1AE6
:1039A000C0EE811A474D18352D68C5F3080501EEA4
:1039B000105AB8EE411A31EE811AF7EE001A31EEC4
:1039C000211A22EE010A3DE077E01DE001EE100A27
:1039D000B8EE411A9FED402AC2EE011A9FED3B1A44
:1039E00080EE812A374D18352D68C5F3080501EEA4
:1039F000105AB8EE411A32EE011AB7EE002A31EE33
:103A0000021A21EE810A1DE001EE100AB8EE411AF9
:103A1000DFED301A81EE812A9FED2C1AC0EE811A5B
:103A2000284D18352D68C5F3080501EE105AB8EE7B
:103A3000411A31EE811AF7EE001A31EE211A22EE08
:103A4000010A00BF00BF1F4D18352D68C5F346257C
:103A500001EE105AB8EE411AF7EE001A31EE211AB3
:103A6000C0EE011ABCEEE11A81ED001A154D1835B1
:103A70002D68C5F3064501EE105AB8EE411AF7EE6F
:103A8000001A31EE211AC0EE011ABCEEE11A81EDE6
:103A9000011A0C4D18352D68C5F3066501EE105A54
:103AA000B8EE411AF7EE001A31EE211AC0EE011AF3
:103AB000BCEEE11A81ED021A03E000250D604D60B5
:103AC0008D6070BD284402580090D003000000466D
:103AD0000024744C0024744A0024F44A2DE9F04177
:103AE00004460025A846206800F00060B0F1006F91
:103AF00030D1606E48B1B0F5801F0DD0B0F5001F19
:103B000010D0B0F5401F15D113E0F948006840F41B
:103B10000030F74908600FE00221201D02F022FC6E
:103B2000054609E0022104F1240002F0CDFC05461F
:103B300002E001E0012500BF00BF55B9EC48243088
:103B4000006820F44010616E0843E94924310860A0
:103B500000E0A846208800F48070B0F5807F2DD169
:103B6000606D05281AD2DFE800F0030A101718006C
:103B7000DF48006840F40030DD49086010E00021B3
:103B8000201D02F0EFFB05460AE0002104F12400AD
:103B900002F09AFC054603E002E001E0012500BFC7
:103BA00000BF55B9D2482430006820F00700616D8D
:103BB0000843CF492431086000E0A846208800F47B
:103BC0000070B0F5007F33D1A06D802817D003DCE2
:103BD00040B140281CD10CE0C02817D0B0F5807F40
:103BE00016D114E0C248006840F40030C0490860B3
:103BF00010E00021201D02F0B5FB05460AE000217F
:103C000004F1240002F060FC054603E002E001E05C
:103C1000012500BF00BF55B9B5482430006820F425
:103C2000E070A16D0843B2492431086000E0A84665
:103C3000208800F48060B0F5806F38D1D4F8A400FB
:103C4000B0F5800F19D004DC50B1B0F5001F1DD1C4
:103C50000DE0B0F5C00F17D0B0F5000F16D114E08D
:103C6000A348006840F40030A149086010E000213A
:103C7000201D02F077FB05460AE0002104F1240034
:103C800002F022FC054603E002E001E0012500BF4E
:103C900000BF5DB996482C30006820F46000D4F86D
:103CA000A410084392492C31086000E0A8462088FF
:103CB00000F40060B0F5006F38D1D4F8A800B0F17E
:103CC000007F19D004DC50B1B0F1807F1DD10DE030
:103CD000B0F1407F17D0B0F1806F16D114E0844866
:103CE000006840F400308249086010E00021201D87
:103CF00002F038FB05460AE0002104F1240002F03E
:103D0000E3FB054603E002E001E0012500BF00BF40
:103D10005DB977482C30006820F0E060D4F8A81036
:103D2000084373492C31086000E0A846206800F081
:103D30000070B0F1007F27D1A06CA0B1102804D092
:103D4000202809D030280FD10CE06948006840F4E1
:103D500000306749086009E00221201D02F002FBE3
:103D6000054603E002E001E0012500BF00BF55B9B0
:103D70005F482030006820F03000A16C08435C49A7
:103D80002031086000E0A846208800F48050B0F59B
:103D9000805F36D1E06DB0F5005F19D004DC50B122
:103DA000B0F5805F1DD10DE0B0F5405F17D0B0F5E4
:103DB000804F16D114E04E48006840F400304C4962
:103DC000086010E00021201D02F0CCFA05460AE050
:103DD000002104F1240002F077FB054603E002E035
:103DE00001E0012500BF00BF55B9414824300068FB
:103DF00020F4E040E16D08433D492431086000E0D3
:103E0000A846208800F40050B0F5005F34D1206E41
:103E1000B0F5403F1DD007DC68B1B0F5803F0BD056
:103E2000B0F5003F18D10DE0B0F5802F12D0B0F5FD
:103E3000A02F11D10FE011E00121201D02F092FA14
:103E400005460BE0012104F1240002F03DFB05468C
:103E500004E003E002E001E0012500BF00BF55B926
:103E600023482430006820F4E020216E08432049D4
:103E70002431086000E0A846208800F48040B0F5B6
:103E8000804F38D1D4F8AC00B0F1405F1DD007DCD2
:103E900068B1B0F1805F0BD0B0F1005F18D10DE0D8
:103EA000B0F1804F12D0B0F1A04F11D10FE011E06E
:103EB0000121201D02F056FA05460BE0012104F114
:103EC000240002F001FB054604E003E002E001E00B
:103ED000012500BF00BF6DB905482C30006820F0F7
:103EE000E040D4F8AC10084301492C31086002E0EE
:103EF0002C440258A846208800F40040B0F5004F3A
:103F000026D1E06E98B1B0F1805F03D0B0F1005FD0
:103F10000ED106E0F948006840F40030F749086027
:103F200008E00121201D02F01DFA054602E001E033
:103F3000012500BF00BF55B9F0482430006820F0CB
:103F40004050E16E0843ED492431086000E0A84686
:103F5000206800F08070B0F1807F27D1606CA0B144
:103F6000012804D0022809D003280FD10CE0E3482F
:103F7000006840F40030E149086009E00221201D9A
:103F800002F0F0F9054603E002E001E0012500BF80
:103F900000BF55B9D9482030006820F00300616C9B
:103FA0000843D6492031086000E0A846206800F4A4
:103FB0008000B0F5800F7DD1D148006840F480705A
:103FC000CF490860FFF7F2F9064606E0FFF7EEF981
:103FD000801B642801D9032505E0C948006800F466
:103FE00080700028F2D000BF85BBC4484430006810
:103FF00000F44070B4F8B01001F44071884213D05E
:10400000BE484430006820F44077BC484430006823
:1040100040F48030B949443108600846006820F413
:104020008030086008460760D4F8B000B0F5807FA3
:1040300015D1FFF7BBF9064609E0FFF7B7F9801B7A
:1040400041F28831884202D9032507E038E0AB48C5
:1040500044300068C0F340000028EED000BF55BBDC
:1040600000BFB4F8B00000F44070B0F5407F0ED14E
:10407000A2481C38006820F47C51A24AD4F8B00051
:10408000104041EA10109D491C39086007E09B4828
:104090001C38006820F47C5098491C390860974807
:1040A00044300068B4F8B010C1F30B0108439349E1
:1040B000443101E005E001E0086002E0A84600E0CC
:1040C000A846207800F0010068B3A06F182819D026
:1040D00005DC48B1082808D0102816D10BE02028AC
:1040E00011D0282811D10FE011E00121201D02F08C
:1040F00039F905460BE0012104F1240002F0E4F94E
:10410000054604E003E002E001E0012500BF00BF36
:1041100055B97A482830006820F03800A16F08436C
:1041200076492831086000E0A846207800F00200B7
:10413000022828D1606F062815D2DFE800F00304BA
:104140000A11121311E00121201D02F00BF905469E
:104150000BE0012104F1240002F0B6F9054604E069
:1041600003E002E001E0012500BF00BF55B963484C
:104170002830006820F00700616F08435F4928314C
:10418000086000E0A846207800F0040004282AD146
:10419000D4F89000062815D2DFE800F003040A11D5
:1041A000121311E00121201D02F0DCF805460BE09E
:1041B000012104F1240002F087F9054604E003E040
:1041C00002E001E0012500BF00BF5DB94B482C3083
:1041D000006820F00700D4F89010084347492C31BC
:1041E000086000E0A846207800F02000202836D1A2
:1041F000D4F88C00B0F1405F1DD007DC68B1B0F19D
:10420000805F0BD0B0F1005F18D10DE0B0F1804FAE
:1042100012D0B0F1A04F11D10FE011E00021201D0C
:1042200002F0A0F805460BE0022104F1240002F0A0
:104230004BF9054604E003E002E001E0012500BF80
:1042400000BF5DB92D482830006820F0E040D4F868
:104250008C10084329492831086000E0A8462078DE
:1042600000F04000402836D1D4F89800B0F5406FF7
:104270001DD007DC68B1B0F5806F0BD0B0F5006FD2
:1042800018D10DE0B0F5805F12D0B0F5A05F11D16C
:104290000FE011E00021201D02F064F805460BE05C
:1042A000022104F1240002F00FF9054604E003E0C6
:1042B00002E001E0012500BF00BF5DB90F482C30CE
:1042C000006820F4E050D4F8981008430B492C31D2
:1042D000086000E0A846207800F0800080283AD1ED
:1042E000D4F89C00B0F5C04F23D00DDC98B1B0F5E8
:1042F000005F11D0B0F5804F1ED113E02C4402585E
:1043000000480258FFFCFF0FB0F5004F12D0B0F587
:10431000204F11D10FE011E00021201D02F022F802
:1043200005460BE0022104F1240002F0CDF8054619
:1043300004E003E002E001E0012500BF00BF4DB949
:10434000AD48006820F46040D4F89C100843AA49A6
:10435000086000E0A846207800F00800082817D17F
:10436000D4F88000B0F5805F07D1022104F1240069
:1043700002F0AAF808B14FF001089F48001F00683A
:1043800020F44050D4F8801008439B49091F08606E
:10439000207800F01000102815D1D4F89400B0F562
:1043A000807F07D1022104F1240002F08DF808B1CA
:1043B0004FF001089048006820F44070D4F8941041
:1043C00008438D490860206800F40020B0F5002FF4
:1043D00026D1D4F8A00030B1B0F5803F09D0B0F5B7
:1043E000003F0ED10CE00021201D01F0BBFF05466F
:1043F00009E0022104F1240002F066F8054602E01B
:1044000001E0012500BF00BF4DB97B48006820F4E2
:104410004030D4F8A01008437749086000E0A8466F
:10442000206800F48020B0F5802F2DD1D4F88400CE
:10443000B0F5801F06D0B0F5001F0CD0B0F5401FBE
:1044400011D10FE06C482C38006840F400306A4904
:104450002C39086009E0012104F1240002F034F84D
:10446000054602E001E0012500BF00BF5DB96248DA
:10447000001F006820F44010D4F8841008435E49FF
:10448000091F086000E0A846206800F48030B0F5FD
:10449000803F24D1E06C18B1B0F5803F0FD108E027
:1044A00055482C38006840F4003053492C390860D6
:1044B00007E00221201D01F055FF054601E001251E
:1044C00000BF00BF55B94C480C38006820F480305C
:1044D000E16C084348490C39086000E0A8462068B0
:1044E00000F00050B0F1005F07D1022104F1240078
:1044F00001F0EAFF08B14FF00108206800F4003035
:10450000B0F5003F27D1E06FA0B1B0F5807F06D0B5
:10451000B0F5007F0CD0B0F5407F0CD109E03648F3
:104520002C38006840F4003033492C39086004E02E
:1045300003E002E001E0012500BF00BF55B92E48AD
:10454000001F006820F44070E16F08432A49091FEA
:10455000086000E0A846206800F48010B0F5801FD5
:1045600009D125480838006820F00040216F084331
:10457000214908390860206800F40010B0F5001FD8
:1045800009D11D480838006820F08070A16E0843EA
:10459000194908390860206800F08040B0F1804F68
:1045A00011D100BF14484838006820F40040124977
:1045B0004839086008460068D4F8B81008430E4926
:1045C0004839086000BF206800F00040B0F1004F9B
:1045D00009D109480C38006820F04050216D08438B
:1045E00005490C390860B8F1000F02D10020BDE880
:1045F000F0810120FBE70000584402582DE9F0410A
:1046000004460D4614B90120BDE8F081B6480068A3
:1046100000F00F00A8420ED2B348006820F00F004F
:104620002843B14908600846006800F00F00A8421E
:1046300001D00120E8E7207800F0040004280ED122
:10464000AA492069096801F07001884207D9A74882
:10465000006820F0700021690843A44908602078B0
:1046600000F00800082811D1A049091D60690968F7
:1046700001F07001884209D99C48001D006820F0B3
:104680007000616908439949091D0860207800F0AD
:104690001000102811D19549091DA069096801F47D
:1046A000E061884209D99148001D006820F4E0606B
:1046B000A16908438D49091D0860207800F0200099
:1046C000202811D189490831E069096801F0700199
:1046D000884209D985480830006820F07000E169F7
:1046E0000843824908310860207800F0020002285F
:1046F0000ED17E49E068096801F00F01884207D9B0
:104700007A48006820F00F00E168084377490860A4
:10471000207800F00100002850D07448006820F490
:104720007060A1680843714908606068022807D179
:104730006E4818380068C0F34040F8B9012063E7BC
:104740006068032807D1694818380068C0F34060E2
:10475000A0B9012058E76068012807D163481838DC
:104760000068C0F3002048B901204DE75F481838C1
:104770000068C0F3800008B9012045E75B480838AD
:10478000006820F00700616808435849083908604C
:10479000FEF70CFE064608E0FEF708FE801B41F21D
:1047A0008831884201D903202EE750480838006834
:1047B00000F038006168B0EBC10FEDD1207800F057
:1047C000020002280ED14949E068096801F00F0192
:1047D000884207D24548006820F00F00E16808438E
:1047E000424908604048006800F00F00A8420ED916
:1047F0003D48006820F00F0028433B490860084608
:10480000006800F00F00A84201D00120FCE62078EB
:1048100000F0040004280ED134492069096801F031
:104820007001884207D23148006820F07000216989
:1048300008432E490860207800F00800082811D1AC
:104840002A49091D6069096801F07001884209D28E
:104850002648001D006820F0700061690843234964
:10486000091D0860207800F01000102811D11F49A0
:10487000091DA069096801F4E061884209D21B485A
:10488000001D006820F4E060A16908431749091D74
:104890000860207800F02000202811D11349083149
:1048A000E069096801F07001884209D20F480830B8
:1048B000006820F07000E16908430C490831086085
:1048C00000F058F809490968C1F30321084A515C0E
:1048D00001F01F01C8400749086007480068FEF75B
:1048E000A7FD074638468FE60020005218440258BC
:1048F0006EB90008200000243800002410B5FEF72F
:1049000093FE0749096801F00F01064A515C01F066
:104910001F01C840044908600846006810BD000037
:10492000184402586EB900082400002410B5FFF79F
:10493000E5FF05490968C1F30211044A515C01F021
:104940001F01C84010BD00001C4402586EB9000889
:1049500010B5FFF7D3FF05490968C1F30221044AE6
:10496000515C01F01F01C84010BD00001C440258FA
:104970006EB90008F0B5824E366806F0380636B1DA
:10498000082E15D0102E15D0182E7DD114E07C4E97
:10499000103E3668C6F3401646B1794E103E366872
:1049A000C6F3C107774E26FA07F000E07548E5E048
:1049B0007548E3E07548E1E0714E1836366806F058
:1049C00003046F4E18363668C6F305116C4E1C365C
:1049D000366806F001056A4E24363668C6F3CC0602
:1049E00016FB05F601EE106AB8EE410A002971D0F7
:1049F00024B1012C50D0022C6DD16DE0604E103EE0
:104A00003668C6F340163EB35D4E103E3668C6F3B8
:104A1000C1075C4E26FA07F301EE103AF8EE411A90
:104A200001EE101AB8EE411A81EE812A9FED581A54
:104A3000C0EE011A524E20363668C6F3080601EE63
:104A4000106AB8EE411A31EE811AF7EE001A31EE13
:104A5000211A62EE010A1EE001EE101AB8EE411AA8
:104A6000DFED4C1A81EE812A9FED491AC0EE011A42
:104A7000434E20363668C6F3080601EE106AB8EEDB
:104A8000411A31EE811A00E076E0F7EE001A31EEBD
:104A9000211A62EE010A5BE001EE101AB8EE411A2B
:104AA0009FED3D2AC2EE011A9FED391A80EE012AD0
:104AB000334E20363668C6F3080601EE106AB8EEAB
:104AC000411A32EE011AB7EE002A31EE021A61EEF7
:104AD000810A3DE04EE01DE001EE101AB8EE411AE9
:104AE000DFED2E1A81EE812A9FED291AC0EE011A00
:104AF000234E20363668C6F3080601EE106AB8EE7B
:104B0000411A31EE811AF7EE001A31EE211A62EEE7
:104B1000010A1DE001EE101AB8EE411A9FED1E2A9F
:104B2000C2EE011A9FED1A1A80EE012A144E2036A9
:104B30003668C6F3080601EE106AB8EE411A32EE86
:104B4000011AB7EE002A31EE021A61EE810A00BFA7
:104B500000BF0B4E20363668C6F34626721C01EEA7
:104B6000102AB8EE411AC0EE811ABCEEE11A11EE1D
:104B7000100A00E0002001E0034800BF00BFF0BDC4
:104B8000104402580090D00300093D0000127A0042
:104B9000000000460024744C0024744A0024F44AA7
:104BA0002DE9F047044614B90120BDE8F0872078CC
:104BB00000F00100002872D0F948006800F03808C1
:104BC000F7481830D0F80090B8F1100F06D0B8F1BF
:104BD000180F0FD109F0030002280BD1F04810384C
:104BE0000068C0F3404000286ED0606800286BD198
:104BF0000120DAE700BF6068B0F5803F08D1E848DF
:104C00001038006840F48030E549103908602EE023
:104C1000606868B9E2481038006820F48030E049E4
:104C2000103908600846006820F4802008601EE003
:104C30006068B0F5A02F0DD1D9481038006840F455
:104C40008020D749103908600846006840F4803059
:104C500008600CE0D2481038006820F48030D04959
:104C6000103908600846006820F48020086000BF02
:104C70006068A8B1FEF79AFB054608E0FEF796FBD0
:104C8000401B41F28831884201D903208DE7C44896
:104C900010380068C0F340400028EFD014E014E062
:104CA000FEF784FB054608E0FEF780FB401B41F25F
:104CB0008831884201D9032077E7B9481038006865
:104CC000C0F340400028EFD100BF207800F0020080
:104CD00002286BD1B248006800F03808B04818309C
:104CE000D0F80090B8F1000F05D0B8F1180F2BD113
:104CF00009F0030040BBAA4810380068C0F38000E8
:104D000018B1E06808B901204FE700BFFEF748FB83
:104D100041F2030188420BD8A1480C38006820F406
:104D20007C30216940EA01309D490C3908600AE075
:104D30009B480C38006820F0FE40217C40EA01606E
:104D400097490C39086058E0E06870B3944810380F
:104D5000006820F01900E1680843914910390860A3
:104D6000FEF724FB054606E0FEF720FB401B022869
:104D700001D9032019E78A4810380068C0F3800081
:104D80000028F1D000BFFEF70BFB41F2030188427F
:104D90000DD883480C38006820F47C30216940EA43
:104DA00001307F490C3908600CE00CE026E07C48BB
:104DB0000C38006820F0FE40217C40EA0160784910
:104DC0000C39086019E076481038006820F00100BE
:104DD000734910390860FEF7E9FA054606E0FEF768
:104DE000E5FA401B022801D90320DEE66C481038A2
:104DF0000068C0F380000028F1D100BF207800F0E7
:104E0000100010286ED16648006800F03808644829
:104E10001830D0F80090B8F1080F06D0B8F1180F8C
:104E20002FD109F0030001282BD15D48103800680C
:104E3000C0F3002020B1E069802801D00120B4E651
:104E400000BFFEF7ADFA41F2030188420CD8544886
:104E50000C38006820F0F84094F8201040EA816097
:104E60004F490C3908600BE04D48001F006820F0E6
:104E70007C5094F8201040EA01604949091F0860FD
:104E800058E0E06968B346481038006840F0800098
:104E9000434910390860FEF789FA054606E0FEF737
:104EA00085FA401B022801D903207EE63C481038D1
:104EB0000068C0F300200028F1D000BFFEF770FAB0
:104EC00041F2030188420ED835480C38006820F0C2
:104ED000F84094F8201040EA816031490C390860AC
:104EE0000DE00DE027E02E48001F006820F07C5008
:104EF00094F8201040EA01602949091F086019E070
:104F000027481038006820F08000254910390860D3
:104F1000FEF74CFA054606E0FEF748FA401B022869
:104F200001D9032041E61E4810380068C0F3002074
:104F30000028F1D100BF207800F00800082837D100
:104F40006069D0B116486430006840F0010014492F
:104F500064310860FEF72AFA054606E0FEF726FAF5
:104F6000401B022801D903201FE60D486430006869
:104F7000C0F340000028F1D01AE00948643000680E
:104F800020F00100064964310860FEF70FFA05467B
:104F900008E0FEF70BFA401B022803D9032004E6C1
:104FA00010440258DC480068C0F340000028F0D1EB
:104FB000207800F02000202836D1A069D0B1D64852
:104FC0007438006840F48050D34974390860FEF7A3
:104FD000EDF9054606E0FEF7E9F9401B022801D984
:104FE0000320E2E5CC4874380068C0F34030002864
:104FF000F1D019E0C8487438006820F48050C649E0
:1050000074390860FEF7D2F9054606E0FEF7CEF9DE
:10501000401B022801D90320C7E5BF487438006847
:10502000C0F340300028F1D1207800F004000428BB
:105030007DD1BA48006840F48070B8490860FEF736
:10504000B5F9054606E0FEF7B1F9401B642801D921
:105050000320AAE5B148006800F480700028F2D06F
:1050600000BFA068012808D1AB48001F006840F0CD
:105070000100A949091F08602DE0A06868B9A64889
:10508000001F006820F00100A349091F08600846BE
:10509000006820F0040008601DE0A06805280DD11C
:1050A0009D48001F006840F004009B49091F0860EC
:1050B0000846006840F0010008600CE09648001FB8
:1050C000006820F001009449091F08600846006844
:1050D00020F00400086000BFA068A0B1FEF766F9E8
:1050E000054608E0FEF762F9401B41F2883188422C
:1050F00001D9032059E58848001F0068C0F340002B
:105100000028EFD013E0FEF751F9054608E0FEF75E
:105110004DF9401B41F28831884201D9032044E512
:105120007D48001F0068C0F340000028EFD1606A8E
:1051300000287DD078486438006800F038001828CE
:1051400077D0606A022875D173487438006820F0FF
:105150008070714974390860FEF728F9054606E049
:10516000FEF724F9401B022801D903201DE56A48F7
:1051700074380068C0F340600028F1D100BFD4E962
:105180000A1041EA001064494C39096840F2F332D0
:105190009143084360494C390860208E401EC0F39B
:1051A0000800616B491E4FF47E4202EA4121084328
:1051B000218F491ED20102EA014108433C21095DC9
:1051C000491E120202EA016108435349443908604A
:1051D00000BF081F006820F00100091F08604E484A
:1051E000403800684FF6F8718843A16C40EAC1006E
:1051F00049494039086048484838006820F00C00A8
:10520000216C08434449483908600846006820F08A
:105210000200616C0843404948390860084600684C
:1052200040F4803008600846006840F4003002E036
:105230006FE041E025E008600846006840F4802007
:1052400008600846006840F0010008603248743881
:10525000006840F08070304974390860FEF7A6F8A5
:10526000054606E0FEF7A2F8401B022801D90320FC
:105270009BE4294874380068C0F340600028F1D0EE
:1052800047E025487438006820F08070224974395E
:105290000860FEF78BF8054606E0FEF787F8401B2E
:1052A000022801D9032080E41B4874380068C0F349
:1052B00040600028F1D12CE017484C3807681648A8
:1052C00044380668606A012821D007F00301A06A0B
:1052D00081421CD1C7F30511E06A884217D1C6F399
:1052E0000801206B401E814211D1606B401EC6F345
:1052F000462188420BD1A06B401EC6F3064188426E
:1053000005D1E06B401EC6F30661884201D0012042
:105310004BE4002049E4000074440258004802585D
:1053200070B504460E4615460CB9012070BD94F8C0
:10533000450028B9002084F84400204600F028F8F1
:1053400004F108012068FDF72FFC3146A2682068AF
:10535000FDF776FC2946E36AD4E90102FDF702FC79
:10536000A168206850F8210040F00100A26821687F
:1053700041F822000548006840F0004003490860F9
:10538000012084F845000020D0E7000000400052D2
:105390007047042808D14FF0E021096941F0040169
:1053A0004FF0E022116107E04FF0E021096921F0A0
:1053B00004014FF0E0221161704770B504462546A4
:1053C000681EB0F1807F01D301200FE0681E4FF00E
:1053D000E02148610F214FF0FF3003F04DF800202D
:1053E0004FF0E021886107200861002070BD704700
:1053F0007047704770470146D1F88030D1F884205B
:1054000043EA0200704700002DE9F0470446206897
:10541000C569206806682068876840F60F0005EABD
:105420000008B8F1000F0FD105F0200060B106F0C0
:10543000200010B907F0805030B1E06E10B1204666
:10544000E16E8847BDE8F087B8F1000F7ED06E4866
:10545000384018B96D4830400028F7D005F00100F9
:1054600058B106F4807040B1012021680862D4F878
:10547000880040F00100C4F8880005F0020058B12F
:1054800007F0010040B1022021680862D4F88800CA
:1054900040F00400C4F8880005F0040058B107F09B
:1054A000010040B1042021680862D4F8880040F06F
:1054B0000200C4F8880005F0080070B106F0200072
:1054C00010B95148384040B1082021680862D4F82A
:1054D000880040F00800C4F8880005F4006060B15E
:1054E00006F0806048B14FF4006021680862D4F88B
:1054F000880040F02000C4F88800D4F88800002814
:1055000044D005F0200050B106F0200010B907F09B
:10551000805020B1E06E10B12046E16E8847D4F88B
:1055200088902068806800F04000402802D009F090
:10553000280028B3204601F02DFA2068806800F08A
:105540004000402818D12068806800E01FE020F06B
:10555000400021688860A06F50B12D48A16F086598
:10556000A06FFDF735FC88B1A06F016D88470DE095
:105570002046FFF73FFF09E02046FFF73BFF05E02D
:105580002046FFF737FF0020C4F888005AE705F4EB
:10559000801050B107F4800038B14FF480102168BA
:1055A00008622046FFF725FF4CE705F0800058B160
:1055B00006F0800010B907F4000028B1206F10B188
:1055C0002046216F88473DE705F0400030B106F0E6
:1055D000400018B1204601F0F1F933E705F400006E
:1055E00030B106F0804018B12046FFF701FF29E7EF
:1055F00005F0807030B106F0004018B12046FFF78A
:10560000F6FE1FE700BF1DE70100001020010004A7
:105610007D69000810B504460CB9012010BDA069D1
:1056200000B100E000BFD4F8800028B9002084F861
:105630007C00204600F02AF82420C4F8800020686E
:10564000006820F0010021680860204601F0EAFAB5
:10565000012800D1E2E7A06A10B1204601F0D8F895
:105660002068406820F49040216848602068806885
:1056700020F02A00216888602068006840F001005E
:1056800021680860204601F03FF9C7E710B586B0F1
:1056900004462B492068884250D100BF00BF2948EA
:1056A000006840F01000274908600846006800F0D4
:1056B0001000009000BF00BF00BF00BF00BF214826
:1056C0001038006840F001001E4910390860084693
:1056D000006800F00100009000BF00BF00BF00BFE5
:1056E00000BF0846006840F00100086008460068F6
:1056F00000F00100009000BF00BF00BF4FF4007039
:1057000001900220029001200390022004900720C3
:10571000059001A90C48FDF731FD4FF48060019020
:105720000720059001A90848FDF728FD2520FDF771
:1057300010FF032211462520FDF71BFF06B010BD08
:1057400000100140F04402580000025810B5034612
:10575000D3F88400202874D101B10AB9012010BD0A
:1057600000BF93F87C00012801D10220F7E7012057
:1057700083F87C0000BF9965A3F85C20A3F85E2045
:105780000020D86600BF9868B0F5805F0AD118691C
:1057900020B940F2FF10A3F8600020E0FF20A3F83A
:1057A00060001CE0986848B9186918B9FF20A3F890
:1057B000600014E07F20A3F8600010E09868B0F16A
:1057C000805F09D1186918B97F20A3F8600006E04E
:1057D0003F20A3F8600002E00020A3F8600000BFB3
:1057E0000020C3F888002220C3F88400186880686D
:1057F00040F001001C68A060586EB0F1005F21D13C
:10580000B3F8680090421DDC9868B0F5805F04D161
:10581000186910B91848D86601E01848D86600BF62
:10582000002083F87C0000BF1868006840F4807096
:105830001C6820601868806840F080501C68A06078
:1058400016E017E09868B0F5805F04D1186910B9C8
:105850000B48D86601E00B48D86600BF002083F8EB
:105860007C0000BF1868006840F490701C682060DD
:10587000002074E7022072E7516A0008716B00088B
:10588000DF690008056B00081D4A0168914236D1A6
:105890001C49098801F4004189BB1A49098801F4AF
:1058A000804171B1184909780A2903D00021154AAD
:1058B000118024E01349098841F40041114A118004
:1058C0001DE0114909780D2906D10E49098841F4D6
:1058D00080410C4A118012E00B490978094A12886C
:1058E000C2F30D02094B995406490988491C054A1F
:1058F000118011460988C72901DD002111807047F8
:10590000001001403000002432000024404D0024EB
:10591000704700BFFEE700002DE9F04105460F4645
:1059200000243FE02148006802F07EFD01221102C0
:105930001F48FDF72FFD0026B04626E01B480068F3
:1059400002F072FD012251021948FDF723FD1748AC
:10595000006802F069FD7006060E4FF4807114486D
:10596000FDF710FD08B1701CC6B21048006802F0C7
:105970005BFD00224FF400710D48FDF70BFD0B4855
:10598000006802F051FD08F10108B8F1080FD5DBFD
:10599000681EA04202D100F0DDF801E000F06EF8D0
:1059A0003E55641CAC42BDDBBDE8F08148000024DC
:1059B0000004025810B5012211021548FDF7EAFC57
:1059C0001448006802F030FD012251021048FDF732
:1059D000E1FC1048006802F027FD4FF480710C488C
:1059E000FDF7D0FC08B9002400E001240948006854
:1059F00002F01AFD00224FF400710548FDF7CAFCC1
:105A000000224FF480710248FDF7C4FC204610BD0F
:105A1000000402584800002410B500224FF4007121
:105A20001448FDF7B7FC1448006802F0FDFC0122A1
:105A300011021048FDF7AEFC0F48006802F0F4FCBC
:105A4000012251020B48FDF7A5FC0B48006802F04B
:105A5000EBFC00224FF480710648FDF79BFC0648E2
:105A6000006802F0E1FC00224FF400710148FDF7EC
:105A700091FC10BD000402584800002410B500221B
:105A80004FF480710F48FDF785FC0F48006802F065
:105A9000CBFC012251020B48FDF77CFC0A48006850
:105AA00002F0C2FC00224FF400710648FDF772FCC0
:105AB0000548006802F0B8FC012211020148FDF718
:105AC00069FC10BD00040258480000242DE9F04193
:105AD00004460127254600262CE01C48006802F0F9
:105AE000A3FC05F0800028B1012211021848FDF73F
:105AF00051FC05E000224FF480711548FDF74AFC87
:105B00001248006802F090FC012251021048FDF793
:105B100041FC0E48006802F087FC0C48006802F067
:105B200083FC00224FF400710948FDF733FC680044
:105B300045B2761C082ED0DB0448006802F074FCE5
:105B4000FFF738FF07463846BDE8F08148000024DB
:105B50000004025810B5012211021248FDF71AFC88
:105B60001148006802F060FC012251020D48FDF767
:105B700011FC0D48006802F057FC0B48006802F069
:105B800053FC00224FF400710648FDF703FC064861
:105B9000006802F049FC012211020248FDF7FAFBFD
:105BA00010BD0000000402584800002410B5012276
:105BB00011021048FDF7EEFB012251020D48FDF7DE
:105BC000E9FB0D48006802F02FFC00224FF48071C1
:105BD0000848FDF7DFFB0848006802F025FC0022BA
:105BE0004FF400710348FDF7D5FB0348006802F04D
:105BF0001BFC10BD000402584800002410B5002210
:105C00004FF400710F48FDF7C5FB00224FF480717F
:105C10000C48FDF7BFFB0C48006802F005FC0122B0
:105C200051020848FDF7B6FB0748006802F0FCFB8C
:105C3000012211020348FDF7ADFB0348006802F0A2
:105C4000F3FB10BD000402584800002470B505465F
:105C50000C4623464FF450724FF41051284600F082
:105C6000DDF970BD70B505460E462846FCF741F8D3
:105C70000446002C38D131462846FCF759FF3146FE
:105C80002846FCF7C1FE31462846FCF7A0FB31460A
:105C90002846FCF729FF31462846FCF71DFF314610
:105CA0002846FCF79FFB31462846FCF7C1FB3146EE
:105CB0002846FCF729F831462846FCF7C5FD314651
:105CC0002846FCF73DFC31462846FCF725FD3146C9
:105CD0002846FCF7C9F931462846FCF73BF931461E
:105CE0002846FCF7C5FA0446204670BD2DE9FC4164
:105CF00080460D4601270124002600270EE06B4652
:105D00000122D103404600F089F9044614B120462F
:105D1000BDE8FC81BDF8000000F00807002FEED0C0
:105D20002FE030224FF40041404600F0F5F90446E0
:105D3000601C08B92046EBE72B464FF450724FF435
:105D40008061404600F06AF904460CB12046DFE766
:105D50006B460122D103404600F060F904460CB1C5
:105D60002046D5E7BDF8001016A0FAF78FFBBDF866
:105D7000000000F00807701CC6B2314617A0FAF701
:105D800085FB0FB1052ECCDB042E02DD6FF0070082
:105D9000BEE701AB012248F20D01404600F03EF99A
:105DA0000446BDF80400A5F88006BDF8000000F028
:105DB0000100A5F882060CB12046A9E7B5F88206D5
:105DC000A6E7000073746174757352656769737434
:105DD00065723A3A3A3A25640A000000636E743AF2
:105DE0002564000070B52DED068B05460C46214656
:105DF000284600F06BF8F0EE409AB5F8400600EE49
:105E0000100AB8EE400AF0EE408A9FED2D0AF4EE3B
:105E1000C08AF1EE10FA05DD9FED2A0A38EEC00ABD
:105E2000F0EE408AB5F8000600EE100AB8EE408A9F
:105E30009FED230AB4EEC08AF1EE10FA05DD9FED66
:105E4000210A38EE400AB0EE408AD4ED040AB0EEE2
:105E5000480A08EEA00AC8EE800AB7EEE0AAB3EE40
:105E6000021BB0EE000B02F01BFB2AEE000BB7EE9C
:105E7000C00BB0EE408AD4ED010A9FED130A39EE53
:105E8000C01AB7EE000A00EE810AC8EE000AA08927
:105E900000EE100AB8EE400A30EEC00AB0EE409AAA
:105EA000D4ED020A89EE200AF3EE090A30EE200A48
:105EB000B0EE409AB0EE490ABDEC068B70BD000012
:105EC00000FEFF46000080473333534070B52DED90
:105ED000048B05460C46B5F8540600EE100AB8EEE1
:105EE000400AB0EE408A9FED230AB4EEC08AF1EE7C
:105EF00010FA05DD9FED200A38EE400AB0EE408A28
:105F0000B5F88006C0F3812694F8240000EE100A4C
:105F1000B8EE400BB0EE401BB0EE000B02F0C0FA42
:105F2000B0EE409B00EE106AB8EEC01BB0EE000B66
:105F300002F0B6FA89EE001BF7EEC18BB4F902004D
:105F400000EE100AB8EEC00A18EE880AB4F9000094
:105F500000EE900AF8EEE00A80EE201A9FED070AA4
:105F600031EE000AB0EE408AB0EE480ABDEC048B78
:105F700070BD000000FEFF460000804733335340F1
:105F800010B586B000BF1F48006840F002001D49F0
:105F900008600846006800F00200009000BF00BFE3
:105FA0004FF40070019001200290039002200490B1
:105FB00001A91548FDF7E2F84FF480700190112017
:105FC0000290012003900220049001A90E48FDF7E1
:105FD000D5F8FFF713FE4FF480710B48FDF7D2F9A7
:105FE0000446214609A0FAF751FA4FF40071064819
:105FF000FDF7C8F90446214606A0FAF747FA06B0AD
:1060000010BD0000E0440258000402585344413AD5
:1060100025640A0053434C3A25640A002DE9FF4FDA
:10602000ADF2846D83460D4616460024A046A14677
:106030000020CDF880064FF4D0616846FAF749FB9E
:10604000DDF890A64FEA4B60070E28128DF8800607
:10605000E8B28DF88106FFF7D1FD2E48006802F006
:10606000E3F9FFF7A3FD2B48006802F0DDF978B2F1
:10607000FFF72CFD08B1012000E0002004462CB100
:106080004FF0FF300DF2946DBDE8F08F9DF8801653
:1060900048B2FFF71BFD08B1012000E000200446D4
:1060A00014B14FF0FF30EDE79DF8811648B2FFF7CD
:1060B0000DFD08B1012000E00020044614B14FF0AE
:1060C000FF30DFE7FFF7A8FC47F0010778B2FFF7E2
:1060D000FDFC044614B14FF0FF30D3E77000694671
:1060E000FFF71AFCFFF78AFD4FF000080DE04FEABA
:1060F000480909F101001DF800101DF8090001EB25
:1061000000202AF8020B08F10108B045EFDB00205F
:10611000B8E70000480000242DE9F84307460D4683
:1061200014464FF000080020009078064FEA1069EE
:1061300028128DF80000E8B28DF8010020128DF8C9
:106140000200E0B28DF80300FFF758FD194800681F
:1061500002F06AF9FFF72AFD4FFA89F0FFF7B6FC63
:106160008046B8F1000F02D00120BDE8F883002678
:106170000CE01DF8061048B2FFF7A8FC8046B8F105
:10618000000F02D04FF0FF30EFE7761C042EF0DB5B
:10619000FFF734FD084B012229463846FFF73EFF42
:1061A00005480088A04202D06FF00100DDE7002022
:1061B000DBE70000480000244C000024F8B5064648
:1061C0006B46012248F20D013046FFF727FF0546D6
:1061D00055B9BDF8000040F48054224648F20D0144
:1061E0003046FFF799FF05462846F8BDF8B5074643
:1061F0000C466007850D6B46012248F20D013846BA
:10620000FFF70CFF064666B9BDF800004FF67F4168
:1062100008400543AAB248F20D013846FFF77CFF5B
:1062200006463046F8BD000000BF00224021184855
:10623000FDF7B0F800BF17A0FAF728F94FF47A700D
:1062400004F07EFD19A0FAF721F94FF47A7004F0FA
:1062500077FD00BF00BF00BF00BF00BFBFF34F8F7F
:1062600000BF00BF00BF1648006800F4E060154999
:106270000843001D1249086000BF00BF00BFBFF304
:106280004F8F00BF00BF00BF00BF00BFFDE7000091
:10629000001002584D656D2041636365737320459E
:1062A00072726F7221210D0A00000000536F667434
:1062B000205265736574696E672E2E2E0D0A0000DC
:1062C0000CED00E00000FA0538B500250020009034
:1062D0006B460122D1033320FFF7A0FEBDF800007A
:1062E00000F0080018B313493320FFF7FFFC044601
:1062F000002C03DA214610A0FAF7C8F814490D481B
:10630000FFF770FD134880ED000A90ED000AF2EEF1
:10631000000A30EE600A80ED000A0F4AD0ED000A54
:106320009FED0E0A0A490348FBF7CEF900BF01258D
:10633000284638BDD00600244765744672616D65F5
:10634000204572726F723A2025640D0A0000000029
:10635000D022002408000024D01600243333733FD9
:10636000704770472DE9F04104460E460027554816
:10637000006800F00300032802D10120BDE8F0818D
:1063800050482838006820F080604E49283908605D
:10639000FDF70CF8054606E0FDF708F8401B02285B
:1063A00001D90320EAE7474828380068C0F3C060F5
:1063B0000028F1D100BF4348006820F47C302168F8
:1063C00040EA01303F490860A088401EC0F3080041
:1063D000A168491E4FF47E4202EA41210843A18987
:1063E000491ED20102EA01410843217C491E1202E2
:1063F00002EA0161084333491031086000BF3148A7
:10640000001D006820F0C000616908432D49091D86
:1064100008600846006820F02000A1690843294967
:10642000091D08600846006820F010000860254833
:10643000143000684FF6F8718843E16940EAC10002
:106440002049143108601F48001D006840F010000A
:106450001C49091D08602EB90846006840F4002058
:10646000086012E0012E08D11648001D006840F4B3
:1064700080101449091D086007E01248001D0068DB
:1064800040F400100F49091D08600E4828380068C4
:1064900040F080600B4928390860FCF787FF05460B
:1064A00006E0FCF783FF401B022801D9032065E7C3
:1064B000044828380068C0F3C0600028F1D038468E
:1064C0005CE70000284402582DE9F04104460E46DE
:1064D00000275548006800F00300032802D101207E
:1064E000BDE8F08150482838006820F080504E49BF
:1064F00028390860FCF75AFF054606E0FCF756FF0E
:10650000401B022801D90320EAE7474828380068E1
:10651000C0F340700028F1D100BF4348006820F06C
:106520007C70218840EA01503F490860A088401EE5
:10653000C0F30800A168491E4FF47E4202EA4121DF
:106540000843A189491ED20102EA01410843217C86
:10655000491E120202EA01610843334918310860FA
:1065600000BF3148001D006820F4406061690843A5
:106570002D49091D08600846006820F40070A169D3
:1065800008432949091D08600846006820F4807006
:10659000086025481C3000684FF6F8718843E169AF
:1065A00040EAC10020491C3108601F48001D0068F6
:1065B00040F480701C49091D08602EB90846006827
:1065C00040F48000086012E0012E08D11648001D3A
:1065D000006840F400001449091D086007E01248F3
:1065E000001D006840F080700F49091D08600E48CA
:1065F0002838006840F080500B4928390860FCF7C3
:10660000D5FE054606E0FCF7D1FE401B022801D965
:10661000032065E7044828380068C0F3407000286C
:10662000F1D038465CE700002844025810B5034614
:106630000020DC1040EAC4208C1040EA441040EAFC
:10664000E20010BD10B50023234C236000BF00BF43
:1066500000BFBFF34F8F00BF00BF00BF231F1868EC
:10666000C0F34E3100BFC0F3C90200BF43F6E07370
:1066700003EA41134FF0404404EA82742343174C69
:10668000236000BF00BF131EA2F10102EED10B1E5A
:10669000A1F10101E7D100BF00BF00BFBFF34F8FE1
:1066A00000BF00BF00BF0C4B703B1B6843F480333E
:1066B000094C703C236000BF00BF00BFBFF34F8F89
:1066C00000BF00BF00BF00BF00BF00BFBFF36F8FA0
:1066D00000BF00BF00BF10BD84ED00E060EF00E030
:1066E00000BF00BF00BFBFF34F8F00BF00BF00BFA0
:1066F00000BF00BF00BFBFF36F8F00BF00BF00BF70
:1067000000201449086000BF00BF00BFBFF34F8FD7
:1067100000BF00BF00BF00BF00BF00BFBFF36F8F4F
:1067200000BF00BF00BF0C48006840F400300A49B9
:10673000086000BF00BF00BFBFF34F8F00BF00BFA6
:1067400000BF00BF00BF00BFBFF36F8F00BF00BF1F
:1067500000BF704750EF00E014ED00E0704710B547
:10676000FCF72AFE10BD00002448006840F47000C9
:10677000224908602248006840F001002049086072
:1067800000201F49103108601D4800681D4908405D
:106790001B49086000201A4918310860091D08606B
:1067A000091D0860164928310860091D0860091D87
:1067B0000860091D0860091D0860091D0860091DA1
:1067C0000860091D08600E48006820F480200C490C
:1067D000086000200A49603108600B4800686FF3C8
:1067E0000F00B0F1005F02D20120084908604FF0AD
:1067F00000600249803908607047000088ED00E0C1
:10680000004402587FEDF6EA0010005C0881005158
:1068100090F8281001F0010139B10168496821F4AC
:106820000031C26A11430268516090F8281001F0EB
:106830000201022907D10168496821F48031026B05
:1068400011430268516090F8281001F004010429F6
:1068500007D10168496821F48021426B1143026825
:10686000516090F8281001F00801082907D101684B
:10687000496821F40041826B11430268516090F82D
:10688000281001F01001102907D10168896821F44E
:106890008051C26B11430268916090F8281001F09A
:1068A0002001202907D10168896821F40051026C78
:1068B00011430268916090F8281001F040014029CE
:1068C00013D10168496821F48011426C11430268B8
:1068D0005160416CB1F5801F07D10168496821F40E
:1068E000C001826C11430268516090F8281001F0D9
:1068F0008001802907D10168496821F40021C26C18
:10690000114302685160704738B504460020C4F84E
:106910008800FCF74BFD05462068006800F0080081
:1069200008280CD16FF07E402B4600224FF4001156
:106930000090204601F0EEFC08B1032038BD20682D
:10694000006800F0040004280CD16FF07E402B4654
:1069500000224FF480010090204601F0DBFC08B1DA
:106960000320EBE72020C4F88000C4F8840000BFB7
:10697000002084F87C0000BF00BFDFE770B505464B
:10698000AC6B0020A4F85E00A4F856002046FEF789
:1069900031FD70BD0168096821F4907102681160D1
:1069A00001688968044A1140026891602021C0F89A
:1069B00084100021C1667047FEFFFFEF10B504464A
:1069C0002068006820F04000216808602020C4F89A
:1069D0008000002020672046FEF79AFF10BD2DE9B9
:1069E000F0410446B4F86070D4F88400222826D11F
:1069F0002068406A86B2A56D06EA07002880A06D6F
:106A0000801CA065B4F85E00401EA4F85E00B4F8D7
:106A10005E00D0B92068006820F49070216808609A
:106A20002068806820F00100216888602020C4F878
:106A300084000020E0662046FEF726FF05E020687F
:106A4000806940F0080021688861BDE8F08100009D
:106A50002DE9F0470446B4F86090D4F88400222869
:106A600043D1B4F8685028E02068406A1FFA80F8E3
:106A7000A76D08EA09003880A06D801CA065B4F8F5
:106A80005E00401EA4F85E00B4F85E0098B920686D
:106A9000006820F4807021680860206880681749C9
:106AA0000840216888602020C4F884000020E06647
:106AB0002046FEF7E9FE681E85B2002DD4D1B4F859
:106AC0005E60C6B1B4F86800B04214DD206880682A
:106AD00020F08050216888600948E06620680068DE
:106AE00040F020002168086005E02068806940F0DF
:106AF000080021688861BDE8F0870000FEFFFFEF15
:106B0000DF69000870B50446B4F86060D4F884000A
:106B1000222826D12068406A85B2F0B22840A16DB3
:106B20000870A06D401CA065B4F85E00401EA4F87B
:106B30005E00B4F85E00D0B92068006820F4907060
:106B4000216808602068806820F001002168886062
:106B50002020C4F884000020E0662046FEF794FE62
:106B600005E02068806940F008002168886170BDF8
:106B70002DE9F0410446B4F86080D4F8840022285E
:106B800043D1B4F8685028E02068406A87B208F022
:106B9000FF003840A16D0870A06D401CA065B4F8DE
:106BA0005E00401EA4F85E00B4F85E0098B920684C
:106BB000006820F4807021680860206880681749A8
:106BC0000840216888602020C4F884000020E06626
:106BD0002046FEF759FE681E85B2002DD4D1B4F8C8
:106BE0005E60C6B1B4F86800B04214DD2068806809
:106BF00020F08050216888600948E06620680068BD
:106C000040F020002168086005E02068806940F0BD
:106C1000080021688861BDE8F0810000FEFFFFEFF9
:106C2000056B00082DE9F04F89B004464FF00009CC
:106C3000002007908346F9492068884200D100E08F
:106C400000BF2169A068084361690843E16940EA1F
:106C5000010A606E40EA0A0A20680068F0490840AC
:106C600040EA0A00216808602068406820F440502B
:106C7000E168084321684860D4F818A0E749206813
:106C8000884202D0206A40EA0A0A20688068E54902
:106C9000084040EA0A00216888602068C06A20F045
:106CA0000F00616A08432168C86200BFDE4920689E
:106CB000884220D1DD48006800F03800182811D043
:106CC00005DC48B1082809D0102811D108E0202897
:106CD0000AD028280CD109E001250BE0042509E0A1
:106CE000082507E0102505E0202503E0402501E008
:106CF000802500BFF8E0CE492068884219D1CB48F2
:106D0000006800F00700062810D2DFE800F0030555
:106D100007090B0D00250BE0042509E0082507E015
:106D2000102505E0202503E0402501E0802500BF77
:106D3000DAE0C0492068884219D1BC48006800F0F8
:106D40000700062810D2DFE800F0030507090B0D45
:106D500000250BE0042509E0082507E0102505E0E3
:106D6000202503E0402501E0802500BFBCE0B249BA
:106D70002068884219D1AD48006800F00700062855
:106D800010D2DFE800F0030507090B0D00250BE02A
:106D9000042509E0082507E0102505E0202503E08B
:106DA000402501E0802500BF9EE0A449206888427C
:106DB00019D19E48006800F00700062810D2DFE8CD
:106DC00000F0030507090B0D00250BE0042509E081
:106DD000082507E0102505E0202503E0402501E017
:106DE000802500BF80E096492068884220D18F48E6
:106DF000006800F03800182811D005DC48B10828D8
:106E000009D0102811D108E020280AD028280CD158
:106E100009E001250BE0042509E0082507E010251D
:106E200005E0202503E0402501E0802500BF5BE070
:106E300084492068884219D17C48006800F0070026
:106E4000062810D2DFE800F0030507090B0D002526
:106E50000BE0042509E0082507E0102505E02025C2
:106E600003E0402501E0802500BF3DE07649206831
:106E7000884219D16D48006800F00700062810D23A
:106E8000DFE800F0030507090B0D00250BE00425E2
:106E900009E0082507E0102505E0202503E040254E
:106EA00001E0802500BF1FE05C49206888421AD1BC
:106EB0005E48001D006800F00700062810D2DFE8D9
:106EC00000F0030507090B0D02250BE0042509E07E
:106ED000082507E0102505E0202503E0402501E016
:106EE000802500BF00E0802500BF4C492068884213
:106EF00071D1102D70D006DC022D09D0042D49D09F
:106F0000082D6AD1A6E0202D68D0402DF9D1B3E13B
:106F1000FCF7A2FB616A09B9012138E0616A012925
:106F200001D1022133E0616A022901D104212EE05E
:106F3000616A032901D1062129E0616A042901D18E
:106F4000082124E0616A052901D10A211FE0616A54
:106F5000062901D10C211AE0616A072901D110210B
:106F600015E0616A082901D1202110E0616A092930
:106F700001D140210BE0616A0A2901D1802106E09C
:106F8000616A0B2902D14FF4807100E00121B0FB4E
:106F9000F1FBB6E104A8FCF771FB0598616A09B939
:106FA000012154E0616A012901D102214FE0616AA7
:106FB000022901D104214AE0616A032901D1062195
:106FC00045E0616A042901D1082140E0616A052990
:106FD00005D10A213BE0FDE380E08FE10BE1616A2E
:106FE000062901D10C2132E0616A072901D1102163
:106FF0002DE0616A082901D1202128E0616A092970
:1070000001D1402123E0616A0A2901D180211EE0DB
:10701000616A0B291AD14FF4807118E0000C0058F6
:10702000F369FFCFFFF4FF110010014054440258F0
:107030000044004000480040004C00400050004028
:107040000014014000780040007C00400121B0FBAA
:10705000F1FB56E101A8FCF729FC0298616A09B925
:10706000012138E0616A012901D1022133E0616A1E
:10707000022901D104212EE0616A032901D10621F0
:1070800029E0616A042901D1082124E0616A052907
:1070900001D10A211FE0616A062901D10C211AE001
:1070A000616A072901D1102115E0616A082901D11F
:1070B000202110E0616A092901D140210BE0616AB9
:1070C0000A2901D1802106E0616A0B2902D14FF41F
:1070D000807100E00121B0FBF1FB12E1FA48006889
:1070E000C0F3401088B3F8480068C0F3C101F74806
:1070F000C840616A09B9012139E0616A012901D1F9
:10710000022134E0616A022901D104212FE0616A81
:10711000032901D106212AE0616A042901D108214D
:1071200025E0616A052901D10A2120E0616A06296A
:1071300001D10C211BE0616A072901D1102116E061
:10714000616A082902D1202111E013E0616A09294E
:1071500001D140210BE0616A0A2901D1802106E0BA
:10716000616A0B2902D14FF4807100E00121B0FB6C
:10717000F1FB3FE0606A08B9012038E0606A01284D
:1071800001D1022033E0606A022801D104202EE000
:10719000606A032801D1062029E0606A042801D131
:1071A000082024E0606A052801D10A201FE0606AF7
:1071B000062801D10C201AE0606A072801D11020AE
:1071C00015E0606A082801D1202010E0606A0928D3
:1071D00001D140200BE0606A0A2801D1802006E03E
:1071E000606A0B2802D14FF4807000E00120B7499B
:1071F000B1FBF0FB85E0606A08B9012038E0606A05
:10720000012801D1022033E0606A022801D1042064
:107210002EE0606A032801D1062029E0606A042874
:1072200001D1082024E0606A052801D10A201FE06E
:10723000606A062801D10C201AE0606A072801D193
:10724000102015E0606A082801D1202010E0606A53
:10725000092801D140200BE0606A0A2801D1802072
:1072600006E0606A0B2802D14FF4807000E0012034
:107270009749B1FBF0FB44E0606A08B9012038E0AF
:10728000606A012801D1022033E0606A022801D13E
:1072900004202EE0606A032801D1062029E0606AFC
:1072A000042801D1082024E0606A052801D10A20C1
:1072B0001FE0606A062801D10C201AE0606A0728E6
:1072C00001D1102015E0606A082801D1202010E0CB
:1072D000606A092801D140200BE0606A0A2801D1C8
:1072E000802006E0606A0B2802D14FF4807000E035
:1072F00001204FF40041B1FBF0FB02E001200790B8
:1073000000BF00BFBBF1000F00F0F287606800EB28
:107310004000584503D860680003584503D2012057
:10732000079000F0E5BF102D75D006DC022D09D0C6
:10733000042D67D0082D6FD1CCE0202D6DD0402DCD
:10734000F9D14DE2FCF788F98046606A08B901225C
:1073500038E0606A012801D1022233E0606A022825
:1073600001D104222EE0606A032801D1062229E01F
:10737000606A042801D1082224E0606A052801D14E
:107380000A221FE0606A062801D10C221AE0606A16
:10739000072801D1102215E0606A082801D12022B7
:1073A00010E0606A092801D140220BE0606A0A28D7
:1073B00001D1802206E0606A0B2802D14FF480726E
:1073C00000E001229446002340461946F8F7E7FF03
:1073D0004FF4807300228C46A0FB031E0CFB03E3DA
:1073E00000FB0233606840088C461CEB000643EB50
:1073F0000201D4F804C0624600233046F8F7CFFFFC
:1074000081464EE204A8FCF739F9DDF814E0606A21
:1074100020B901223BE0BFE040E282E1606A01283E
:1074200001D1022233E0606A022801D104222EE059
:10743000606A032801D1062229E0606A042801D18C
:10744000082224E0606A052801D10A221FE0606A50
:10745000062801D10C221AE0606A072801D1102207
:1074600015E0606A082801D1202210E0606A09282E
:1074700001D140220BE0606A0A2801D1802206E097
:10748000606A0B2802D14FF4807200E0012294461A
:10749000002370461946F8F782FF4FF4807C0022E3
:1074A000A0FB0C3E01FB0CE100FB021160684008F0
:1074B0001E185141D4F804C0624600233046F8F744
:1074C0006EFF8146EDE10000004402580090D003B9
:1074D00000093D0001A8FCF7E9F9DDF808C0606A81
:1074E00008B9012238E0606A012801D1022233E0A4
:1074F000606A022801D104222EE0606A032801D1CB
:10750000062229E0606A042801D1082224E0606A8A
:10751000052801D10A221FE0606A062801D10C2249
:107520001AE0606A072801D1102215E0606A082875
:1075300001D1202210E0606A092801D140220BE02D
:10754000606A0A2801D1802206E0606A0B2802D115
:107550004FF4807200E001229646002360461946EF
:10756000F8F71DFF4FF4807300228C46A0FB031E2A
:107570000CFB03E300FB0233606840088C461CEB05
:10758000000643EB0201D4F804C0624600233046F3
:10759000F8F705FF814684E1F8480068C0F3401021
:1075A00090B3F6480068C0F3C101F54820FA01FE27
:1075B000606A08B9012239E0606A012801D102221B
:1075C00034E0606A022801D104222FE0606A0328B7
:1075D00001D106222AE0606A042801D1082225E0B0
:1075E000606A052801D10A2220E0606A062801D1DC
:1075F0000C221BE0606A072801D1102216E0606AA5
:10760000082802D1202211E030E0606A092801D167
:1076100040220BE0606A0A2801D1802206E0606AFD
:107620000B2802D14FF4807200E00122944600231F
:1076300070461946F8F7B3FE4FF4807300228C466B
:10764000A0FB031E0CFB03E300FB02336068400851
:107650008C461CEB000643EB0201D4F804C06246E2
:1076600000233046F8F79BFE814659E0606A08B96E
:10767000012238E0606A012801D1022233E0606A09
:10768000022801D104222EE0606A032801D10622DB
:1076900029E0606A042801D1082224E0606A0528F4
:1076A00001D10A221FE0606A062801D10C221AE0EB
:1076B000606A072801D1102215E0606A082801D10C
:1076C000202210E0606A092801D140220BE0606AA4
:1076D0000A2801D1802206E0606A0B2802D14FF40B
:1076E000807200E0012294460023A5481946F8F76D
:1076F00056FE4FF4807300228C46A0FB031E0CFB49
:1077000003E300FB0233606840080E1843EB0201FC
:10771000D4F804C0624600233046F8F740FE8146A4
:10772000BFE0606A08B9012238E0606A012801D12F
:10773000022233E0606A022801D104222EE0606A4E
:10774000032801D1062229E0606A042801D1082219
:1077500024E0606A052801D10A221FE0606A062839
:1077600001D10C221AE0606A072801D1102215E02D
:10777000606A082801D1202210E0606A092801D13E
:1077800040220BE0606A0A2801D1802206E0606A8C
:107790000B2802D14FF4807200E0012294460023AE
:1077A00078481946F8F7FBFD4FF4807300228C46A9
:1077B000A0FB031E0CFB03E300FB023360684008E0
:1077C0008C461CEB000643EB0201D4F804C0624671
:1077D000002300E073E03046F8F7E1FD814660E009
:1077E000606A08B9012238E0606A012801D10222EA
:1077F00033E0606A022801D104222EE0606A032887
:1078000001D1062229E0606A042801D1082224E07F
:10781000606A052801D10A221FE0606A062801D1AA
:107820000C221AE0606A072801D1102215E0606A74
:10783000082801D1202210E0606A092801D14022E5
:107840000BE0606A0A2801D1802206E0606A0B28FA
:1078500002D14FF4807200E00122944600234FF4DD
:1078600000401946F8F79BFD4FF4807300228C46C8
:10787000A0FB031E0CFB03E300FB0233606840081F
:107880008C461CEB000643EB0201D4F804C06246B0
:1078900000233046F8F783FD814602E0012007907F
:1078A00000BF00BFB9F5407F06D3B9F5801F03D2F2
:1078B0002068C0F80C9034E50120079031E5E069BC
:1078C000B0F5004F71D1082D70D005DC5DB1012DF0
:1078D0005AD0042D6BD1A7E0102D69D0202D68D08F
:1078E000402DF7D11EE2FDF721F88046606A08B905
:1078F000012038E0606A012801D1022033E0606A8B
:10790000022801D104202EE0606A032801D106205C
:1079100029E0606A042801D1082024E0606A052873
:1079200001D10A201FE0606A062801D10C201AE06C
:10793000606A072801D1102015E0606A082801D18B
:10794000202010E0606A092801D140200BE0606A25
:107950000A2801D1802006E0606A0B2802D14FF48A
:10796000807000E00120B8FBF0F04000616800EB9F
:107970005100B0FBF1F01FFA80F920E200440258F8
:107980000090D00300093D00FCF7E2FF8046606AEA
:1079900008B901203DE0606A012801D1022038E0E9
:1079A000606A022806D1042033E020E288E003E286
:1079B000D2E06EE1606A032801D1062029E0606A06
:1079C000042801D1082024E0606A052801D10A209A
:1079D0001FE0606A062801D10C201AE0606A0728BF
:1079E00001D1102015E0606A082801D1202010E0A4
:1079F000606A092801D140200BE0606A0A2801D1A1
:107A0000802006E0606A0B2802D14FF4807000E00D
:107A10000120B8FBF0F04000616800EB5100B0FBC2
:107A2000F1F01FFA80F9CAE104A8FBF727FE0598D8
:107A3000616A09B9012138E0616A012901D1022195
:107A400033E0616A022901D104212EE0616A032931
:107A500001D1062129E0616A042901D1082124E02D
:107A6000616A052901D10A211FE0616A062901D155
:107A70000C211AE0616A072901D1102115E0616A21
:107A8000082901D1202110E0616A092901D1402192
:107A90000BE0616A0A2901D1802106E0616A0B29A5
:107AA00002D14FF4807100E00121B0FBF1F0400001
:107AB000616800EB5100B0FBF1F01FFA80F97EE144
:107AC00001A8FBF7F3FE0298616A09B9012138E0C9
:107AD000616A012901D1022133E0616A022901D1E1
:107AE00004212EE0616A032901D1062129E0616A9F
:107AF000042901D1082124E0616A052901D10A2164
:107B00001FE0616A062901D10C211AE0616A072988
:107B100001D1102115E0616A082901D1202110E06E
:107B2000616A092901D140210BE0616A0A2901D16A
:107B3000802106E0616A0B2902D14FF4807100E0D8
:107B40000121B0FBF1F04000616800EB5100B0FB97
:107B5000F1F01FFA80F932E1F9480068C0F34010F3
:107B600088B3F7480068C0F3C101F648C840616AAD
:107B700009B9012139E0616A012901D1022134E00A
:107B8000616A022901D104212FE0616A032901D130
:107B900006212AE0616A042901D1082125E0616AF1
:107BA000052901D10A2120E0616A062901D10C21B1
:107BB0001BE0616A072901D1102116E0616A0829DA
:107BC00002D1202111E01BE0616A092901D1402185
:107BD0000BE0616A0A2901D1802106E0616A0B2964
:107BE00002D14FF4807100E00121B0FBF1F04000C0
:107BF000616800EB5100B0FBF1F01FFA80F947E03B
:107C0000606A08B9012038E0606A012801D10220C9
:107C100033E0606A022801D104202EE0606A032864
:107C200001D1062029E0606A042801D1082024E05F
:107C3000606A052801D10A201FE0606A062801D188
:107C40000C201AE0606A072801D1102015E0606A54
:107C5000082801D1202010E0606A092801D14020C5
:107C60000BE0606A0A2801D1802006E0606A0B28D8
:107C700002D14FF4807000E00120B249B1FBF0F076
:107C80004000616800EB5100B0FBF1F01FFA80F991
:107C900095E0606A08B9012038E0606A012801D1E6
:107CA000022033E0606A022801D104202EE0606ADD
:107CB000032801D1062029E0606A042801D10820A8
:107CC00024E0606A052801D10A201FE0606A0628C6
:107CD00001D10C201AE0606A072801D1102015E0BC
:107CE000606A082801D1202010E0606A092801D1CB
:107CF00040200BE0606A0A2801D1802006E0606A1B
:107D00000B2802D14FF4807000E001208E49B1FBB6
:107D1000F0F04000616800EB5100B0FBF1F01FFA99
:107D200080F94CE0606A08B9012038E0606A0128F7
:107D300001D1022033E0606A022801D104202EE044
:107D4000606A032801D1062029E0606A042801D175
:107D5000082024E0606A052801D10A201FE0606A3B
:107D6000062801D10C201AE0606A072801D11020F2
:107D700015E0606A082801D1202010E0606A092817
:107D800001D140200BE0606A0A2801D1802006E082
:107D9000606A0B2802D14FF4807000E001204FF49C
:107DA0000041B1FBF0F04000616800EB5100B0FB16
:107DB000F1F01FFA80F902E00120079000BF00BF38
:107DC000B9F1100F10D3B9F5803F0DD24FF6F07016
:107DD00009EA00000890C9F3420108980843089096
:107DE00008982168C86083E20120079080E2082D8E
:107DF00072D005DC5DB1012D53D0042D6DD1A5E00D
:107E0000102D6BD0202D6AD0402D66D117E2FCF7E3
:107E10008DFD8046606A08B9012038E0606A01285B
:107E200001D1022033E0606A022801D104202EE053
:107E3000606A032801D1062029E0606A042801D184
:107E4000082024E0606A052801D10A201FE0606A4A
:107E5000062801D10C201AE0606A072801D1102001
:107E600015E0606A082801D1202010E0606A092826
:107E700001D140200BE0606A0A2801D1802006E091
:107E8000606A0B2802D14FF4807000E00120B8FB3B
:107E9000F0F0616800EB5100B0FBF1F01FFA80F9DF
:107EA00019E2FCF755FD8046606A08B901203CE004
:107EB000606A012801D1022037E0606A022801D1FE
:107EC000042032E0606A032801D106202DE0606AB8
:107ED000042805D1082028E083E0F9E1CCE066E140
:107EE000606A052801D10A201FE0606A062801D1D6
:107EF0000C201AE0606A072801D1102015E0606AA2
:107F0000082801D1202010E0606A092801D1402012
:107F10000BE0606A0A2801D1802006E0606A0B2825
:107F200002D14FF4807000E00120B8FBF0F06168EE
:107F300000EB5100B0FBF1F01FFA80F9CBE100003B
:107F4000004402580090D00300093D0004A8FBF74C
:107F500095FB0598616A09B9012138E0616A012938
:107F600001D1022133E0616A022901D104212EE00E
:107F7000616A032901D1062129E0616A042901D13E
:107F8000082124E0616A052901D10A211FE0616A04
:107F9000062901D10C211AE0616A072901D11021BB
:107FA00015E0616A082901D1202110E0616A0929E0
:107FB00001D140210BE0616A0A2901D1802106E04C
:107FC000616A0B2902D14FF4807100E00121B0FBFE
:107FD000F1F0616800EB5100B0FBF1F01FFA80F99D
:107FE00079E101A8FBF762FC0298616A09B90121F5
:107FF00038E0616A012901D1022133E0616A022976
:1080000001D104212EE0616A032901D1062129E072
:10801000616A042901D1082124E0616A052901D19E
:108020000A211FE0616A062901D10C211AE0616A68
:10803000072901D1102115E0616A082901D1202109
:1080400010E0616A092901D140210BE0616A0A2927
:1080500001D1802106E0616A0B2902D14FF48071C1
:1080600000E00121B0FBF1F0616800EB5100B0FBD2
:10807000F1F01FFA80F92EE1A3480068C0F3401028
:1080800088B3A1480068C0F3C101A048C840616A34
:1080900009B9012139E0616A012901D1022134E0E5
:1080A000616A022901D104212FE0616A032901D10B
:1080B00006212AE0616A042901D1082125E0616ACC
:1080C000052901D10A2120E0616A062901D10C218C
:1080D0001BE0616A072901D1102116E0616A0829B5
:1080E00002D1202111E01AE0616A092901D1402161
:1080F0000BE0616A0A2901D1802106E0616A0B293F
:1081000002D14FF4807100E00121B0FBF1F0616811
:1081100000EB5100B0FBF1F01FFA80F946E0606A15
:1081200008B9012038E0606A012801D1022033E05B
:10813000606A022801D104202EE0606A032801D180
:10814000062029E0606A042801D1082024E0606A42
:10815000052801D10A201FE0606A062801D10C2001
:108160001AE0606A072801D1102015E0606A08282B
:1081700001D1202010E0606A092801D140200BE0E5
:10818000606A0A2801D1802006E0606A0B2802D1CB
:108190004FF4807000E001205C49B1FBF0F06168B1
:1081A00000EB5100B0FBF1F01FFA80F993E0606A38
:1081B00008B9012038E0606A012801D1022033E0CB
:1081C000606A022801D104202EE0606A032801D1F0
:1081D000062029E0606A042801D1082024E0606AB2
:1081E000052801D10A201FE0606A062801D10C2071
:1081F0001AE0606A072801D1102015E0606A08289B
:1082000001D1202010E0606A092801D140200BE054
:10821000606A0A2801D1802006E0606A0B2802D13A
:108220004FF4807000E001203949B1FBF0F0616843
:1082300000EB5100B0FBF1F01FFA80F94BE0606AEF
:1082400008B9012038E0606A012801D1022033E03A
:10825000606A022801D104202EE0606A032801D15F
:10826000062029E0606A042801D1082024E0606A21
:10827000052801D10A201FE0606A062801D10C20E0
:108280001AE0606A072801D1102015E0606A08280A
:1082900001D1202010E0606A092801D140200BE0C4
:1082A000606A0A2801D1802006E0606A0B2802D1AA
:1082B0004FF4807000E001204FF40041B1FBF0F07A
:1082C000616800EB5100B0FBF1F01FFA80F902E0A9
:1082D0000120079000BF00BFB9F1100F06D3B9F518
:1082E000803F03D22068C0F80C9001E00120079085
:1082F0000120A4F86A00A4F868000020E066206766
:10830000079809B0BDE8F08F004402580090D003F0
:1083100000093D002DE9F04104460D4617469846F8
:10832000069E4AE0701C002847D0FBF73FF8A0EB00
:108330000800B04200D8C6B92068006820F4D070A8
:10834000216808602068806820F00100216888604A
:108350002020C4F88000C4F8840000BF002084F806
:108360007C0000BF0320BDE8F0812068006800F0B9
:10837000040010B32068C069C0F3C020E8B14FF416
:108380000060216808622068006820F4D0702168CD
:1083900008602068806820F0010021688860202043
:1083A000C4F88000C4F88400C4F8880000BF00202E
:1083B00084F87C0000BF0320D5E72068C06928400E
:1083C000A84201D1012000E00020B842AAD000203C
:1083D000C9E7000070B500240F4D1048FDF714F8F0
:1083E00000BF03E0641CAC4200D904E00B48FDF779
:1083F00002F82028F6D100BF002403E0641CAC4240
:1084000000D906E0012206490448FDF79FF900283B
:10841000F4D100BF70BD0000FFFF0100084E002432
:108420003200002400BFFEE7002101E0521C491C7D
:108430008142FBDB704703B401984100009850EA89
:10844000C12018BF04204A0D18BF40F0010040F2BF
:10845000FF72B2EB515F08BF40F00200012808BF75
:10846000052002B07047000002480068C0F30220F7
:10847000704700000CED00E010B5002804DB0A078F
:10848000130E054A135406E00A07140E034A00F0BF
:108490000F031B1FD45410BD00E400E018ED00E0F2
:1084A0002DE9F04D2DED040B2DED0A8B9AB0DDE991
:1084B0002550279CDDF890A025F0004624F00048C8
:1084C000BAF1000F14BF0121002101EB4502F84968
:1084D00053184A1093422AD3002814BF01230023C3
:1084E00003EB44030B44F3498B4220D358EA0001C9
:1084F0009FEDF19B72D0DFF8C8B35D4503D1BAF1AF
:10850000000F05D184E0BAF1000F08BF002100D0B0
:10851000012101EB450111F5001F08D8002814BF07
:108520000121002101EB440111F5001F0BD99DED44
:10853000261B9DED240B1AB0BDEC0A8B04B0BDE8E0
:10854000F04D00F0F5BC0027002DBCBFDD4988458B
:1085500021DADD498845A8BF02271CDAC3451ADCA9
:10856000DA4901EB2851142908DDC1F1340220FA5F
:1085700002F101FA02F282420DD108E058B9C1F1CC
:10858000140228FA02F101FA02F2424503D101F085
:108590000101C1F1020756EA0A0120D1002C1EDABE
:1085A000002D18BF022F01D0012F0AD00220F8F7AA
:1085B000F4F81AB0BDEC0A8B04B0BDE8F04D00F041
:1085C000A7BC0220F8F7E9F800F0A2FCB1EE400BDE
:1085D0001AB0BDEC0A8B04B0BDE8F08D18E09FED39
:1085E000BCAB9FEDBD8B00287DD1B64880451CD12A
:1085F00005F1804010F5801008BFBAF1000F07D0D8
:10860000B34508DC002CA8BF9DED260BE0DA07E09F
:10861000B0EE490BDCE7002CB8BF9DED260BD5DB97
:10862000AF48784490ED000BD2E7D84548D1002CF4
:1086300043DA2EB186423AD1BAF1000F3DD126E09D
:10864000BAF1000F13D00220F8F7A7F800F080FC71
:108650008DED020B9DED240B8DED000B10EE900ABD
:10866000039961F31E0003909DED020BB0E78DEDC1
:1086700002AB9DED240B1AEE901A10EE900A8DEDD0
:10868000000B61F31E0003909DED020BA0E78DED42
:10869000028B9DED240B18EE901A10EE900A8DEDD2
:1086A000000B61F31E0003909DED020B90E704DACE
:1086B0009DED241B89EE010B8AE79DED240B87E7D6
:1086C00086421ADAB4F1804F04BF9DED240B20EEF0
:1086D000000B3FF47DAFA4F10050B0F1FF500CD17E
:1086E000002D0ADB00E008E09DED240B51EC100B9F
:1086F00002F0F8FD41EC100B6AE79DED240B51EC04
:10870000100B02F05BFBBAF1000FCDE90E0140D176
:108710009FED750B46B3A6F1E040B0F17F600ED03F
:108720005E4536D1002D00DA97B3022F0CBF012031
:108730004FF0FF3000EE100AB8EEC00B48E7002DF6
:1087400001DD002C0DDA002D01DD002C1DDB002DDC
:1087500014DA002C12DB012F08BF9FED650B3FF4EC
:1087600037AFB0EE4A0B33E7022F18BF002D0CD005
:10877000012F0AD1002DFFF62BAF06E0002DB8BF68
:10878000002C06DA012F3FF423AFB0EE480B1FE7B1
:1087900019E0012000EBE57050EA070113D0791EC3
:1087A000B0EE498B084308BF9FED538B544800251A
:1087B00080457ADD53495448884514DDB0420DDBCD
:1087C000002C19DB2CE00120F7F7E7FF1AB0BDEC15
:1087D0000A8B04B0BDE8F04D00F0AEBBB34502DC3F
:1087E000002C09DC1CE0864202DA002C18DA03E0D7
:1087F0005E4528DD002C13DD0220F7F7CEFF00F0E8
:10880000A7FB8DED020B28EE0A0B8DED000B10EE91
:10881000900A039961F31E0003909DED020BD7E6C9
:108820000220F7F7BAFF00F09FFB10EE901A18EE47
:10883000900A8DED020B8DED008B61F31E0003900D
:108840009DED020BC4E69DED0E0B9FED313B30EE2E
:10885000490B8DED040B20EE002B9DED041B9FEDCD
:108860002E0B01EE430B9DED043B9FED2D1B03EE04
:10887000401B9DED040B9FED2E3B22EE012B9FED47
:108880002A1B20EE011B20EE030B9FED2B3B02EE7B
:10889000430B31EE002B8DED022B02959DED022B4B
:1088A00032EE411B30EE411B21E149E000000000A7
:1088B000FFFF1F00FFFF0F00000000000000F03F5F
:1088C0000000F03F0000F07F0000404301FCFFFF8C
:1088D000000000000000F07F000000000000000029
:1088E0000A340000000000000000000000000080CA
:1088F000000000000000F0FF000000000000F0BFDA
:108900000000E0410000F043FFFFEF3F00000000E7
:10891000000000000000D03F555555555555D53F36
:10892000000000000000E03F000000604715F73F36
:1089300044DF5DF80BAE543EFE822B654715F73FD2
:108940000020B6F5801F0BDA9DED0E0B9FEDEC1BA2
:108950006FF0340020EE010B10EE906A8DED0E0BDF
:10896000E94A00EB2650C6F31301A0F2FF3741F0AD
:108970007F6040F040509142D8BF002408DDE34AB8
:108980008A42C8BF012403DC0024A0F580107F1CAC
:10899000DF49794401EBC4010F9091ED001B9DED7F
:1089A0000E2B9DED0E0BDB4931EE023B30EE410B01
:1089B00089EE032B20EE02AB8DED02AB79440295DC
:1089C00091ED003B4FF0005141EA600000EB844024
:1089D0008DED043B00F5002005909DED043B9DEDE1
:1089E000044B2AEE0ACB33EE411B9DED0E3BCA48E9
:1089F000062133EE411B9DED023B03EE440B03EEDB
:108A0000410B20EE02BBB0EE4C0B784400F047FA6D
:108A10002CEE0C1B20EE010B9DED021B31EE0A1B10
:108A20000BEE010B9DED021B21EE011B9FEDBC2BFC
:108A300031EE023B33EE003B8DED043B04959DEDA2
:108A4000043B33EE422B32EE411B30EE412B9DEDC9
:108A5000020B9DED041B20EE011B9DED040B2BEE84
:108A6000000B02EE0A0B31EE002B8DED022B02956E
:108A70009DED022B32EE411B30EE410B9DED021BB2
:108A80009FEDA92B21EE021B9DED022B9FEDA83B34
:108A900022EE032B9FEDA83BA94800EE032B784460
:108AA00000EBC40090ED000BA64832EE000B02EE86
:108AB000107AB8EEC22B8DED042B31EE003B7844DA
:108AC00000EBC4009DED044B90ED002B33EE023B18
:108AD00033EE043B8DED023B02959DED023B33EE00
:108AE000443B33EE422B32EE411B30EE411B9DEDF9
:108AF000260B954A8DED000B00959DED260B9DED07
:108B0000002B30EE420B9DED022B20EE020B9DED73
:108B1000262B02EE010B9DED001B9DED022B21EE9D
:108B2000021B8DED021B30EE011B11EE900A11EEBF
:108B3000101A8DED001B904224DB821A11430ED1D6
:108B40009FED831B9DED002B9DED023B30EE011B45
:108B500032EE432BB4EEC21BF1EE10FA26DD0220FA
:108B6000F7F71BFE00F0F4F910EE901A18EE900AD9
:108B70008DED020B8DED008B61F31E0003909DEDDA
:108B8000020B25E5744B20F000429A420ED3734A43
:108B9000024411437FF444AE9DED022B31EE421BA3
:108BA000B4EEC01BF1EE10FABFF63AAE20F0004171
:108BB0006B4A6C4B002402EB21529942D8BF9DEDC9
:108BC000021B27DD511C4FF4801222FA01F10144EF
:108BD000654BC1F30A527B44A2F2FF3293ED001BB6
:108BE000624B8DED041BD34021EA0303C1F3130153
:108BF00041F48011C2F1140221FA02F40593002815
:108C0000B8BF64429DED021B9DED042B31EE421B6B
:108C10008DED021B30EE011B8DED041B04959DEDC7
:108C2000041B9FED532B9DED023B21EE021B9DED9E
:108C3000042B32EE432B30EE420B9FED4F2B20EEF8
:108C4000020B9DED042B9FED4E3B4F48052102EE9C
:108C5000030B31EE002B8DED002B32EE411B30EE7D
:108C600041AB9DED000B20EE000B8DED040B784425
:108C700000F015F99DED001B9DED042B02EE401B4D
:108C80008DED021B9DED000B20EE010B9FED402BA7
:108C900031EE422B80EE021B9DED002BB0EE4A0B15
:108CA00002EE0A0B31EE400B9DED001B30EE410B46
:108CB00039EE400B10EE900A8DED000B00EB0450E6
:108CC00001150029C8BF019013DC224651EC100B9E
:108CD00002F007FEFFF7AFFB042808BF00F044F9DD
:108CE00022469DED000B51EC100B02F0FAFDCDE990
:108CF00000019DED000B28EE000B69E40000000070
:108D000000000000000040438E9803007AB60B007C
:108D10001230000070300000CA2F00000000000078
:108D20000000000000000840000000E009C7EE3F1E
:108D3000F5015B14E02F3EBEFD033ADC09C7EE3FB0
:108D4000262F0000F62E00000000904000000000DA
:108D5000FE822B654715973C00CC904000346F3F56
:108D600001FCFFFF0000E03F562E0000FFFF0F0058
:108D700000000000432EE63FEF39FAFE422EE63FA8
:108D8000396CA80C615C20BE962D0000000000002C
:108D9000000000000000004010B52DED020B84B073
:108DA0009DED040B51EC100B02F008FD41EC100B93
:108DB0009DED041B05989FED1A2B31EE401B9FED96
:108DC0001A3B9FED1B4B10F0004F0AD0B4EEC41BB2
:108DD000F1EE10FA0AD9B4EEC31BF1EE10FA0FDD72
:108DE0000CE0B4EEC41BF1EE10FA02D230EE420BEE
:108DF00006E0B4EEC31BF1EE10FA01DB30EE020B1D
:108E00008DED020B9DED040B8DED000B10EE900A25
:108E1000039961F31E0003909DED020B06B010BD97
:108E2000000000000000F03F000000000000E03FF4
:108E3000000000000000E0BF00B52DED028BB1EE98
:108E4000C08B83B018EE100A18EE901A8DED008BCF
:108E5000002818BF0120084320F00040C0F17F60C7
:108E600000F1E040C00F14D010EE101A10EE900A7E
:108E70008DED000B002918BF0121084320F00040B0
:108E8000C0F17F6000F1E040C00F04BF0120F7F7A0
:108E900084FCB0EE480B03B0BDEC028B00BD491E54
:108EA00000EBC102B0EE401B92ED000B31F0060268
:108EB0000DD0491E00EBC102B0EE403B92ED002BFD
:108EC00031F00602B0EE420B03EE010BF1D10229A4
:108ED00014D004290AD0062918BF704790ED0A2B38
:108EE00000EE012B90ED080B02EE010B90ED062B2E
:108EF00000EE012B90ED040B02EE010B90ED022B26
:108F000000EE012B90ED000B02EE010B704700000C
:108F10009FED031B9FED042B81EE020B70470000B9
:108F2000000000000000F03F000000000000000012
:108F300030EE010B704700009FED031B81EE010B2B
:108F4000704700000000000000000000000000006A
:108F50009FED030B20EE000B7047000000000000A7
:108F600000000000000000709FED030B20EE000BDE
:108F7000704700000000000000000000000000102A
:108F800030380A2801D2012070470020704700BF06
:108F90007047000010B500BF012220210248FAF7F7
:108FA000F9F900BF10BD00000004025838B50446AE
:108FB00040F21F3340F2DF1200210846009400F017
:108FC00019F838BD10B54FF4245000F0BFFA10BDA9
:108FD00070B504460D4616462146204601F0D8FAE3
:108FE0002946284601F02AFB01F0D2FB304600F06A
:108FF000B5FA70BD2DE9F04707460C4615461E46EA
:10900000DDF820A02946384601F0C2FA3146204654
:1090100001F014FB01F0BCFBA1460EE0B84606E0EF
:10902000504600F09BFA08F101001FFA80F8A845AD
:10903000F6DD09F101001FFA80F9B145EEDDBDE86A
:10904000F087000000B595B0142110A8F7F741FB98
:109050001C2109A8F7F73DFB1C2102A8F7F739FBF3
:1090600000BF00BFFE48006840F48050FC49086023
:109070000846006800F48050019000BF00BF00BFA8
:1090800000BF00BFF6480C30006840F01000F44903
:109090000C3108600846006800F01000019000BF25
:1090A00000BF00BF00BF00BF0846006840F00800D6
:1090B00008600846006800F00800019000BF00BF8B
:1090C00000BF00BF00BF0846006840F0080008600D
:1090D0000846006800F00800019000BF00BF00BF14
:1090E00000BF00BF0846006840F00800086008465E
:1090F000006800F00800019000BF00BF00BF00BF83
:1091000000BF0846006840F0080008600846006894
:1091100000F00800019000BF00BF00BF00BF00BF0B
:109120000846006840F0080008600846006800F043
:109130000800019000BF00BF00BF00BF00BF08468D
:10914000006840F0080008600846006800F0080069
:10915000019000BF00BF00BF00BF00BF084600680D
:1091600040F0080008600846006800F00800019020
:1091700000BF00BF00BF00BF00BF0846006840F04E
:10918000100008600846006800F01000019000BF61
:1091900000BF00BF00BF00BF0846006840F01000DD
:1091A00008600846006800F01000019000BF00BF92
:1091B00000BF00BF00BF0846006840F01000086014
:1091C0000846006800F01000019000BF00BF00BF1B
:1091D00000BF00BF0846006840F010000860084665
:1091E000006800F01000019000BF00BF00BF00BF8A
:1091F00000BF0846006840F010000860084600689C
:1092000000F01000019000BF00BF00BF00BF00BF12
:109210000846006840F0100008600846006800F04A
:109220001000019000BF00BF00BF00BF00BF084694
:10923000006840F0100008600846006800F0100068
:10924000019000BF00BF00BF00BF00BF084600681C
:1092500040F0100008600846006800F0100001901F
:1092600000BF00BF00BF00BF00BF0846006840F05D
:10927000100008600846006800F01000019000BF70
:1092800000BF00BF00BF00BF0846006840F00800F4
:1092900008600846006800F00800019000BF00BFA9
:1092A00000BF00BF00BF0846006840F0080008602B
:1092B0000846006800F00800019000BF00BF00BF32
:1092C00000BF00BF0846006840F00800086008467C
:1092D000006800F00800019000BF00BF00BF082038
:1092E00010900220119013900C20149010A95D484A
:1092F000F9F744FF802010900220119013900C2069
:10930000149010A95848F9F739FF10201090022046
:10931000119013900C20149010A95348F9F72EFFC8
:10932000202010900220119013900C20149010A96E
:109330004D48F9F723FF4FF4804010900220119020
:1093400013900C20149010A94748F9F717FF4FF419
:10935000004010900220119013900C20149010A93E
:109360004148F9F70BFF0120109002201190139053
:109370000C20149010A93C48F9F700FF022010902F
:10938000119013900C20149010A93748F9F7F6FEAD
:10939000802010900220119013900C20149010A99E
:1093A0003048F9F7EBFE4FF48070109002201190D6
:1093B00013900C20149010A92A48F9F7DFFE4FF4FF
:1093C000007010900220119013900C20149010A99E
:1093D0002448F9F7D3FE4FF48060109002201190DA
:1093E00013900C20149010A91E48F9F7C7FE4FF4F3
:1093F000006010900220119013900C20149010A97E
:109400001848F9F7BBFE4FF48050109002201190DD
:1094100013900C20149010A91248F9F7AFFE4FF4E6
:10942000005010900220119013900C20149010A95D
:109430000C48F9F7A3FE4FF48040109002201190E1
:1094400013900C20149010A90648F9F797FE4FF4DA
:10945000004010900220119013900C20149005E011
:10946000D444025800100258000C025810A92E488B
:10947000F9F784FE4FF48070109002201190139041
:109480000C20149010A92948F9F778FE4FF40070C9
:1094900010900220119013900C20149010A92348D2
:1094A000F9F76CFE4FF48060109002201190139039
:1094B0000C20149010A91D48F9F760FE1C481D49A6
:1094C00008601D4848600620886000211948C16076
:1094D00001611021416100218161C16101624FF48C
:1094E00080514162002181624FF48041C1620021BC
:1094F0000163416381634FF40011C1630021016482
:109500001520099078200B9000200C900F900220DD
:109510000290049000200590089002AA09A905482D
:10952000FBF7FEFE15B000BD00100258000C0258FB
:1095300000400052944E00240441005200BF00BF7E
:1095400001490888704700000000106001B5BDF8AF
:1095500000000149088008BDFEFF0F6001B5BDF89D
:1095600000000149088008BD0000106003B5BDF887
:10957000000003490880BDF80400891C08800CBD68
:10958000FEFF0F6000B587B0142102A8F7F7A1F81D
:1095900000BF00BF1048006840F002000E4908609C
:1095A0000846006800F00200019000BF00BF00BF45
:1095B000202002900120039004900220059002A92F
:1095C0000648F9F7DBFD00BF002220210348F9F728
:1095D000E1FE00BF07B000BDE0440258000402589D
:1095E00070B5FFF7CFFFFFF72DFD00BF55214FF4FA
:1095F0007040FFF7BBFFAA214FF20100FFF7B6FF53
:1096000052214FF20200FFF7B1FF08214FF2030091
:10961000FFF7ACFF01214FF20400FFF7A7FF4FF463
:109620004540FFF793FFFFF789FF4FF6FF7101EA0F
:1096300000264CF20150FFF789FFFFF77FFFC0B211
:10964000064300BF354645F21050854201D0012047
:1096500070BD0F4805804FF4F0700D4948804FF4FD
:109660004870888000F016F8002000F0B1FF4FF637
:10967000FF70FFF79BFCFFF7A5FCFFF78BFC01F0E9
:1096800025FB04460CB10120E2E70020E0E70000E2
:109690003E00002410B555214FF47040FFF766FFDF
:1096A000AA214FF20100FFF761FF52214FF20200A1
:1096B000FFF75CFF08214FF20300FFF757FF01217E
:1096C0004FF20400FFF752FF0D214FF43040FFF737
:1096D0004DFF0D214BF20100FFF748FF0D214BF22A
:1096E0000200FFF743FF34214FF43640FFF73EFFFF
:1096F00034214BF20160FFF739FF34214BF2026055
:10970000FFF734FF0D214FF43140FFF72FFF0D21FC
:109710004BF20110FFF72AFF0D214BF20210FFF769
:1097200025FF34214FF43740FFF720FF34214BF25F
:109730000170FFF71BFF34214BF20270FFF716FF99
:1097400000214FF43240FFF711FF00214BF20120BE
:10975000FFF70CFF00214BF20220FFF707FF242147
:109760004FF43840FFF702FF24214BF60100FFF7CA
:10977000FDFE24214BF60200FFF7F8FE01214FF415
:109780003F40FFF7F3FE0F214FF43340FFF7EEFEAB
:109790000F214BF20130FFF7E9FE0F214BF20230AF
:1097A000FFF7E4FE34214FF43940FFF7DFFE3421A8
:1097B0004BF60110FFF7DAFE34214BF60210FFF7EB
:1097C000D5FE08214FF43540FFF7D0FE08214BF2BB
:1097D0000150FFF7CBFE08214BF20250FFF7C6FE07
:1097E00003214FF44240FFF7C1FE24214FF43A40D9
:1097F000FFF7BCFE24214BF60120FFF7B7FE242122
:109800004BF60220FFF7B2FE00214FF43C40FFF779
:10981000ADFE78214BF60140FFF7A8FE00214BF684
:109820000240FFF7A3FE00214FF43D40FFF79EFEEC
:1098300078214BF60150FFF799FE00214BF60250BC
:10984000FFF794FE00214FF43E40FFF78FFE6421A6
:109850004BF60160FFF78AFE00214FF45140FFF7FD
:1098600085FE33214DF20110FFF780FE00214DF2FD
:109870000210FFF77BFE34214DF20310FFF776FE56
:1098800000214DF20410FFF771FE3A214DF2051050
:10989000FFF76CFE00214DF20610FFF767FE4A212C
:1098A0004DF20710FFF762FE00214DF20810FFF79E
:1098B0005DFE5C214DF20910FFF758FE00214DF2CC
:1098C0000A10FFF753FE81214DF20B10FFF74EFEF9
:1098D00000214DF20C10FFF749FEA6214DF20D10AC
:1098E000FFF744FE00214DF20E10FFF73FFEE52189
:1098F0004DF20F10FFF73AFE01214DF21010FFF765
:1099000035FE13214DF21110FFF730FE01214DF20B
:109910001210FFF72BFE54214DF21310FFF726FE15
:1099200001214DF21410FFF721FE82214DF2151096
:10993000FFF71CFE01214DF21610FFF717FECA219A
:109940004DF21710FFF712FE02214DF21810FFF72B
:109950000DFE00214DF21910FFF708FE02214DF215
:109960001A10FFF703FE01214DF21B10FFF7FEFD59
:1099700002214DF21C10FFF7F9FD34214DF21D10AC
:10998000FFF7F4FD02214DF21E10FFF7EFFD6721F6
:109990004DF21F10FFF7EAFD02214DF22010FFF7F4
:1099A000E5FD84214DF22110FFF7E0FD02214DF28B
:1099B0002210FFF7DBFDA4214DF22310FFF7D6FDA7
:1099C00002214DF22410FFF7D1FDB7214DF22510F1
:1099D000FFF7CCFD02214DF22610FFF7C7FDCF2186
:1099E0004DF22710FFF7C2FD02214DF22810FFF7BC
:1099F000BDFDDE214DF22910FFF7B8FD02214DF229
:109A00002A10FFF7B3FDF2214DF22B10FFF7AEFD48
:109A100002214DF22C10FFF7A9FDFE214DF22D1071
:109A2000FFF7A4FD03214DF22E10FFF79FFD10213B
:109A30004DF22F10FFF79AFD03214DF23010FFF782
:109A400095FD33214DF23110FFF790FD03214DF2CA
:109A50003210FFF78BFD6D214DF23310FFF786FDBD
:109A600000214FF45240FFF781FD33214DF20120D8
:109A7000FFF77CFD00214DF20220FFF777FD342136
:109A80004DF20320FFF772FD00214DF20420FFF795
:109A90006DFD3A214DF20520FFF768FD00214DF2E2
:109AA0000620FFF763FD4A214DF20720FFF75EFD18
:109AB00000214DF20820FFF759FD5C214DF20920ED
:109AC000FFF754FD00214DF20A20FFF74FFD8121E1
:109AD0004DF20B20FFF74AFD00214DF20C20FFF75D
:109AE00045FDA6214DF20D20FFF740FD00214DF26E
:109AF0000E20FFF73BFDE5214DF20F20FFF736FD6D
:109B000001214DF21020FFF731FD13214DF21120FC
:109B1000FFF72CFD01214DF21220FFF727FD542104
:109B20004DF21320FFF722FD01214DF21420FFF723
:109B30001DFD82214DF21520FFF718FD01214DF288
:109B40001620FFF713FDCA214DF21720FFF70EFD77
:109B500002214DF21820FFF709FD00214DF21920D6
:109B6000FFF704FD02214DF21A20FFF7FFFC01214F
:109B70004DF21B20FFF7FAFC02214DF21C20FFF7EB
:109B8000F5FC34214DF21D20FFF7F0FC02214DF2CF
:109B90001E20FFF7EBFC67214DF21F20FFF7E6FCCC
:109BA00002214DF22020FFF7E1FC84214DF221201B
:109BB000FFF7DCFC02214DF22220FFF7D7FCA421A5
:109BC0004DF22320FFF7D2FC02214DF22420FFF7B3
:109BD000CDFCB7214DF22520FFF7C8FC02214DF244
:109BE0002620FFF7C3FCCF214DF22720FFF7BEFC54
:109BF00002214DF22820FFF7B9FCDE214DF2292089
:109C0000FFF7B4FC02214DF22A20FFF7AFFCF2214E
:109C10004DF22B20FFF7AAFC02214DF22C20FFF77A
:109C2000A5FCFE214DF22D20FFF7A0FC03214DF2F3
:109C30002E20FFF79BFC10214DF22F20FFF796FC02
:109C400003214DF23020FFF791FC33214DF23120FA
:109C5000FFF78CFC03214DF23220FFF787FC6D21CA
:109C60004DF23320FFF782FC00214FF45340FFF701
:109C70007DFC33214DF20130FFF778FC00214DF2DD
:109C80000230FFF773FC34214DF20330FFF76EFC16
:109C900000214DF20430FFF769FC3A214DF2053006
:109CA000FFF764FC00214DF20630FFF75FFC4A210C
:109CB0004DF20730FFF75AFC00214DF20830FFF754
:109CC00055FC5C214DF20930FFF750FC00214DF2AC
:109CD0000A30FFF74BFC81214DF20B30FFF746FCB9
:109CE00000214DF20C30FFF741FCA6214DF20D3062
:109CF000FFF73CFC00214DF20E30FFF737FCE52169
:109D00004DF20F30FFF732FC01214DF21030FFF71A
:109D10002DFC13214DF21130FFF728FC01214DF2EB
:109D20001230FFF723FC54214DF21330FFF71EFCD5
:109D300001214DF21430FFF719FC82214DF215304C
:109D4000FFF714FC01214DF21630FFF70FFCCA217A
:109D50004DF21730FFF70AFC02214DF21830FFF7E1
:109D600005FC00214DF21930FFF700FC02214DF2F5
:109D70001A30FFF7FBFB01214DF21B30FFF7F6FB1A
:109D800002214DF21C30FFF7F1FB34214DF21D3062
:109D9000FFF7ECFB02214DF21E30FFF7E7FB6721D6
:109DA0004DF21F30FFF7E2FB02214DF22030FFF7AA
:109DB000DDFB84214DF22130FFF7D8FB02214DF26B
:109DC0002230FFF7D3FBA4214DF22330FFF7CEFB67
:109DD00002214DF22430FFF7C9FBB7214DF22530A7
:109DE000FFF7C4FB02214DF22630FFF7BFFBCF2166
:109DF0004DF22730FFF7BAFB02214DF22830FFF772
:109E0000B5FBDE214DF22930FFF7B0FB02214DF208
:109E10002A30FFF7ABFBF2214DF22B30FFF7A6FB08
:109E200002214DF22C30FFF7A1FBFE214DF22D3027
:109E3000FFF79CFB03214DF22E30FFF797FB10211B
:109E40004DF22F30FFF792FB03214DF23030FFF738
:109E50008DFB33214DF23130FFF788FB03214DF2AA
:109E60003230FFF783FB6D214DF23330FFF77EFB7D
:109E700000214FF45440FFF779FB33214DF20140AC
:109E8000FFF774FB00214DF20240FFF76FFB342116
:109E90004DF20340FFF76AFB00214DF20440FFF74B
:109EA00065FB3A214DF20540FFF760FB00214DF2C2
:109EB0000640FFF75BFB4A214DF20740FFF756FBD8
:109EC00000214DF20840FFF751FB5C214DF20940A3
:109ED000FFF74CFB00214DF20A40FFF747FB8121C1
:109EE0004DF20B40FFF742FB00214DF20C40FFF713
:109EF0003DFBA6214DF20D40FFF738FB00214DF24E
:109F00000E40FFF733FBE5214DF20F40FFF72EFB2C
:109F100001214DF21040FFF729FB13214DF21140B2
:109F2000FFF724FB01214DF21240FFF71FFB5421E4
:109F30004DF21340FFF71AFB01214DF21440FFF7D9
:109F400015FB82214DF21540FFF710FB01214DF268
:109F50001640FFF70BFBCA214DF21740FFF706FB37
:109F600002214DF21840FFF701FB00214DF219408C
:109F7000FFF7FCFA02214DF21A40FFF7F7FA012130
:109F80004DF21B40FFF7F2FA02214DF21C40FFF7A1
:109F9000EDFA34214DF21D40FFF7E8FA02214DF2AF
:109FA0001E40FFF7E3FA67214DF21F40FFF7DEFA8C
:109FB00002214DF22040FFF7D9FA84214DF22140D1
:109FC000FFF7D4FA02214DF22240FFF7CFFAA42185
:109FD0004DF22340FFF7CAFA02214DF22440FFF769
:109FE000C5FAB7214DF22540FFF7C0FA02214DF224
:109FF0002640FFF7BBFACF214DF22740FFF7B6FA14
:10A0000002214DF22840FFF7B1FADE214DF229403E
:10A01000FFF7ACFA02214DF22A40FFF7A7FAF2212E
:10A020004DF22B40FFF7A2FA02214DF22C40FFF730
:10A030009DFAFE214DF22D40FFF798FA03214DF2D3
:10A040002E40FFF793FA10214DF22F40FFF78EFAC2
:10A0500003214DF23040FFF789FA33214DF23140B0
:10A06000FFF784FA03214DF23240FFF77FFA6D21AA
:10A070004DF23340FFF77AFA00214FF45540FFF7D5
:10A0800075FA33214DF20150FFF770FA00214DF2BD
:10A090000250FFF76BFA34214DF20350FFF766FAD6
:10A0A00000214DF20450FFF761FA3A214DF20550BC
:10A0B000FFF75CFA00214DF20650FFF757FA4A21EC
:10A0C0004DF20750FFF752FA00214DF20850FFF70A
:10A0D0004DFA5C214DF20950FFF748FA00214DF28C
:10A0E0000A50FFF743FA81214DF20B50FFF73EFA79
:10A0F00000214DF20C50FFF739FAA6214DF20D5018
:10A10000FFF734FA00214DF20E50FFF72FFAE52148
:10A110004DF20F50FFF72AFA01214DF21050FFF7D0
:10A1200025FA13214DF21150FFF720FA01214DF2CB
:10A130001250FFF71BFA54214DF21350FFF716FA95
:10A1400001214DF21450FFF711FA82214DF2155002
:10A15000FFF70CFA01214DF21650FFF707FACA215A
:10A160004DF21750FFF702FA02214DF21850FFF797
:10A17000FDF900214DF21950FFF7F8F902214DF2D7
:10A180001A50FFF7F3F901214DF21B50FFF7EEF9DA
:10A1900002214DF21C50FFF7E9F934214DF21D5018
:10A1A000FFF7E4F902214DF21E50FFF7DFF96721B6
:10A1B0004DF21F50FFF7DAF902214DF22050FFF760
:10A1C000D5F984214DF22150FFF7D0F902214DF24B
:10A1D0002250FFF7CBF9A4214DF22350FFF7C6F927
:10A1E00002214DF22450FFF7C1F9B7214DF225505D
:10A1F000FFF7BCF902214DF22650FFF7B7F9CF2146
:10A200004DF22750FFF7B2F902214DF22850FFF727
:10A21000ADF9DE214DF22950FFF7A8F902214DF2E8
:10A220002A50FFF7A3F9F2214DF22B50FFF79EF9C8
:10A2300002214DF22C50FFF799F9FE214DF22D50DD
:10A24000FFF794F903214DF22E50FFF78FF91021FB
:10A250004DF22F50FFF78AF903214DF23050FFF7EE
:10A2600085F933214DF23150FFF780F903214DF28A
:10A270003250FFF77BF96D214DF23350FFF776F93D
:10A2800000214FF45640FFF771F933214DF2016080
:10A29000FFF76CF900214DF20260FFF767F93421F6
:10A2A0004DF20360FFF762F900214DF20460FFF701
:10A2B0005DF93A214DF20560FFF758F900214DF2A2
:10A2C0000660FFF753F94A214DF20760FFF74EF998
:10A2D00000214DF20860FFF749F95C214DF2096059
:10A2E000FFF744F900214DF20A60FFF73FF98121A1
:10A2F0004DF20B60FFF73AF900214DF20C60FFF7C9
:10A3000035F9A6214DF20D60FFF730F900214DF22D
:10A310000E60FFF72BF9E5214DF20F60FFF726F9EC
:10A3200001214DF21060FFF721F913214DF2116068
:10A33000FFF71CF901214DF21260FFF717F95421C4
:10A340004DF21360FFF712F901214DF21460FFF78F
:10A350000DF982214DF21560FFF708F901214DF248
:10A360001660FFF703F9CA214DF21760FFF7FEF8F8
:10A3700002214DF21860FFF7F9F800214DF2196043
:10A38000FFF7F4F802214DF21A60FFF7EFF8012110
:10A390004DF21B60FFF7EAF802214DF21C60FFF757
:10A3A000E5F834214DF21D60FFF7E0F802214DF28F
:10A3B0001E60FFF7DBF867214DF21F60FFF7D6F84C
:10A3C00002214DF22060FFF7D1F884214DF2216087
:10A3D000FFF7CCF802214DF22260FFF7C7F8A42165
:10A3E0004DF22360FFF7C2F802214DF22460FFF71F
:10A3F000BDF8B7214DF22560FFF7B8F802214DF204
:10A400002660FFF7B3F8CF214DF22760FFF7AEF8D3
:10A4100002214DF22860FFF7A9F8DE214DF22960F4
:10A42000FFF7A4F802214DF22A60FFF79FF8F2210E
:10A430004DF22B60FFF79AF802214DF22C60FFF7E6
:10A4400095F8FE214DF22D60FFF790F803214DF2B3
:10A450002E60FFF78BF810214DF22F60FFF786F882
:10A4600003214DF23060FFF781F833214DF2316066
:10A47000FFF77CF803214DF23260FFF777F86D218A
:10A480004DF23360FFF772F855214FF47040FFF73B
:10A490006DF8AA214FF20100FFF768F852214FF240
:10A4A0000200FFF763F808214FF20300FFF75EF8A0
:10A4B00000214FF20400FFF759F8CC214FF431404E
:10A4C000FFF754F800214BF20110FFF74FF8052178
:10A4D0004FF43640FFF74AF870214FF43740FFF74A
:10A4E00045F870214BF20170FFF740F801214FF45D
:10A4F0003840FFF73BF803214BF60100FFF736F831
:10A5000003214BF60200FFF731F803214BF603005D
:10A51000FFF72CF802214FF43C40FFF727F8002109
:10A520004BF60140FFF722F800214BF60240FFF7FF
:10A530001DF8D0214FF44940FFF718F802214CF6DE
:10A540000110FFF713F850214CF60210FFF70EF838
:10A5500050214CF60310FFF709F850214CF6041077
:10A56000FFF704F800214FF45450FEF7FFFF552188
:10A570004FF46850FEF7FAFF4FF48850FEF7E6FFFD
:10A58000782000F0F7FB4FF42450FEF7DFFF10BDFA
:10A5900070B504460D464FF42850FEF7D7FF200A49
:10A5A000FEF7DCFF42F60120FEF7D0FFE0B2FEF737
:10A5B000D5FF42F60220FEF7C9FF280AFEF7CEFFBC
:10A5C00042F60320FEF7C2FFE8B2FEF7C7FF70BDF8
:10A5D00010B5044634B1012C0CD0022C12D0032C3F
:10A5E00020D117E04FF4F070134948804FF44870C1
:10A5F000888019E04FF448700F4948804FF4F0709C
:10A60000888011E04FF4F0700B4948804FF4487097
:10A61000888009E04FF44870074948804FF4F07093
:10A62000888001E0022010BD00BF0348C4710020F3
:10A6300000F024F80020F6E73E00002470B5044640
:10A640000D464FF42C50FEF781FF200AFEF786FFDF
:10A6500042F60130FEF77AFFE0B2FEF77FFF42F6E6
:10A660000230FEF773FF280AFEF778FF42F6033048
:10A67000FEF76CFFE8B2FEF771FF70BD70B50546DE
:10A680004248C07930B1012806D0022824D00328DE
:10A6900062D141E02C4661E005F01F00C0B96811AD
:10A6A000082815D2DFE800F0040C080E06100A1284
:10A6B00060240FE020240DE0E0240BE0A02409E05A
:10A6C000402407E0C02405E0002403E0802401E0EA
:10A6D000022070BD00BF41E005F01F00C0B9681145
:10A6E000082815D2DFE800F0040C080E06100A1244
:10A6F000C0240FE040240DE080240BE0002409E09A
:10A70000E02407E0A02405E0602403E0202401E029
:10A710000220DEE700BF21E005F01F00C0B968118C
:10A72000082815D2DFE800F0040C080E06100A1203
:10A73000A0240FE0E0240DE020240BE0602409E0D9
:10A74000802407E0002405E0C02403E0402401E069
:10A750000220BEE700BF01E00120BAE700BF0B49BD
:10A760008C7121464FF45850FEF700FF074840888F
:10A77000401E81B20020FFF70BFF04488088401E76
:10A7800081B20020FFF75AFF0020A2E73E0000241C
:10A7900010B54FF43050FEF7D9FE10BD10B5044689
:10A7A0000422214648F2401000F044F900202071B4
:10A7B00010BD000000B587B0142102A8F5F789FF8D
:10A7C00000BF00BF1A48006840F002001849086046
:10A7D0000846006800F00200019000BF00BF00BF03
:10A7E00000BF00BF0846006840F00400086008464B
:10A7F000006800F00400019000BF00BF00BF02200D
:10A8000002900020039004900220059002A90948BC
:10A81000F8F7B4FC2020029001200390049002205D
:10A82000059002A90448F8F7A9FC07B000BD000094
:10A83000E0440258000402580008025810B586B0DF
:10A840000446142101A8F5F744FF022001900120DD
:10A85000029003900220049001A92B48F8F78EFC87
:10A86000142C02D05D2C3FD122E000BF0022202119
:10A870002648F8F78FFD00BF00BF002202212248C2
:10A88000F8F788FD00BF00BF012202211E48F8F73B
:10A8900081FD00BF012000F053FA00BF01222021FA
:10A8A0001A48F8F777FD00BF0A2000F049FA1CE0CB
:10A8B00000BF002220211548F8F76CFD00BF00BF43
:10A8C000002202211048F8F765FD00BF012000F0CA
:10A8D00037FA00BF012220210C48F8F75BFD00BFCA
:10A8E0000A2000F02DFA00E000BF00BF0220019016
:10A8F0000020029003900220049001A90248F8F77A
:10A900003DFC06B010BD00000004025800080258CB
:10A9100010B500BF002208211048F8F73BFD00BF2A
:10A9200000F01EF800BF012211460C48F8F732FD76
:10A9300000BF00F015F800BF002201210748F8F71A
:10A9400029FD00BF00F00CF800BF012208210348D8
:10A95000F8F720FD00BF00F003F810BD0004025816
:10A9600010B5022000F006FA10BD000010B586B048
:10A970000446142101A8F5F7ACFE00BF00BF1A4839
:10A98000006840F00200184908600846006800F0BE
:10A990000200009000BF00BF00BF00BF00BF08461C
:10A9A000006840F0020008600846006800F00200FD
:10A9B000009000BF00BF00BF0120019002900390F3
:10A9C0000220049001A90948F8F7D8FB082001905B
:10A9D0001120029001A90548F8F7D0FB00F0F0F82B
:10A9E0000348047006B010BDE04402580004025849
:10A9F0004600002410B500BF012208210C48F8F7DA
:10AA0000C9FC00BFFFF7ACFF00BF01221146084898
:10AA1000F8F7C0FC00BFFFF7A3FF00BF0022012131
:10AA20000348F8F7B7FC00BFFFF79AFF10BD00001E
:10AA3000000402582DE9F04105460E46174600F085
:10AA400099F819490978002242EA4101C8B200F098
:10AA50005BF800F0D5F8280A00F056F800F0D0F8BE
:10AA6000E8B200F051F800F0CBF800F083F80E499E
:10AA70000978012202EB4101C8B200F045F800F06C
:10AA8000BFF8002405E0012000F010F83055601CEC
:10AA9000C4B2781EA042F6DC002000F007F8305562
:10AAA00000F08EF8BDE8F0814600002470B5054640
:10AAB000002400261CE06006040E00BF012211469F
:10AAC0001048F8F767FC00BFFFF74AFF08210D4860
:10AAD000F8F758FC08B1601CC4B200BF0022012185
:10AAE0000848F8F757FC00BFFFF73AFF701CC6B2E2
:10AAF000082EE0DB15B9FFF77DFF01E0FFF708FF47
:10AB0000204670BD0004025870B50446002524E0BC
:10AB100000BFE00928B1012208211548F8F73AFCE6
:10AB200004E0002208211248F8F734FC00BFFFF7C8
:10AB300017FF00BF012211460D48F8F72BFC00BF9C
:10AB4000FFF70EFF00BF002201210948F8F722FCA1
:10AB500000BF6006040E681CC5B2082DD8DB00BF1C
:10AB6000012208210248F8F715FC00BF70BD000063
:10AB70000004025810B500BF012208210F48F8F761
:10AB800009FC00BF00BF012211460C48F8F702FC87
:10AB900000BFFFF7E5FE00BF002208210748F8F7D5
:10ABA000F9FB00BFFFF7DCFE00BF002201210348D4
:10ABB000F8F7F0FB00BFFFF7D3FE10BD000402580A
:10ABC00010B500BF002208210C48F8F7E3FB00BFD6
:10ABD000FFF7C6FE00BF012211460848F8F7DAFB6E
:10ABE00000BFFFF7BDFE00BF012208210348F8F7B0
:10ABF000D1FB00BFFFF7B4FE10BD000000040258F7
:10AC000070B50024002500BF012208211448F8F780
:10AC1000C1FB00BFFFF7A4FE00BF01221146104890
:10AC2000F8F7B8FB00BFFFF79BFE07E0601CC4B25B
:10AC3000FA2C03DDFFF7C4FF012505E008210848D1
:10AC4000F8F7A0FB0028F1D100BF00BF00220121CE
:10AC50000348F8F79FFB00BFFFF782FE284670BD50
:10AC6000000402582DE9F04105460F469046FFF7D3
:10AC700081FF15490978002242EA4101C8B2FFF775
:10AC800043FFFFF7BDFF280AFFF73EFFFFF7B8FFBE
:10AC9000E8B2FFF739FFFFF7B3FF002609E0B85D20
:10ACA000FFF732FFFFF7ACFF044604B103E0701C6E
:10ACB000C6B24645F3DB00BFFFF782FF14B10120A7
:10ACC000BDE8F0810020FBE7460000241CB5FFF73B
:10ACD00071FD1420FFF7B2FD1420FFF747FE684610
:10ACE000FFF75CFD05A16846F5F71AFD08B10120E4
:10ACF0001CBD00F005F80020FAE7000039313100F2
:10AD000008B5022000900122694648F24000FFF792
:10AD1000A9FF0A2000F014F80020009001226946E3
:10AD200048F24000FFF79EFF08BD000010B5044642
:10AD30000420FAF72EFB0148046010BD280000240F
:10AD400070B504461E2094FBF0F594FBF0F100FB77
:10AD5000114604E047F2305000F00CF86D1E002D53
:10AD6000F8D12EB14FF47A7106FB01F000F002F831
:10AD700070BD000070B5034600224FF0E0267569F3
:10AD80000D4E366803FB06F44FF0E026B16910E083
:10AD90004FF0E026B06988420BD0884202D20E1AEA
:10ADA000324402E02E1A0E4432440146A24200D33D
:10ADB00000E0EDE700BF70BD2800002482B0CDE9BF
:10ADC000000121F0004001909DED000B02B051EC1C
:10ADD000100B704700BF054AD26902F04002002AFA
:10ADE000F9D0C2B2014B9A627047000000100140D6
:10ADF0002DED028B84B000BF002400BF00BFA14630
:10AE00000020039000F0A4FAF8F7E2FA04230222EB
:10AE10001146F02000F096FB4FF4F070FFF786FF2C
:10AE20004FF4E13000F042FC00F090F900F01AFA23
:10AE3000FEF7D6FBFBF7A4F83220FFF781FF0321D2
:10AE40003320FBF7D3F93320FBF7B8F985493320DA
:10AE5000FAF7FCFE8046B8F1000F04D0BDF80C10E4
:10AE600081A0F5F713FB8B497E48FAF7FBFE80467D
:10AE7000B8F1000F04D0BDF80C1087A0F5F706FB61
:10AE80004FF0000946E003AB0122D1033320FBF76A
:10AE9000C5F8BDF80C0000F00800002838D0714952
:10AEA0003320FAF723FF8346BBF1000F03DA59463C
:10AEB00086A0F5F7EBFA77496A48FBF707F8B0EE9A
:10AEC000408A74496748FAF78DFF864880ED000A8A
:10AED00090ED000AF2EE000A30EE600A80ED000A02
:10AEE000814AD0ED000A9FED810A6A495D48F6F774
:10AEF000EBFB7C4890ED000AB7EEC00A8DED000B2D
:10AF0000B7EEC80A53EC102B79A0F5F7BFFA00BFD3
:10AF100009F10109B9F1030FB5DB4FF6FF70FEF738
:10AF200045F89DE0FBF7D0F9012802D175A0F5F7AF
:10AF3000ADFA6C4890ED000AB7EEC00A53EC102B46
:10AF400071A0F5F7A3FA0120FFF742FB002483E08C
:10AF5000654800EB840090ED000ABCEEC00A10EEDC
:10AF6000100AC006060E314669A0F5F78FFA6B4845
:10AF700003689B1C0268521C01683046F7F793FE79
:10AF800066480068837865480068427863480068CE
:10AF9000017863A0F5F77AFA604B1B689A785F4BEB
:10AFA0001B6859785D4B1B681878FBF73FFB82469E
:10AFB00051465FA0F5F76AFAE11704EBD161491138
:10AFC000A4EB41115D4A1160E11704EBD161491115
:10AFD000491C5B4A11605948006800EBC00101EB55
:10AFE00000105849086008460068A0F1190510468D
:10AFF000006800EB80008000534908600846006844
:10B00000A0F1140723E00DE04F4A128891B24D4A97
:10B01000128890B25246FDF7DBFF4A480068401E96
:10B0200048490860474800688542EDDB43480068AE
:10B0300000EBC00101EB00104249086008460068BF
:10B04000A0F1190540480068401E3F4908603E488D
:10B0500000688742D7DB641CB4F5407FFFF678AF09
:10B0600060E70000D00600246C6F61642073797380
:10B0700074656D20706172616D65746572732065B1
:10B0800072726F72207769746820636F64653A2505
:10B09000640D0A00D0220024506172616D657465F0
:10B0A000722065787472616374696F6E206661697D
:10B0B0006C65642077697468206572726F722063B2
:10B0C0006F64653A25640D0A000000004765744608
:10B0D00072616D65204572726F723A2025640D0AA7
:10B0E0000000000008000024D01600243333733F12
:10B0F0007664643A2025662054723A2025660D0A4B
:10B10000000000006F6B0A0054613A25660A0000D7
:10B11000636F756E743A25640A0000000400002411
:10B120005247423A256420202564202025640A00E5
:10B130007267623A2538780A000000001000002487
:10B1400014000024180000241C0000241FB5012056
:10B1500000220323CDE90120009303901346024609
:10B160001021400700F04FF8012000220323CDE911
:10B17000012000930390134602221221480600F09A
:10B1800042F8012000220323CDE90120009303901F
:10B19000134603221221100700F035F80120002287
:10B1A0000323CDE9012000930390134604220F21CD
:10B1B0004FF0605000F027F800200323CDE9003065
:10B1C000029003460522192103904FF0C04000F081
:10B1D0001AF8012000220323CDE9012000930390F7
:10B1E000134606221921500700F00DF80020032312
:10B1F000CDE900300290012307221B210390C807EC
:10B2000000F001F81FBD2DE9FF5F04460D4616460C
:10B210001F46DDE910ABDDE90E89F8F763F901207F
:10B220008DF80000F0B28DF801000194E8B28DF8BD
:10B23000080000208DF809008DF80A008DF80B80B9
:10B240008DF80C708DF80D908DF80EA08DF80FB064
:10B250006846F8F719F90420F8F75AF9002004B005
:10B26000BDE8F09F10B50BA0F5F710F90AA0F5F7AF
:10B270000DF912A0F5F70AF912A0F5F707F915A0D4
:10B28000F5F704F904A0F5F701F90BA0F5F7FEF8BE
:10B2900010BD00000A0000002A2A2A2A2A2A2A2A87
:10B2A0002A2A2A2A2A2A2A2A2A2A2A2A2A2A2A2AFE
:10B2B0002A2A2A2A2A2A2A2A0D0A000053544D3300
:10B2C000320D0A0041544B2D4D44303433300D0AB9
:10B2D0000000000041544F4D40414C49454E5445FB
:10B2E0004B0D0A0000B541EC100B2DED028B83B025
:10B2F000B1EEC08B18EE100A18EE901A8DED008B8F
:10B30000002818BF0120084320F00040C0F17F60F2
:10B3100000F1E040C00F14D010EE101A10EE900AA9
:10B320008DED000B002918BF0121084320F00040DB
:10B33000C0F17F6000F1E040C00F04BF0120F5F7CD
:10B340002CFA51EC180B03B0BDEC028B00BD0000D1
:10B3500010B5FBF7C5F9FBF775F90348006840F035
:10B3600004000149086010BD9CEF00E030B587B0D3
:10B370000546002400BF6A48006840F002006849A2
:10B3800008600846006800F00200019000BF00BF9E
:10B3900000BF0846006840F00800086008460068E2
:10B3A00000F00800019000BF00BF00BF0846006821
:10B3B00040F0100008600846006800F0100001909E
:10B3C00000BF00BF00BF56480C38006840F4804002
:10B3D00053490C3908600846006800F48040019029
:10B3E00000BF00BF40200290022003900320059080
:10B3F000012004900A20069002A94A48F7F7BEFEF1
:10B40000042002900920069002A94648F7F7B6FEEC
:10B410004FF4605002900920069002A94248F7F7C5
:10B42000ADFE042002900920069002A93F48F7F7DC
:10B43000A5FE3B486438006840F4804038496439D0
:10B4400008600846006820F48040086000BF384863
:10B45000806800F020000028F9D13648344908609F
:10B46000354848600846006840F00100086000BFA9
:10B470002F48806800F020000028F9D14FF4837035
:10B480002B49486100BF2A48806800F0020000286C
:10B49000F9D02748C06840F002002549C86000BFC5
:10B4A0002348806800F020000028F9D12049C861B5
:10B4B000EB2444F4807444F44064A81C44EA00344F
:10B4C00044F4404400BF44F4801444F0407444F019
:10B4D0004064084644611948006820F480301749E8
:10B4E000086016487030006820F001001349703180
:10B4F00008600020091D08604FF01040091D086019
:10B500000F48091D086005200C49703108600B4880
:10B51000006840F480300949086007B030BD000081
:10B52000E044025800040258000C0258001002586F
:10B5300000500052100300010102180024ED00E049
:10B540002D0003032DE9F041CCB080460D46164690
:10B550001F4600245148006820F004004F4908604D
:10B5600000BF002001904E48006820F001004C49C7
:10B5700008600846006800F00100019047480C3060
:10B58000006840F4404045490C31086008460068B6
:10B5900000F44040019000BF00BF00BF3F480C30A6
:10B5A000006800F40050B0F5005FF7D12120319021
:10B5B0004FF4803032900020349038900120379042
:10B5C00002203A90022131A88162CDF8F480C56250
:10B5D000466387630021416408210164002181647E
:10B5E000F9F7DEFA04461CB101204CB0BDE8F08149
:10B5F0003F2044900320459000204690082047902B
:10B600004020499000014A90402048904B900421EE
:10B6100044A8F8F7F3FF04460CB10120E5E7214800
:10B620000290082003904FF4DC71049102210591EF
:10B63000069107910021089109910A910220139027
:10B640002020149000201F9020904FF44010239051
:10B6500002A8F8F743FA04460CB10120C5E7002020
:10B66000FFF784FEF7F7D6FF0F48006840F0800030
:10B670000D49086000BF0C48F430006840F002003B
:10B680000949F43108600846006800F002000190A2
:10B6900000BF00BFF7F768FD0020A6E70C4802587E
:10B6A0002C040058030004030044025810B504465B
:10B6B00009480A4908600846446000218160C16069
:10B6C000016181610C214161F9F7A4FF0122044964
:10B6D0000248FAF73BF810BD00100140084E002464
:10B6E0003200002410B500290AD00878002807D0BD
:10B6F00005487844F5F714F8002801D0002010BD63
:10B700000248784410BD0000FA030000F203000074
:10B7100002494FF0000000F0B2B800BF0000F87F0F
:10B720000EF1020E2EF0030E5EF8046B364205D4C5
:10B73000012A43EB030515F5001F12D8012841EB40
:10B74000010C1CF5001F0CD80ED14FEAD17C15F569
:10B75000001F0CEB4C0C0CF1020C08BF4CEBD37C23
:10B7600004E04FF0080C01E04FEAD37C0CEB4C05F1
:10B7700026FA05F606F00706B6F1040C06D20EEB23
:10B78000860CBDE870404CF0010C6047DFE80CF01F
:10B79000090B02024FF000414FF00000A1F500211B
:10B7A00070BD19461046012851EB010418BFD4F5AD
:10B7B000001484BF002001F0004170BD5FEA410C1D
:10B7C0005FEA5C5CACF580635B1C39D4D3F1340276
:10B7D00040F34580B2F1200314DA4FF0010C0CFA6B
:10B7E00002FCACF101030340B3EB5C0220EA03006E
:10B7F00008BF10EA0C0F98BF704710EB0C0041F126
:10B80000000170470AD0C3F1200201FA02FC0128AE
:10B8100021FA03F101FA03F14CF100004FF0010CA1
:10B820000CFA03FCACF10103B0F1004F21EA030173
:10B8300008BF11EA0C0F4FF0000088BF6144704749
:10B84000B3F1FF3F28BF50EAC12C01F000414FF097
:10B85000000084BF41F07C5141F470017047B3F5A2
:10B86000806FB8BF704770B5FFF75AFF40DBB6BEB8
:10B870004FF04070E1EE100A7047F5F7C6B80CF0D3
:10B880000F03092B08BF082000F059800A2B0BD0AA
:10B89000082B18BF704708BF1CF0400F0AD04FF0AC
:10B8A00000004FF0000170471CF0400F18BF4FF030
:10B8B000004070471CF0100F08D020F0704300F0DB
:10B8C0007F4242EAD3014FEA4370704700F0604084
:10B8D00021F07F4242EA000201F07F4040EA7270AC
:10B8E00070474FF0FF0C4CF4E06C1CEA11531CBF86
:10B8F0009CEA030C9445C2BFDA4201EB0251704747
:10B90000002B0DD0BCF1000F0FD0002A01F0004138
:10B91000A4BF41F0E04141F07F614FF0000070476B
:10B9200001F000414FF00000704750EA01334FF042
:10B930009B0C18BF4CF0806C7FF4EAAE70471CF48F
:10B94000801F11D01CF4E02F03D06FEACC314900E6
:10B9500070474FF04050EFF3008222F0704242EA0D
:10B96000000282F3008870474FF00000704700002B
:10B970000000010203040102030406070809303134
:10B980003233343536373839414243444546403006
:10B9900058003031323334353637383961626364B8
:10B9A0006566403078000000000000000000F03FB5
:10B9B000000000000000F83F000000000000000050
:10B9C0000000004003B8E23F00000000000000005B
:10B9D00006D0CF43EBFD4C3E033333333333E33FE9
:10B9E000FFAB6FDBB66DDB3F4D268F515555D53F15
:10B9F00001411DA96074D13F65DBC9934A86CD3FE3
:10BA0000EF4E454A287ECA3F3E5555555555C53FD0
:10BA100093BDBE166CC166BF2CDE25AF6A56113FC2
:10BA2000F16BD2C541BDBBBED0A4BE726937663EC4
:10BA3000000000000000000002400000000000A024
:10BA40000000000005400000000000C800000000E9
:10BA50000C4000000000409C000000001940000065
:10BA60000020BCBE0000000034400000BFC91B8E97
:10BA700000000004B5400000504BCFD06607E2CF75
:10BA8000010000006C4100003E8251AADFEEA734A5
:10BA900001000000D9420000DCB5A0E23A301F9757
:10BAA000FFFFFFFFB4450000FD25A0C8E9A3C14F7B
:10BAB000FFFFFFFFFF3F00000000008000000000CC
:10BAC000FF3F0000000000800000000008BB0008ED
:10BAD0000000002450000000D402000858BB0008F9
:10BAE00050000024F0580000F00200081C00000084
:10BAF00043000000F8FFFFFF0C0000000E000000F4
:10BB00000F0000002E0000000000000000000024D4
:10BB1000000000003333733F00000000000000000D
:10BB200000000000000000000090D0030090D0034F
:10BB30000000000000000000000000000000000005
:10BB400010000000010000000000000000000000E4
:08BB50000100000000000000EC
:040000050800029954
:00000001FF
