:020000040800F2
:10000000080D002449030008915F0008EB5E00081A
:10001000F15E0008910700083D8000080000000024
:1000200000000000000000000000000075630008F0
:10003000F50E000800000000935F000877630008D9
:1000400063030008630300086303000863030008F8
:1000500063030008630300086303000863030008E8
:1000600063030008630300086303000863030008D8
:1000700063030008630300086303000863030008C8
:1000800063030008630300086303000863030008B8
:1000900063030008630300086303000863030008A8
:1000A0006303000863030008630300086303000898
:1000B0006303000863030008630300086303000888
:1000C0006303000863030008630300086303000878
:1000D00063030008ED7F0008630300086303000862
:1000E00063030008630300080000000063030008C6
:1000F0006303000863030008630300086303000848
:100100006303000863030008630300086303000837
:100110006303000863030008630300086303000827
:10012000630300088D0800086303000863030008E8
:100130006303000863030008630300086303000807
:1001400000000000000000000000000000000000AF
:1001500063030008630300086303000863030008E7
:1001600063030008630300086303000863030008D7
:1001700063030008630300087D08000863030008A8
:1001800063030008630300086303000863030008B7
:1001900063030008630300086303000863030008A7
:1001A0006303000863030008630300086303000897
:1001B0006303000863030008630300086303000887
:1001C0006303000863030008630300086303000877
:1001D0006303000863030008630300086303000867
:1001E0006303000863030008630300086303000857
:1001F0006303000863030008630300086303000847
:100200006303000863030008630300086303000836
:100210006303000863030008630300086303000826
:100220006303000863030008630300080000000084
:100230006303000863030008000000006303000874
:1002400063030008630300086303000863030008F6
:1002500063030008630300086303000863030008E6
:1002600063030008630300086303000863030008D6
:100270006303000863030008630300080000000034
:100280006303000863030008630300080000000024
:10029000000000006303000800F002F800F044F8DA
:1002A0000AA090E8000C82448344AAF10107DA45D1
:1002B00001D100F039F8AFF2090EBAE80F0013F0DF
:1002C000010F18BFFB1A43F0010318479CB400004C
:1002D000BCB40000103A24BF78C878C1FAD85207DD
:1002E00024BF30C830C144BF04680C6070470000B0
:1002F0000023002400250026103A28BF78C1FBD82F
:10030000520728BF30C148BF0B607047642900F016
:10031000F380782900F02C81002070471FB509F088
:10032000BDFF1FBD10B510BD00F000FA1146FFF76C
:10033000F5FF09F043FD00F01EFA03B4FFF7F2FFEA
:1003400003BC07F099FE00000948804709480047B0
:10035000FEE7FEE7FEE7FEE7FEE7FEE7FEE7FEE775
:10036000FEE7FEE704480549054A064B70470000D2
:10037000816300089902000808030024080D002486
:100380000805002408050024704753EA020C00F019
:1003900069802DE9F04B4FF00006002B1FBFB3FA28
:1003A00083F503FA05F424FA05F65E4012BF1643FE
:1003B000B2FA82F502FA05F4C5F120051EBF22FA51
:1003C00005FC44EA0C04203556EA044C4FEA144478
:1003D00018BF641C4FF000084FF00009904271EB09
:1003E000030C39D3002919BFB1FA81F701FA07F6D6
:1003F000B0FA80F700FA07F6C7F120071EBF20FA0F
:1004000007FC46EA0C062037B6FBF4FCA7EB050711
:10041000103F07F01F0BCBF120060CFA0BFB2CFA58
:1004200006F644BFB3460026202FA4BF5E464FF019
:10043000000B5BEA060C08BF4FF0010B19EB0B0930
:10044000ABFB027C48EB0608C01B06FB02CC0BFB97
:1004500003CC71EB0C01C1E70B460246414648460E
:10046000BDE8F08B13B54FF000004FF00001AFF383
:100470000080BDE81C4070470FB4044910B503AAC2
:10048000029800F025F910BC5DF814FB0C00002464
:100490002DE9F0410E460446002020622046E16826
:1004A000884730B3252805D0D4E901219047206A38
:1004B000401CF2E7E168204600278847050018D075
:1004C000A5F14100192802D820354FF400673246C3
:1004D000294620462760FFF719FF40B1012804D0C4
:1004E000F61D26F007060836D8E7361DD6E728465B
:1004F000DAE7206ABDE8F0812DE9F04106460024E4
:1005000010687529314616A510D0AFF30080002879
:1005100002DA404213A507E031688A0701D512A527
:1005200002E0490704D511A5012401E0AFF30080E2
:1005300000210A2206F1240709E0B0FBF2FCB0FB1F
:10054000F2F302FB1C00303078541846491C002896
:10055000F3D123462A463046BDE8F04100F05FB8AB
:10056000000000002D0000002B0000002000000013
:1005700070B504460D4621461068AFF3008021880F
:10058000090502D50F4A7A4402E00E4A7A440E3237
:10059000002104F1240305E000F00F060009965D38
:1005A0005E54491C0028F7D120780023000704D5A9
:1005B000702D02D009B1022311322046BDE87040EF
:1005C00000F02DB8B5B100004FF0000200B51346A1
:1005D00094469646203922BFA0E80C50A0E80C5063
:1005E000B1F12001BFF4F7AF090728BFA0E80C5014
:1005F00048BF0CC05DF804EB890028BF40F8042B0D
:1006000008BF704748BF20F8022B11F0804F18BF79
:1006100000F8012B704770477047704770472DE90D
:10062000F0470D4699469246044600F124080168B9
:10063000880604D5E06921F01001216000E0012066
:10064000A84201DD471B00E00027A1697A1902EBEF
:100650000900081AA0612078C00602D42046AFF332
:100660000080002608E0D4E901211AF8060090472E
:10067000206A401C761C20624E45F4DB2078C006C0
:100680000AD52046AFF3008006E0D4E901213020EE
:100690009047206A401C2062381EA7F10107F4DC55
:1006A00007E0D4E9012118F805009047206A401CB2
:1006B0002062281EA5F10105F3DC2046AFF300807F
:1006C0002078000602D50220BDE8F0870120FBE774
:1006D000074B70B50D467B4400F011F804462846E0
:1006E00000F020F810B14FF0FF3070BD204670BD13
:1006F0006395000001694A1C02610878704700B5E3
:100700008FB0CDE901310021059105497944CDE94A
:10071000031011466846FFF7BBFE0FB000BD000096
:10072000E5FFFFFF007B00F080007047754600F09A
:100730002BF8AE4605006946534620F00700854673
:1007400018B020B5FFF70EFEBDE820404FF00006C0
:100750004FF000074FF000084FF0000B21F00701A9
:10076000AC46ACE8C009ACE8C009ACE8C009ACE8EC
:10077000C0098D46704710B50446AFF3008020468F
:10078000BDE81040FFF7D9BD00487047A80200241B
:1007900000BFFEE770B50546AC6BA06C406D02284B
:1007A00006D0012084F83500E06C40F04000E064A1
:1007B000204600F0A0FB70BD70B50646B46BA06B80
:1007C00068B3A06C0068006800F40025A06B00F01E
:1007D000010078B975B1A06C0068C568E26B0823A8
:1007E00003FB02510022A06C00F0CCFEA06B401E67
:1007F000A0632FE0A06C0068006800F4002048BBF4
:10080000A06C00680569E26B082303FB025101221A
:10081000A06C00F0B7FEA06B401EA0631AE0A06CB5
:100820000068006800F4002020B1D4E911010968D3
:10083000C8600FE0A06C0068006800F4002048B9B0
:10084000656CE06B042101FB0050A16C0968086134
:10085000206CA063A06B216C88420ED12068C06818
:1008600040F001002168C8602068006800F00200C4
:10087000022802D1012084F8350070BD10B502486D
:1008800000F044FB10BD0000DC01002410B502495B
:10089000886C01F0B5FD10BDDC0100240146374A2B
:1008A0000868904249D0354A18320868904244D0CE
:1008B000324A3032086890423FD0304A48320868A5
:1008C00090423AD02D4A60320868904235D02B4A87
:1008D00078320868904230D0284A903208689042B6
:1008E0002BD0264AA8320868904226D0244A0868AD
:1008F000904222D0224A1832086890421DD0204AE5
:1009000030320868904218D01D4A48320868904238
:1009100013D01B4A6032086890420ED0184A7832D1
:100920000868904209D0164A90320868904204D074
:10093000134AA8320868904201D1012000E000204B
:10094000B0B10A78103A1823B2FBF3F000F00702B6
:100950000C4B9A5CCA65032805D90A686FF3090233
:10096000121D8A6503E00A686FF309028A6503E0D5
:10097000086820F0FF008865886D7047100002400D
:1009800010040240B6A2000810B502682B4C0368A0
:10099000A34222D0294C14340368A3421DD0274C13
:1009A00028340368A34218D0244C3C340368A34283
:1009B00013D0224C50340368A3420ED01F4C643431
:1009C0000368A34209D01D4C78340368A34204D0C5
:1009D0001A4C8C340368A34201D1012300E00023A8
:1009E0008BB10378083B1424B3FBF4F1144B03EBF5
:1009F00081030366124B8033436601F01F04012319
:100A0000A340836618E00378103B1824B3FBF4F18D
:100A10000C4B9A4204D80B4BA83B9A4200D30831A6
:100A2000094B03EB81030366074B8033436601F0F8
:100A30001F040123A340836610BD00000854025820
:100A400000580258B8040240000802400179A9B3D6
:100A5000082940D8204B02689A4222D01E4B1433FA
:100A600002689A421DD01C4B283302689A4218D063
:100A7000194B3C3302689A4213D0174B503302682B
:100A80009A420ED0144B643302689A4209D0124B3A
:100A9000783302689A4204D00F4B8C3302689A4232
:100AA00001D1012200E000224AB14A1E0B4B03EBA8
:100AB0008202C266094A4032026708E00BE04A1E21
:100AC000074B03EB8202C266054A403202674A1EA8
:100AD0000123934043677047085402580059025855
:100AE00000090240014600208A69D2B98A6A32B1FF
:100AF000012A0DD0022A03D0032A10D10EE000BF34
:100B0000CA6A02F08072B2F1807F00D1012007E052
:100B1000CA6AB2F1C07F00D1012001E000E000BF4D
:100B200036E08A69B2F5005F1BD18A6A32B1012AC8
:100B300007D0022A03D0032A11D10AE000BF012006
:100B40000EE0CA6A02F08072B2F1807F00D101200B
:100B500006E0CA6AB2F1C07F00D1012000E000BF08
:100B600016E08A6A32B1012A05D0022A04D0032A8B
:100B70000CD103E000BF00BF012008E0CA6A02F008
:100B80008072B2F1807F00D1012000E000BF00BF81
:100B90007047000030B5384D0468AC4249D0364D3E
:100BA00018350468AC4244D0334D30350468AC424B
:100BB0003FD0314D48350468AC423AD02E4D6035B7
:100BC0000468AC4235D02C4D78350468AC4230D046
:100BD000294D90350468AC422BD0274DA8350468C8
:100BE000AC4226D0254D0468AC4222D0234D1835A6
:100BF0000468AC421DD0214D30350468AC4218D099
:100C00001E4D48350468AC4213D01C4D6035046855
:100C1000AC420ED0194D78350468AC4209D0174D5E
:100C200090350468AC4204D0144DA8350468AC4239
:100C300001D1012400E0002474B104686360846879
:100C4000402C04D10468A2600468E16012E00468EA
:100C5000A1600468E2600DE0046863608468402C71
:100C600004D10468A2600468E16003E00468A16044
:100C70000468E26030BD0000100002401004024031
:100C8000F0B5856D846D984F0668BE4270D0964F62
:100C900018370668BE426BD0934F30370668BE42A5
:100CA00066D0914F48370668BE4261D08E4F60379C
:100CB0000668BE425CD08C4F78370668BE4257D07B
:100CC000894F90370668BE4252D0874FA8370668D2
:100CD000BE424DD0854F0668BE4249D0834F18377B
:100CE0000668BE4244D0814F30370668BE423FD0CE
:100CF0007E4F48370668BE423AD07C4F6037066860
:100D0000BE4235D0794F78370668BE4230D0774F33
:100D100090370668BE422BD0744FA8370668BE4293
:100D200026D0734F0668BE4222D0714F1437066832
:100D3000BE421DD06E4F28370668BE4218D06C4F99
:100D40003C370668BE4213D0694F50370668BE4232
:100D50000ED0674F64370668BE4209D0644F7837BB
:100D60000668BE4204D0624F8C370668BE4201D18D
:100D7000012600E000263EB1D0E919767E60C66EFD
:100D800016B1D0E91C767E60574F0668BE4249D046
:100D9000554F18370668BE4244D0534F3037066867
:100DA000BE423FD0504F48370668BE423AD04E4F01
:100DB00060370668BE4235D04B4F78370668BE4272
:100DC00030D0494F90370668BE422BD0464FA837E7
:100DD0000668BE4226D0454F0668BE4222D0434F29
:100DE00018370668BE421DD0404F30370668BE42F5
:100DF00018D03E4F48370668BE4213D03B4F60378D
:100E00000668BE420ED0394F78370668BE4209D018
:100E1000364F90370668BE4204D0344FA837066874
:100E2000BE4201D1012600E00026DEB190F85C60F0
:100E300006F01F073F26BE40AE600668366826F4FF
:100E4000802607683E60066873608668402E04D17D
:100E50000668B2600668F16044E00668B160066842
:100E6000F2603FE0224F0668BE4222D0204F143786
:100E70000668BE421DD01E4F28370668BE4218D0F5
:100E80001B4F3C370668BE4213D0194F50370668D7
:100E9000BE420ED0164F64370668BE4209D0144FCA
:100EA00078370668BE4204D0114F8C370668BE42C0
:100EB00001D1012600E00026A6B190F85C6006F0A2
:100EC0001F070126BE406660066873608668402E74
:100ED00004D10668B2600668F16003E00668B1609C
:100EE0000668F260F0BD00001000024010040240ED
:100EF00008540258704770470349884203D10121C2
:100F0000014A82F850107047DC01002470B5044695
:100F10002068056905F0040004280ED121684861A5
:100F2000E06C40F00200E064042084F835002348BF
:100F3000A16C0865A06C01F097F805F0020002288A
:100F40000ED121684861E06C40F00100E0640420AB
:100F500084F835001948A16C0865A06C01F084F88C
:100F600005F01000102804D121684861204600F0E7
:100F700077F805F00800082804D121684861204668
:100F800000F0FEFA05F00100B8B12068006800F03A
:100F90000200022805D12068C06820F01E002168E8
:100FA000C8602068C06820F001002168C860012086
:100FB000216848612046FFF79FFF70BD9507000834
:100FC00010B504460CB9012010BD94F8350010B9D5
:100FD000204600F047F8022084F83500A06908B1E7
:100FE00000216162206800681C490840216808608F
:100FF000616960680843E168084321690843A168A2
:101000000843A1690843216A0843616A0843A16A49
:101010000843E16A0843216B0843216809680843D3
:1010200021680860606810280BD1217F607F41EA49
:101030000021A07F41EA0041E07F41EA0060216891
:1010400088612068C06840F01E002168C8600020E8
:10105000E064012084F835000020B5E707F0E0FFE8
:101060007047000010B586B00446142101A8FFF7B0
:10107000ABFACF4884427DD100BF00BFCD480068A5
:1010800040F00100CB4908600846006800F001000C
:10109000009000BF00BF00BF00BF00BF081F006876
:1010A00040F00200091F08600846006800F00200D6
:1010B000009000BF00BF00BF00BF00BFBD48001DC3
:1010C000006840F00200BB49091D0860084600683E
:1010D00000F00200009000BF00BF00BF00BF00BFD3
:1010E0000846006840F0010008600846006800F00B
:1010F0000100009000BF00BF00BF00BF00BF084656
:10110000006840F0010008600846006800F0010037
:10111000009000BF00BF00BF00BF00BF08460068CE
:1011200040F0040008600846006800F004000090E9
:1011300000BF00BF00BF00BF00BF0846006840F00E
:10114000040008600846006800F00400009000BF3A
:1011500000BF00BF00BF00BF0846006840F00400A9
:1011600008600846006800F00400009000BF00BF5F
:1011700000BF00E019E100BF00BF0846006840F072
:10118000040008600846006800F00400009000BFFA
:1011900000BF00BF00BF00BF0846006840F0040069
:1011A00008600846006800F00400009000BF00BF1F
:1011B00000BF00BF00BF0846006840F0080008609C
:1011C0000846006800F00800009000BF00BF00BFA4
:1011D00000BF00BF0846006840F0020008600846F3
:1011E000006800F00200009000BF00BF00BF00BF19
:1011F00000BF0846006840F002000860084600682A
:1012000000F00200009000BF00BF00BF80200190EE
:101210000220029001200390022004900D200590EE
:1012200001A9654802F0C6FA102001900220029040
:1012300001200390022004900D20059001A95F4831
:1012400002F0B8FA402001900220029001200390A1
:10125000022004900D20059001A9584802F0AAFA36
:10126000402001900220029001200390022004906F
:101270000D20059001A9524802F09CFA80200190AF
:101280000220029001200390022004900D2005907E
:1012900001A94B4802F08EFA4FF4807001900220B1
:1012A000029001200390022004900D20059001A9D6
:1012B000434802F07FFA4FF4007001900220029040
:1012C00001200390022004900D20059001A93C48C4
:1012D00002F070FA4FF400600190022002900120A9
:1012E0000390022004900D20059001A9344802F0DB
:1012F00061FA082001900220029001200390022050
:1013000004900D20059001A92E4802F053FA4FF4E5
:10131000807001900220029001200390022004902E
:101320000D20059001A9244802F044FA4FF4007002
:1013300001900220029001200390022004900D20D1
:10134000059001A91C4802F035FA1F481F490860A2
:101350004B20486000211D488160C16001614FF44D
:1013600080514161490081614911C16149020162B5
:1013700004214162012181620021C162016300BF39
:10138000A064846300BF01F0B7FD022211464E2025
:1013900002F015FC4E2002F002FC0322022139204B
:1013A00002F00DFC392002F0FAFB06B010BD00007F
:1013B000DC010024DC4402580004025800000258FA
:1013C00000080258000C0258280402403002002491
:1013D0002DE9F84304460F4615461E4600BF94F813
:1013E0003400012802D10220BDE8F883012084F8EE
:1013F000340000BF022084F835002068006840F403
:101400008040216808602068006820F002002168A0
:101410000860206800683843216808603248A16C81
:10142000C8633248A16CC8640020A16C0865A06341
:101430002064E0636064B6F5803F15D2226802F153
:10144000280133462A46A06C01F0BAFF00283DD09F
:101450004020E064012084F8350000BF002084F8BB
:10146000340000BF0120BFE71F48A16C4864012081
:10147000A063E663656405E0E06B4008E063A06B91
:101480004000A063E06BB0F5803FF5D2A06B801EFA
:10149000A063A06B2064E06B042101FB0058E06BAB
:1014A0000090226802F1280143462A46A06C00F011
:1014B000D1F858B14020E064012084F8350000BF25
:1014C000002084F8340000BF01208DE72068006808
:1014D00040F001002168086000BF002084F834005B
:1014E00000BF00BF80E70000B907000895070008AB
:1014F00070B5044621480068C0084FF47A71B0FB0B
:10150000F1F000FB01F5002600BF94F8340001283B
:1015100001D1022070BD012084F8340000BF0220F8
:1015200084F835002068006820F001002168086018
:1015300000BF6D1E2DB9E06C40F02000E064032672
:1015400005E02068006800F001000028F1D100BF2C
:101550002068006820F4804021680860A06C00F0DA
:1015600015FBE06CE064012084F8350000BF00202A
:1015700084F8340000BF3046CCE7000000000024AF
:101580007047000010B50346304C1868A04249D09F
:101590002E4C18341868A04244D02C4C30341868B3
:1015A000A0423FD0294C48341868A0423AD0274C7A
:1015B00060341868A04235D0244C78341868A042B2
:1015C00030D0224C90341868A0422BD01F4CA83445
:1015D0001868A04226D01E4C1868A04222D01C4C8D
:1015E00018341868A0421DD0194C30341868A04235
:1015F00018D0174C48341868A04213D0144C6034EB
:101600001868A0420ED0124C78341868A04209D055
:101610000F4C90341868A04204D00D4CA8341868C0
:10162000A04201D1012000E0002030B112B91868B9
:10163000C16008E01868016105E012B91868C1606E
:1016400001E018680161002010BD00001000024098
:10165000100402402DE9F04704460F4690461E460E
:10166000DDF820904FF0000AA068802804D14000E7
:1016700060650120BDE8F08700BF94F834000128C0
:1016800001D10220F6E7012084F8340000BF94F86D
:10169000350001287ED1022084F8350000206065E5
:1016A000F9492068884249D0F749183120688842B2
:1016B00044D0F5493031206888423FD0F249483162
:1016C000206888423AD0F04960312068884235D09D
:1016D000ED4978312068884230D0EB49903120685C
:1016E00088422BD0E849A8312068884226D0E749B3
:1016F0002068884222D0E5491831206888421DD0F0
:10170000E24930312068884218D0E04948312068E9
:10171000884213D0DD496031206888420ED0DB4911
:1017200078312068884209D0D849903120688842B1
:1017300004D0D649A8312068884201D1012000E0B8
:10174000002090B12068006840F480202168086083
:1017500020680661A06D00F1080594F85C0000F0B7
:101760001F013F208840286011E02068006848F28F
:10177000200108432168086020680661A06D051DEE
:1017800094F85C0000F01F010120884028604B465F
:10179000424600E0EFE139462046FFF7FBF9BA493F
:1017A0002068884270D0B8491831206888426BD0D0
:1017B000B54930312068884266D0B3494831206845
:1017C000884261D0B0496031206888425CD0AE491F
:1017D00078312068884257D0AB49903120688842E0
:1017E00052D0A949A831206888424DD0A749206825
:1017F000884249D0A54918312068884244D0A3497D
:101800003031206888423FD0A04948312068884262
:101810003AD09E4960312068884235D09B49783162
:101820002068884230D099499031206888422BD076
:101830009649A8312068884226D095492068884278
:1018400022D093491431206888421DD09049283114
:101850002068884218D08E493C312068884213D0D5
:101860008B495031206888420ED089496431206804
:10187000884209D0864978312068884204D084495A
:101880008C312068884201D1012000E0002038B16D
:10189000D4E919104860E06E10B1D4E91C1048601A
:1018A00079492068884249D07749183120688842B0
:1018B00044D075493031206888423FD07249483160
:1018C000206888423AD0704960312068884235D01B
:1018D0006D4978312068884230D06B49903120685A
:1018E00088422BD06849A8312068884226D06749B1
:1018F0002068884222D065491831206888421DD06E
:10190000624930312068884218D0604948312068E7
:10191000884213D05D496031206888420ED05B490F
:1019200078312068884209D058499031206888422F
:1019300004D05649A8312068884201D1012000E036
:101940000020C0B12068006820F01E0040F01600A2
:10195000216808602068406940F080002168486183
:10196000206C08B9A06CC0B12068006840F0080085
:101970002168086011E02068006820F00E0040F047
:101980000A0021680860206C08B9A06C28B12068A2
:10199000006840F00400216808603B4920688842E4
:1019A00070D039491831206888426BD036493031BF
:1019B0002068884266D0344948312068884261D026
:1019C00031496031206888425CD02F4978312068E5
:1019D000884257D02C4990312068884252D02A49F9
:1019E000A831206888424DD028492068884249D0D3
:1019F000264918312068884244D024493031206873
:101A000088423FD021494831206888423AD01F4956
:101A100060312068884235D01C497831206888427E
:101A200030D01A499031206888422BD01749A8310C
:101A30002068884226D016492068884222D014495E
:101A40001431206888421DD011492831206888420D
:101A500018D00F493C312068884213D00C495031CE
:101A6000206888420ED00A4964312068884209D033
:101A7000074978312068884204D005498C312068B4
:101A8000884207D1012006E0100002401004024005
:101A900008540258002090B1206E006800F4803095
:101AA00028B1206E006840F48070216E0860E06EFE
:101AB00028B1E06E006840F48070E16E0860314942
:101AC0002068884249D02F4918312068884244D084
:101AD0002C493031206888423FD02A49483120685B
:101AE00088423AD0274960312068884235D025495C
:101AF00078312068884230D022499031206888426D
:101B00002BD02049A8312068884226D01E49206861
:101B1000884222D01C491831206888421DD01A49B9
:101B200030312068884218D01749483120688842EF
:101B300013D015496031206888420ED0124978319F
:101B40002068884209D0104990312068884204D02A
:101B50000D49A8312068884206D12068006840F00D
:101B60000100216808600BE02068006840F0010077
:101B70002168086004E04FF4006060654FF0010ADE
:101B8000504677E510000240100402402DE9F04174
:101B9000044601F031FF804614B90120BDE8F08110
:101BA00094F83500022808D08020606500BF00202E
:101BB00084F8340000BF0120F0E7FE492068884225
:101BC00049D0FC4918312068884244D0F949303165
:101BD000206888423FD0F7494831206888423AD08F
:101BE000F44960312068884235D0F2497831206864
:101BF000884230D0EF499031206888422BD0ED499F
:101C0000A8312068884226D0EB492068884222D03B
:101C1000E9491831206888421DD0E74930312068F1
:101C2000884218D0E44948312068884213D0E249FC
:101C30006031206888420ED0DF49783120688842C0
:101C400009D0DD4990312068884204D0DA49A831B2
:101C50002068884201D1012000E0002068B120689E
:101C6000006820F01E00216808602068406920F0AC
:101C7000800021684861256806E02068006820F03F
:101C80000E00216808602568CA492068884270D023
:101C9000C8491831206888426BD0C6493031206865
:101CA000884266D0C34948312068884261D0C14922
:101CB0006031206888425CD0BE4978312068884213
:101CC00057D0BC4990312068884252D0B949A831D8
:101CD000206888424DD0B8492068884249D0B6492A
:101CE00018312068884244D0B34930312068884296
:101CF0003FD0B1494831206888423AD0AE4960317E
:101D00002068884235D0AC4978312068884230D08C
:101D1000A9499031206888422BD0A749A831206872
:101D2000884226D0A5492068884222D0A349143190
:101D3000206888421DD0A14928312068884218D0E7
:101D40009E493C312068884213D09C49503120681C
:101D500088420ED0994964312068884209D0974959
:101D600078312068884204D094498C3120688842B8
:101D700001D1012000E0002028B1206E006820F48D
:101D80008070216E08608B492068884249D089495B
:101D900018312068884244D0864930312068884212
:101DA0003FD084494831206888423AD08149603127
:101DB0002068884235D07F4978312068884230D009
:101DC0007C499031206888422BD07A49A83120681C
:101DD000884226D078492068884222D07649183136
:101DE000206888421DD0744930312068884218D05C
:101DF000714948312068884213D06F4960312068AA
:101E000088420ED06C4978312068884209D06A49EE
:101E100090312068884204D06749A8312068884200
:101E200006D12068006820F001002168086005E004
:101E30002068006820F001002168086011E001F0CE
:101E4000DBFDA0EB080005280BD92020606500BF52
:101E5000002084F8340000BF032084F835000120FE
:101E60009CE6286800F001000028E8D1514920686C
:101E7000884249D04F4918312068884244D04D49A2
:101E80003031206888423FD04A4948312068884232
:101E90003AD0484960312068884235D04549783188
:101EA0002068884230D043499031206888422BD046
:101EB0004049A8312068884226D03F49206888429E
:101EC00022D03D491831206888421DD03A4930312E
:101ED0002068884218D0384948312068884213D099
:101EE00035496031206888420ED033497831206806
:101EF000884209D0304990312068884204D02E4968
:101F0000A8312068884201D1012000E0002040B1C2
:101F1000A66D94F85C0000F01F013F208840B0607F
:101F200007E0A76D94F85C0000F01F0101208840D5
:101F3000786020492068884276D01E491831206890
:101F4000884271D01B493031206888426CD01949D1
:101F500048312068884267D016496031206888423D
:101F600062D014497831206888425DD0114990319F
:101F70002068884258D00F49A8312068884253D041
:101F80000D49206888424FD00B491831206888429B
:101F90004AD0094930312068884245D00649483145
:101FA0002068884240D004496031206888423BD094
:101FB000014905E010000240100402400854025894
:101FC0007831206888422FD02549206888422BD05C
:101FD000234918312068884226D022492068884247
:101FE00022D020491431206888421DD01D49283153
:101FF0002068884218D01B493C312068884213D0A1
:1020000018495031206888420ED016496431206842
:10201000884209D0134978312068884204D0114998
:102020008C312068884201D1012000E0002068B195
:10203000D4E919104860E06E40B1E06E006820F409
:102040008070E16E0860D4E91C10486000BF002079
:1020500084F8340000BF012084F8350000209DE59D
:10206000A00402400854025870B504460CB901207F
:1020700070BD94F83500022803D0802060650120EF
:10208000F6E7DC492068884249D0DA4918312068EF
:10209000884244D0D7493031206888423FD0D54962
:1020A0004831206888423AD0D2496031206888425D
:1020B00035D0D04978312068884230D0CD49903130
:1020C000206888422BD0CB49A8312068884226D08E
:1020D000C9492068884222D0C749183120688842FF
:1020E0001DD0C54930312068884218D0C2494831D6
:1020F0002068884213D0C0496031206888420ED0E1
:10210000BD4978312068884209D0BB4990312068A8
:10211000884204D0B849A8312068884201D1012002
:1021200000E00020F0B3042084F83500B1492068B5
:1021300088424BD0AF4918312068884246D0AD491B
:1021400030312068884241D0AA494831206888420D
:102150003CD0A84960312068884237D0A549783101
:102160002068884232D0A3499031206888422DD01F
:10217000A049A8312068884228D09F492068884219
:1021800024D09D491831206888421FD09A493031A7
:10219000206888421AD0984948312068884215D072
:1021A000954900E020E06031206888420ED09249D5
:1021B00078312068884209D08F4990312068884260
:1021C00004D08D49A8312068884206D12068006873
:1021D00020F001002168086009E12068006820F013
:1021E00001002168086002E12068006820F00E000C
:1021F000216808607F492068884249D07D491831AC
:102200002068884244D07B493031206888423FD0E2
:1022100078494831206888423AD076496031206850
:10222000884235D0734978312068884230D071496E
:102230009031206888422BD06E49A83120688842AE
:1022400026D06D492068884222D06B491831206819
:1022500088421DD0684930312068884218D06649CC
:1022600048312068884213D0634960312068884231
:102270000ED0614978312068884209D05E4990319A
:102280002068884204D05C49A8312068884206D181
:102290002068006820F001002168086005E02068DF
:1022A000006820F0010021680860524920688842D7
:1022B00070D050491831206888426BD04D49303178
:1022C0002068884266D04B4948312068884261D0F6
:1022D00048496031206888425CD04649783120689E
:1022E000884257D0434990312068884252D04149B2
:1022F000A831206888424DD03F492068884249D0A3
:102300003D4918312068884244D03B49303120682B
:1023100088423FD038494831206888423AD036490F
:1023200060312068884235D033497831206888424E
:1023300030D031499031206888422BD02E49A831C5
:102340002068884226D02D492068884222D02B4917
:102350001431206888421DD02849283120688842DD
:1023600018D026493C312068884213D02349503187
:10237000206888420ED0214964312068884209D003
:102380001E4978312068884204D01C498C3120686D
:10239000884201D1012000E00020D8B1206E006801
:1023A00020F48070216E0860A56D94F85C0000F048
:1023B0001F01012088406860D4E919104860E06E70
:1023C00040B1E06E006820F48070E16E0860D4E9EE
:1023D0001C10486000BF002084F8340000BF0120BA
:1023E00084F83500206D10B12046216D884700200B
:1023F0003EE600001000024010040240085402585B
:102400002DE9F84F044600200090FE4800684FF484
:102410001651B0FBF1FAA66DD4F858803768D8F899
:102420000090F9492068884249D0F749183120685E
:10243000884244D0F4493031206888423FD0F24984
:102440004831206888423AD0EF496031206888429C
:1024500035D0ED4978312068884230D0EA49903152
:10246000206888422BD0E849A8312068884226D0CD
:10247000E6492068884222D0E44918312068884221
:102480001DD0E24930312068884218D0DF494831F8
:102490002068884213D0DD496031206888420ED020
:1024A000DA4978312068884209D0D84990312068CB
:1024B000884204D0D549A8312068884201D1012042
:1024C00000E0002000287DD094F85C0000F01F019F
:1024D000082088403840002868D0CB4920688842CE
:1024E00049D0C94918312068884244D0C6493031A2
:1024F000206888423FD0C4494831206888423AD099
:10250000C14960312068884235D0BF4978312068A0
:10251000884230D0BC499031206888422BD0BA49DB
:10252000A8312068884226D0B8492068884222D045
:10253000B6491831206888421DD0B449303120682E
:10254000884218D0B14948312068884213D0AF4939
:102550006031206888420ED0AC49783120688842CA
:1025600009D0AA4990312068884204D0A749A831EF
:102570002068884204D12068006800F0040003E06D
:102580002068006800F0080080B12068006820F032
:1025900004002168086094F85C0000F01F01082026
:1025A0008840B060606D40F00100606594F85C00A8
:1025B00000F01F01012088403840E8B392492068AC
:1025C000884200E0B8E24BD08F4918312068884239
:1025D00046D08D4930312068884241D08A494831FF
:1025E000206888423CD0884960312068884237D0D2
:1025F000854978312068884232D0834990312068FB
:1026000088422DD08049A8312068884228D07F494F
:102610002068884224D07D491831206888421FD024
:102620007A493031206888421AD078494831206888
:10263000884215D0754900E026E060312068884264
:102640000ED0724978312068884209D06F499031A4
:102650002068884204D06D49A8312068884204D19E
:102660002068406900F0800002E0206800680020D7
:1026700050B194F85C0000F01F0101208840B06068
:10268000606D40F00200606594F85C0000F01F018E
:10269000042088403840E8B35B49206888424BD02A
:1026A000594918312068884246D05749303120684E
:1026B000884241D054494831206888423CD0524930
:1026C00060312068884237D04F497831206888428D
:1026D00032D04D499031206888422DD04A49A831E6
:1026E0002068884228D049492068884224D0474938
:1026F0001831206888421FD0444930312068884210
:102700001AD0424948312068884215D03F4960318B
:10271000206800E024E088420ED03C4978312068EF
:10272000884209D0394990312068884204D037491D
:10273000A8312068884204D12068006800F00200B7
:1027400002E020680068002050B194F85C0000F0BE
:102750001F0104208840B060606D40F00400606597
:1027600094F85C0000F01F01102088403840E8B366
:1027700025492068884251D0234918312068884271
:102780004CD0214930312068884247D01E49483119
:102790002068884242D01C496031206888423DD080
:1027A000194978312068884238D01749903120681B
:1027B000884233D01449A831206888422ED013496A
:1027C000206888422AD0114918312068884225D0D3
:1027D0000E4930312068884220D00C4948312068A9
:1027E00088421BD009496031206800E04DE08842F2
:1027F00014D006497831206888420FD003499031BF
:10280000206805E00000002410000240100402408F
:10281000884203D0FE492068884204D120680068BD
:1028200000F0080003E02068006800F0040060B3D6
:1028300094F85C0000F01F0110208840B060206810
:10284000006800F4802080B12068006800F4002057
:1028500028B9206CC8B12046216C884715E0A06CCF
:1028600098B12046A16C88470FE02068006800F40A
:10287000807028B92068006820F00800216808608E
:10288000206C10B12046216C884794F85C0000F061
:102890001F0120208840384000287DD0DD49206875
:1028A000884249D0DB4918312068884244D0D94950
:1028B0003031206888423FD0D6494831206888426C
:1028C0003AD0D44960312068884235D0D149783136
:1028D0002068884230D0CF499031206888422BD080
:1028E000CC49A8312068884226D0C949A839206837
:1028F000884221D0C6499039206888421CD0C449FA
:1029000078392068884217D0C149603920688842E8
:1029100012D0BF494839206888420DD0BC493039AF
:102920002068884208D0BA4918392068884203D004
:10293000B7492068884204D12068006800F0100080
:1029400003E02068006800F0020028B394F85C00FF
:1029500000F01F0120208840B06094F83500042862
:102960002DD12068006820F01600216808602068DA
:10297000406920F0800021684861206C08B9A06C93
:1029800028B12068006820F008002168086094F8E9
:102990005C0000F01F0100E03FE03F208840B06095
:1029A00000BF002084F8340000BF012084F8350007
:1029B000206D10B12046216D8847BDE8F88F206852
:1029C000006800F4802080B12068006800F40020D6
:1029D00028B9606C08B32046616C88471DE0E06B45
:1029E000D8B12046E16B884717E02068006800F402
:1029F000807068B92068006820F0100021680860C5
:102A000000BF002084F8340000BF012084F83500A6
:102A1000E06B10B12046E16B8847606D00287DD0E7
:102A2000606D00F00100E8B3042084F835007949B6
:102A3000206888424BD0774918312068884246D0B8
:102A4000744930312068884241D072494831206849
:102A500088423CD06F4960312068884237D06D4948
:102A600078312068884232D06A49903120688842A3
:102A70002DD06849A8312068884228D06449A839F7
:102A80002068884223D062499039206888421ED04D
:102A90005F4978392068884219D05D4960392068DB
:102AA000884200E041E012D0594948392068884204
:102AB0000DD0574930392068884208D05449183918
:102AC0002068884203D052492068884206D1206895
:102AD000006820F001002168086005E020680068B7
:102AE00020F001002168086000BF0098401C0090A1
:102AF000504500D905E02068006800F0010000287A
:102B0000F3D100BF00BF002084F8340000BF20686C
:102B1000006800F0010028B1032000E00BE084F819
:102B2000350002E0012084F83500E06C002802D076
:102B30002046E16C8847D9E137492068884222D095
:102B400035491431206888421DD033492831206826
:102B5000884218D030493C312068884213D02E4931
:102B60005031206888420ED02B4964312068884259
:102B700009D0294978312068884204D026498C310F
:102B80002068884201D1012000E000200028D2D036
:102B90002068056894F85C0000F01F01042088405C
:102BA00000EA0900D0B305F00400B8B394F85C0063
:102BB00000F01F0104208840C8F8040005F400401C
:102BC00080B105F4803030B9A06C0028B3D0204625
:102BD000A16C88478AE1206C0028ACD02046216C8B
:102BE000884783E105F02000F0BB0A49206888424D
:102BF00052D008491831206888424DD005493031FB
:102C00002068884248D0034948312068884206E05D
:102C1000B804024010000240085402584FE03BD074
:102C2000B3492068884237D0B149183120688842BA
:102C300032D0AF493031206888422DD0AC4948317C
:102C40002068884228D0AB492068884224D0A9490E
:102C50001831206888421FD0A64930312068884248
:102C60001AD0A449483100E023E02068884213D0FC
:102C7000A0496031206888420ED09E497831206892
:102C8000884209D09B4990312068884204D09949F4
:102C9000A8312068884206D12068006820F008002A
:102CA0002168086005E02068006820F004002168C1
:102CB0000860206C10B32046216C884716E194F818
:102CC0005C0000F01F010220884000EA0900E8B320
:102CD00005F00200D0B394F85C0000F01F01022060
:102CE0008840C8F8040005F4004070B105F4803055
:102CF00028B9606C10B12046616C8847F6E0E06B43
:102D0000F0B32046E16B8847F0E005F02000C0BB3F
:102D100077496039206888424DD075494839206824
:102D2000884248D0724930392068884243D070497F
:102D30001839206888423ED06D49206888423AD0D0
:102D40006B4918312068884235D000E04EE0684970
:102D50003031206888422ED0654948312068884249
:102D600029D064492068884225D0624918312068FA
:102D7000884220D05F493031206888421BD001E072
:102D80006EE02DE05B4948312068884213D05949F4
:102D90006031206888420ED05649783120688842D8
:102DA00009D0544990312068884204D05149A83153
:102DB0002068884206D12068006820F0140021684D
:102DC000086005E02068006820F00A0021680860BB
:102DD00000BF002084F8340000BF012084F83500D3
:102DE000E06BE8B32046E16B88477FE094F85C0035
:102DF00000F01F010820884000EA090080B305F0B8
:102E0000080068B33A496039206888424AD0384996
:102E100048392068884245D0354930392068884291
:102E200040D033491839206888423BD03049206867
:102E3000884237D02E4918312068884232D02C4938
:102E40003031206888422DD0294948312068884295
:102E500028D028492068884224D02649183100E02B
:102E600044E0206888421DD02249303120688842E1
:102E700018D0204948312068884213D01D4960315C
:102E8000206888420ED01B4978312068884209D0DA
:102E9000184990312068884204D01649A83120682A
:102EA000884206D12068006820F01C002168086074
:102EB00005E02068006820F00E002168086094F8A2
:102EC0005C0000F01F0101208840C8F804000120C8
:102ED000606500BF002084F8340000BF012084F842
:102EE0003500E06C10B12046E16C884700BF64E516
:102EF00070000240100402402DE9F041044600F049
:102F00007BFD804614B90120BDE8F081FE492068B0
:102F1000884249D0FC4918312068884244D0FA4997
:102F20003031206888423FD0F749483120688842D4
:102F30003AD0F54960312068884235D0F24978317D
:102F40002068884230D0F0499031206888422BD0E8
:102F5000ED49A8312068884226D0EC492068884293
:102F600022D0EA491831206888421DD0E749303123
:102F70002068884218D0E54948312068884213D03B
:102F8000E2496031206888420ED0E04978312068FB
:102F9000884209D0DD4990312068884204D0DB495D
:102FA000A8312068884201D1012000E000200028DB
:102FB00073D0606A00B100BF00BF002084F8340005
:102FC00000BF022084F83500CF492068884249D0EC
:102FD000CD4918312068884244D0CB49303120682F
:102FE00088423FD0C8494831206888423AD0C64913
:102FF00060312068884235D0C349783120688842E2
:1030000030D0C1499031206888422BD0BE49A831C8
:103010002068884226D0BD492068884222D0BB491A
:103020001831206888421DD0B84930312068884264
:1030300018D0B64948312068884213D0B34960316E
:10304000206888420ED0B14978312068884209D082
:10305000AE4990312068884204D0AC49A83120683C
:10306000884206D12068006820F0010021680860CD
:1030700005E02068006820F00100216808600DE08C
:1030800000F0BAFCA0EB0800052807D920206065F5
:10309000032084F83500012036E745E02068006809
:1030A00000F001000028EBD1206805689848054031
:1030B000D4E9020108432169084361690843A16911
:1030C0000843E1690843216A08430543606A04280C
:1030D00003D1D4E90B01084305432068056020684B
:1030E000456925F00705606A0543606A04280DD12B
:1030F000A06A0543E06A48B12046FDF7F3FC28B119
:1031000040206065012084F83500FDE620684561B7
:103110002046FDF7C3FB064694F85C0000F01F0153
:103120003F208840B0609EE07A492068884222D0E3
:1031300078491431206888421DD0764928312068AA
:10314000884218D073493C312068884213D07149B5
:103150005031206888420ED06E4964312068884220
:1031600009D06C4978312068884204D069498C3193
:103170002068884201D1012000E00020E0B36549C9
:103180002068884222D063491431206888421DD0CB
:10319000604928312068884218D05E493C31206857
:1031A000884213D05B495031206888420ED059497B
:1031B00064312068884209D05649783120688842B5
:1031C00004D054498C312068884201D1012000E0AC
:1031D000002000B100BF00BF002084F8340000BF11
:1031E000022084F83500206805684B480540A06837
:1031F000402802D1102106E02EE0A068802801D1ED
:10320000C10100E00021E06841EAD001206941EA03
:10321000D001606941EAD001A06941EAD001E069CA
:1032200041EAD001206A41EA101005432068056098
:1032300038492068401A1421B0FBF1F08000E065A5
:103240002046FDF72BFB074694F85C0000F01F01B9
:1032500001208840786006E040206065032084F803
:103260003500012050E62849206888427AD0264956
:1032700018312068884275D023493031206888424F
:1032800070D021494831206888426BD01E49603196
:103290002068884266D01C4978312068884261D015
:1032A00019499031206888425CD01749A8312068BC
:1032B000884257D015492068884253D013491831A5
:1032C000206888424ED0114930312068884249D068
:1032D0000E4948312068884244D00C49603120684A
:1032E00088423FD009497831206888423AD007495E
:1032F00090312068884235D00449A831206888423E
:1033000030D00449206809E0100002401004024057
:103310003F8010FE085402580F00FEFF884221D063
:103320002649206888421DD02449143120688842EB
:1033300018D0224928312068884213D01F493C31D7
:10334000206888420ED01D4950312068884209D03B
:103350001A4964312068884204D0184978312068BD
:10336000884201D1012000E0002000B32046FDF793
:103370000BFBA068802801D1002060602079216EBD
:103380000860D4E919104860606860B16068082876
:1033900009D82046FDF75AFB0020E16E0860D4E909
:1033A0001C10486003E00020E06620676067002092
:1033B0006065012084F835000020A5E51C54025802
:1033C0002DE9F04104460D4616461F464FF0000811
:1033D00014B90120BDE8F08100BF94F83400012841
:1033E00001D10220F6E7012084F8340000BF94F8F0
:1033F000350001287ED1022084F835000020606568
:10340000E4492068884249D0E2491831206888425E
:1034100044D0E0493031206888423FD0DD4948310E
:10342000206888423AD0DB4960312068884235D034
:10343000D84978312068884230D0D6499031206808
:1034400088422BD0D349A8312068884226D0D2495F
:103450002068884222D0D0491831206888421DD087
:10346000CD4930312068884218D0CB494831206896
:10347000884213D0C8496031206888420ED0C649BE
:1034800078312068884209D0C34990312068884249
:1034900004D0C149A8312068884206D1206800685C
:1034A00020F001002168086005E02068006820F035
:1034B0000100216808603B46324629462046FDF758
:1034C000DFFBB449206888424BD0B24918312068EC
:1034D000884246D0AF4930312068884241D0AD495A
:1034E0004831206888423CD0AA496031206888422F
:1034F00037D000E042E1A74978312068884230D0D7
:10350000A4499031206888422BD0A249A831206874
:10351000884226D0A0492068884222D09E4918318E
:10352000206888421DD09C4930312068884218D0DC
:10353000994948312068884213D097496031206802
:1035400088420ED0944978312068884209D0924947
:1035500090312068884204D08F49A8312068884281
:1035600001D1012000E0002080B12068006820F037
:103570001E0040F0160021680860206CB0B1206881
:10358000006840F00800216808600FE020680068CB
:1035900020F00E0040F00A0021680860206C28B17D
:1035A0002068006840F004002168086079492068BC
:1035B000884270D077491831206888426BD07549AD
:1035C00030312068884266D072494831206888428C
:1035D00061D070496031206888425CD06D49783193
:1035E0002068884257D06B4990312068884252D079
:1035F0006849A831206888424DD0674920688842D0
:1036000049D0654918312068884244D06249303138
:10361000206888423FD060494831206888423AD0CB
:103620005D4960312068884235D05B497831206837
:10363000884230D058499031206888422BD0564972
:10364000A8312068884226D054492068884222D078
:1036500052491431206888421DD0504928312068D1
:10366000884218D04D493C312068884213D04B49DC
:103670005031206888420ED0484964312068884221
:1036800009D0464978312068884204D043498C31BA
:103690002068884201D1012000E0002090B1206E16
:1036A000006800F4803028B1206E006840F480701B
:1036B000216E0860E06E28B1E06E006840F4807012
:1036C000E16E086033492068884249D03149183199
:1036D0002068884244D02F493031206888423FD04A
:1036E0002C494831206888423AD02A496031206804
:1036F000884235D0274978312068884230D0254922
:103700009031206888422BD02249A8312068884215
:1037100026D021492068884222D01F4918312068CC
:1037200088421DD01C4930312068884218D01A497F
:1037300048312068884213D0174960312068884298
:103740000ED0154978312068884209D0124990314D
:103750002068884204D01049A8312068884206D1E8
:103760002068006840F001002168086010E02068CF
:10377000006840F001002168086009E000BF0020F7
:1037800084F8340000BF4FF4006060654FF001081A
:1037900040461FE610000240100402400854025840
:1037A0000348006840F001000149086070470000CC
:1037B00020040058F8B502460023734DDEE00127CF
:1037C0009F400E6806EA0704002C71D04E68022E56
:1037D00002D04E68122E13D1DF0802F1200656F8EF
:1037E00027005E07F70E0F26BE40B0435F07FF0EAF
:1037F0000E69BE403043DF0802F1200646F827007C
:1038000010685F000326BE40B0430E7906F0030641
:103810005F00BE40304310604E68012E08D04E68F5
:10382000022E05D04E68112E02D04E68122E13D1F2
:1038300090685F000326BE40B0435F00CE68BE4084
:1038400030439060506801269E40B0430E79C6F325
:1038500000169E4030435060D0685F000326BE4093
:10386000B0435F008E68BE403043D0604E6806F0C3
:103870008056B6F1805F1BD100BF444E366846F0DB
:103880000206424F3E603E46366806F0020600964B
:1038900000BF00BF3E4E9F0856F827009E07370F17
:1038A0000F26BE40B0433B4EB24202D100262EE06E
:1038B00063E0394EB24201D1012628E0374EB242D0
:1038C00001D1022623E0364EB24201D103261EE08A
:1038D000344EB24201D1042619E0334EB24201D136
:1038E000052614E0314EB24201D106260FE0304EDB
:1038F000B24201D107260AE02E4EB24201D108267B
:1039000005E02D4EB24201D1092600E00A269F07AC
:103910003F0FBE4030431E4E9F0846F827002868E0
:10392000A0434E6806F48036B6F5803F00D12043B0
:1039300028606868A0434E6806F40036B6F5003F7C
:1039400000D1204368604FF0B0463068A0434E6815
:1039500006F48016B6F5801F00D120434FF0B04624
:1039600030607068A0434E6806F40016B6F5001F7C
:1039700000D120434FF0B04670605B1C0E68DE4003
:10398000002E7FF41CAFF8BD80000058F4440258AC
:1039900008040058000002580004025800080258A9
:1039A000000C025800100258001402580018025867
:1039B000001C0258002002580024025802461369D5
:1039C0000B400BB1012000E00020704742690A4023
:1039D0008A4202D10A04826100E0816170470AB123
:1039E000816101E00B0483617047000001480068B9
:1039F000000C70470010005C014800687047000030
:103A00001400002403480068034909780844014968
:103A100008607047140000241C00002410B5052025
:103A200000F00AF901F0CCFA10490968C1F303214A
:103A30000F4A515C01F01F01C8400E4908600B4855
:103A4000006800F00F001146085C00F01F010948F3
:103A50000068C840084908600F2000F00FF808B15E
:103A6000012010BD00F09AF80020FAE7184402582F
:103A7000A6A20008000000240400002470B504463B
:103A80001148007808B9012070BD0F4800784FF444
:103A90007A71B1FBF0F00D490968B1FBF0F52846E9
:103AA00001F078FF08B10120EEE7102C07D20022C8
:103AB0002146501E00F083F80548046001E0012013
:103AC000E2E70020E0E700001C00002400000024E2
:103AD000180000244178154A11600178F9B1121DCF
:103AE00041681160017B0907C27A41EA0261827A6A
:103AF00041EAC241427B41EA8241827B41EA424142
:103B0000C27B41EA0241427A41EA0221027A41EA59
:103B1000420102781143054A0832116005E0002194
:103B2000024A121D1160121D1160704798ED00E0ED
:103B300000BF00BF00BFBFF35F8F00BF00BF00BF6B
:103B40000548006820F480300349086000200249DD
:103B5000703108607047000024ED00E040F0010182
:103B60000D4A11600C497039096841F480310A4AE4
:103B7000703A116000BF00BF00BFBFF34F8F00BF9E
:103B800000BF00BF00BF00BF00BFBFF36F8F00BF0B
:103B900000BF00BF7047000094ED00E07047014691
:103BA0000846002809DB00F01F0301229A40430960
:103BB0009B0003F1E023C3F8002100BF70472DE90B
:103BC000F05F80460D46164604F03AFA074639463D
:103BD0002A46334601F00700C0F1070ABAF1040F84
:103BE00002D94FF0040A01E0C0F1070AD14600F102
:103BF000040ABAF1070F02D24FF0000A01E0A0F167
:103C0000030AD4464FF0010A0AFA09FAAAF1010A96
:103C10000AEA020A0AFA0CFA4FF0010B0BFA0CFB43
:103C2000ABF1010B0BEA030B4AEA0B0421464046B9
:103C300004F00EFABDE8F09F00BF00F00702064B4B
:103C400019684FF6FF031940044B0B4343EA022166
:103C5000014B196000BF70470CED00E00000FA0551
:103C60000348006840F08070014908607047000018
:103C70000C48025810B501F0A3F907490968C1F3CF
:103C80000321064A515C01F01F01C8400449086045
:103C90000846006810BD000018440258A6A200089B
:103CA0000000002410B501F04FF905490968C1F37F
:103CB0000211044A515C01F01F01C84010BD000010
:103CC00020440258A6A2000870B50146844D2D6814
:103CD00005F00303824D2D68C5F30530804D2D1D81
:103CE0002D68C5F300147E4D14352D68C5F3CC0541
:103CF00015FB04F501EE105AB8EE411AF0EE410A38
:103D000000286FD023B1012B4ED0022B6BD16BE07A
:103D1000734D283D2D68C5F340153DB3704D283DCA
:103D20002D68C5F3C1066F4D25FA06F201EE102A83
:103D3000F8EE411A01EE100AB8EE411A81EE812A1E
:103D40009FED691AC0EE811A654D10352D68C5F3D7
:103D5000080501EE105AB8EE411A31EE811AF7EE5D
:103D6000001A31EE211A22EE010A1CE001EE100ABF
:103D7000B8EE411ADFED5D1A81EE812A9FED5A1AE5
:103D8000C0EE811A564D10352D68C5F3080501EEB9
:103D9000105AB8EE411A31EE811AF7EE001A31EEE0
:103DA000211A22EE010A5BE001EE100AB8EE411A78
:103DB000DFED4F1A81EE812A9FED4B1AC0EE811A7A
:103DC000474D10352D68C5F3080501EE105AB8EEC1
:103DD000411A31EE811AF7EE001A31EE211A22EE65
:103DE000010A3DE077E01DE001EE100AB8EE411A4D
:103DF0009FED402AC2EE011A9FED3B1A80EE812A08
:103E0000374D10352D68C5F3080501EE105AB8EE90
:103E1000411A32EE011AB7EE002A31EE021A21EEF3
:103E2000810A1DE001EE100AB8EE411ADFED301AEA
:103E300081EE812A9FED2C1AC0EE811A284D103593
:103E40002D68C5F3080501EE105AB8EE411A31EE9F
:103E5000811AF7EE001A31EE211A22EE010A00BF94
:103E600000BF1F4D10352D68C5F3462501EE105AD1
:103E7000B8EE411AF7EE001A31EE211AC0EE011A1F
:103E8000BCEEE11A81ED001A154D10352D68C5F311
:103E9000064501EE105AB8EE411AF7EE001A31EE5F
:103EA000211AC0EE011ABCEEE11A81ED011A0C4D87
:103EB00010352D68C5F3066501EE105AB8EE411AAB
:103EC000F7EE001A31EE211AC0EE011ABCEEE11A2B
:103ED00081ED021A03E000250D604D608D6070BD1C
:103EE000284402580090D003000000460024744C7F
:103EF0000024744A0024F44A70B50146844D2D68AC
:103F000005F00303824D2D68C5F30550804D2D1D2E
:103F10002D68C5F300247E4D1C352D68C5F3CC05F6
:103F200015FB04F501EE105AB8EE411AF0EE410A05
:103F300000286FD023B1012B4ED0022B6BD16BE048
:103F4000734D283D2D68C5F340153DB3704D283D98
:103F50002D68C5F3C1066F4D25FA06F201EE102A51
:103F6000F8EE411A01EE100AB8EE411A81EE812AEC
:103F70009FED691AC0EE811A654D18352D68C5F39D
:103F8000080501EE105AB8EE411A31EE811AF7EE2B
:103F9000001A31EE211A22EE010A1CE001EE100A8D
:103FA000B8EE411ADFED5D1A81EE812A9FED5A1AB3
:103FB000C0EE811A564D18352D68C5F3080501EE7F
:103FC000105AB8EE411A31EE811AF7EE001A31EEAE
:103FD000211A22EE010A5BE001EE100AB8EE411A46
:103FE000DFED4F1A81EE812A9FED4B1AC0EE811A48
:103FF000474D18352D68C5F3080501EE105AB8EE87
:10400000411A31EE811AF7EE001A31EE211A22EE32
:10401000010A3DE077E01DE001EE100AB8EE411A1A
:104020009FED402AC2EE011A9FED3B1A80EE812AD5
:10403000374D18352D68C5F3080501EE105AB8EE56
:10404000411A32EE011AB7EE002A31EE021A21EEC1
:10405000810A1DE001EE100AB8EE411ADFED301AB8
:1040600081EE812A9FED2C1AC0EE811A284D183559
:104070002D68C5F3080501EE105AB8EE411A31EE6D
:10408000811AF7EE001A31EE211A22EE010A00BF62
:1040900000BF1F4D18352D68C5F3462501EE105A97
:1040A000B8EE411AF7EE001A31EE211AC0EE011AED
:1040B000BCEEE11A81ED001A154D18352D68C5F3D7
:1040C000064501EE105AB8EE411AF7EE001A31EE2D
:1040D000211AC0EE011ABCEEE11A81ED011A0C4D55
:1040E00018352D68C5F3066501EE105AB8EE411A71
:1040F000F7EE001A31EE211AC0EE011ABCEEE11AF9
:1041000081ED021A03E000250D604D608D6070BDE9
:10411000284402580090D003000000460024744C4C
:104120000024744A0024F44A2DE9F0410446002595
:10413000A846206800F00060B0F1006F30D1606EDA
:1041400048B1B0F5801F0DD0B0F5001F10D0B0F50C
:10415000401F15D113E0F948006840F40030F749DA
:1041600008600FE00221201D01F014FF054609E060
:10417000022104F1240001F0BFFF054602E001E046
:10418000012500BF00BF55B9EC482430006820F479
:104190004010616E0843E9492431086000E0A846F8
:1041A000208800F48070B0F5807F2DD1606D0528E7
:1041B0001AD2DFE800F0030A10171800DF48006881
:1041C00040F40030DD49086010E00021201D01F0BE
:1041D000E1FE05460AE0002104F1240001F08CFF15
:1041E000054603E002E001E0012500BF00BF55B92C
:1041F000D2482430006820F00700616D0843CF49A1
:104200002431086000E0A846208800F40070B0F572
:10421000007F33D1A06D802817D003DC40B1402847
:104220001CD10CE0C02817D0B0F5807F16D114E067
:10423000C248006840F40030C049086010E0002126
:10424000201D01F0A7FE05460AE0002104F124002C
:1042500001F052FF054603E002E001E0012500BF46
:1042600000BF55B9B5482430006820F4E070A16D56
:104270000843B2492431086000E0A846208800F4D1
:104280008060B0F5806F38D1D4F8A400B0F5800F0D
:1042900019D004DC50B1B0F5001F1DD10DE0B0F510
:1042A000C00F17D0B0F5000F16D114E0A348006876
:1042B00040F40030A149086010E00021201D01F009
:1042C00069FE05460AE0002104F1240001F014FF14
:1042D000054603E002E001E0012500BF00BF5DB933
:1042E00096482C30006820F46000D4F8A4100843ED
:1042F00092492C31086000E0A846208800F4006054
:10430000B0F5006F38D1D4F8A800B0F1007F19D013
:1043100004DC50B1B0F1807F1DD10DE0B0F1407FE1
:1043200017D0B0F1806F16D114E08448006840F4D3
:1043300000308249086010E00021201D01F02AFEB3
:1043400005460AE0002104F1240001F0D5FE0546EF
:1043500003E002E001E0012500BF00BF5DB977483E
:104360002C30006820F0E060D4F8A81008437349AE
:104370002C31086000E0A846206800F00070B0F121
:10438000007F27D1A06CA0B1102804D0202809D02C
:1043900030280FD10CE06948006840F400306749CC
:1043A000086009E00221201D01F0F4FD054603E04C
:1043B00002E001E0012500BF00BF55B95F48203091
:1043C000006820F03000A16C08435C49203108608F
:1043D00000E0A846208800F48050B0F5805F36D118
:1043E000E06DB0F5005F19D004DC50B1B0F5805F2E
:1043F0001DD10DE0B0F5405F17D0B0F5804F16D15C
:1044000014E04E48006840F400304C49086010E069
:104410000021201D01F0BEFD05460AE0002104F147
:10442000240001F069FE054603E002E001E00125F9
:1044300000BF00BF55B941482430006820F4E04077
:10444000E16D08433D492431086000E0A84620881A
:1044500000F40050B0F5005F34D1206EB0F5403F5D
:104460001DD007DC68B1B0F5803F0BD0B0F5003F40
:1044700018D10DE0B0F5802F12D0B0F5A02F11D1DA
:104480000FE011E00121201D01F084FD05460BE045
:10449000012104F1240001F02FFE054604E003E0B1
:1044A00002E001E0012500BF00BF55B923482430D8
:1044B000006820F4E020216E084320492431086080
:1044C00000E0A846208800F48040B0F5804F38D145
:1044D000D4F8AC00B0F1405F1DD007DC68B1B0F19A
:1044E000805F0BD0B0F1005F18D10DE0B0F1804FCC
:1044F00012D0B0F1A04F11D10FE011E00121201D29
:1045000001F048FD05460BE0012104F1240001F013
:10451000F3FD054604E003E002E001E0012500BFF1
:1045200000BF6DB905482C30006820F0E040D4F899
:10453000AC10084301492C31086002E02C440258B9
:10454000A846208800F40040B0F5004F26D1E06E68
:1045500098B1B0F1805F03D0B0F1005F0ED106E0FA
:10456000F948006840F40030F749086008E001218C
:10457000201D01F00FFD054602E001E0012500BF0E
:1045800000BF55B9F0482430006820F04050E16E7B
:104590000843ED492431086000E0A846206800F097
:1045A0008070B0F1807F27D1606CA0B1012804D069
:1045B000022809D003280FD10CE0E348006840F43A
:1045C0000030E149086009E00221201D01F0E2FC11
:1045D000054603E002E001E0012500BF00BF55B938
:1045E000D9482030006820F00300616C0843D649A8
:1045F0002031086000E0A846206800F48000B0F593
:10460000800F7DD1D148006840F48070CF490860A8
:10461000FFF7F2F9064606E0FFF7EEF9801B642883
:1046200001D9032505E0C948006800F4807000281E
:10463000F2D000BF85BBC4484430006800F440702D
:10464000B4F8B01001F44071884213D0BE48443031
:10465000006820F44077BC484430006840F4803063
:10466000B949443108600846006820F48030086089
:1046700008460760D4F8B000B0F5807F15D1FFF789
:10468000BBF9064609E0FFF7B7F9801B41F2883114
:10469000884202D9032507E038E0AB48443000687F
:1046A000C0F340000028EED000BF55BB00BFB4F8F7
:1046B000B00000F44070B0F5407F0ED1A2481C3825
:1046C000006820F47C51A24AD4F8B000104041EABE
:1046D00010109D491C39086007E09B481C38006891
:1046E00020F47C5098491C39086097484430006891
:1046F000B4F8B010C1F30B0108439349443101E011
:1047000005E001E0086002E0A84600E0A846207845
:1047100000F0010068B3A06F182819D005DC48B17B
:10472000082808D0102816D10BE0202811D02828FE
:1047300011D10FE011E00121201D01F02BFC0546F5
:104740000BE0012104F1240001F0D6FC054604E051
:1047500003E002E001E0012500BF00BF55B97A483F
:104760002830006820F03800A16F084376492831CE
:10477000086000E0A846207800F00200022828D156
:10478000606F062815D2DFE800F003040A11121347
:1047900011E00121201D01F0FDFB05460BE0012188
:1047A00004F1240001F0A8FC054604E003E002E067
:1047B00001E0012500BF00BF55B9634828300068FB
:1047C00020F00700616F08435F492831086000E06E
:1047D000A846207800F0040004282AD1D4F89000DC
:1047E000062815D2DFE800F003040A11121311E0C5
:1047F0000121201D01F0CEFB05460BE0012104F153
:10480000240001F079FC054604E003E002E001E049
:10481000012500BF00BF5DB94B482C30006820F077
:104820000700D4F89010084347492C31086000E095
:10483000A846207800F02000202836D1D4F88C003B
:10484000B0F1405F1DD007DC68B1B0F1805F0BD0E4
:10485000B0F1005F18D10DE0B0F1804F12D0B0F18F
:10486000A04F11D10FE011E00021201D01F092FBBB
:1048700005460BE0022104F1240001F03DFC054651
:1048800004E003E002E001E0012500BF00BF5DB9E4
:104890002D482830006820F0E040D4F88C10084300
:1048A00029492831086000E0A846207800F040003F
:1048B000402836D1D4F89800B0F5406F1DD007DC01
:1048C00068B1B0F5806F0BD0B0F5006F18D10DE076
:1048D000B0F5805F12D0B0F5A05F11D10FE011E00C
:1048E0000021201D01F056FB05460BE0022104F1DA
:1048F000240001F001FC054604E003E002E001E0D1
:10490000012500BF00BF5DB90F482C30006820F4BE
:10491000E050D4F8981008430B492C31086000E0AF
:10492000A846207800F0800080283AD1D4F89C0076
:10493000B0F5C04F23D00DDC98B1B0F5005F11D0B9
:10494000B0F5804F1ED113E02C44025800480258A5
:10495000FFFCFF0FB0F5004F12D0B0F5204F11D182
:104960000FE011E00021201D01F014FB05460BE0D3
:10497000022104F1240001F0BFFB054604E003E03E
:1049800002E001E0012500BF00BF4DB9AD4800685D
:1049900020F46040D4F89C100843AA49086000E065
:1049A000A846207800F00800082817D1D4F8800025
:1049B000B0F5805F07D1022104F1240001F09CFBD7
:1049C00008B14FF001089F48001F006820F44050D4
:1049D000D4F8801008439B49091F0860207800F034
:1049E0001000102815D1D4F89400B0F5807F07D1BD
:1049F000022104F1240001F07FFB08B14FF001080F
:104A00009048006820F44070D4F8941008438D4911
:104A10000860206800F40020B0F5002F26D1D4F8FB
:104A2000A00030B1B0F5803F09D0B0F5003F0ED105
:104A30000CE00021201D01F0ADFA054609E002213D
:104A400004F1240001F058FB054602E001E00125D5
:104A500000BF00BF4DB97B48006820F44030D4F857
:104A6000A01008437749086000E0A846206800F4D9
:104A70008020B0F5802F2DD1D4F88400B0F5801FB0
:104A800006D0B0F5001F0CD0B0F5401F11D10FE0DB
:104A90006C482C38006840F400306A492C390860B2
:104AA00009E0012104F1240001F026FB054602E0A3
:104AB00001E0012500BF00BF5DB96248001F00682A
:104AC00020F44010D4F8841008435E49091F0860A0
:104AD00000E0A846206800F48030B0F5803F24D183
:104AE000E06C18B1B0F5803F0FD108E055482C3884
:104AF000006840F4003053492C39086007E0022177
:104B0000201D01F047FA054601E0012500BF00BF66
:104B100055B94C480C38006820F48030E16C0843EB
:104B200048490C39086000E0A846206800F00050B1
:104B3000B0F1005F07D1022104F1240001F0DCFA9A
:104B400008B14FF00108206800F40030B0F5003FD4
:104B500027D1E06FA0B1B0F5807F06D0B0F5007F1F
:104B60000CD0B0F5407F0CD109E036482C380068F5
:104B700040F4003033492C39086004E003E002E0DF
:104B800001E0012500BF00BF55B92E48001F006895
:104B900020F44070E16F08432A49091F086000E0D3
:104BA000A846206800F48010B0F5801F09D1254880
:104BB0000838006820F00040216F08432149083977
:104BC0000860206800F40010B0F5001F09D11D48EE
:104BD0000838006820F08070A16E08431949083930
:104BE0000860206800F08040B0F1804F11D100BF14
:104BF00014484838006820F40040124948390860D9
:104C000008460068D4F8B81008430E4948390860CF
:104C100000BF206800F00040B0F1004F09D1094802
:104C20000C38006820F04050216D084305490C39CC
:104C30000860B8F1000F02D10020BDE8F08101202A
:104C4000FBE70000584402582DE9F04104460D46A8
:104C500014B90120BDE8F081B648006800F00F00EB
:104C6000A8420ED2B348006820F00F002843B14993
:104C700008600846006800F00F00A84201D001203B
:104C8000E8E7207800F0040004280ED1AA49206942
:104C9000096801F07001884207D9A748006820F030
:104CA000700021690843A4490860207800F00800DA
:104CB000082811D1A049091D6069096801F0700137
:104CC000884209D99C48001D006820F07000616985
:104CD00008439949091D0860207800F01000102849
:104CE00011D19549091DA069096801F4E061884264
:104CF00009D99148001D006820F4E060A1690843CB
:104D00008D49091D0860207800F02000202811D16D
:104D100089490831E069096801F07001884209D9C0
:104D200085480830006820F07000E1690843824936
:104D300008310860207800F0020002280ED17E4978
:104D4000E068096801F00F01884207D97A480068D5
:104D500020F00F00E168084377490860207800F0F0
:104D60000100002850D07448006820F47060A168E9
:104D70000843714908606068022807D16E481838F6
:104D80000068C0F34040F8B9012063E76068032879
:104D900007D1694818380068C0F34060A0B9012005
:104DA00058E76068012807D1634818380068C0F3E5
:104DB000002048B901204DE75F4818380068C0F36B
:104DC000800008B9012045E75B480838006820F0FA
:104DD000070061680843584908390860FEF70CFE6F
:104DE000064608E0FEF708FE801B41F28831884243
:104DF00001D903202EE750480838006800F0380039
:104E00006168B0EBC10FEDD1207800F002000228FC
:104E10000ED14949E068096801F00F01884207D2C4
:104E20004548006820F00F00E168084342490860E7
:104E30004048006800F00F00A8420ED93D480068C5
:104E400020F00F0028433B4908600846006800F046
:104E50000F00A84201D00120FCE6207800F00400F9
:104E600004280ED134492069096801F07001884294
:104E700007D23148006820F07000216908432E49AC
:104E80000860207800F00800082811D12A49091D7F
:104E90006069096801F07001884209D22648001D46
:104EA000006820F07000616908432349091D08600B
:104EB000207800F01000102811D11F49091DA069A9
:104EC000096801F4E061884209D21B48001D0068AE
:104ED00020F4E060A16908431749091D08602078A3
:104EE00000F02000202811D113490831E069096839
:104EF00001F07001884209D20F480830006820F0A4
:104F00007000E16908430C490831086000F058F866
:104F100009490968C1F30321084A515C01F01F01E6
:104F2000C8400749086007480068FEF7A7FD074624
:104F300038468FE60020005218440258A6A2000806
:104F4000000000241800002410B5FEF793FE074966
:104F5000096801F00F01064A515C01F01F01C840C9
:104F6000044908600846006810BD00001844025853
:104F7000A6A200080400002410B5FFF7E5FF0549CC
:104F80000968C1F30211044A515C01F01F01C840D5
:104F900010BD00001C440258A6A2000810B5FFF77F
:104FA000D3FF05490968C1F30221044A515C01F0AD
:104FB0001F01C84010BD00001C440258A6A20008F2
:104FC000F0B5824E366806F0380636B1082E15D098
:104FD000102E15D0182E7DD114E07C4E103E366870
:104FE000C6F3401646B1794E103E3668C6F3C10787
:104FF000774E26FA07F000E07548E5E07548E3E0F3
:105000007548E1E0714E1836366806F003046F4EBD
:1050100018363668C6F305116C4E1C36366806F035
:1050200001056A4E24363668C6F3CC0616FB05F633
:1050300001EE106AB8EE410A002971D024B1012CAA
:1050400050D0022C6DD16DE0604E103E3668C6F334
:1050500040163EB35D4E103E3668C6F3C1075C4E47
:1050600026FA07F301EE103AF8EE411A01EE101A93
:10507000B8EE411A81EE812A9FED581AC0EE011A4E
:10508000524E20363668C6F3080601EE106AB8EEB6
:10509000411A31EE811AF7EE001A31EE211A62EE52
:1050A000010A1EE001EE101AB8EE411ADFED4C1AAB
:1050B00081EE812A9FED491AC0EE011A434E203637
:1050C0003668C6F3080601EE106AB8EE411A31EEF2
:1050D000811A00E076E0F7EE001A31EE211A62EE56
:1050E000010A5BE001EE101AB8EE411A9FED3D2A6D
:1050F000C2EE011A9FED391A80EE012A334E203696
:105100003668C6F3080601EE106AB8EE411A32EEB0
:10511000011AB7EE002A31EE021A61EE810A3DE073
:105120004EE01DE001EE101AB8EE411ADFED2E1A26
:1051300081EE812A9FED291AC0EE011A234E2036F6
:105140003668C6F3080601EE106AB8EE411A31EE71
:10515000811AF7EE001A31EE211A62EE010A1DE003
:1051600001EE101AB8EE411A9FED1E2AC2EE011A86
:105170009FED1A1A80EE012A144E20363668C6F3C7
:10518000080601EE106AB8EE411A32EE011AB7EEC7
:10519000002A31EE021A61EE810A00BF00BF0B4EF9
:1051A00020363668C6F34626721C01EE102AB8EE89
:1051B000411AC0EE811ABCEEE11A11EE100A00E0AD
:1051C000002001E0034800BF00BFF0BD10440258BA
:1051D0000090D00300093D0000127A000000004654
:1051E0000024744C0024744A0024F44A2DE9F0474A
:1051F000044614B90120BDE8F087207800F00100D2
:10520000002872D0F948006800F03808F7481830D4
:10521000D0F80090B8F1100F06D0B8F1180F0FD1E8
:1052200009F0030002280BD1F04810380068C0F3E1
:10523000404000286ED0606800286BD10120DAE77A
:1052400000BF6068B0F5803F08D1E84810380068BA
:1052500040F48030E549103908602EE0606868B994
:10526000E2481038006820F48030E04910390860C6
:105270000846006820F4802008601EE06068B0F5F1
:10528000A02F0DD1D9481038006840F48020D749AC
:10529000103908600846006840F4803008600CE06F
:1052A000D2481038006820F48030D04910390860A6
:1052B0000846006820F48020086000BF6068A8B13C
:1052C000FEF79AFB054608E0FEF796FB401B41F20D
:1052D0008831884201D903208DE7C448103800681E
:1052E000C0F340400028EFD014E014E0FEF784FB48
:1052F000054608E0FEF780FB401B41F288318842FA
:1053000001D9032077E7B94810380068C0F340405E
:105310000028EFD100BF207800F0020002286BD1F6
:10532000B248006800F03808B0481830D0F8009053
:10533000B8F1000F05D0B8F1180F2BD109F0030018
:1053400040BBAA4810380068C0F3800018B1E0687C
:1053500008B901204FE700BFFEF748FB41F2030107
:1053600088420BD8A1480C38006820F47C302169B1
:1053700040EA01309D490C3908600AE09B480C382E
:10538000006820F0FE40217C40EA016097490C391A
:10539000086058E0E06870B394481038006820F066
:1053A0001900E1680843914910390860FEF724FBB1
:1053B000054606E0FEF720FB401B022801D903202A
:1053C00019E78A4810380068C0F380000028F1D03F
:1053D00000BFFEF70BFB41F2030188420DD8834862
:1053E0000C38006820F47C30216940EA01307F49A4
:1053F0000C3908600CE00CE026E07C480C380068B2
:1054000020F0FE40217C40EA016078490C390860B8
:1054100019E076481038006820F00100734910390F
:105420000860FEF7E9FA054606E0FEF7E5FA401BDC
:10543000022801D90320DEE66C4810380068C0F36A
:1054400080000028F1D100BF207800F01000102863
:105450006ED16648006800F0380864481830D0F80B
:105460000090B8F1080F06D0B8F1180F2FD109F04D
:10547000030001282BD15D4810380068C0F30020DC
:1054800020B1E069802801D00120B4E600BFFEF71A
:10549000ADFA41F2030188420CD854480C38006838
:1054A00020F0F84094F8201040EA81604F490C3910
:1054B00008600BE04D48001F006820F07C5094F815
:1054C000201040EA01604949091F086058E0E0697E
:1054D00068B346481038006840F0800043491039EE
:1054E0000860FEF789FA054606E0FEF785FA401BDC
:1054F000022801D903207EE63C4810380068C0F33A
:1055000000200028F1D000BFFEF770FA41F203013D
:1055100088420ED835480C38006820F0F84094F8DE
:10552000201040EA816031490C3908600DE00DE03F
:1055300027E02E48001F006820F07C5094F82010CF
:1055400040EA01602949091F086019E0274810381E
:10555000006820F08000254910390860FEF74CFAF9
:10556000054606E0FEF748FA401B022801D9032051
:1055700041E61E4810380068C0F300200028F1D131
:1055800000BF207800F00800082837D16069D0B14A
:1055900016486430006840F0010014496431086026
:1055A000FEF72AFA054606E0FEF726FA401B022817
:1055B00001D903201FE60D4864300068C0F34000A5
:1055C0000028F1D01AE009486430006820F001009A
:1055D000064964310860FEF70FFA054608E0FEF759
:1055E0000BFA401B022803D9032004E6104402589A
:1055F000DC480068C0F340000028F0D1207800F0BB
:105600002000202836D1A069D0B1D648743800686F
:1056100040F48050D34974390860FEF7EDF905462F
:1056200006E0FEF7E9F9401B022801D90320E2E574
:10563000CC4874380068C0F340300028F1D019E03D
:10564000C8487438006820F48050C649743908602E
:10565000FEF7D2F9054606E0FEF7CEF9401B022818
:1056600001D90320C7E5BF4874380068C0F3403053
:105670000028F1D1207800F0040004287DD1BA4838
:10568000006840F48070B8490860FEF7B5F9054637
:1056900006E0FEF7B1F9401B642801D90320AAE512
:1056A000B148006800F480700028F2D000BFA06804
:1056B000012808D1AB48001F006840F00100A9494B
:1056C000091F08602DE0A06868B9A648001F00689F
:1056D00020F00100A349091F08600846006820F077
:1056E000040008601DE0A06805280DD19D48001F3A
:1056F000006840F004009B49091F086008460068E4
:1057000040F0010008600CE09648001F006820F09F
:1057100001009449091F08600846006820F0040051
:10572000086000BFA068A0B1FEF766F9054608E072
:10573000FEF762F9401B41F28831884201D903200B
:1057400059E58848001F0068C0F340000028EFD0EA
:1057500013E0FEF751F9054608E0FEF74DF9401B4E
:1057600041F28831884201D9032044E57D48001F79
:105770000068C0F340000028EFD1606A00287DD0A7
:1057800078486438006800F03800182877D0606ADC
:10579000022875D173487438006820F08070714910
:1057A00074390860FEF728F9054606E0FEF724F98B
:1057B000401B022801D903201DE56A48743800689F
:1057C000C0F340600028F1D100BFD4E90A1041EADB
:1057D000001064494C39096840F2F33291430843A0
:1057E00060494C390860208E401EC0F30800616B90
:1057F000491E4FF47E4202EA41210843218F491E8F
:10580000D20102EA014108433C21095D491E12020E
:1058100002EA0161084353494439086000BF081F88
:10582000006820F00100091F08604E4840380068F9
:105830004FF6F8718843A16C40EAC10049494039EC
:10584000086048484838006820F00C00216C084384
:105850004449483908600846006820F00200616C3D
:1058600008434049483908600846006840F48030E1
:1058700008600846006840F4003002E06FE041E054
:1058800025E008600846006840F48020086008466B
:10589000006840F00100086032487438006840F049
:1058A0008070304974390860FEF7A6F8054606E0B6
:1058B000FEF7A2F8401B022801D903209BE42948E7
:1058C00074380068C0F340600028F1D047E02548F4
:1058D0007438006820F08070224974390860FEF73F
:1058E0008BF8054606E0FEF787F8401B022801D931
:1058F000032080E41B4874380068C0F3406000282F
:10590000F1D12CE017484C3807681648443806682F
:10591000606A012821D007F00301A06A81421CD1EE
:10592000C7F30511E06A884217D1C6F30801206B5E
:10593000401E814211D1606B401EC6F34621884251
:105940000BD1A06B401EC6F30641884205D1E06B27
:10595000401EC6F30661884201D001204BE40020BE
:1059600049E400007444025800480258042808D151
:105970004FF0E021096941F004014FF0E02211618C
:1059800007E04FF0E021096921F004014FF0E02227
:105990001161704770B504462546681EB0F1807FDE
:1059A00001D301200FE0681E4FF0E02148610F2174
:1059B0004FF0FF3002F04CFB00204FF0E0218861F7
:1059C00007200861002070BD70477047704770471E
:1059D0000146D1F88030D1F8842043EA02007047B4
:1059E0002DE9F04704462068C569206806682068EC
:1059F000876840F60F0005EA0008B8F1000F0FD1E4
:105A000005F0200060B106F0200010B907F08050CA
:105A100030B1E06E10B12046E16E8847BDE8F087F6
:105A2000B8F1000F7ED06E48384018B96D4830404C
:105A30000028F7D005F0010058B106F4807040B19D
:105A4000012021680862D4F8880040F00100C4F801
:105A5000880005F0020058B107F0010040B10220B3
:105A600021680862D4F8880040F00400C4F8880077
:105A700005F0040058B107F0010040B1042021688E
:105A80000862D4F8880040F00200C4F8880005F0ED
:105A9000080070B106F0200010B95148384040B1FC
:105AA000082021680862D4F8880040F00800C4F893
:105AB000880005F4006060B106F0806048B14FF4E2
:105AC000006021680862D4F8880040F02000C4F823
:105AD0008800D4F88800002844D005F0200050B198
:105AE00006F0200010B907F0805020B1E06E10B130
:105AF0002046E16E8847D4F888902068806800F0DE
:105B00004000402802D009F0280028B3204600F0C9
:105B10004DFD2068806800F04000402818D12068C2
:105B2000806800E01FE020F0400021688860A06FDE
:105B300050B12D48A16F0865A06FFCF795FA88B1A8
:105B4000A06F016D88470DE02046FFF740FF09E098
:105B50002046FFF73CFF05E02046FFF738FF002016
:105B6000C4F888005AE705F4801050B107F48000AB
:105B700038B14FF48010216808622046FFF726FFF5
:105B80004CE705F0800058B106F0800010B907F42A
:105B9000000028B1206F10B12046216F88473DE7F3
:105BA00005F0400030B106F0400018B1204600F08A
:105BB00011FD33E705F4000030B106F0804018B164
:105BC0002046FFF702FF29E705F0807030B106F0AC
:105BD000004018B12046FFF7F7FE1FE700BF1DE7A2
:105BE00001000010200100049565000810B504466E
:105BF0000CB9012010BDA06900B100E000BFD4F8CD
:105C0000800028B9002084F87C00204600F02AF8A3
:105C10002420C4F880002068006820F0010021687A
:105C20000860204600F00AFE012800D1E2E7A06AE1
:105C300010B1204600F0F8FB2068406820F4904046
:105C4000216848602068806820F02A002168886008
:105C50002068006840F0010021680860204600F0DC
:105C60005FFCC7E710B586B004462B492068884220
:105C700050D100BF00BF2948006840F010002749FC
:105C800008600846006800F01000009000BF00BFE8
:105C900000BF00BF00BF21481038006840F001007D
:105CA0001E49103908600846006800F001000090A5
:105CB00000BF00BF00BF00BF00BF0846006840F043
:105CC000010008600846006800F00100009000BF75
:105CD00000BF00BF4FF4007001900220029001202D
:105CE0000390022004900720059001A90C48FDF7BD
:105CF00061FD4FF4806001900720059001A90848DC
:105D0000FDF758FD2520FDF74AFF03221146252007
:105D1000FDF755FF06B010BD00100140F0440258D9
:105D20000000025810B50346D3F88400202874D12F
:105D300001B10AB9012010BD00BF93F87C00012811
:105D400001D10220F7E7012083F87C0000BF9965AC
:105D5000A3F85C20A3F85E200020D86600BF9868F6
:105D6000B0F5805F0AD1186920B940F2FF10A3F89E
:105D7000600020E0FF20A3F860001CE0986848B9AC
:105D8000186918B9FF20A3F8600014E07F20A3F879
:105D9000600010E09868B0F1805F09D1186918B907
:105DA0007F20A3F8600006E03F20A3F8600002E037
:105DB0000020A3F8600000BF0020C3F88800222064
:105DC000C3F884001868806840F001001C68A06077
:105DD000586EB0F1005F21D1B3F8680090421DDC2D
:105DE0009868B0F5805F04D1186910B91848D86672
:105DF00001E01848D86600BF002083F87C0000BF8F
:105E00001868006840F480701C682060186880681A
:105E100040F080501C68A06016E017E09868B0F56C
:105E2000805F04D1186910B90B48D86601E00B48AF
:105E3000D86600BF002083F87C0000BF18680068A7
:105E400040F490701C682060002074E7022072E724
:105E50006966000889670008F76500081D67000883
:105E60001D4A0168914236D11C49098801F400415C
:105E700089BB1A49098801F4804171B11849097830
:105E80000A2903D00021154A118024E0134909880A
:105E900041F40041114A11801DE0114909780D2992
:105EA00006D10E49098841F480410C4A118012E064
:105EB0000B490978094A1288C2F30D02094B99541B
:105EC00006490988491C054A118011460988C729D5
:105ED00001DD0021118070470010014010000024F6
:105EE0001200002420000024704700BFFEE70000DD
:105EF00000BF002240211848FDF771FD00BF17A028
:105F0000FAF7BAFA4FF47A7003F0B6FD19A0FAF76F
:105F1000B3FA4FF47A7003F0AFFD00BF00BF00BFCB
:105F200000BF00BFBFF34F8F00BF00BF00BF1648C8
:105F3000006800F4E06015490843001D124908603C
:105F400000BF00BF00BFBFF34F8F00BF00BF00BF47
:105F500000BF00BFFDE70000001002584D656D2036
:105F6000416363657373204572726F7221210D0A5C
:105F700000000000536F6674205265736574696E8B
:105F8000672E2E2E0D0A00000CED00E00000FA0531
:105F9000704770472DE9F04104460E4600275548EA
:105FA000006800F00300032802D10120BDE8F08161
:105FB00050482838006820F080604E492839086031
:105FC000FDF71AFD054606E0FDF716FD401B022809
:105FD00001D90320EAE7474828380068C0F3C060C9
:105FE0000028F1D100BF4348006820F47C302168CC
:105FF00040EA01303F490860A088401EC0F3080015
:10600000A168491E4FF47E4202EA41210843A1895A
:10601000491ED20102EA01410843217C491E1202B5
:1060200002EA0161084333491031086000BF31487A
:10603000001D006820F0C000616908432D49091D5A
:1060400008600846006820F02000A169084329493B
:10605000091D08600846006820F010000860254807
:10606000143000684FF6F8718843E16940EAC100D6
:106070002049143108601F48001D006840F01000DE
:106080001C49091D08602EB90846006840F400202C
:10609000086012E0012E08D11648001D006840F487
:1060A00080101449091D086007E01248001D0068AF
:1060B00040F400100F49091D08600E482838006898
:1060C00040F080600B4928390860FDF795FC0546D3
:1060D00006E0FDF791FC401B022801D9032065E78B
:1060E000044828380068C0F3C0600028F1D0384662
:1060F0005CE70000284402582DE9F04104460E46B2
:1061000000275548006800F00300032802D1012051
:10611000BDE8F08150482838006820F080504E4992
:1061200028390860FDF768FC054606E0FDF764FCC9
:10613000401B022801D90320EAE7474828380068B5
:10614000C0F340700028F1D100BF4348006820F040
:106150007C70218840EA01503F490860A088401EB9
:10616000C0F30800A168491E4FF47E4202EA4121B3
:106170000843A189491ED20102EA01410843217C5A
:10618000491E120202EA01610843334918310860CE
:1061900000BF3148001D006820F440606169084379
:1061A0002D49091D08600846006820F40070A169A7
:1061B00008432949091D08600846006820F48070DA
:1061C000086025481C3000684FF6F8718843E16983
:1061D00040EAC10020491C3108601F48001D0068CA
:1061E00040F480701C49091D08602EB908460068FB
:1061F00040F48000086012E0012E08D11648001D0E
:10620000006840F400001449091D086007E01248C6
:10621000001D006840F080700F49091D08600E489D
:106220002838006840F080500B4928390860FDF795
:10623000E3FB054606E0FDF7DFFB401B022801D922
:10624000032065E7044828380068C0F34070002840
:10625000F1D038465CE700002844025810B500230E
:10626000234C236000BF00BF00BFBFF34F8F00BFB0
:1062700000BF00BF231F1868C0F34E3100BFC0F33A
:10628000C90200BF43F6E07303EA41134FF04044F4
:1062900004EA82742343174C236000BF00BF131E1F
:1062A000A2F10102EED10B1EA1F10101E7D100BF65
:1062B00000BF00BFBFF34F8F00BF00BF00BF0C4B3C
:1062C000703B1B6843F48033094C703C236000BF73
:1062D00000BF00BFBFF34F8F00BF00BF00BF00BFB4
:1062E00000BF00BFBFF36F8F00BF00BF00BF10BD76
:1062F00084ED00E060EF00E000BF00BF00BFBFF32F
:106300004F8F00BF00BF00BF00BF00BF00BFBFF383
:106310006F8F00BF00BF00BF00201449086000BF9E
:1063200000BF00BFBFF34F8F00BF00BF00BF00BF63
:1063300000BF00BFBFF36F8F00BF00BF00BF0C489E
:10634000006840F400300A49086000BF00BF00BF89
:10635000BFF34F8F00BF00BF00BF00BF00BF00BF33
:10636000BFF36F8F00BF00BF00BF704750EF00E06A
:1063700014ED00E0704710B5FDF744FB10BD0000C0
:106380002448006840F470002249086022480068F0
:1063900040F001002049086000201F4910310860CA
:1063A0001D4800681D4908401B49086000201A4923
:1063B00018310860091D0860091D08601649283158
:1063C0000860091D0860091D0860091D0860091D95
:1063D0000860091D0860091D0860091D08600E4855
:1063E000006820F480200C49086000200A496031D0
:1063F00008600B4800686FF30F00B0F1005F02D235
:106400000120084908604FF00060024980390860A7
:106410007047000088ED00E0004402587FEDF6EA86
:106420000010005C0881005190F8281001F0010173
:1064300039B10168496821F40031C26A1143026828
:10644000516090F8281001F00201022907D101687B
:10645000496821F48031026B11430268516090F861
:10646000281001F00401042907D10168496821F4CA
:106470008021426B11430268516090F8281001F0AE
:106480000801082907D10168496821F40041826B9D
:1064900011430268516090F8281001F01001102992
:1064A00007D10168896821F48051C26B11430268E9
:1064B000916090F8281001F02001202907D101688F
:1064C000896821F40051026C11430268916090F8D0
:1064D000281001F04001402913D10168496821F4D6
:1064E0008011426C114302685160416CB1F5801F0C
:1064F00007D10168496821F4C001826C1143026828
:10650000516090F8281001F08001802907D10168BE
:10651000496821F40021C26C114302685160704740
:1065200038B504460020C4F88800FDF765FA054632
:106530002068006800F0080008280CD16FF07E4049
:106540002B4600224FF400110090204601F0EEFC93
:1065500008B1032038BD2068006800F0040004285A
:106560000CD16FF07E402B4600224FF4800100904A
:10657000204601F0DBFC08B10320EBE72020C4F843
:106580008000C4F8840000BF002084F87C0000BFB5
:1065900000BFDFE770B50546AC6B0020A4F85E00D5
:1065A000A4F856002046FFF712FA70BD016809688A
:1065B00021F490710268116001688968044A1140F1
:1065C000026891602021C0F884100021C1667047E4
:1065D000FEFFFFEF10B504462068006820F0400081
:1065E000216808602020C4F8800000202067204631
:1065F000FFF77AFC10BD2DE9F0410446B4F8607055
:10660000D4F88400222826D12068406A86B2A56D7D
:1066100006EA07002880A06D801CA065B4F85E0023
:10662000401EA4F85E00B4F85E00D0B9206800688F
:1066300020F49070216808602068806820F00100D4
:10664000216888602020C4F884000020E06620468D
:10665000FFF706FC05E02068806940F0080021682B
:106660008861BDE8F08100002DE9F0470446B4F8E8
:106670006090D4F88400222843D1B4F8685028E010
:106680002068406A1FFA80F8A76D08EA0900388080
:10669000A06D801CA065B4F85E00401EA4F85E00EA
:1066A000B4F85E0098B92068006820F48070216812
:1066B00008602068806817490840216888602020A9
:1066C000C4F884000020E0662046FFF7C9FB681E7E
:1066D00085B2002DD4D1B4F85E60C6B1B4F86800BC
:1066E000B04214DD2068806820F080502168886006
:1066F0000948E0662068006840F0200021680860D2
:1067000005E02068806940F0080021688861BDE8E4
:10671000F0870000FEFFFFEFF765000870B5044644
:10672000B4F86060D4F88400222826D12068406A3A
:1067300085B2F0B22840A16D0870A06D401CA06524
:10674000B4F85E00401EA4F85E00B4F85E00D0B954
:106750002068006820F490702168086020688068D4
:1067600020F00100216888602020C4F88400002007
:10677000E0662046FFF774FB05E02068806940F082
:1067800008002168886170BD2DE9F0410446B4F825
:106790006080D4F88400222843D1B4F8685028E0FF
:1067A0002068406A87B208F0FF003840A16D087089
:1067B000A06D401CA065B4F85E00401EA4F85E0009
:1067C000B4F85E0098B92068006820F480702168F1
:1067D0000860206880681749084021688860202088
:1067E000C4F884000020E0662046FFF739FB681EED
:1067F00085B2002DD4D1B4F85E60C6B1B4F868009B
:10680000B04214DD2068806820F0805021688860E4
:106810000948E0662068006840F0200021680860B0
:1068200005E02068806940F0080021688861BDE8C3
:10683000F0810000FEFFFFEF1D6700082DE9F04F1B
:1068400089B004464FF00009002007908346F949BB
:106850002068884200D100E000BF2169A068084399
:1068600061690843E16940EA010A606E40EA0A0A88
:1068700020680068F049084040EA0A002168086082
:106880002068406820F44050E1680843216848606F
:10689000D4F818A0E7492068884202D0206A40EA6C
:1068A0000A0A20688068E549084040EA0A00216831
:1068B00088602068C06A20F00F00616A0843216880
:1068C000C86200BFDE492068884220D1DD480068E8
:1068D00000F03800182811D005DC48B1082809D08C
:1068E000102811D108E020280AD028280CD109E06E
:1068F00001250BE0042509E0082507E0102505E047
:10690000202503E0402501E0802500BFF8E0CE49C6
:106910002068884219D1CB48006800F0070006289B
:1069200010D2DFE800F0030507090B0D00250BE08E
:10693000042509E0082507E0102505E0202503E0EF
:10694000402501E0802500BFDAE0C0492068884288
:1069500019D1BC48006800F00700062810D2DFE813
:1069600000F0030507090B0D00250BE0042509E0E5
:10697000082507E0102505E0202503E0402501E07B
:10698000802500BFBCE0B2492068884219D1AD48DB
:10699000006800F00700062810D2DFE800F00305C9
:1069A00007090B0D00250BE0042509E0082507E089
:1069B000102505E0202503E0402501E0802500BFEB
:1069C0009EE0A4492068884219D19E48006800F0E2
:1069D0000700062810D2DFE800F0030507090B0DB9
:1069E00000250BE0042509E0082507E0102505E057
:1069F000202503E0402501E0802500BF80E0964986
:106A00002068884220D18F48006800F0380018289C
:106A100011D005DC48B1082809D0102811D108E0B0
:106A200020280AD028280CD109E001250BE00425F4
:106A300009E0082507E0102505E0202503E04025B2
:106A400001E0802500BF5BE084492068884219D1BD
:106A50007C48006800F00700062810D2DFE800F04C
:106A6000030507090B0D00250BE0042509E00825A7
:106A700007E0102505E0202503E0402501E0802502
:106A800000BF3DE076492068884219D16D48006812
:106A900000F00700062810D2DFE800F00305070920
:106AA0000B0D00250BE0042509E0082507E0102563
:106AB00005E0202503E0402501E0802500BF1FE020
:106AC0005C49206888421AD15E48001D006800F0C9
:106AD0000700062810D2DFE800F0030507090B0DB8
:106AE00002250BE0042509E0082507E0102505E054
:106AF000202503E0402501E0802500BF00E080253F
:106B000000BF4C492068884271D1102D70D006DC3E
:106B1000022D09D0042D49D0082D6AD1A6E0202DE0
:106B200068D0402DF9D1B3E1FDF7BCF8616A09B92D
:106B3000012138E0616A012901D1022133E0616A53
:106B4000022901D104212EE0616A032901D1062125
:106B500029E0616A042901D1082124E0616A05293C
:106B600001D10A211FE0616A062901D10C211AE036
:106B7000616A072901D1102115E0616A082901D154
:106B8000202110E0616A092901D140210BE0616AEE
:106B90000A2901D1802106E0616A0B2902D14FF454
:106BA000807100E00121B0FBF1FBB6E104A8FDF724
:106BB0008BF80598616A09B9012154E0616A0129DD
:106BC00001D102214FE0616A022901D104214AE08A
:106BD000616A032901D1062145E0616A042901D1D6
:106BE000082140E0616A052905D10A213BE0FDE367
:106BF00080E08FE10BE1616A062901D10C2132E0CE
:106C0000616A072901D110212DE0616A082901D1AB
:106C1000202128E0616A092901D1402123E0616A2D
:106C20000A2901D180211EE0616A0B291AD14FF493
:106C3000807118E0000C0058F369FFCFFFF4FF11DA
:106C400000100140544402580044004000480040F5
:106C5000004C00400050004000140140007800400B
:106C6000007C00400121B0FBF1FB56E101A8FDF7DB
:106C700043F90298616A09B9012138E0616A012982
:106C800001D1022133E0616A022901D104212EE001
:106C9000616A032901D1062129E0616A042901D131
:106CA000082124E0616A052901D10A211FE0616AF7
:106CB000062901D10C211AE0616A072901D11021AE
:106CC00015E0616A082901D1202110E0616A0929D3
:106CD00001D140210BE0616A0A2901D1802106E03F
:106CE000616A0B2902D14FF4807100E00121B0FBF1
:106CF000F1FB12E1FA480068C0F3401088B3F8488D
:106D00000068C0F3C101F748C840616A09B90121B0
:106D100039E0616A012901D1022134E0616A022966
:106D200001D104212FE0616A032901D106212AE063
:106D3000616A042901D1082125E0616A052901D190
:106D40000A2120E0616A062901D10C211BE0616A59
:106D5000072901D1102116E0616A082902D12021FA
:106D600011E013E0616A092901D140210BE0616A59
:106D70000A2901D1802106E0616A0B2902D14FF472
:106D8000807100E00121B0FBF1FB3FE0606A08B9CF
:106D9000012038E0606A012801D1022033E0606AF6
:106DA000022801D104202EE0606A032801D10620C8
:106DB00029E0606A042801D1082024E0606A0528DF
:106DC00001D10A201FE0606A062801D10C201AE0D8
:106DD000606A072801D1102015E0606A082801D1F7
:106DE000202010E0606A092801D140200BE0606A91
:106DF0000A2801D1802006E0606A0B2802D14FF4F6
:106E0000807000E00120B749B1FBF0FB85E0606ACB
:106E100008B9012038E0606A012801D1022033E07E
:106E2000606A022801D104202EE0606A032801D1A3
:106E3000062029E0606A042801D1082024E0606A65
:106E4000052801D10A201FE0606A062801D10C2024
:106E50001AE0606A072801D1102015E0606A08284E
:106E600001D1202010E0606A092801D140200BE008
:106E7000606A0A2801D1802006E0606A0B2802D1EE
:106E80004FF4807000E001209749B1FBF0FB44E033
:106E9000606A08B9012038E0606A012801D1022047
:106EA00033E0606A022801D104202EE0606A0328E2
:106EB00001D1062029E0606A042801D1082024E0DD
:106EC000606A052801D10A201FE0606A062801D106
:106ED0000C201AE0606A072801D1102015E0606AD2
:106EE000082801D1202010E0606A092801D1402043
:106EF0000BE0606A0A2801D1802006E0606A0B2856
:106F000002D14FF4807000E001204FF40041B1FB4A
:106F1000F0FB02E00120079000BF00BFBBF1000FB3
:106F200000F0F287606800EB4000584503D86068C5
:106F30000003584503D20120079000F0E5BF102D53
:106F400075D006DC022D09D0042D67D0082D6FD135
:106F5000CCE0202D6DD0402DF9D14DE2FCF7A2FE02
:106F60008046606A08B9012238E0606A012801D1D0
:106F7000022233E0606A022801D104222EE0606A16
:106F8000032801D1062229E0606A042801D10822E1
:106F900024E0606A052801D10A221FE0606A062801
:106FA00001D10C221AE0606A072801D1102215E0F5
:106FB000606A082801D1202210E0606A092801D106
:106FC00040220BE0606A0A2801D1802206E0606A54
:106FD0000B2802D14FF4807200E001229446002376
:106FE00040461946F9F7D1F94FF4807300228C46D8
:106FF000A0FB031E0CFB03E300FB023360684008A8
:107000008C461CEB000643EB0201D4F804C0624638
:1070100000233046F9F7B9F981464EE204A8FCF79F
:1070200053FEDDF814E0606A20B901223BE0BFE0C6
:1070300040E282E1606A012801D1022233E0606A05
:10704000022801D104222EE0606A032801D1062221
:1070500029E0606A042801D1082224E0606A05283A
:1070600001D10A221FE0606A062801D10C221AE031
:10707000606A072801D1102215E0606A082801D152
:10708000202210E0606A092801D140220BE0606AEA
:107090000A2801D1802206E0606A0B2802D14FF451
:1070A000807200E001229446002370461946F9F7E9
:1070B0006CF94FF4807C0022A0FB0C3E01FB0CE13C
:1070C00000FB0211606840081E185141D4F804C04A
:1070D000624600233046F9F758F98146EDE1000099
:1070E000004402580090D00300093D0001A8FCF7BD
:1070F00003FFDDF808C0606A08B9012238E0606A61
:10710000012801D1022233E0606A022801D1042261
:107110002EE0606A032801D1062229E0606A042873
:1071200001D1082224E0606A052801D10A221FE06B
:10713000606A062801D10C221AE0606A072801D192
:10714000102215E0606A082801D1202210E0606A50
:10715000092801D140220BE0606A0A2801D180226F
:1071600006E0606A0B2802D14FF4807200E0012231
:107170009646002360461946F9F707F94FF48073E5
:1071800000228C46A0FB031E0CFB03E300FB023332
:10719000606840088C461CEB000643EB0201D4F803
:1071A00004C0624600233046F9F7EFF8814684E1D7
:1071B000F8480068C0F3401090B3F6480068C0F388
:1071C000C101F54820FA01FE606A08B9012239E0E0
:1071D000606A012801D1022234E0606A022801D1EC
:1071E00004222FE0606A032801D106222AE0606AA7
:1071F000042801D1082225E0606A052801D10A226D
:1072000020E0606A062801D10C221BE0606A072892
:1072100001D1102216E0606A082802D1202211E074
:1072200030E0606A092801D140220BE0606A0A2838
:1072300001D1802206E0606A0B2802D14FF48072EF
:1072400000E001229446002370461946F9F79DF8A4
:107250004FF4807300228C46A0FB031E0CFB03E35B
:1072600000FB0233606840088C461CEB000643EBD1
:107270000201D4F804C0624600233046F9F785F8CD
:10728000814659E0606A08B9012238E0606A012845
:1072900001D1022233E0606A022801D104222EE0EB
:1072A000606A032801D1062229E0606A042801D11E
:1072B000082224E0606A052801D10A221FE0606AE2
:1072C000062801D10C221AE0606A072801D1102299
:1072D00015E0606A082801D1202210E0606A0928C0
:1072E00001D140220BE0606A0A2801D1802206E029
:1072F000606A0B2802D14FF4807200E001229446AC
:107300000023A5481946F9F740F84FF4807300228E
:107310008C46A0FB031E0CFB03E300FB02336068FA
:1073200040080E1843EB0201D4F804C06246002363
:107330003046F9F72AF88146BFE0606A08B90122B1
:1073400038E0606A012801D1022233E0606A022835
:1073500001D104222EE0606A032801D1062229E02F
:10736000606A042801D1082224E0606A052801D15E
:107370000A221FE0606A062801D10C221AE0606A26
:10738000072801D1102215E0606A082801D12022C7
:1073900010E0606A092801D140220BE0606A0A28E7
:1073A00001D1802206E0606A0B2802D14FF480727E
:1073B00000E001229446002378481946F8F7E5FFDB
:1073C0004FF4807300228C46A0FB031E0CFB03E3EA
:1073D00000FB0233606840088C461CEB000643EB60
:1073E0000201D4F804C06246002300E073E0304696
:1073F000F8F7CBFF814660E0606A08B9012238E007
:10740000606A012801D1022233E0606A022801D1BA
:1074100004222EE0606A032801D1062229E0606A76
:10742000042801D1082224E0606A052801D10A223B
:107430001FE0606A062801D10C221AE0606A072862
:1074400001D1102215E0606A082801D1202210E045
:10745000606A092801D140220BE0606A0A2801D144
:10746000802206E0606A0B2802D14FF4807200E0AF
:107470000122944600234FF400401946F8F785FF97
:107480004FF4807300228C46A0FB031E0CFB03E329
:1074900000FB0233606840088C461CEB000643EB9F
:1074A0000201D4F804C0624600233046F8F76DFFAD
:1074B000814602E00120079000BF00BFB9F5407F80
:1074C00006D3B9F5801F03D22068C0F80C9034E5CC
:1074D0000120079031E5E069B0F5004F71D1082D2A
:1074E00070D005DC5DB1012D5AD0042D6BD1A7E021
:1074F000102D69D0202D68D0402DF7D11EE2FDF768
:107500003BFD8046606A08B9012038E0606A0128C6
:1075100001D1022033E0606A022801D104202EE06C
:10752000606A032801D1062029E0606A042801D19D
:10753000082024E0606A052801D10A201FE0606A63
:10754000062801D10C201AE0606A072801D110201A
:1075500015E0606A082801D1202010E0606A09283F
:1075600001D140200BE0606A0A2801D1802006E0AA
:10757000606A0B2802D14FF4807000E00120B8FB54
:10758000F0F04000616800EB5100B0FBF1F01FFA31
:1075900080F920E2004402580090D00300093D0029
:1075A000FDF7FCFC8046606A08B901203DE0606A96
:1075B000012801D1022038E0606A022806D10420A7
:1075C00033E020E288E003E2D2E06EE1606A032863
:1075D00001D1062029E0606A042801D1082024E0B6
:1075E000606A052801D10A201FE0606A062801D1DF
:1075F0000C201AE0606A072801D1102015E0606AAB
:10760000082801D1202010E0606A092801D140201B
:107610000BE0606A0A2801D1802006E0606A0B282E
:1076200002D14FF4807000E00120B8FBF0F0400080
:10763000616800EB5100B0FBF1F01FFA80F9CAE17C
:1076400004A8FCF741FB0598616A09B9012138E0FB
:10765000616A012901D1022133E0616A022901D165
:1076600004212EE0616A032901D1062129E0616A23
:10767000042901D1082124E0616A052901D10A21E8
:107680001FE0616A062901D10C211AE0616A07290D
:1076900001D1102115E0616A082901D1202110E0F3
:1076A000616A092901D140210BE0616A0A2901D1EF
:1076B000802106E0616A0B2902D14FF4807100E05D
:1076C0000121B0FBF1F04000616800EB5100B0FB1C
:1076D000F1F01FFA80F97EE101A8FCF70DFC029899
:1076E000616A09B9012138E0616A012901D10221E9
:1076F00033E0616A022901D104212EE0616A032985
:1077000001D1062129E0616A042901D1082124E080
:10771000616A052901D10A211FE0616A062901D1A8
:107720000C211AE0616A072901D1102115E0616A74
:10773000082901D1202110E0616A092901D14021E5
:107740000BE0616A0A2901D1802106E0616A0B29F8
:1077500002D14FF4807100E00121B0FBF1F0400054
:10776000616800EB5100B0FBF1F01FFA80F932E1E3
:10777000F9480068C0F3401088B3F7480068C0F3C8
:10778000C101F648C840616A09B9012139E0616A5E
:10779000012901D1022134E0616A022901D10421C9
:1077A0002FE0616A032901D106212AE0616A0429D8
:1077B00001D1082125E0616A052901D10A2120E0D3
:1077C000616A062901D10C211BE0616A072901D1F8
:1077D000102116E0616A082902D1202111E01BE086
:1077E000616A092901D140210BE0616A0A2901D1AE
:1077F000802106E0616A0B2902D14FF4807100E01C
:107800000121B0FBF1F04000616800EB5100B0FBDA
:10781000F1F01FFA80F947E0606A08B9012038E00A
:10782000606A012801D1022033E0606A022801D198
:1078300004202EE0606A032801D1062029E0606A56
:10784000042801D1082024E0606A052801D10A201B
:107850001FE0606A062801D10C201AE0606A072840
:1078600001D1102015E0606A082801D1202010E025
:10787000606A092801D140200BE0606A0A2801D122
:10788000802006E0606A0B2802D14FF4807000E08F
:107890000120B249B1FBF0F04000616800EB5100FB
:1078A000B0FBF1F01FFA80F995E0606A08B9012099
:1078B00038E0606A012801D1022033E0606A0228C2
:1078C00001D104202EE0606A032801D1062029E0BE
:1078D000606A042801D1082024E0606A052801D1EB
:1078E0000A201FE0606A062801D10C201AE0606AB5
:1078F000072801D1102015E0606A082801D1202056
:1079000010E0606A092801D140200BE0606A0A2873
:1079100001D1802006E0606A0B2802D14FF480700C
:1079200000E001208E49B1FBF0F04000616800EBFF
:107930005100B0FBF1F01FFA80F94CE0606A08B921
:10794000012038E0606A012801D1022033E0606A3A
:10795000022801D104202EE0606A032801D106200C
:1079600029E0606A042801D1082024E0606A052823
:1079700001D10A201FE0606A062801D10C201AE01C
:10798000606A072801D1102015E0606A082801D13B
:10799000202010E0606A092801D140200BE0606AD5
:1079A0000A2801D1802006E0606A0B2802D14FF43A
:1079B000807000E001204FF40041B1FBF0F0400086
:1079C000616800EB5100B0FBF1F01FFA80F902E0B2
:1079D0000120079000BF00BFB9F1100F10D3B9F517
:1079E000803F0DD24FF6F07009EA00000890C9F30D
:1079F000420108980843089008982168C86083E20B
:107A00000120079080E2082D72D005DC5DB1012DC8
:107A100053D0042D6DD1A5E0102D6BD0202D6AD050
:107A2000402D66D117E2FDF7A7FA8046606A08B9D3
:107A3000012038E0606A012801D1022033E0606A49
:107A4000022801D104202EE0606A032801D106201B
:107A500029E0606A042801D1082024E0606A052832
:107A600001D10A201FE0606A062801D10C201AE02B
:107A7000606A072801D1102015E0606A082801D14A
:107A8000202010E0606A092801D140200BE0606AE4
:107A90000A2801D1802006E0606A0B2802D14FF449
:107AA000807000E00120B8FBF0F0616800EB51004D
:107AB000B0FBF1F01FFA80F919E2FDF76FFA80468A
:107AC000606A08B901203CE0606A012801D1022007
:107AD00037E0606A022801D1042032E0606A03289E
:107AE00001D106202DE0606A042805D1082028E095
:107AF00083E0F9E1CCE066E1606A052801D10A2063
:107B00001FE0606A062801D10C201AE0606A07288D
:107B100001D1102015E0606A082801D1202010E072
:107B2000606A092801D140200BE0606A0A2801D16F
:107B3000802006E0606A0B2802D14FF4807000E0DC
:107B40000120B8FBF0F0616800EB5100B0FBF1F0F0
:107B50001FFA80F9CBE10000004402580090D003E6
:107B600000093D0004A8FCF7AFF80598616A09B95F
:107B7000012138E0616A012901D1022133E0616A03
:107B8000022901D104212EE0616A032901D10621D5
:107B900029E0616A042901D1082124E0616A0529EC
:107BA00001D10A211FE0616A062901D10C211AE0E6
:107BB000616A072901D1102115E0616A082901D104
:107BC000202110E0616A092901D140210BE0616A9E
:107BD0000A2901D1802106E0616A0B2902D14FF404
:107BE000807100E00121B0FBF1F0616800EB510011
:107BF000B0FBF1F01FFA80F979E101A8FCF77CF9FC
:107C00000298616A09B9012138E0616A012901D14C
:107C1000022133E0616A022901D104212EE0616A68
:107C2000032901D1062129E0616A042901D1082133
:107C300024E0616A052901D10A211FE0616A062951
:107C400001D10C211AE0616A072901D1102115E048
:107C5000616A082901D1202110E0616A092901D156
:107C600040210BE0616A0A2901D1802106E0616AA6
:107C70000B2902D14FF4807100E00121B0FBF1F03B
:107C8000616800EB5100B0FBF1F01FFA80F92EE1C2
:107C9000A3480068C0F3401088B3A1480068C0F34F
:107CA000C101A048C840616A09B9012139E0616A8F
:107CB000012901D1022134E0616A022901D10421A4
:107CC0002FE0616A032901D106212AE0616A0429B3
:107CD00001D1082125E0616A052901D10A2120E0AE
:107CE000616A062901D10C211BE0616A072901D1D3
:107CF000102116E0616A082902D1202111E01AE062
:107D0000616A092901D140210BE0616A0A2901D188
:107D1000802106E0616A0B2902D14FF4807100E0F6
:107D20000121B0FBF1F0616800EB5100B0FBF1F014
:107D30001FFA80F946E0606A08B9012038E0606AFD
:107D4000012801D1022033E0606A022801D1042019
:107D50002EE0606A032801D1062029E0606A042829
:107D600001D1082024E0606A052801D10A201FE023
:107D7000606A062801D10C201AE0606A072801D148
:107D8000102015E0606A082801D1202010E0606A08
:107D9000092801D140200BE0606A0A2801D1802027
:107DA00006E0606A0B2802D14FF4807000E00120E9
:107DB0005C49B1FBF0F0616800EB5100B0FBF1F001
:107DC0001FFA80F993E0606A08B9012038E0606A20
:107DD000012801D1022033E0606A022801D1042089
:107DE0002EE0606A032801D1062029E0606A042899
:107DF00001D1082024E0606A052801D10A201FE093
:107E0000606A062801D10C201AE0606A072801D1B7
:107E1000102015E0606A082801D1202010E0606A77
:107E2000092801D140200BE0606A0A2801D1802096
:107E300006E0606A0B2802D14FF4807000E0012058
:107E40003949B1FBF0F0616800EB5100B0FBF1F093
:107E50001FFA80F94BE0606A08B9012038E0606AD7
:107E6000012801D1022033E0606A022801D10420F8
:107E70002EE0606A032801D1062029E0606A042808
:107E800001D1082024E0606A052801D10A201FE002
:107E9000606A062801D10C201AE0606A072801D127
:107EA000102015E0606A082801D1202010E0606AE7
:107EB000092801D140200BE0606A0A2801D1802006
:107EC00006E0606A0B2802D14FF4807000E00120C8
:107ED0004FF40041B1FBF0F0616800EB5100B0FBE2
:107EE000F1F01FFA80F902E00120079000BF00BF07
:107EF000B9F1100F06D3B9F5803F03D22068C0F85E
:107F00000C9001E0012007900120A4F86A00A4F879
:107F100068000020E0662067079809B0BDE8F08F90
:107F2000004402580090D00300093D002DE9F041C3
:107F300004460D4617469846069E4AE0701C0028E7
:107F400047D0FBF759FDA0EB0800B04200D8C6B9F6
:107F50002068006820F4D07021680860206880687C
:107F600020F00100216888602020C4F88000C4F857
:107F7000840000BF002084F87C0000BF0320BDE81F
:107F8000F0812068006800F0040010B32068C06928
:107F9000C0F3C020E8B14FF4006021680862206897
:107FA000006820F4D070216808602068806820F0A4
:107FB0000100216888602020C4F88000C4F8840093
:107FC000C4F8880000BF002084F87C0000BF0320B4
:107FD000D5E72068C0692840A84201D1012000E00F
:107FE0000020B842AAD00020C9E7000070B50024E4
:107FF0000F4D1048FDF7F4FC00BF03E0641CAC42D9
:1080000000D904E00B48FDF7E3FC2028F6D100BFBF
:10801000002403E0641CAC4200D906E001220649BA
:108020000448FDF77FFE0028F4D100BF70BD0000BA
:10803000FFFF0100E80000241200002400BFFEE75B
:1080400002480068C0F30220704700000CED00E019
:1080500010B5002804DB0A07130E054A135406E086
:108060000A07140E034A00F00F031B1FD45410BD5F
:1080700000E400E018ED00E000BF704770B5FF2499
:108080000025012143F2230001F0E2FC082143F224
:10809000220001F0DDFC09E0012001F0EDFC43F2DB
:1080A000230000F023FA0446681C85B21CB141F29B
:1080B00088308542F0DB0CB1052070BDFF2400251F
:1080C000012143F2230001F0C3FC042143F222000A
:1080D00001F0BEFC09E0012001F0CEFC43F22300D8
:1080E00000F004FA0446681C85B21CB141F28830E5
:1080F0008542F0DB0CB10520DFE70020DDE7000062
:108100002DE9F0410026002720214FF4405001F0D6
:108110009FFC4FF40045002407E02848015D2846F5
:1081200001F096FC681C85B2641C40F6ED70844238
:10813000F3D3002143F2220001F08AFC002143F234
:10814000230001F085FC002143F2240001F080FCB3
:10815000002143F2250001F07BFC002143F22600C0
:1081600001F076FC002143F2270001F071FC0021B0
:1081700043F2280001F06CFC7F2143F2290001F05A
:1081800067FC00214FF4405001F062FC09E001203F
:1081900001F072FC43F2290000F0A8F90646781CB1
:1081A00087B2702E03D041F288308742EFDB702E09
:1081B00002D00520BDE8F0810020FBE752A70008AF
:1081C00010B508480849086000204860202106488A
:1081D00081600021C1600161416181610162F8F744
:1081E000EFFE10BD00000248DC0100242DE9F04143
:1081F00004460D4616461F461248806C056111481C
:10820000806C86610F49886CFAF776FE00200D4974
:1082100081F8500008460068C06840F00100096815
:10822000C8603B46224602210648F9F7D1F800BF54
:10823000044890F850000028FAD00248F9F758F99D
:10824000BDE8F081DC01002410B500BF00228021D0
:108250000D48FBF7C4FB00BF142001F00DFC00BF6C
:10826000002210210948FBF7BAFB00BF052001F0EE
:1082700003FC00BF012280210348FBF7B0FB00BFD5
:10828000142001F0F9FB10BD00000258000802584C
:1082900010B543F20A0000F029F9040243F20B0082
:1082A00000F024F90443204610BD00002DE9F047FA
:1082B00081460F469046062F3FD2DFE807F0030CB9
:1082C00016202A340024002524480089234949899E
:1082D00000FB01F634E04FF4806400251F4800895C
:1082E0001E49498900FB01F62AE000244FF400559D
:1082F0001A480089194949894843460820E04FF443
:108300008064E500154800891449498948434608B6
:1083100016E000244FF48045104800890F49498930
:10832000484386080CE04FF4806425010B4800891F
:108330000A4949894843860802E00220BDE8F087DF
:1083400000BFB8F1000F00D0C04733462A4621468F
:108350004846FFF74BFF0020F0E70000CE01002465
:108360002DE9F047642001F087FB43F6080000F098
:10837000BDF8044643F6090000F0B8F8054643F698
:108380000A0000F0B3F8064643F60B0000F0AEF822
:10839000074604F00F0045EA002806F0070047EA08
:1083A00000290348A0F80880A0F80A90BDE8F087EB
:1083B000CE01002400B587B0142102A8F8F704F913
:1083C00000BF00BF2148006840F001001F4908605D
:1083D0000846006800F00100019000BF00BF00BF28
:1083E00000BF00BF0846006840F00400086008466F
:1083F000006800F00400019000BF00BF00BF8020B3
:1084000002900120039004900220059002A91048D8
:10841000FBF7D0F910200290012003900490022075
:10842000059002A90B48FBF7C5F900BF0122802186
:108430000748FBF7D4FA00BF00BF0122102105480E
:10844000FBF7CDFA00BF07B000BD0000E0440258C2
:10845000000002580008025810B500BF0022802119
:108460000848FBF7BCFA00BF142001F005FB00BF71
:10847000012280210348FBF7B2FA00BF142001F06B
:10848000FBFA10BD0000025810B5FFF793FFFFF78D
:10849000DBFEFFF7E1FF00F07BF801F0C3FAFFF726
:1084A000F7FE0446214607A0F7F7E6FF45F24060D5
:1084B000844201D0012010BD00F006F8FFF780FED5
:1084C0000020F8E725780A0010B5002409E0064AE4
:1084D00002EB84029178044A32F8240001F0B8FAE1
:1084E000641CCF2CF3D310BDBEA2000838B50446DF
:1084F0000020009021463C2000F018F869463C20FE
:1085000000F003F89DF8000038BD70B504460D4634
:1085100000F0FEF8012101EB4401C8B200F03EF981
:10852000284600F07BF800F019F970BD70B50546DB
:108530000C4600F0EDF8002141EA4501C8B200F018
:108540002DF9200A00F02AF9E0B200F027F900F036
:1085500005F970BD70B505460C46164600F0D8F812
:10856000002141EA4501C8B200F018F9200A00F0E4
:1085700015F9E0B200F012F9304600F00FF900F002
:10858000EDF870BD10B5052001F090FA10BD0000A7
:1085900000B587B0142102A8F8F716F800BF00BF95
:1085A0001C48006840F002001A490860084600684C
:1085B00000F00200019000BF00BF00BF00BF00BF7D
:1085C0000846006840F0020008600846006800F0B5
:1085D0000200019000BF00BF00BF4FF48060029016
:1085E0000120039004900220059002A90A48FBF79D
:1085F000E1F84FF400600290012003900490022003
:10860000059002A90448FBF7D5F800F0A7F807B0D9
:1086100000BD0000E04402580004025870B5044652
:1086200000F048F807251FE0FFF7ACFF00BF01226C
:1086300091021F48FBF7D3F900BF4FF400611C48BB
:10864000FBF7BCF90646207806FA05F108432070CE
:10865000FFF798FF00BF00224FF480611448FBF73A
:10866000BEF900BF681E45B2002DDDDAFFF78AFFB4
:1086700000BF012291020E48FBF7B1F900BFFFF7DE
:1086800081FF00BF00224FF480610948FBF7A7F982
:1086900000BFFFF777FF00BF00224FF400610448DE
:1086A000FBF79DF900BFFFF76DFF00F01BF870BDF1
:1086B0000004025800B585B014216846F7F784FF1E
:1086C0004FF40060009000200190012002900220F1
:1086D000039069460248FBF76DF805B000BD000045
:1086E0000004025800B585B014216846F7F76CFF06
:1086F0004FF400600090012001900290022003904E
:1087000069460248FBF756F805B000BD0004025860
:1087100010B500BF0122D1020F48FBF760F900BF7E
:1087200000BF012291020C48FBF759F900BFFFF787
:1087300029FF00BF00224FF400610748FBF74FF903
:1087400000BFFFF71FFF00BF00224FF48061024807
:10875000FBF745F900BF10BD0004025810B500BF7B
:1087600000224FF400610C48FBF739F900BFFFF716
:1087700009FF00BF012291020748FBF730F900BF53
:10878000FFF700FF00BF0122D1020348FBF727F9E2
:1087900000BFFFF7F7FE10BD0004025870B5064693
:1087A000072427E046FA04F000F0010500BF2DB1D0
:1087B0000122D1021E48FBF712F905E000224FF416
:1087C00000611B48FBF70BF900BFFFF7DBFE00BFA2
:1087D000012291021648FBF702F900BFFFF7D2FE13
:1087E00000BF00224FF480611148FBF7F8F800BF8A
:1087F000601E44B2002CD5DA00BF0122D1020C4821
:10880000FBF7EDF800BFFFF7BDFE00BF01229102AC
:108810000748FBF7E4F800BFFFF7B4FE00BF0022F3
:108820004FF480610248FBF7DAF800BF70BD00002A
:108830000004025810B50446092C6FD2DFE804F09A
:10884000051A2F44596F8499AE00FF2145F20100AB
:1088500001F0FEF8402145F2875001F0F9F80421BB
:108860004FF4AB4001F0F4F8012145F2885001F0DB
:10887000EFF8AAE0FF2145F2010001F0E9F830210C
:1088800045F2875001F0E4F804214FF4AB4001F0C9
:10889000DFF8012145F2885001F0DAF895E0FF2178
:1088A00045F2010001F0D4F8202145F2875001F093
:1088B000CFF804214FF4AB4001F0CAF8012145F292
:1088C000885001F0C5F880E0FF2145F2010001F079
:1088D000BFF8102145F2875001F0BAF804214FF497
:1088E000AB4001F0B5F8012145F2885001F0B0F835
:1088F0006BE0FF2145F2010001F0AAF8002145F2EA
:10890000875001F0A5F804214FF4AB4001F0A0F826
:10891000012145F2885001F09BF856E053E0FF2119
:1089200045F2010001F094F8102145F2875001F062
:108930008FF804214FF4AB4001F08AF8092145F289
:10894000885001F085F840E0FF2145F2010001F078
:108950007FF8202145F2875001F07AF804214FF486
:10896000AB4001F075F8092145F2885001F070F82C
:108970002BE0FF2145F2010001F06AF8302145F2B9
:10898000875001F065F804214FF4AB4001F060F826
:10899000092145F2885001F05BF816E0FF2145F20D
:1089A000010001F055F8402145F2875001F050F8E0
:1089B00004214FF4AB4001F04BF8092145F28850F7
:1089C00001F046F801E0022010BD00BF0020FBE7E7
:1089D00010B50446092C6ED2DFE804F0051F3953A8
:1089E0006E88A2BCD600FF2145F2010001F030F8EC
:1089F000802145F2835001F02BF8802145F284500C
:108A000001F026F802214FF4AB4001F021F841219A
:108A100045F2885001F01CF8D2E0FF2145F2010038
:108A200001F016F8702145F2835001F011F8702121
:108A300045F2845001F00CF802214FF4AB4001F0F4
:108A400007F8412145F2885001F002F8B8E0FF2113
:108A500045F2010000F0FCFF602145F2835000F078
:108A6000F7FF602145F2845000F0F2FF02214FF43D
:108A7000AB4000F0EDFF412145F2885000F0E8FFE7
:108A80009EE0FF2145F2010000F0E2FF502145F297
:108A9000835000F0DDFF502145F2845000F0D8FFF4
:108AA00002214FF4AB4000F0D3FF412145F2885042
:108AB00000F0CEFF84E081E0FF2145F2010000F0EC
:108AC000C7FF402145F2835000F0C2FF402145F22C
:108AD000845000F0BDFF02214FF4AB4000F0B8FF1E
:108AE000412145F2885000F0B3FF69E0FF2145F2D3
:108AF000010000F0ADFF302145F2835000F0A8FFE7
:108B0000302145F2845000F0A3FF02214FF4AB4026
:108B100000F09EFF412145F2885000F099FF4FE0A0
:108B2000FF2145F2010000F093FF202145F2835020
:108B300000F08EFF202145F2845000F089FF0221D1
:108B40004FF4AB4000F084FF412145F2885000F023
:108B50007FFF35E0FF2145F2010000F079FF102191
:108B600045F2835000F074FF102145F2845000F06C
:108B70006FFF02214FF4AB4000F06AFF412145F244
:108B8000885000F065FF1BE0FF2145F2010000F076
:108B90005FFF002145F2835000F05AFF002145F2AB
:108BA000845000F055FF02214FF4AB4000F050FF1D
:108BB000412145F2885000F04BFF01E0022010BD3A
:108BC00000BF0020FBE710B50446092C6ED2DFE899
:108BD00004F0051F39536E88A2BCD600FF2145F270
:108BE000010000F035FF04214FF4AB4000F030FFEE
:108BF000302145F2865000F02BFF302145F28550A0
:108C000000F026FF412145F2885000F021FFD2E01C
:108C1000FF2145F2010000F01BFF04214FF4AB409F
:108C200000F016FF2C2145F2865000F011FF2C2198
:108C300045F2855000F00CFF412145F2885000F0CC
:108C400007FFB8E0FF2145F2010000F001FF042119
:108C50004FF4AB4000F0FCFE282145F2865000F0B6
:108C6000F7FE282145F2855000F0F2FE412145F241
:108C7000885000F0EDFE9EE0FF2145F2010000F07B
:108C8000E7FE04214FF4AB4000F0E2FE242145F260
:108C9000865000F0DDFE242145F2855000F0D8FE1C
:108CA000412145F2885000F0D3FE84E081E0FF21AD
:108CB00045F2010000F0CCFE04214FF4AB4000F07F
:108CC000C7FE202145F2865000F0C2FE202145F269
:108CD000855000F0BDFE412145F2885000F0B8FEFD
:108CE00069E0FF2145F2010000F0B2FE04214FF4DB
:108CF000AB4000F0ADFE1C2145F2865000F0A8FE0E
:108D00001C2145F2855000F0A3FE412145F2885018
:108D100000F09EFE4FE0FF2145F2010000F098FEBA
:108D200004214FF4AB4000F093FE182145F2865029
:108D300000F08EFE182145F2855000F089FE412199
:108D400045F2885000F084FE35E0FF2145F2010035
:108D500000F07EFE04214FF4AB4000F079FE1421B8
:108D600045F2865000F074FE142145F2855000F063
:108D70006FFE412145F2885000F06AFE1BE0FF21A2
:108D800045F2010000F064FE04214FF4AB4000F016
:108D90005FFE102145F2865000F05AFE102145F288
:108DA000855000F055FE412145F2885000F050FEFC
:108DB00001E0022010BD00BF0020FBE710B5044613
:108DC0000B2C7CD2DFE804F00625446384A3C2E1C7
:108DD000FEFDFC00102143F60F2000F039FE0821B3
:108DE00043F6102000F034FE102143F61B2000F063
:108DF0002FFE082143F61E2000F02AFE202143F614
:108E0000112000F025FE102143F61F2000F020FE67
:108E10003DE1182143F60F2000F01AFE102143F621
:108E2000102000F015FE182143F61B2000F010FE64
:108E3000102143F61E2000F00BFE302143F61120D6
:108E400000F006FE102143F61F2000F001FE1EE197
:108E5000202143F60F2000F0FBFD182143F61020DF
:108E600000F0F6FD412143F6112000F0F1FD202134
:108E700043F61B2000F0ECFD182143F61E2000F005
:108E8000E7FD102143F61F2000F0E2FDFFE028215E
:108E900043F60F2000F0DCFD202143F6102000F007
:108EA000D7FD512143F6112000F0D2FD282143F6D1
:108EB0001B2000F0CDFD202143F61E2000E0E4E061
:108EC00000F0C6FD102143F61F2000F0C1FDDEE0DA
:108ED000302143F60F2000F0BBFD282143F610207F
:108EE00000F0B6FD612143F6112000F0B1FD302104
:108EF00043F61B2000F0ACFD282143F61E2000F0B5
:108F0000A7FD102143F61F2000F0A2FDBFE038218D
:108F100043F60F2000F09CFD302143F6102000F0B6
:108F200097FD612143F6112000F092FD382143F6B0
:108F30001B2000F08DFD302143F61E2000F088FD3F
:108F4000102143F61F2000F083FDA0E0402143F6EE
:108F50000F2000F07DFD382143F6102000F078FD51
:108F6000712143F6112000F073FD402143F61B20D0
:108F700000F06EFD382143F61E2000F069FD10213F
:108F800043F61F2000F064FD81E0482143F60F20E6
:108F900000F05EFD402143F6102000F059FD8021D5
:108FA00043F6112000F054FD482143F61B2000F049
:108FB0004FFD402143F61E2000F04AFD202102E033
:108FC00044E024E004E043F61F2000F041FD5EE0B1
:108FD000502143F60F2000F03BFD482143F61020BE
:108FE00000F036FD902143F6112000F031FD5021B4
:108FF00043F61B2000F02CFD482143F61E2000F014
:1090000027FD202143F61F2000F022FD3FE05821DC
:1090100043F60F2000F01CFD502143F6102000F015
:1090200017FD912143F6112000F012FD582143F65F
:109030001B2000F00DFD502143F61E2000F008FD1E
:10904000202143F61F2000F003FD20E0602143F6BD
:109050000F2000F0FDFC582143F6102000F0F8FC32
:10906000A02143F6112000F0F3FC602143F61B2001
:1090700000F0EEFC582143F61E2000F0E9FC202110
:1090800043F61F2000F0E4FC01E0022010BD00BF09
:109090000020FBE710B504460C2C6FD2DFE804F08B
:1090A00006203A546F89A3BDD7F4F2F1FF2145F2AF
:1090B000010000F0CDFC01214FF4AB4000F0C8FCF2
:1090C000802145F2815000F0C3FC002145F282501E
:1090D00000F0BEFC322145F2885000F0B9FC23E1DB
:1090E000FF2145F2010000F0B3FC01214FF4AB4039
:1090F00000F0AEFC6F2145F2815000F0A9FC402148
:1091000045F2825000F0A4FC322145F2885000F074
:109110009FFC09E1FF2145F2010000F099FC0121CB
:109120004FF4AB4000F094FC402145F2815000F038
:109130008FFC6F2145F2825000F08AFC322145F20B
:10914000885000F085FCEFE0FF2145F2010000F0BF
:109150007FFC01214FF4AB4000F07AFC002145F286
:10916000815000F075FC802145F2825000F070FCC7
:10917000022145F2885000F06BFCD5E0D2E0FF21DF
:1091800045F2010000F064FC01214FF4AB4000F017
:109190005FFC402145F2815000F05AFC6F2145F2FE
:1091A000825000F055FC022145F2885000F050FC3E
:1091B000BAE0FF2145F2010000F04AFC01214FF422
:1091C000AB4000F045FC6F2145F2815000F040FCBF
:1091D000402145F2825000F03BFC022145F28850CC
:1091E00000F036FCA0E0FF2145F2010000F030FC69
:1091F00001214FF4AB4000F02BFC802145F281505F
:1092000000F026FC002145F2825000F021FC0121F3
:1092100045F2885000F01CFC86E0FF2145F2010079
:1092200000F016FC01214FF4AB4000F011FC6F215F
:1092300045F2815000F00CFC402145F2825000F0D4
:1092400007FC012145F2885000F002FC6CE0FF2190
:1092500045F2010000F0FCFB01214FF4AB4000F0AF
:10926000F7FB402145F2815000F0F2FB6F2145F2FF
:10927000825000F0EDFB012145F2885000F0E8FB40
:1092800052E035E01AE0FFE7FF2145F2010000F06F
:10929000DFFB01214FF4AB4000F0DAFB002145F287
:1092A000815000F0D5FB802145F2825000F0D0FBC8
:1092B000312145F2885000F0CBFB35E0FF2145F22B
:1092C000010000F0C5FB01214FF4AB4000F0C0FBF2
:1092D000402145F2815000F0BBFB6F2145F28250E6
:1092E00000F0B6FB312145F2885000F0B1FB1BE0E5
:1092F000FF2145F2010000F0ABFB01214FF4AB4030
:1093000000F0A6FB6F2145F2815000F0A1FB402147
:1093100045F2825000F09CFB312145F2885000F06C
:1093200097FB01E0022010BD00BF0020FBE710B555
:109330000446062C78D2DFE804F003788DB1D5FA24
:10934000002143F2064000F083FB042145F2921015
:1093500000F07EFBF82145F2911000F079FB7021BE
:1093600045F2931000F074FBF02145F2941000F0E8
:109370006FFBF02145F2951000F06AFB3D2145F2AC
:109380008D1000F065FB542145F28F1000F060FB5A
:109390003D2145F28E1000F05BFB542145F2901008
:1093A00000F056FBA82145F28B1000F051FBA821DC
:1093B00045F28C1000F04CFB182145F2871000F0AC
:1093C00047FB182145F2881000F042FB6E2145F260
:1093D000891000F03DFB682145F28A1000F038FB4F
:1093E0001C2145F2861000F033FB502145F281101C
:1093F00000F02EFB252145F2841000F029FB1121FD
:1094000045F2821000F024FB142145F2831000F095
:109410001FFB252145F2841000F01AFB242145F2A0
:10942000851000F015FBA8E0A5E0002143F20640FE
:1094300000F00EFB942145F2831000F009FBFF21A0
:1094400045F2911000F004FB002145F2921000F06B
:10945000FFFA92E0012143F2064000F0F9FA0621FA
:109460004FF4505000F0F4FA1C2143F2014000F098
:10947000EFFA042143F2024000F0EAFA002143F23D
:10948000034000F0E5FA042143F2044000F0E0FA62
:10949000F32143F2054000F0DBFA6EE0012143F2D4
:1094A000064000F0D5FA04214FF4505000F0D0FAF5
:1094B000102143F2014000F0CBFA042143F20240B4
:1094C00000F0C6FA002143F2034000F0C1FA08217F
:1094D00043F2044000F0BCFAB62143F2054000F02C
:1094E000B7FA4AE0012143F2064000F0B1FA052143
:1094F0004FF4505000F0ACFA482143F2014000F024
:10950000A7FA042143F2024000F0A2FA002143F23C
:10951000034000F09DFA072143F2044000F098FA5E
:10952000CF2143F2054000F093FA26E0FFE7012146
:1095300043F2064000F08CFA06214FF4505000F040
:1095400087FA482143F2014000F082FA042143F2F5
:10955000024000F07DFA002143F2034000F078FA67
:10956000042143F2044000F073FAD32143F2054092
:1095700000F06EFA01E0022010BD00BF0020FBE702
:1095800070B5064636B1012E20D0022E3AD0032EF9
:1095900071D154E043F62000FEF7A8FF044604F022
:1095A000F90400BF214643F6200000F051FA43F6CB
:1095B0002100FEF79BFF054605F0F90545F006057D
:1095C000294643F6210000F043FA56E043F6200016
:1095D000FEF78CFF044604F0F90444F0060421462B
:1095E00043F6200000F034FA43F62100FEF77EFF38
:1095F000054605F0F90500BF294643F6210000F0B5
:1096000027FA3AE043F62000FEF770FF044604F024
:10961000F90444F00604214643F6200000F018FA4D
:1096200043F62100FEF762FF054605F0F90545F017
:109630000605294643F6210000F00AFA1DE043F62C
:109640002000FEF753FF044604F0F90400BF214652
:1096500043F6200000F0FCF943F62100FEF746FF38
:10966000054605F0F90500BF294643F6210000F044
:10967000EFF902E0FFE7022070BD00BF0020FBE72A
:1096800070B5054615B1012D1ED10EE0002409E08C
:10969000104A02EB840291780E4A32F8240000F05E
:1096A000D7F9641C2D2CF3D310E0002409E00A4AFA
:1096B00002EB84029178084A32F8240000F0C8F9DD
:1096C000641C292CF3D301E0022070BD00BF0020F0
:1096D000FBE70000FAA50008AEA600082DE9F04758
:1096E00004460D4643F60800FEF700FF064643F623
:1096F0000A00FEF7FBFE074626F00F06C4F3032020
:10970000064304F0FF0827F00707C5F302200743CC
:1097100005F0FF09032143F2122000F099F93146C8
:1097200043F6080000F094F9414643F6090000F0C2
:109730008FF9394643F60A0000F08AF9494643F6A4
:109740000B0000F085F9132143F2122000F080F99C
:10975000A32143F2122000F07BF9FEF701FE002066
:10976000BDE8F08710B504460A2C7CD2DFE804F08F
:1097700005101B26313C47525D68652145F20830D3
:1097800000F066F9002145F2023000F061F989E04D
:10979000652145F2083000F05BF9022145F2023004
:1097A00000F056F97EE0652145F2083000F050F9EE
:1097B000042145F2023000F04BF973E0652145F2D7
:1097C000083000F045F9082145F2023000F040F978
:1097D00068E0652145F2083000F03AF90C2145F2C5
:1097E000023000F035F95DE0652145F2083000F007
:1097F0002FF9102145F2023000F02AF952E06521DC
:1098000045F2083000F024F9142145F2023000F04E
:109810001FF947E0652145F2083000F019F91821D9
:1098200045F2023000F014F93CE0652145F20830C1
:1098300000F00EF9202145F2023000F009F931E084
:10984000252145F2083000F003F908214FF4A64025
:1098500000F0FEF8302145F2013000F0F9F8102157
:1098600045F2023000E01BE000F0F2F8002145F282
:10987000033000F0EDF8082145F2093000F0E8F877
:10988000302145F20A3000F0E3F8042145F20B30B4
:1098900000F0DEF8062145F20C3000F0D9F801E0C6
:1098A000022010BD00BF0020FBE710B50446072CC6
:1098B00079D2DFE804F0040F24394E6379007F2168
:1098C00045F2010000F0C4F800214FF4AB4000F075
:1098D000BFF876E0FF2145F2010000F0B9F8182149
:1098E0004FF4AB4000F0B4F8802145F2835000F013
:1098F000AFF8802145F2845000F0AAF861E0FF2122
:1099000045F2010000F0A4F818214FF4AB4000F03C
:109910009FF8A02145F2835000F09AF8402145F2CB
:10992000845000F095F84CE0FF2145F2010000F072
:109930008FF818214FF4AB4000F08AF8402145F22F
:10994000835000F085F8A02145F2845000F080F8A3
:1099500037E0FF2145F2010000F07AF818214FF4BA
:10996000AB4000F075F8802145F2835000F070F8AC
:10997000C02145F2845000F06BF822E0FF2145F24F
:10998000010000F065F818214FF4AB4000F060F8DA
:10999000602145F2835000F05BF8602145F284506D
:1099A00000F056F80DE00AE0FF2145F2010000F05A
:1099B0004FF840214FF4AB4000F04AF801E002209C
:1099C00010BD00BF0020FBE710B5044624B1012CF8
:1099D0000DD0022C21D115E0002145F23D0000F010
:1099E00037F8002144F2417000F032F817E080218E
:1099F00045F23D0000F02CF8002144F2417000F0E7
:109A000027F80CE0822145F23D0000F021F800210A
:109A100044F2417000F01CF801E0022010BD00BFCC
:109A20000020FBE710B543F20310FEF75FFD04468C
:109A300024F00204214643F2031000F009F88221C9
:109A400043F2080000F004F80A2000F015F810BDF9
:109A500070B504460D462A4621463C20FEF77AFDA5
:109A600070BD000010B504460420FBF77FFF0148DD
:109A7000046010BD0800002470B504461E2094FB4D
:109A8000F0F594FBF0F100FB114604E047F2305092
:109A900000F00CF86D1E002DF8D12EB14FF47A7144
:109AA00006FB01F000F002F870BD000070B503463F
:109AB00000224FF0E02675690D4E366803FB06F470
:109AC0004FF0E026B16910E04FF0E026B06988421F
:109AD0000BD0884202D20E1A324402E02E1A0E44F3
:109AE00032440146A24200D300E0EDE700BF70BD62
:109AF0000800002410B50021084600F0ADF800F081
:109B000053F910BDFEF7C0FC0446214637A0F6F716
:109B1000B3FC0020FFF7B4FD2044C4B2FEF7F0FA16
:109B20002044C4B2FEF7AAFA2044C4B20020FFF7D2
:109B3000FEFB2044C4B20420FEF74AFF2044C4B216
:109B40000420FEF777FE2044C4B20420FFF73BF860
:109B50002044C4B20620FFF79DFA2044C4B200207E
:109B6000FFF7A3FE2044C4B20520FFF727F92044E5
:109B7000C4B20020FFF7F6FD2044C4B20120FFF775
:109B8000FFFC2044C4B2214618A0F6F775FC002063
:109B9000FFF71AFF2044C4B216480088B0F5F07FE2
:109BA00002D14FF4207501E0124845881149088818
:109BB0002946FFF793FD2044C4B26CB10EA0F6F71E
:109BC0005BFC08E000BF10211248F9F7FFFE00BF60
:109BD000C820FFF751FFF5E70FA0F6F74DFC04E0B2
:109BE000144A02211448FEF761FBF9E725640D0AC7
:109BF00000000000C001002441544B2D4D43353678
:109C0000343020696E6974206661696C6564210D69
:109C10000A0000000004025841544B2D4D433536D4
:109C2000343020696E6974206F6B6B6B6B6B6B6B80
:109C3000210D0A00F59A00080000106000BF054AD7
:109C4000D26902F04002002AF9D0C2B2014B9A62F6
:109C5000704700000010014010B502460C46454810
:109C6000808841F66311884247D142488079A8B97B
:109C700040480088401E801A82B23E49488900F060
:109C800087F8002000F078F8002000F075F8101236
:109C900000F072F8D0B200F06FF816E0354948894C
:109CA00000F076F8101200F067F8D0B200F064F817
:109CB00030490988491EC1F30F2000F05DF82D4995
:109CC0000978491EC8B200F057F82A49888900F07F
:109CD0005FF8201200F050F8E0B200F04DF825498E
:109CE0004988491EC1F30F2000F046F821498978C0
:109CF000491EC8B200F040F83AE01E48808845F29C
:109D00001051884220D11B49488900F041F81012B7
:109D100000F032F817494989491C88B200F038F838
:109D2000D0B200F029F81349888900F031F82012E8
:109D300000F022F80F498989491C88B200F028F800
:109D4000E0B200F019F813E00A49488900F020F861
:109D5000101200F011F8D0B200F00EF80549888911
:109D600000F016F8201200F007F8E0B200F004F856
:109D700010BD0000C001002401B5BDF80000009036
:109D8000BDF800000149088008BD00000000106017
:109D900001B5BDF800000090BDF800000149088041
:109DA00008BD0000FEFF0F600248008902490880DC
:109DB00070470000C0010024FEFF0F6010B500F0E6
:109DC000A3F8F9F72BFE042302221146F02000F03D
:109DD00095F94FF4F070FFF745FE4FF4E13000F0D5
:109DE00041FA00F004F8FFF78DFE002010BD1FB50A
:109DF000012000220323CDE90120009303901346A4
:109E000002461021400700F04FF8012000220323F2
:109E1000CDE9012000930390134602221221480647
:109E200000F042F8012000220323CDE90120009335
:109E30000390134603221221100700F035F8012089
:109E400000220323CDE9012000930390134604224E
:109E50000F214FF0605000F027F800200323CDE9D8
:109E60000030029003460522192103904FF0C040B4
:109E700000F01AF8012000220323CDE9012000930D
:109E80000390134606221921500700F00DF8002018
:109E90000323CDE900300290012307221B21039008
:109EA000C80700F001F81FBD2DE9FF5F04460D460D
:109EB00016461F46DDE910ABDDE90E89F9F738FEDD
:109EC00001208DF80000F0B28DF801000194E8B295
:109ED0008DF8080000208DF809008DF80A008DF833
:109EE0000B808DF80C708DF80D908DF80EA08DF80C
:109EF0000FB06846F9F7EEFD0420F9F72FFE0020B9
:109F000004B0BDE8F09F000010B5FCF7F5F9FCF7D0
:109F1000A5F90348006840F004000149086010BD3D
:109F20009CEF00E030B587B00546002400BF6A48CA
:109F3000006840F00200684908600846006800F0C8
:109F40000200019000BF00BF00BF0846006840F05B
:109F5000080008600846006800F00800019000BF93
:109F600000BF00BF0846006840F0100008600846C7
:109F7000006800F01000019000BF00BF00BF56480D
:109F80000C38006840F4804053490C39086008469A
:109F9000006800F48040019000BF00BF40200290A4
:109FA0000220039003200590012004900A200690CF
:109FB00002A94A48F9F7FEFB042002900920069006
:109FC00002A94648F9F7F6FB4FF4605002900920C9
:109FD000069002A94248F9F7EDFB042002900920FF
:109FE000069002A93F48F9F7E5FB3B486438006852
:109FF00040F480403849643908600846006820F41D
:10A000008040086000BF3848806800F020000028C9
:10A01000F9D1364834490860354848600846006838
:10A0200040F00100086000BF2F48806800F0200069
:10A030000028F9D14FF483702B49486100BF2A48AA
:10A04000806800F002000028F9D02748C06840F07E
:10A0500002002549C86000BF2348806800F0200046
:10A060000028F9D12049C861EB2444F4807444F4F9
:10A070004064A81C44EA003444F4404400BF44F463
:10A08000801444F0407444F0406408464461194828
:10A09000006820F480301749086016487030006866
:10A0A00020F001001349703108600020091D08608C
:10A0B0004FF01040091D08600F48091D0860052079
:10A0C0000C49703108600B48006840F48030094941
:10A0D000086007B030BD0000E04402580004025898
:10A0E000000C0258001002580050005210030001EA
:10A0F0000102180024ED00E02D0003032DE9F041DA
:10A10000CCB080460D4616461F46002451480068D4
:10A1100020F004004F49086000BF002001904E4825
:10A12000006820F001004C4908600846006800F013
:10A130000100019047480C30006840F44040454918
:10A140000C3108600846006800F44040019000BFF0
:10A1500000BF00BF3F480C30006800F40050B0F56D
:10A16000005FF7D1212031904FF4803032900020F1
:10A17000349038900120379002203A90022131A883
:10A180008162CDF8F480C562466387630021416433
:10A190000821016400218164FBF728F804461CB102
:10A1A00001204CB0BDE8F0813F2044900320459051
:10A1B00000204690082047904020499000014A9096
:10A1C000402048904B90042144A8FAF73DFD0446F6
:10A1D0000CB10120E5E721480290082003904FF4DC
:10A1E000DC710491022105910691079100210891EB
:10A1F00009910A91022013902020149000201F90B2
:10A2000020904FF44010239002A8F9F78DFF0446E8
:10A210000CB10120C5E70020FFF784FEF9F720FD0F
:10A220000F48006840F080000D49086000BF0C48EE
:10A23000F430006840F002000949F4310860084633
:10A24000006800F00200019000BF00BFF9F7A8FA13
:10A250000020A6E70C4802582C0400580300040311
:10A260000044025810B5044609480A4908600846E7
:10A27000446000218160C160016181610C21416104
:10A28000FBF7B4FC012204490248FBF74BFD10BD6B
:10A2900000100140E8000024120000244FF040703C
:10A2A000E1EE100A70470000000001020304010201
:10A2B00003040607080900061016000610160830E9
:10A2C0004200033103001730FF001830FF00343024
:10A2D0001A003730130008310100303636003136AD
:10A2E0000E003236E200333612002136E000043729
:10A2F000A00003375A0015377800173701000B37D5
:10A30000600005371A0005390200063910000139CE
:10A310000A003137120000360800013633002D30B4
:10A320006000203652001B3720001C475000133AB3
:10A330004300183A0000193AF80035361300363653
:10A3400003003436400022360100013C3400043C56
:10A350002800053C9800063C0000073C0800083C2B
:10A360000000093C1C000A3C9C000B3C40001038DB
:10A370000000113810001238000008376400014056
:10A38000020005401A00003000000430FF000E30CB
:10A3900058002E300000004330001F5000000E44D3
:10A3A00000000050A7000F3A3000103A28001B3A76
:10A3B00030001E3A2600113A60001F3A140000587F
:10A3C00023000158140002580F0003580F000458CE
:10A3D00012000558260006580C00075808000858B7
:10A3E0000500095805000A5808000B580D000C58C4
:10A3F00008000D5803000E5800000F5800001058B8
:10A40000030011580900125807001358030014588C
:10A410000000155801001658030017580800185876
:10A420000D00195808001A5805001B5806001C5842
:10A4300008001D580E001E5829001F5817002058EC
:10A4400011002158110022581500235828002458C3
:10A450004600255826002658080027582600285868
:10A460006400295826002A5824002B5822002C5812
:10A4700024002D5824002E5806002F582200305852
:10A4800040003158420032582400335826003458D6
:10A4900024003558220036582200375826003858F4
:10A4A0004400395824003A5826003B5828003C58AC
:10A4B00042003D58CE008051FF008151F200825190
:10A4C00000008351140084512500855124008651D9
:10A4D00009008751090088510900895175008A5186
:10A4E00054008B51E0008C51B2008D5142008E51CE
:10A4F0003D008F515600905146009151F800925105
:10A500000400935170009451F0009551F000965161
:10A5100003009751010098510400995112009A517B
:10A5200004009B5100009C5106009D5182009E51E9
:10A530003800805401008154080082541400835470
:10A540002800845451008554650086547100875456
:10A550007D0088548700895491008A549A008B5456
:10A56000AA008C54B8008D54CD008E54DD008F5459
:10A57000EA0090541D0081531E0082535B008353F8
:10A58000080084530A0085537E0086538800875351
:10A590007C0088536C00895310008A5301008B5350
:10A5A0009800805506008355400084551000895559
:10A5B00010008A5500008B55F8001D5040000053D4
:10A5C00008000153300002531000035300000453ED
:10A5D00008000553300006530800075316000953BE
:10A5E00008000A5330000B5304000C53060025509A
:10A5F0000000083002004047210000436F001F5058
:10A6000001003530410036306900073C0700203832
:10A610004600213800001438310015383100003868
:10A620000000013800000238000003380000043840
:10A630000A0005383F00063806000738A900083828
:10A640000500093800000A3802000B38D0000C3829
:10A6500005000D38F8000E3803000F388400133859
:10A6600004001836000012362900093752000C3752
:10A670000300023A0200033AE000143A0200153ADD
:10A68000E0000440020002301C000630C300134703
:10A690000300074404000B4637000C4620003748EF
:10A6A0001600243804000150A300033500000043C5
:10A6B00030001F5000003530210036306900073C63
:10A6C00007002038460021382000143811001538C2
:10A6D0001100003800000138000002380000033883
:10A6E000000004380A0005383F0006380700073824
:10A6F0009F0008380200093880000A3801000B3832
:10A70000E0000C380B000D381C000E3807000F3825
:10A71000B000133804001836040012362B00093735
:10A7200012000C3700000440060002300000063022
:10A73000FF0013470300074401000B4635000C4699
:10A74000220037481600243802000150A3000335C8
:10A750000000020FD6020A39C201222200020FB203
:10A76000E51F7072F51ED235FFEF25E0244EF8E4A8
:10A77000F608F60FBF34F2900E93E493FFE54BC357
:10A780009F50047F0580027FFB78BDA607120F044F
:10A7900040047F0380027F3078BCA607E618F608E5
:10A7A000E678B9F678BCE678BAF678BF7633E4088E
:10A7B000F678B87601754A0278B6F608F674FF782E
:10A7C000C1F608F6751F0178BCE675F005A4F54BD7
:10A7D000120AFFC2372278B8E6D39400400216224C
:10A7E000E51FB40523E4F51FC20178B6E6FE08E6CE
:10A7F000FF784EA60608A607A237E433F53C903052
:10A8000028F0751E10D23522E54B75F0058478BC12
:10A81000F6900E8CE493FF25E0240AF8E6FC08E6A7
:10A82000FD78BCE625E0244EF8A60408A605EF1244
:10A830000F0BD378B796EE1896400D78BCE678B932
:10A84000F678B6A60608A607900E8CE493120F0BB6
:10A85000C378C296EE1896500D78BCE678BAF678B2
:10A86000C1A60608A60778B6E6FE08E6C378C29633
:10A87000FFEE189678C3F608A607900E95E4181216
:10A880000EE94002D23778BCE6082608F6E51F64D8
:10A8900001704AE6C378C0120EDF4005120EDA409E
:10A8A00039120F0240047FFE80027F0278BDA607A6
:10A8B00078B9E6240378BFF678B9E624FD78C0F6C7
:10A8C000120F02400678C0E6FF800478BFE6FF78EA
:10A8D000BEA607751F0278B8760102024AE51F641A
:10A8E00002600302022A78BEE6FFC378C0120EE0BF
:10A8F0004008120EDA5003020228120F0240047FB1
:10A90000FF80027F0178BDA60778B9E60478BFF61C
:10A9100078B9E61478C0F618120F044004E6FF80F8
:10A92000027F0078BFA607D308E6648094804004C5
:10A93000E6FF80027F0078C0A607C318E664809413
:10A94000B35004E6FF80027F3378BFA607C308E652
:10A95000648094B35004E6FF80027F3378C0A6077A
:10A96000120F02400678C0E6FF800478BFE6FF7849
:10A97000BEA607751F0378B876018020E51F640323
:10A98000702678BEE6FFC378C0120EE04005120EB6
:10A99000DA400978B9E678BEF6751F0478BEE67528
:10A9A000F005A4F54B020AFFE51FB40410900E94C5
:10A9B000E478C3120EE94002D237751F0522300138
:10A9C000030204C03002030204C09051A5E0789352
:10A9D000F6A3E008F6A3E008F6E51F703C751E201C
:10A9E000D235120C7A787EA60608A607788BA609BF
:10A9F000187601120C5B784EA60608A607788BE63F
:10AA0000786EF6751F017893E67890F67894E6787C
:10AA100091F67895E67892F6227990E7D378939636
:10AA20004005E796FF8008C37993E7789096FF7812
:10AA300088760008A6077991E7D37894964005E7D1
:10AA400096FF8008C37994E7789196FF120C8E796F
:10AA500092E7D37895964005E796FF8008C37995ED
:10AA6000E7789296FF120C8E120C5B788AE625E04E
:10AA7000244EF8A60608A607788AE6246EF8A609EA
:10AA8000788AE62401FFE433FED3EF940FEE64806E
:10AA9000948040047F008005788AE604FF788AA6C7
:10AAA00007E51FB4010AE660030204C0751F022215
:10AAB000120C7A7880A60608A607120C7A7882A66D
:10AAC0000608A607786EE6788CF6786EE6788DF63E
:10AAD0007F01EF25E0244FF9C37881E69718E61946
:10AAE00097500A120C827880A60408A605746E2F6F
:10AAF000F9788CE6C3975008746E2FF8E6788CF6D8
:10AB0000EF25E0244FF9D37883E69718E6199740AC
:10AB10000A120C827882A60408A605746E2FF978B2
:10AB20008DE6D3974008746E2FF8E6788DF60FEF18
:10AB30006410709EC37981E7788396FF19E71896B1
:10AB40007884F608A607C3798CE7788D9608F6D343
:10AB50007981E7787F9619E71896400509E708801C
:10AB600006C3797FE7788196FF19E71896FE788605
:10AB7000A60608A607798CE7D3788B964005E7965A
:10AB8000FF8008C3798BE7788C96FF788FA607E55E
:10AB90001F64027069900E9193FF18E6C39F507274
:10ABA000120C4A120C2F900E8E120C387880120C58
:10ABB0006B7B04120C1DC31206455056900E92E496
:10ABC00093FF788FE69F40028011900E90E493FFF0
:10ABD000D37889E69F18E694004003751F05120C90
:10ABE0004A120C2F900E8F120C38787E120C6B7B51
:10ABF00040120C1DD31206454018751F0522E51F93
:10AC0000B4050FD201C202E4F51FF51ED235D233CE
:10AC1000D23622EF8DF0A4A8F0CF8CF0A428CE8DF0
:10AC2000F0A42EFE22BC000BBE0029EF8DF084FFA5
:10AC3000ADF022E4CCF875F008EF2FFFEE33FEEC18
:10AC400033FCEE9DEC984005FCEE9DFE0FD5F0E93F
:10AC5000E4CEFD22EDF8F5F0EE8420D21CFEADF03E
:10AC600075F008EF2FFFED33FD4007985006D5F043
:10AC7000F222C398FD0FD5F0EA22E88FF0A4CC8B26
:10AC8000F0A42CFCE98EF0A42CFC8AF0EDA42CFCA2
:10AC9000EA8EF0A4CDA8F08BF0A42DCC3825F0FDE1
:10ACA000E98FF0A42CCD35F0FCEB8EF0A4FEA9F0DA
:10ACB000EB8FF0A4CFC5F02ECD39FEE43CFCEAA426
:10ACC0002DCE35F0FDE43CFC2275F008758200EFD6
:10ACD0002FFFEE33FECD33CDCC33CCC58233C582CE
:10ACE0009BED9AEC99E58298400CF582EE9BFEED87
:10ACF0009AFDEC99FC0FD5F0D6E4CEFBE4CDFAE456
:10AD0000CCF9A88222B800C1B90059BA002DEC8B49
:10AD1000F084CFCECDFCE5F0CBF97818EF2FFFEE25
:10AD200033FEED33FDEC33FCEB33FB10D7039940DE
:10AD300004EB99FB0FD8E5E4F9FA227818EF2FFF1E
:10AD4000EE33FEED33FDEC33FCC933C910D7059B60
:10AD5000E99A4007EC9BFCE99AF90FD8E0E4C9FABC
:10AD6000E4CCFB2275F010EF2FFFEE33FEED33FD48
:10AD7000CC33CCC833C810D7079BEC9AE899400A6B
:10AD8000ED9BFDEC9AFCE899F80FD5F0DAE4CDFBE9
:10AD9000E4CCFAE4C8F922EB9FF5F0EA9E42F0E930
:10ADA0009D42F0E89C45F022E8600FECC313FCEDF7
:10ADB00013FDEE13FEEF13FFD8F122E8600FEFC38F
:10ADC00033FFEE33FEED33FDEC33FCD8F122E49398
:10ADD000FC740193FD740293FE740393FF22E6FB5F
:10ADE00008E6F908E6FA08E6CBF822ECF608EDF6F4
:10ADF00008EEF608EFF622A42582F582E5F0358309
:10AE0000F58322D083D082F8E4937012740193709A
:10AE10000DA3A393F8740193F5828883E4737402FD
:10AE2000936860EFA3A3A380DF9038047852120BDD
:10AE3000FD903800E0FEA3E0FDEDFFC3120B9E90F5
:10AE40003810120B929038067854120BFD9038028D
:10AE5000E0FEA3E0FDEDFFC3120B9E903812120B33
:10AE600092A3E0B4310778527952120C139038143F
:10AE7000E0B471157852E6FE08E67802CEC313CE30
:10AE800013D8F97953F7EE19F7903815E0B4310774
:10AE900078547954120C13903815E0B47115785425
:10AEA000E6FE08E67802CEC313CE13D8F97955F73B
:10AEB000EE19F77952120BD909120BD9AF47120BC1
:10AEC000B2E544FB7A00FD7C001204D3785AA60652
:10AED00008A607AF45120BB2AD037C001204D3786D
:10AEE00056A60608A607AF487854120BB4E543FBF4
:10AEF000FD7C001204D3785CA60608A607AF467E48
:10AF0000007854120BB6AD037C001204D37858A617
:10AF10000608A607C3785BE6940818E69400500577
:10AF20007600087608C3785DE6940818E694005029
:10AF3000057600087608785A120BC6FFD37857E6D4
:10AF40009F18E69E400E785AE613FE08E6785712E0
:10AF50000C0880047E007F00785E120BBEFFD37861
:10AF600059E69F18E69E400E785CE613FE08E678E8
:10AF700059120C0880047E007F00E4FCFD78621208
:10AF80000699785A120BC6785726FFEE1836FE78C7
:10AF900066120BBE785926FFEE1836FEE4FCFD78EB
:10AFA0006A120699120BCE786612068CD3120645E9
:10AFB0004008120BCE78661206997854120BD0789E
:10AFC0006A12068CD3120645400A7854120BD078C8
:10AFD0006A1206997861E6906001F07865E6A3F060
:10AFE0007869E6A3F07855E6A3F07D017861120B4D
:10AFF000E92401120BA67865120BE92402120BA6B4
:10B000007869120BE92403120BA6786D120BE92460
:10B0100004120BA60DBD05D4C20EC206228508413E
:10B02000903024E0F53DA3E0F53EA3E0F53FA3E03A
:10B03000F540A3E0F53CD234E5411206B1093103F5
:10B04000093504093B05093E06094107094A080973
:10B050005B12097318098919095E1A096A1B09AD7F
:10B060008009B2810A1D8F0A09900A1D910A1D925A
:10B070000A1D930A1D940A1D980A179F0A1AEC00CC
:10B08000000A38120F7422120F74D20322D2032244
:10B09000C20322A237E433F53C020A1DC201C202F8
:10B0A000C203120D0D751E70D235020A1D020A046C
:10B0B00085404A853C4B120AFF020A1D854A40859D
:10B0C0004B3C020A1DE4F522F523854031853F30D3
:10B0D000853E2F853D2E120F46801F752200752359
:10B0E0000174FFF52DF52CF52BF52A120F46852D51
:10B0F00040852C3F852B3E852A3DE4F53C8070122F
:10B100000F16806B853D45853E46E547C313FFE539
:10B1100045C39F50028F45E548C313FFE546C39FD3
:10B1200050028F46E547C313FFFDE5452DFDE4338F
:10B13000FCE544120F904005E5449FF545E548C302
:10B1400013FFFDE5462DFDE433FCE543120F90406F
:10B1500005E5439FF5461206D78014854048853F94
:10B1600047853E46853D4580060206D7120D7E90F6
:10B170003024E53DF0A3E53EF0A3E53FF0A3E54034
:10B18000F0A3E53CF0903023E4F022C0E0C083C09F
:10B1900082C0D0903F0CE0F532E53230E3743036B7
:10B1A00066906019E0F50AA3E0F50B90601DE0F5EC
:10B1B00014A3E0F515906021E0F50CA3E0F50D90E7
:10B1C0006029E0F50EA3E0F50F906031E0F510A3E3
:10B1D000E0F511906039E0F512A3E0F513300106B7
:10B1E000303303D38001C39209300206303303D3D6
:10B1F0008001C3920A30330C30030920020620017B
:10B2000003D38001C3920B903001E04440F0E0543E
:10B21000BFF0E53230E114303411903022E0F5080F
:10B22000E4F0300003D38001C39208E53230E51228
:10B230009056A1E0F509303109300503D38001C3F0
:10B24000920D903F0CE532F0D0D0D082D083D0E088
:10B2500032900E7EE493FE740193FFC3900E7C74D3
:10B2600001939FFFE4939EFEE48F3B8E3AF539F500
:10B2700038AB3BAA3AA939A838AF4BFCFDFE120502
:10B2800028120DE1E47BFFFAF9F81205B3120DE183
:10B29000900E69E4120DF6120DE1E4854A37F53699
:10B2A000F535F534AF37AE36AD35AC34A3120DF607
:10B2B0008F378E368D358C34E53B4537F53BE53A97
:10B2C0004536F53AE5394535F539E5384534F5384B
:10B2D000E4F522F523853B31853A3085392F8538D1
:10B2E0002E020F46E0A3E075F002A4FFAEF0C30803
:10B2F000E69FF618E69EF622FFE5F034608F82F5B1
:10B3000083ECF02278527E00E6FC08E6FD0204C1E0
:10B31000E4FCFD120699785CE6C313FE08E61322EE
:10B320007852E6FE08E6FFE4FCFD22E7C4F854F09C
:10B33000C868F709E7C4540F48F722E6FCED75F03A
:10B3400004A42212067C8F488E478D468C4522E04D
:10B35000FEA3E0FDEEF6ED08F62213FFC3E69FFF25
:10B3600018E69EFE22E6C313F708E61309F722AD9E
:10B3700039AC38FAF9F81205288F3B8E3A8D398CA2
:10B3800038AB37AA36A935A8342293FFE4FCFDFE7A
:10B390001205288F378E368D358C34227884E6FE60
:10B3A00008E6FFE48F378E36F535F53422900E8CA3
:10B3B000E49325E0240AF8E6FE08E6FF22E6FE080C
:10B3C000E6FFE48F3B8E3AF539F53822784EE6FEFB
:10B3D00008E6FF22EF25E0244EF8E6FC08E6FD2211
:10B3E0007889EF26F618E436F62275890375A801E8
:10B3F00075B8047534FF75350E75361575370D1231
:10B400000E9A120009120F16120006D200D234D280
:10B41000AF7534FF75350E753649753703120E9AC0
:10B42000300809C2341208CBC208D234300B09C22A
:10B430003612026CC20BD236300909C23612000E27
:10B44000C209D236300E031206D73035D3903029D8
:10B45000E51EF0B41005903023E4F0C23580C1E45D
:10B46000F54B900E7A93FFE48F37F536F535F534CA
:10B47000AF37AE36AD35AC34900E6A120DF68F375D
:10B480008E368D358C34900E7212067CEF4537F572
:10B4900037EE4536F536ED4535F535EC4534F534C2
:10B4A000E4F522F52385373185363085352F85340F
:10B4B0002E120F46E4F522F523900E72120DEA12B9
:10B4C0000F46E4F522F523900E6E120DEA020F46A8
:10B4D000E54024F2F537E53F3443F536E53E34A246
:10B4E000F535E53D3428F534E537FFE4FEFDFC781D
:10B4F000181206698F408E3F8D3E8C3DE53754A073
:10B50000FFE536FEE4FDFC78071206567810120FB0
:10B510009AE4FFFEE535FDE4FC780E120656120FA4
:10B520009DE4FFFEFDE534FC7818120656780812FB
:10B530000F9A228F3B8E3A8D398C382212067C8FDF
:10B54000318E308D2F8C2E2293F9F802066900007F
:10B5500000001201170831155354442020202020E8
:10B560001301100156401A30297E00300420DF30CC
:10B570000540BF500300FD502701FE600011003F51
:10B580000530003F0622003F012A003F020000363E
:10B590000607003F0B0FF000000000300140BF30F5
:10B5A0000100BF302970003A0000FF3A0000FF366A
:10B5B0000336024144582018100A04040003FF64B3
:10B5C0000000800000000000000204060600035195
:10B5D000007A503C281E1010502D28161010020022
:10B5E000100C10040C6E060500A55A00AE35AF36DF
:10B5F000E4FDEDC395375033120FE2E493F5387450
:10B600000193F53945386023853982853883E0FC1C
:10B61000120FE27403935204120FE2740293420475
:10B62000853982853883ECF00D80C72278BEE6D359
:10B6300008FFE66480F8EF6480982293FF7E00E6BE
:10B64000FC08E6FD1204C178C1E6FC08E6FDD3EF74
:10B650009DEE9C2278BDD3E6648094802225E02470
:10B660000AF8E6FE08E6FF22E53CD39400400B9082
:10B670000E88120BF1900E868009900E82120BF14B
:10B68000900E80E493F544A3E493F543D20630068C
:10B6900003D38001C3920E22A2AF9232C2AFE52340
:10B6A0004522900E5D600E120FCBE0F52C120FC8F4
:10B6B000E0F52D800C120FCBE530F0120FC8E5310C
:10B6C000F0A23292AF22D201C202E4F51FF51ED2DF
:10B6D00035D233D236D201C202F51FF51ED235D291
:10B6E0003322FBD3ED9B7480F86C9822120669E537
:10B6F000402FF540E53F3EF53FE53E3DF53EE53D5B
:10B700003CF53D22C0E0C083C082903F0DE0F533A0
:10B71000E533F0D082D083D0E032900E5FE493FE28
:10B72000740193F5828E8322787FE4F6D8FD7581CB
:10B73000CD020C988F828E8375F004ED0206A53041
:10B740003132333435363738394142434445464047
:10B75000305800303132333435363738396162632E
:10B76000646566403078000088B700080000002457
:10B7700020000000D4020008A8B700082000002420
:10B78000E80C0000F00200080090D0030090D00305
:10B7900000000000000000000000000000000000A9
:08B7A000100000000100000090
:040000050800029954
:00000001FF
