:020000040800F2
:10000000800C0024410300080F6D0008F76A000807
:100010000B6D0008810700088980000800000000BF
:10002000000000000000000000000000DD6F00087C
:10003000E50E000800000000136D0008DF6F0008E7
:1000400067030008670300086703000867030008E8
:1000500067030008670300086703000867030008D8
:1000600067030008670300086703000867030008C8
:1000700067030008670300086703000867030008B8
:1000800067030008670300086703000867030008A8
:100090006703000867030008670300086703000898
:1000A0006703000867030008670300086703000888
:1000B0006703000867030008670300086703000878
:1000C0006703000867030008670300086703000868
:1000D0006703000839800008670300086703000809
:1000E00067030008670300080000000067030008BA
:1000F0006703000867030008670300086703000838
:100100006703000867030008670300086703000827
:100110006703000867030008670300086703000817
:10012000670300087D0800086703000867030008EC
:1001300067030008670300086703000867030008F7
:1001400000000000000000000000000000000000AF
:1001500067030008670300086703000867030008D7
:1001600067030008670300086703000867030008C7
:1001700067030008670300086D080008000000001E
:1001800067030008670300086703000867030008A7
:100190006703000867030008670300086703000897
:1001A0006703000867030008670300086703000887
:1001B0006703000867030008670300086703000877
:1001C0006703000867030008670300086703000867
:1001D0006703000867030008670300086703000857
:1001E0006703000867030008670300086703000847
:1001F0006703000867030008670300086703000837
:100200006703000867030008670300086703000826
:100210006703000867030008670300086703000816
:100220006703000867030008670300080000000078
:100230006703000867030008000000006703000868
:1002400067030008670300086703000867030008E6
:1002500067030008670300086703000867030008D6
:1002600067030008670300086703000867030008C6
:100270006703000867030008670300080000000028
:100280006703000867030008670300080000000018
:10029000000000006703000800F002F800F041F8D9
:1002A0000AA090E8000C82448344AAF10107DA45D1
:1002B00001D100F036F8AFF2090EBAE80F0013F0E2
:1002C000010F18BFFB1A43F001031847C8240100AF
:1002D000E8240100103A24BF78C878C1FAD8520740
:1002E00024BF30C830C144BF04680C6070470000B0
:1002F0000023002400250026103A28BF78C1FBD82F
:10030000520728BF30C148BF0B607047782900F002
:10031000F580002070471FB50EF00AF81FBD10B51C
:1003200010BD00F0FBF91146FFF7F5FF0DF09EFC44
:1003300000F019FA03B4FFF7F2FF03BC07F0C2FEA6
:10034000DFF83000016841F4700101600A4880471D
:100350000A480047FEE7FEE7FEE7FEE7FEE7FEE7A6
:10036000FEE7FEE7FEE7FEE705480649044A064BBE
:100370007047000088ED00E0E96F0008990200086E
:1003800080040024800C002480040024704753EA79
:10039000020C00F069802DE9F04B4FF00006002BB5
:1003A0001FBFB3FA83F503FA05F424FA05F65E409D
:1003B00012BF1643B2FA82F502FA05F4C5F1200520
:1003C0001EBF22FA05FC44EA0C04203556EA044C10
:1003D0004FEA144418BF641C4FF000084FF00009A6
:1003E000904271EB030C39D3002919BFB1FA81F7A0
:1003F00001FA07F6B0FA80F700FA07F6C7F120070E
:100400001EBF20FA07FC46EA0C062037B6FBF4FCB8
:10041000A7EB0507103F07F01F0BCBF120060CFAE6
:100420000BFB2CFA06F644BFB3460026202FA4BFD0
:100430005E464FF0000B5BEA060C08BF4FF0010B65
:1004400019EB0B09ABFB027C48EB0608C01B06FB53
:1004500002CC0BFB03CC71EB0C01C1E70B4602464F
:1004600041464846BDE8F08B13B54FF000004FF011
:100470000001AFF30080BDE81C4070470FB4044991
:1004800010B503AA029800F01BF910BC5DF814FB2C
:100490000C0000242DE9F0410E46044600202062A5
:1004A0002046E168884730B3252805D0D4E90121EA
:1004B0009047206A401CF2E7E16820460027884701
:1004C000050018D0A5F14100192802D820354FF4B5
:1004D00000673246294620462760FFF717FF40B1E4
:1004E000012804D0F61D26F007060836D8E7361D89
:1004F000D6E72846DAE7206ABDE8F08170B5044601
:100500000D4621461068AFF300802188090502D509
:100510000F4A7A4402E00E4A7A440E32002104F176
:10052000240305E000F00F060009965D5E54491CA7
:100530000028F7D120780023000704D5702D02D0C1
:1005400009B1022311322046BDE8704000F05FB8C7
:100550005522010010B5203AC0F00B80B1E81850C8
:10056000203AA0E81850B1E81850A0E81850BFF49D
:10057000F5AF5FEA027C24BFB1E81850A0E818503C
:1005800044BF18C918C0BDE810405FEA827C24BF90
:1005900051F8043B40F8043B08BF7047D20728BF1E
:1005A00031F8023B48BF11F8012B28BF20F8023B6D
:1005B00048BF00F8012B70474FF0000200B513460A
:1005C00094469646203922BFA0E80C50A0E80C5073
:1005D000B1F12001BFF4F7AF090728BFA0E80C5024
:1005E00048BF0CC05DF804EB890028BF40F8042B1D
:1005F00008BF704748BF20F8022B11F0804F18BF8A
:1006000000F8012B704770477047704770472DE91D
:10061000F0470D4699469246044600F124080168C9
:10062000880604D5E06921F01001216000E0012076
:10063000A84201DD471B00E00027A1697A1902EBFF
:100640000900081AA0612078C00602D42046AFF342
:100650000080002608E0D4E901211AF8060090473E
:10066000206A401C761C20624E45F4DB2078C006D0
:100670000AD52046AFF3008006E0D4E901213020FE
:100680009047206A401C2062381EA7F10107F4DC65
:1006900007E0D4E9012118F805009047206A401CC2
:1006A0002062281EA5F10105F3DC2046AFF300808F
:1006B0002078000602D50220BDE8F0870120FBE784
:1006C000074B70B50D467B4400F011F804462846F0
:1006D00000F020F810B14FF0FF3070BD204670BD23
:1006E0002B95000001694A1C02610878704700B52B
:1006F0008FB0CDE901310021059105497944CDE95B
:10070000031011466846FFF7C5FE0FB000BD00009C
:10071000E5FFFFFF007B00F080007047754600F0AA
:100720002BF8AE4605006946534620F00700854683
:1007300018B020B5FFF718FEBDE820404FF00006C6
:100740004FF000074FF000084FF0000B21F00701B9
:10075000AC46ACE8C009ACE8C009ACE8C009ACE8FC
:10076000C0098D46704710B50446AFF3008020469F
:10077000BDE81040FFF7DEBD0048704720040024AC
:1007800000BFFEE770B50546AC6BA06C406D02285B
:1007900006D0012084F83500E06C40F04000E064B1
:1007A000204600F0E5FC70BD70B50646B46BA06B4A
:1007B00068B3A06C0068006800F40025A06B00F02E
:1007C000010078B975B1A06C0068C568E26B0823B8
:1007D00003FB02510022A06C01F014F8A06B401E34
:1007E000A0632FE0A06C0068006800F4002048BB04
:1007F000A06C00680569E26B082303FB025101222B
:10080000A06C00F0FFFFA06B401EA0631AE0A06C7C
:100810000068006800F4002020B1D4E911010968E3
:10082000C8600FE0A06C0068006800F4002048B9C0
:10083000656CE06B042101FB0050A16C0968086144
:10084000206CA063A06B216C88420ED12068C06828
:1008500040F001002168C8602068006800F00200D4
:10086000022802D1012084F8350070BD10B502487D
:1008700000F08AFC10BD00005403002410B50249AA
:10088000886C01F0FDFE10BD540300240146374A78
:100890000868904249D0354A18320868904244D0DE
:1008A000324A3032086890423FD0304A48320868B5
:1008B00090423AD02D4A60320868904235D02B4A97
:1008C00078320868904230D0284A903208689042C6
:1008D0002BD0264AA8320868904226D0244A0868BD
:1008E000904222D0224A1832086890421DD0204AF5
:1008F00030320868904218D01D4A48320868904249
:1009000013D01B4A6032086890420ED0184A7832E1
:100910000868904209D0164A90320868904204D084
:10092000134AA8320868904201D1012000E000205B
:10093000B0B10A78103A1823B2FBF3F000F00702C6
:100940000C4B9A5CCA65032805D90A686FF3090243
:10095000121D8A6503E00A686FF309028A6503E0E5
:10096000086820F0FF008865886D7047100002401D
:10097000100402404AE3000810B502682B4C0368DB
:10098000A34222D0294C14340368A3421DD0274C23
:1009900028340368A34218D0244C3C340368A34293
:1009A00013D0224C50340368A3420ED01F4C643441
:1009B0000368A34209D01D4C78340368A34204D0D5
:1009C0001A4C8C340368A34201D1012300E00023B8
:1009D0008BB10378083B1424B3FBF4F1144B03EB05
:1009E00081030366124B8033436601F01F04012329
:1009F000A340836618E00378103B1824B3FBF4F19E
:100A00000C4B9A4204D80B4BA83B9A4200D30831B6
:100A1000094B03EB81030366074B8033436601F008
:100A20001F040123A340836610BD00000854025830
:100A300000580258B8040240000802400179A9B3E6
:100A4000082940D8204B02689A4222D01E4B14330A
:100A500002689A421DD01C4B283302689A4218D073
:100A6000194B3C3302689A4213D0174B503302683B
:100A70009A420ED0144B643302689A4209D0124B4A
:100A8000783302689A4204D00F4B8C3302689A4242
:100A900001D1012200E000224AB14A1E0B4B03EBB8
:100AA0008202C266094A4032026708E00BE04A1E31
:100AB000074B03EB8202C266054A403202674A1EB8
:100AC0000123934043677047085402580059025865
:100AD00000090240014600208A69D2B98A6A32B10F
:100AE000012A0DD0022A03D0032A10D10EE000BF44
:100AF000CA6A02F08072B2F1807F00D1012007E063
:100B0000CA6AB2F1C07F00D1012001E000E000BF5D
:100B100036E08A69B2F5005F1BD18A6A32B1012AD8
:100B200007D0022A03D0032A11D10AE000BF012016
:100B30000EE0CA6A02F08072B2F1807F00D101201B
:100B400006E0CA6AB2F1C07F00D1012000E000BF18
:100B500016E08A6A32B1012A05D0022A04D0032A9B
:100B60000CD103E000BF00BF012008E0CA6A02F018
:100B70008072B2F1807F00D1012000E000BF00BF91
:100B80007047000030B5384D0468AC4249D0364D4E
:100B900018350468AC4244D0334D30350468AC425B
:100BA0003FD0314D48350468AC423AD02E4D6035C7
:100BB0000468AC4235D02C4D78350468AC4230D056
:100BC000294D90350468AC422BD0274DA8350468D8
:100BD000AC4226D0254D0468AC4222D0234D1835B6
:100BE0000468AC421DD0214D30350468AC4218D0A9
:100BF0001E4D48350468AC4213D01C4D6035046866
:100C0000AC420ED0194D78350468AC4209D0174D6E
:100C100090350468AC4204D0144DA8350468AC4249
:100C200001D1012400E0002474B104686360846889
:100C3000402C04D10468A2600468E16012E00468FA
:100C4000A1600468E2600DE0046863608468402C81
:100C500004D10468A2600468E16003E00468A16054
:100C60000468E26030BD0000100002401004024041
:100C7000F0B5856D846D984F0668BE4270D0964F72
:100C800018370668BE426BD0934F30370668BE42B5
:100C900066D0914F48370668BE4261D08E4F6037AC
:100CA0000668BE425CD08C4F78370668BE4257D08B
:100CB000894F90370668BE4252D0874FA8370668E2
:100CC000BE424DD0854F0668BE4249D0834F18378B
:100CD0000668BE4244D0814F30370668BE423FD0DE
:100CE0007E4F48370668BE423AD07C4F6037066870
:100CF000BE4235D0794F78370668BE4230D0774F44
:100D000090370668BE422BD0744FA8370668BE42A3
:100D100026D0734F0668BE4222D0714F1437066842
:100D2000BE421DD06E4F28370668BE4218D06C4FA9
:100D30003C370668BE4213D0694F50370668BE4242
:100D40000ED0674F64370668BE4209D0644F7837CB
:100D50000668BE4204D0624F8C370668BE4201D19D
:100D6000012600E000263EB1D0E919767E60C66E0D
:100D700016B1D0E91C767E60574F0668BE4249D056
:100D8000554F18370668BE4244D0534F3037066877
:100D9000BE423FD0504F48370668BE423AD04E4F11
:100DA00060370668BE4235D04B4F78370668BE4282
:100DB00030D0494F90370668BE422BD0464FA837F7
:100DC0000668BE4226D0454F0668BE4222D0434F39
:100DD00018370668BE421DD0404F30370668BE4205
:100DE00018D03E4F48370668BE4213D03B4F60379D
:100DF0000668BE420ED0394F78370668BE4209D029
:100E0000364F90370668BE4204D0344FA837066884
:100E1000BE4201D1012600E00026DEB190F85C6000
:100E200006F01F073F26BE40AE600668366826F40F
:100E3000802607683E60066873608668402E04D18D
:100E40000668B2600668F16044E00668B160066852
:100E5000F2603FE0224F0668BE4222D0204F143796
:100E60000668BE421DD01E4F28370668BE4218D005
:100E70001B4F3C370668BE4213D0194F50370668E7
:100E8000BE420ED0164F64370668BE4209D0144FDA
:100E900078370668BE4204D0114F8C370668BE42D0
:100EA00001D1012600E00026A6B190F85C6006F0B2
:100EB0001F070126BE406660066873608668402E84
:100EC00004D10668B2600668F16003E00668B160AC
:100ED0000668F260F0BD00001000024010040240FD
:100EE000085402587047000070B50446B3F5804FAF
:100EF00013D1D1E9000540EA05108D6840EA0520CC
:100F00008D6928438D8940EA054054F82250064EE9
:100F10003540284344F8220003E06FF0704044F865
:100F20002200002070BD00000000F0CF70B5024626
:100F3000086852F8200020F001000E6842F82600F0
:100F40008868082801D1402500E00025486828432A
:100F50008E683043CE6830430E6930434E6930436B
:100F60008E693043CE6930430E6A30434E6A304357
:100F70008E6A3043CE6A40EA0603086B0343486B2F
:100F80000343886B0343114C44F4801444F400146D
:100F900044F4E024086852F82000A04318430E6887
:100FA00042F82600086BB0F5801F07D1086828B109
:100FB000106820F480100E6B30431060086818B180
:100FC00010684E6B30431060002070BD7FFB08003E
:100FD00030B50346D1E9000540EA05108D6840EAC6
:100FE00005208D8940EA0545088A401E45EA0055DE
:100FF000087D801E45EA00608D692843551C53F822
:10100000255005F040452843551C43F82500186835
:1010100000F48010B0F5801F0BD1586820F47004E4
:10102000088A401E44EA0054586820F470002043A7
:101030005860002030BD02460868B0B9D1E901030C
:101040001843CB6818430B6918434B6918438B69E5
:101050001843CB6918430B6A18434B6A184313684B
:101060006FF30E031843106019E0D1E9070318432A
:101070004B6A1843136823F4F84318431060D1E90E
:1010800001031843CB6818430B6918434B69184395
:101090008B69184353686FF30E03184350600020A8
:1010A00070470246506943F6FE73984340EA410098
:1010B00050610020704710B50346D1E90004204379
:1010C0008C68641E40EA4410CC6840EA44201C69E5
:1010D0006FF3150420431861002010BD30B503469E
:1010E000FAB90868401E4C68641E40EA0414886817
:1010F000401E44EA0024C868401E44EA0034088ABE
:10110000401E44EA0044888A401E44EA0054087E97
:10111000401E44EA00609C6804F0704420439860DC
:1011200022E0C868401E0403888A401E44EA00503A
:101130009C680E4D2C40204398600868401E4C6807
:10114000641E40EA04148868401E44EA0024088AA9
:10115000401E44EA0044087E401E44EA0060DC6809
:1011600004F070442043D860002030BDFF0F0FFF13
:10117000704700000349884203D10121014A82F8E7
:10118000501070475403002470B504462068056968
:1011900005F0040004280ED121684861E06C40F09D
:1011A0000200E064042084F835002348A16C08653F
:1011B000A06C01F099F805F0020002280ED1216818
:1011C0004861E06C40F00100E064042084F83500E0
:1011D0001948A16C0865A06C01F086F805F01000B4
:1011E000102804D121684861204600F077F805F006
:1011F0000800082804D121684861204600F000FB5F
:1012000005F00100B8B12068006800F00200022873
:1012100005D12068C06820F01E002168C8602068E1
:10122000C06820F001002168C86001202168486181
:101230002046FFF79FFF70BD8507000810B50446E4
:101240000CB9012010BD94F8350010B9204600F00B
:1012500047F8022084F83500A06908B100216162D6
:10126000206800681C49084021680860616960685E
:101270000843E168084321690843A1680843A1695C
:101280000843216A0843616A0843A16A0843E16A86
:101290000843216B084321680968084321680860F6
:1012A000606810280BD1217F607F41EA0021A07F78
:1012B00041EA0041E07F41EA0060216888612068DE
:1012C000C06840F01E002168C8600020E064012072
:1012D00084F835000020B5E707F0E0FF7047000014
:1012E00010B586B00446142101A8FFF765F9CF4870
:1012F00084427DD100BF00BFCD48006840F00100AE
:10130000CB4908600846006800F00100009000BF6B
:1013100000BF00BF00BF00BF081F006840F0020010
:10132000091F08600846006800F00200009000BF36
:1013300000BF00BF00BF00BFBD48001D006840F0F7
:101340000200BB49091D08600846006800F0020061
:10135000009000BF00BF00BF00BF00BF084600688C
:1013600040F0800008600846006800F080000090AF
:1013700000BF00BF00BF00BF00BF0846006840F0CC
:10138000010008600846006800F00100009000BFFE
:1013900000BF00BF00BF00BF0846006840F0040067
:1013A00008600846006800F00400009000BF00BF1D
:1013B00000BF00BF00BF0846006840F0040008609E
:1013C0000846006800F00400009000BF00BF00BFA6
:1013D00000BF00BF0846006840F0040008600846EF
:1013E000006800F00400009000BF00BF00BF00E0F4
:1013F0001AE100BF00BF0846006840F00400086022
:101400000846006800F00400009000BF00BF00BF65
:1014100000BF00BF0846006840F0040008600846AE
:10142000006800F00400009000BF00BF00BF00BFD4
:1014300000BF0846006840F00800086008460068E1
:1014400000F00800009000BF00BF00BF00BF00BF59
:101450000846006840F0020008600846006800F096
:101460000200009000BF00BF00BF00BF00BF0846E1
:10147000006840F0020008600846006800F00200C2
:10148000009000BF00BF00BF8020019002200290AA
:1014900001200390022004900D20059001A96548C9
:1014A00002F0F4FA4FF480700190022002900120C3
:1014B0000390022004900D20059001A95E4802F0DF
:1014C000E5FA4020019002200290012003900220C2
:1014D00004900D20059001A9584802F0D7FA402049
:1014E00001900220029001200390022004900D2020
:1014F000059001A9524802F0C9FA8020019002200B
:10150000029001200390022004900D20059001A973
:101510004B4802F0BBFA4FF4807001900220029019
:1015200001200390022004900D20059001A9444859
:1015300002F0ACFA4FF400700190022002900120FA
:101540000390022004900D20059001A93C4802F070
:101550009DFA4FF400600190022002900120039058
:10156000022004900D20059001A9354802F08EFA62
:101570000820019002200290012003900220049094
:101580000D20059001A92F4802F080FA4FF48070D9
:1015900001900220029001200390022004900D206F
:1015A000059001A9234802F071FA4FF400700190F0
:1015B0000220029001200390022004900D2005904B
:1015C00001A91C4802F062FA1F48204908604B201C
:1015D000486000211D488160C16001614FF4805165
:1015E0004161490081614911C161490201620421DF
:1015F0004162012181620021C162016300BFA064D8
:10160000846300BF01F0B8FD022211464E2002F0B3
:1016100034FE4E2002F01DFE03220221392002F08A
:101620002CFE392002F015FE06B010BD5403002434
:10163000DC44025800040258001C02580000025802
:1016400000080258000C025828040240A803002495
:101650002DE9F84304460F4615461E4600BF94F890
:101660003400012802D10220BDE8F883012084F86B
:10167000340000BF022084F835002068006840F480
:101680008040216808602068006820F0020021681E
:101690000860206800683843216808603248A16CFF
:1016A000C8633248A16CC8640020A16C0865A063BF
:1016B0002064E0636064B6F5803F15D2226802F1D1
:1016C000280133462A46A06C01F0E6FF00283DD0F1
:1016D0004020E064012084F8350000BF002084F839
:1016E000340000BF0120BFE71F48A16C48640120FF
:1016F000A063E663656405E0E06B4008E063A06B0F
:101700004000A063E06BB0F5803FF5D2A06B801E77
:10171000A063A06B2064E06B042101FB0058E06B28
:101720000090226802F1280143462A46A06C00F08E
:10173000D1F858B14020E064012084F8350000BFA2
:10174000002084F8340000BF01208DE72068006885
:1017500040F001002168086000BF002084F83400D8
:1017600000BF00BF80E70000A90700088507000848
:1017700070B5044621480068C0084FF47A71B0FB88
:10178000F1F000FB01F5002600BF94F834000128B9
:1017900001D1022070BD012084F8340000BF022076
:1017A00084F835002068006820F001002168086096
:1017B00000BF6D1E2DB9E06C40F02000E0640326F0
:1017C00005E02068006800F001000028F1D100BFAA
:1017D0002068006820F4804021680860A06C00F058
:1017E00015FBE06CE064012084F8350000BF0020A8
:1017F00084F8340000BF3046CCE70000000000242D
:101800007047000010B50346304C1868A04249D01C
:101810002E4C18341868A04244D02C4C3034186830
:10182000A0423FD0294C48341868A0423AD0274CF7
:1018300060341868A04235D0244C78341868A0422F
:1018400030D0224C90341868A0422BD01F4CA834C2
:101850001868A04226D01E4C1868A04222D01C4C0A
:1018600018341868A0421DD0194C30341868A042B2
:1018700018D0174C48341868A04213D0144C603468
:101880001868A0420ED0124C78341868A04209D0D3
:101890000F4C90341868A04204D00D4CA83418683E
:1018A000A04201D1012000E0002030B112B9186837
:1018B000C16008E01868016105E012B91868C160EC
:1018C00001E018680161002010BD00001000024016
:1018D000100402402DE9F04704460F4690461E468C
:1018E000DDF820904FF0000AA068802804D1400065
:1018F00060650120BDE8F08700BF94F8340001283E
:1019000001D10220F6E7012084F8340000BF94F8EA
:10191000350001287ED1022084F835000020606562
:10192000F9492068884249D0F7491831206888422F
:1019300044D0F5493031206888423FD0F2494831DF
:10194000206888423AD0F04960312068884235D01A
:10195000ED4978312068884230D0EB4990312068D9
:1019600088422BD0E849A8312068884226D0E74930
:101970002068884222D0E5491831206888421DD06D
:10198000E24930312068884218D0E0494831206867
:10199000884213D0DD496031206888420ED0DB498F
:1019A00078312068884209D0D8499031206888422F
:1019B00004D0D649A8312068884201D1012000E036
:1019C000002090B12068006840F480202168086001
:1019D00020680661A06D00F1080594F85C0000F035
:1019E0001F013F208840286011E02068006848F20D
:1019F000200108432168086020680661A06D051D6C
:101A000094F85C0000F01F010120884028604B46DC
:101A1000424600E0EFE139462046FFF7B3F8BA4905
:101A20002068884270D0B8491831206888426BD04D
:101A3000B54930312068884266D0B34948312068C2
:101A4000884261D0B0496031206888425CD0AE499C
:101A500078312068884257D0AB499031206888425D
:101A600052D0A949A831206888424DD0A7492068A2
:101A7000884249D0A54918312068884244D0A349FA
:101A80003031206888423FD0A049483120688842E0
:101A90003AD09E4960312068884235D09B497831E0
:101AA0002068884230D099499031206888422BD0F4
:101AB0009649A8312068884226D0954920688842F6
:101AC00022D093491431206888421DD09049283192
:101AD0002068884218D08E493C312068884213D053
:101AE0008B495031206888420ED089496431206882
:101AF000884209D0864978312068884204D08449D8
:101B00008C312068884201D1012000E0002038B1EA
:101B1000D4E919104860E06E10B1D4E91C10486097
:101B200079492068884249D077491831206888422D
:101B300044D075493031206888423FD072494831DD
:101B4000206888423AD0704960312068884235D098
:101B50006D4978312068884230D06B4990312068D7
:101B600088422BD06849A8312068884226D067492E
:101B70002068884222D065491831206888421DD0EB
:101B8000624930312068884218D060494831206865
:101B9000884213D05D496031206888420ED05B498D
:101BA00078312068884209D05849903120688842AD
:101BB00004D05649A8312068884201D1012000E0B4
:101BC0000020C0B12068006820F01E0040F0160020
:101BD000216808602068406940F080002168486101
:101BE000206C08B9A06CC0B12068006840F0080003
:101BF0002168086011E02068006820F00E0040F0C5
:101C00000A0021680860206C08B9A06C28B120681F
:101C1000006840F00400216808603B492068884261
:101C200070D039491831206888426BD0364930313C
:101C30002068884266D0344948312068884261D0A3
:101C400031496031206888425CD02F497831206862
:101C5000884257D02C4990312068884252D02A4976
:101C6000A831206888424DD028492068884249D050
:101C7000264918312068884244D0244930312068F0
:101C800088423FD021494831206888423AD01F49D4
:101C900060312068884235D01C49783120688842FC
:101CA00030D01A499031206888422BD01749A8318A
:101CB0002068884226D016492068884222D01449DC
:101CC0001431206888421DD011492831206888428B
:101CD00018D00F493C312068884213D00C4950314C
:101CE000206888420ED00A4964312068884209D0B1
:101CF000074978312068884204D005498C31206832
:101D0000884207D1012006E0100002401004024082
:101D100008540258002090B1206E006800F4803012
:101D200028B1206E006840F48070216E0860E06E7B
:101D300028B1E06E006840F48070E16E08603149BF
:101D40002068884249D02F4918312068884244D001
:101D50002C493031206888423FD02A4948312068D8
:101D600088423AD0274960312068884235D02549D9
:101D700078312068884230D02249903120688842EA
:101D80002BD02049A8312068884226D01E492068DF
:101D9000884222D01C491831206888421DD01A4937
:101DA00030312068884218D017494831206888426D
:101DB00013D015496031206888420ED0124978311D
:101DC0002068884209D0104990312068884204D0A8
:101DD0000D49A8312068884206D12068006840F08B
:101DE0000100216808600BE02068006840F00100F5
:101DF0002168086004E04FF4006060654FF0010A5C
:101E0000504677E510000240100402402DE9F041F1
:101E1000044601F057FF804614B90120BDE8F08167
:101E200094F83500022808D08020606500BF0020AB
:101E300084F8340000BF0120F0E7FE4920688842A2
:101E400049D0FC4918312068884244D0F9493031E2
:101E5000206888423FD0F7494831206888423AD00C
:101E6000F44960312068884235D0F24978312068E1
:101E7000884230D0EF499031206888422BD0ED491C
:101E8000A8312068884226D0EB492068884222D0B9
:101E9000E9491831206888421DD0E749303120686F
:101EA000884218D0E44948312068884213D0E2497A
:101EB0006031206888420ED0DF497831206888423E
:101EC00009D0DD4990312068884204D0DA49A83130
:101ED0002068884201D1012000E0002068B120681C
:101EE000006820F01E00216808602068406920F02A
:101EF000800021684861256806E02068006820F0BD
:101F00000E00216808602568CA492068884270D0A0
:101F1000C8491831206888426BD0C64930312068E2
:101F2000884266D0C34948312068884261D0C1499F
:101F30006031206888425CD0BE4978312068884290
:101F400057D0BC4990312068884252D0B949A83155
:101F5000206888424DD0B8492068884249D0B649A7
:101F600018312068884244D0B34930312068884213
:101F70003FD0B1494831206888423AD0AE496031FB
:101F80002068884235D0AC4978312068884230D00A
:101F9000A9499031206888422BD0A749A8312068F0
:101FA000884226D0A5492068884222D0A34914310E
:101FB000206888421DD0A14928312068884218D065
:101FC0009E493C312068884213D09C49503120689A
:101FD00088420ED0994964312068884209D09749D7
:101FE00078312068884204D094498C312068884236
:101FF00001D1012000E0002028B1206E006820F40B
:102000008070216E08608B492068884249D08949D8
:1020100018312068884244D086493031206888428F
:102020003FD084494831206888423AD081496031A4
:102030002068884235D07F4978312068884230D086
:102040007C499031206888422BD07A49A831206899
:10205000884226D078492068884222D076491831B3
:10206000206888421DD0744930312068884218D0D9
:10207000714948312068884213D06F496031206827
:1020800088420ED06C4978312068884209D06A496C
:1020900090312068884204D06749A831206888427E
:1020A00006D12068006820F001002168086005E082
:1020B0002068006820F001002168086011E001F04C
:1020C00001FEA0EB080005280BD920206065032045
:1020D00084F8350000BF002084F8340000BF0120E0
:1020E0009CE6286800F001000028E8D151492068EA
:1020F000884249D04F4918312068884244D04D4920
:102100003031206888423FD04A49483120688842AF
:102110003AD0484960312068884235D04549783105
:102120002068884230D043499031206888422BD0C3
:102130004049A8312068884226D03F49206888421B
:1021400022D03D491831206888421DD03A493031AB
:102150002068884218D0384948312068884213D016
:1021600035496031206888420ED033497831206883
:10217000884209D0304990312068884204D02E49E5
:10218000A8312068884201D1012000E0002040B140
:10219000A66D94F85C0000F01F013F208840B060FD
:1021A00007E0A76D94F85C0000F01F010120884053
:1021B000786020492068884276D01E49183120680E
:1021C000884271D01B493031206888426CD019494F
:1021D00048312068884267D01649603120688842BB
:1021E00062D014497831206888425DD0114990311D
:1021F0002068884258D00F49A8312068884253D0BF
:102200000D49206888424FD00B4918312068884218
:102210004AD0094930312068884245D006494831C2
:102220002068884240D004496031206888423BD011
:10223000014905E010000240100402400854025811
:102240007831206888422FD02549206888422BD0D9
:10225000234918312068884226D0224920688842C4
:1022600022D020491431206888421DD01D492831D0
:102270002068884218D01B493C312068884213D01E
:1022800018495031206888420ED0164964312068C0
:10229000884209D0134978312068884204D0114916
:1022A0008C312068884201D1012000E0002068B113
:1022B000D4E919104860E06E40B1E06E006820F487
:1022C0008070E16E0860D4E91C104860012084F839
:1022D000350000BF002084F8340000BF00BF9DE53A
:1022E000A00402400854025870B504460CB90120FD
:1022F00070BD94F83500022803D08020606501206D
:10230000F6E7DC492068884249D0DA49183120686C
:10231000884244D0D7493031206888423FD0D549DF
:102320004831206888423AD0D249603120688842DA
:1023300035D0D04978312068884230D0CD499031AD
:10234000206888422BD0CB49A8312068884226D00B
:10235000C9492068884222D0C7491831206888427C
:102360001DD0C54930312068884218D0C249483153
:102370002068884213D0C0496031206888420ED05E
:10238000BD4978312068884209D0BB499031206826
:10239000884204D0B849A8312068884201D1012080
:1023A00000E00020F0B3042084F83500B149206833
:1023B00088424BD0AF4918312068884246D0AD4999
:1023C00030312068884241D0AA494831206888428B
:1023D0003CD0A84960312068884237D0A54978317F
:1023E0002068884232D0A3499031206888422DD09D
:1023F000A049A8312068884228D09F492068884297
:1024000024D09D491831206888421FD09A49303124
:10241000206888421AD0984948312068884215D0EF
:10242000954900E020E06031206888420ED0924952
:1024300078312068884209D08F49903120688842DD
:1024400004D08D49A8312068884206D120680068F0
:1024500020F001002168086009E12068006820F090
:1024600001002168086002E12068006820F00E0089
:10247000216808607F492068884249D07D49183129
:102480002068884244D07B493031206888423FD060
:1024900078494831206888423AD0764960312068CE
:1024A000884235D0734978312068884230D07149EC
:1024B0009031206888422BD06E49A831206888422C
:1024C00026D06D492068884222D06B491831206897
:1024D00088421DD0684930312068884218D066494A
:1024E00048312068884213D06349603120688842AF
:1024F0000ED0614978312068884209D05E49903118
:102500002068884204D05C49A8312068884206D1FE
:102510002068006820F001002168086005E020685C
:10252000006820F001002168086052492068884254
:1025300070D050491831206888426BD04D493031F5
:102540002068884266D04B4948312068884261D073
:1025500048496031206888425CD04649783120681B
:10256000884257D0434990312068884252D041492F
:10257000A831206888424DD03F492068884249D020
:102580003D4918312068884244D03B4930312068A9
:1025900088423FD038494831206888423AD036498D
:1025A00060312068884235D03349783120688842CC
:1025B00030D031499031206888422BD02E49A83143
:1025C0002068884226D02D492068884222D02B4995
:1025D0001431206888421DD028492831206888425B
:1025E00018D026493C312068884213D02349503105
:1025F000206888420ED0214964312068884209D081
:102600001E4978312068884204D01C498C312068EA
:10261000884201D1012000E00020D8B1206E00687E
:1026200020F48070216E0860A56D94F85C0000F0C5
:102630001F01012088406860D4E919104860E06EED
:1026400040B1E06E006820F48070E16E0860D4E96B
:102650001C104860012084F8350000BF002084F879
:10266000340000BF206D10B12046216D8847002046
:102670003EE60000100002401004024008540258D8
:102680002DE9F84F044600200090FE4800684FF402
:102690001651B0FBF1FAA66DD4F858803768D8F817
:1026A0000090F9492068884249D0F74918312068DC
:1026B000884244D0F4493031206888423FD0F24902
:1026C0004831206888423AD0EF496031206888421A
:1026D00035D0ED4978312068884230D0EA499031D0
:1026E000206888422BD0E849A8312068884226D04B
:1026F000E6492068884222D0E4491831206888429F
:102700001DD0E24930312068884218D0DF49483175
:102710002068884213D0DD496031206888420ED09D
:10272000DA4978312068884209D0D8499031206848
:10273000884204D0D549A8312068884201D10120BF
:1027400000E0002000287DD094F85C0000F01F011C
:10275000082088403840002868D0CB49206888424B
:1027600049D0C94918312068884244D0C64930311F
:10277000206888423FD0C4494831206888423AD016
:10278000C14960312068884235D0BF49783120681E
:10279000884230D0BC499031206888422BD0BA4959
:1027A000A8312068884226D0B8492068884222D0C3
:1027B000B6491831206888421DD0B44930312068AC
:1027C000884218D0B14948312068884213D0AF49B7
:1027D0006031206888420ED0AC4978312068884248
:1027E00009D0AA4990312068884204D0A749A8316D
:1027F0002068884204D12068006800F0040003E0EB
:102800002068006800F0080080B12068006820F0AF
:1028100004002168086094F85C0000F01F010820A3
:102820008840B060606D40F00100606594F85C0025
:1028300000F01F01012088403840E8B39249206829
:10284000884200E0B7E24BD08F49183120688842B7
:1028500046D08D4930312068884241D08A4948317C
:10286000206888423CD0884960312068884237D04F
:10287000854978312068884232D083499031206878
:1028800088422DD08049A8312068884228D07F49CD
:102890002068884224D07D491831206888421FD0A2
:1028A0007A493031206888421AD078494831206806
:1028B000884215D0754900E026E0603120688842E2
:1028C0000ED0724978312068884209D06F49903122
:1028D0002068884204D06D49A8312068884204D11C
:1028E0002068406900F0800002E020680068002055
:1028F00050B194F85C0000F01F0101208840B060E6
:10290000606D40F00200606594F85C0000F01F010B
:10291000042088403840E8B35B49206888424BD0A7
:10292000594918312068884246D0574930312068CB
:10293000884241D054494831206888423CD05249AD
:1029400060312068884237D04F497831206888420A
:1029500032D04D499031206888422DD04A49A83163
:102960002068884228D049492068884224D04749B5
:102970001831206888421FD044493031206888428D
:102980001AD0424948312068884215D03F49603109
:10299000206800E024E088420ED03C49783120686D
:1029A000884209D0394990312068884204D037499B
:1029B000A8312068884204D12068006800F0020035
:1029C00002E020680068002050B194F85C0000F03C
:1029D0001F0104208840B060606D40F00400606515
:1029E00094F85C0000F01F01102088403840E8B3E4
:1029F00025492068884251D02349183120688842EF
:102A00004CD0214930312068884247D01E49483196
:102A10002068884242D01C496031206888423DD0FD
:102A2000194978312068884238D017499031206898
:102A3000884233D01449A831206888422ED01349E7
:102A4000206888422AD0114918312068884225D050
:102A50000E4930312068884220D00C494831206826
:102A600088421BD009496031206800E04DE088426F
:102A700014D006497831206888420FD0034990313C
:102A8000206805E00000002410000240100402400D
:102A9000884203D0FE492068884204D1206800683B
:102AA00000F0080003E02068006800F0040060B354
:102AB00094F85C0000F01F0110208840B06020688E
:102AC000006800F4802080B12068006800F40020D5
:102AD00028B9206CC8B12046216C884715E0A06C4D
:102AE00098B12046A16C88470FE02068006800F488
:102AF000807028B92068006820F00800216808600C
:102B0000206C10B12046216C884794F85C0000F0DE
:102B10001F0120208840384000287DD0DD492068F2
:102B2000884249D0DB4918312068884244D0D949CD
:102B30003031206888423FD0D649483120688842E9
:102B40003AD0D44960312068884235D0D1497831B3
:102B50002068884230D0CF499031206888422BD0FD
:102B6000CC49A8312068884226D0C949A8392068B4
:102B7000884221D0C6499039206888421CD0C44977
:102B800078392068884217D0C14960392068884266
:102B900012D0BF494839206888420DD0BC4930392D
:102BA0002068884208D0BA4918392068884203D082
:102BB000B7492068884204D12068006800F01000FE
:102BC00003E02068006800F0020028B394F85C007D
:102BD00000F01F0120208840B06094F835000428E0
:102BE0002DD12068006820F0160021680860206858
:102BF000406920F0800021684861206C08B9A06C11
:102C000028B12068006820F008002168086094F866
:102C10005C0000F01F0100E03FE03F208840B06012
:102C2000012084F8350000BF002084F8340000BF84
:102C3000206D10B12046216D8847BDE8F88F2068CF
:102C4000006800F4802080B12068006800F4002053
:102C500028B9606C08B32046616C88471DE0E06BC2
:102C6000D8B12046E16B884717E02068006800F47F
:102C7000807068B92068006820F010002168086042
:102C8000012084F8350000BF002084F8340000BF24
:102C9000E06B10B12046E16B8847606D00287AD068
:102CA000606D00F00100E8B3042084F83500794934
:102CB000206888424BD0774918312068884246D036
:102CC000744930312068884241D0724948312068C7
:102CD00088423CD06F4960312068884237D06D49C6
:102CE00078312068884232D06A4990312068884221
:102CF0002DD06849A8312068884228D06449A83975
:102D00002068884223D062499039206888421ED0CA
:102D10005F4978392068884219D05D496039206858
:102D2000884200E040E012D0594948392068884282
:102D30000DD0574930392068884208D05449183995
:102D40002068884203D052492068884206D1206812
:102D5000006820F001002168086005E02068006834
:102D600020F001002168086000BF0098401C00901E
:102D7000504500D905E02068006800F001000028F7
:102D8000F3D100BF2068006800F0010020B10320EB
:102D900084F8350003E00DE0012084F8350000BF21
:102DA000002084F8340000BFE06C002802D02046E8
:102DB000E16C8847D9E138492068884222D03649F9
:102DC0001431206888421DD0334928312068884258
:102DD00018D031493C312068884213D02E495031F7
:102DE000206888420ED02C4964312068884209D07E
:102DF000294978312068884204D027498C312068DD
:102E0000884201D1012000E000200028D2D02068B3
:102E1000056894F85C0000F01F010420884000EA77
:102E20000900D8B305F00400C0B394F85C0000F0CA
:102E30001F0104208840C8F8040005F4004080B158
:102E400005F4803030B9A06C0028B3D02046A16CC6
:102E500088478AE1206C0028ACD02046216C884746
:102E600083E105F02000E8BB0A492068884253D07E
:102E700008491831206888424ED006493031206810
:102E8000884249D0034948312068884244D006E04E
:102E9000B804024010000240085402584FE0B44900
:102EA00060312068884237D0B14978312068884243
:102EB00032D0AF499031206888422DD0AC49A8313A
:102EC0002068884228D0AB492068884224D0A9498C
:102ED0001831206888421FD0A649303120688842C6
:102EE0001AD000E025E0A34948312068884213D079
:102EF000A0496031206888420ED09E497831206810
:102F0000884209D09B4990312068884204D0994971
:102F1000A8312068884206D12068006820F00800A7
:102F20002168086005E02068006820F0040021683E
:102F30000860206C10B32046216C884715E194F896
:102F40005C0000F01F010220884000EA0900E8B39D
:102F500005F00200D0B394F85C0000F01F010220DD
:102F60008840C8F8040005F4004070B105F48030D2
:102F700028B9606C10B12046616C8847F5E0E06BC1
:102F8000F0B32046E16B8847EFE005F02000C0BBBE
:102F90007749206888424ED07549183120688842A8
:102FA00049D0734930312068884244D07049483153
:102FB000206888423FD06E496031206888423AD00C
:102FC0006B4978312068884235D000E04EE068498E
:102FD0009031206888422ED06549A8312068884207
:102FE00029D064492068884225D062491831206878
:102FF000884220D05F493031206888421BD001E0F0
:103000006EE02DE05B4948312068884213D0594971
:103010006031206888420ED0564978312068884255
:1030200009D0544990312068884204D05149A831D0
:103030002068884206D12068006820F014002168CA
:10304000086005E02068006820F00A002168086038
:10305000012084F8350000BF002084F8340000BF50
:10306000E06BE8B32046E16B88477EE094F85C00B3
:1030700000F01F010820884000EA090080B305F035
:10308000080068B33A49206888424BD03849183163
:103090002068884246D0364930312068884241D085
:1030A00033494831206888423CD03149603120683A
:1030B000884237D02E4978312068884232D02C4956
:1030C0009031206888422DD02949A8312068884253
:1030D00028D028492068884224D02649183100E0A9
:1030E00043E0206888421DD0224930312068884260
:1030F00018D0204948312068884213D01D496031DA
:10310000206888420ED01B4978312068884209D057
:10311000184990312068884204D01649A8312068A7
:10312000884206D12068006820F01C0021680860F1
:1031300005E02068006820F00E002168086094F81F
:103140005C0000F01F0101208840C8F80400012045
:10315000606584F8350000BF002084F8340000BFAB
:10316000E06C10B12046E16C884700BF65E50000C7
:1031700010000240100402402DE9F041044600F026
:10318000A1FD804614B90120BDE8F081FE49206808
:10319000884249D0FC4918312068884244D0FA4915
:1031A0003031206888423FD0F74948312068884252
:1031B0003AD0F54960312068884235D0F2497831FB
:1031C0002068884230D0F0499031206888422BD066
:1031D000ED49A8312068884226D0EC492068884211
:1031E00022D0EA491831206888421DD0E7493031A1
:1031F0002068884218D0E54948312068884213D0B9
:10320000E2496031206888420ED0E0497831206878
:10321000884209D0DD4990312068884204D0DB49DA
:10322000A8312068884201D1012000E00020002858
:1032300073D0606A00B100BF022084F8350000BF7F
:10324000002084F8340000BFCF492068884249D06C
:10325000CD4918312068884244D0CB4930312068AC
:1032600088423FD0C8494831206888423AD0C64990
:1032700060312068884235D0C3497831206888425F
:1032800030D0C1499031206888422BD0BE49A83146
:103290002068884226D0BD492068884222D0BB4998
:1032A0001831206888421DD0B849303120688842E2
:1032B00018D0B64948312068884213D0B3496031EC
:1032C000206888420ED0B14978312068884209D000
:1032D000AE4990312068884204D0AC49A8312068BA
:1032E000884206D12068006820F00100216808604B
:1032F00005E02068006820F00100216808600DE00A
:1033000000F0E0FCA0EB0800052807D9202060654C
:10331000032084F83500012036E76AE02068006861
:1033200000F001000028EBD12068056898480540AE
:10333000D4E9020108432169084361690843A1698E
:103340000843E1690843216A08430543606A042889
:1033500003D1D4E90B01084305438E4800686FF39D
:103360000F00B0F1005F1DD36068292802D36068A8
:103370002E2811D960683F2802D3606842280BD9F3
:103380006068472802D36068482805D960684F28DC
:1033900004D36068522801D8012000E0002008B161
:1033A00045F48015206805602068456925F007050B
:1033B000606A0543606A04280DD1A06A0543E06A8B
:1033C00048B12046FDF786FB28B14020606501200A
:1033D00084F83500D8E6206845612046FDF756FAA6
:1033E000064694F85C0000F01F013F208840B06062
:1033F0009EE069492068884222D0674914312068DC
:1034000088421DD0644928312068884218D062491A
:103410003C312068884213D05F495031206888428F
:103420000ED05D4964312068884209D05A4978310C
:103430002068884204D058498C312068884201D1E4
:10344000012000E00020E0B353492068884222D0E8
:1034500051491431206888421DD04F4928312068D5
:10346000884218D04C493C312068884213D04A49E0
:103470005031206888420ED0474964312068884224
:1034800009D0454978312068884204D042498C31BE
:103490002068884201D1012000E0002000B100BF77
:1034A000022084F8350000BF002084F8340000BFFB
:1034B0002068056839480540A068402802D11021DD
:1034C00006E02EE0A068802801D1C10100E00021C3
:1034D000E06841EAD001206941EAD001606941EA2F
:1034E000D001A06941EAD001E06941EAD001206A37
:1034F00041EA101005432068056027492068401AFA
:103500001421B0FBF1F08000E0652046FDF7BEF924
:10351000074694F85C0000F01F01012088407860A5
:1035200006E040206065032084F8350001202BE68A
:103530001549206888427FD0134918312068884295
:103540007AD0114930312068884275D00E4948310F
:103550002068884270D00C496031206888426BD066
:10356000094978312068884266D00749903120683F
:10357000884261D00449A831206888425CD0034960
:103580002068884258D00BE010000240100402402E
:103590003F8010FE0010005C085402580F00FEFF30
:1035A0003B4918312068884246D03949303120687B
:1035B000884241D036494831206888423CD034495D
:1035C00060312068884237D031497831206888429C
:1035D00032D02F499031206888422DD02C49A83113
:1035E0002068884228D02B492068884224D0294965
:1035F0001431206888421FD026492831206888422B
:103600001AD024493C312068884215D021495031D4
:103610002068884210D01F496431206888420BD04E
:103620001C4978312068884206D01A498C312068BC
:10363000884200E000E001D1012000E0002000B35A
:103640002046FDF799F9A068802801D1002060602C
:103650002079216E0860D4E919104860606860B173
:103660006068082809D82046FDF7E8F90020E16ED7
:103670000860D4E91C10486003E00020E066206781
:10368000606700206065012084F8350000207BE53C
:1036900010040240085402582DE9F04104460D463A
:1036A00016461F464FF0000814B90120BDE8F0810E
:1036B00000BF94F83400012801D10220F6E7012070
:1036C00084F8340000BF94F8350001287ED1022030
:1036D00084F8350000206065E4492068884249D0BC
:1036E000E24918312068884244D0E04930312068EE
:1036F00088423FD0DD494831206888423AD0DB49D2
:1037000060312068884235D0D849783120688842B5
:1037100030D0D6499031206888422BD0D349A83187
:103720002068884226D0D2492068884222D0D049D9
:103730001831206888421DD0CD4930312068884238
:1037400018D0CB4948312068884213D0C84960312D
:10375000206888420ED0C64978312068884209D056
:10376000C34990312068884204D0C149A8312068FB
:10377000884206D12068006820F0010021680860B6
:1037800005E02068006820F00100216808603B46E1
:10379000324629462046FDF76BFAB4492068884234
:1037A0004BD0B24918312068884246D0AF493031F9
:1037B0002068884241D0AD494831206888423CD0D9
:1037C000AA4960312068884237D000E042E1A74929
:1037D00078312068884230D0A449903120688842EE
:1037E0002BD0A249A8312068884226D0A049206861
:1037F000884222D09E491831206888421DD09C49B9
:1038000030312068884218D0994948312068884270
:1038100013D097496031206888420ED0944978319E
:103820002068884209D0924990312068884204D0AB
:103830008F49A8312068884201D1012000E0002092
:1038400080B12068006820F01E0040F0160021685A
:103850000860206CB0B12068006840F00800216862
:1038600008600FE02068006820F00E0040F00A00B9
:1038700021680860206C28B12068006840F00400CE
:103880002168086079492068884270D077491831EA
:10389000206888426BD0754930312068884266D0F4
:1038A000724948312068884261D07049603120688F
:1038B00088425CD06D4978312068884257D06B4986
:1038C00090312068884252D06849A83120688842E7
:1038D0004DD067492068884249D065491831206831
:1038E000884244D062493031206888423FD06049E4
:1038F0004831206888423AD05D496031206888426A
:1039000035D05B4978312068884230D058499031B1
:10391000206888422BD05649A8312068884226D09A
:1039200054492068884222D0524914312068884284
:103930001DD0504928312068884218D04D493C316B
:103940002068884213D04B495031206888420ED0FD
:10395000484964312068884209D046497831206856
:10396000884204D043498C312068884201D101202B
:1039700000E0002090B1206E006800F4803028B193
:10398000206E006840F48070216E0860E06E28B1FF
:10399000E06E006840F48070E16E08603349206892
:1039A000884249D0314918312068884244D02F4993
:1039B0003031206888423FD02C4948312068884205
:1039C0003AD02A4960312068884235D02749783179
:1039D0002068884230D025499031206888422BD019
:1039E0002249A8312068884226D02149206888428F
:1039F00022D01F491831206888421DD01C4930311F
:103A00002068884218D01A4948312068884213D06B
:103A100017496031206888420ED0154978312068F6
:103A2000884209D0124990312068884204D0104958
:103A3000A8312068884206D12068006840F0010063
:103A40002168086010E02068006840F001002168EB
:103A5000086009E04FF40060606500BF002084F852
:103A6000340000BF4FF0010840461FE6100002403E
:103A700010040240085402580348006840F0010056
:103A8000014908607047000020040058F8B502465C
:103A90000B4600216F4DD7E001278F401E6806EAD4
:103AA0000704002C72D01E7906F00306012E04D004
:103AB0001E7906F00306022E13D190684F000326EC
:103AC000BE40B0434F00DE68BE4030439060506857
:103AD00001268E40B0431E79C6F300168E40304357
:103AE00050601E7906F00306032E09D0D0684F00FF
:103AF0000326BE40B0434F009E68BE403043D060B6
:103B00001E7906F00306022E13D1CF0802F120061B
:103B100056F827004E07F70E0F26BE40B0434F075A
:103B2000FF0E1E69BE403043CF0802F1200646F862
:103B3000270010684F000326BE40B0431E7906F0F0
:103B400003064F00BE40304310605E6806F4403606
:103B5000002E78D000BF404E366846F002063E4F39
:103B60003E603E46366806F00206009600BF00BF83
:103B70003A4E8F0856F827008E07370F0F26BE40A3
:103B8000B043374EB24202D100262EE05BE0354E04
:103B9000B24201D1012628E0334EB24201D10226C1
:103BA00023E0324EB24201D103261EE0304EB24233
:103BB00001D1042619E02F4EB24201D1052614E0AE
:103BC0002D4EB24201D106260FE02C4EB24201D159
:103BD00007260AE02A4EB24201D1082605E0294E06
:103BE000B24201D1092600E00A268F073F0FBE40EE
:103BF00030431A4E8F0846F827004FF0B046306821
:103C0000A0435E6806F4801606B120434FF0B0462C
:103C100030607068A0435E6806F4001606B1204369
:103C20004FF0B04670606868A0435E6806F40036E6
:103C300006B1204368602868A0435E6806F48036B9
:103C400006B120432860491C1E68CE40002E7FF438
:103C500023AFF8BD80000058F4440258080400580F
:103C6000000002580004025800080258000C0258D4
:103C7000001002580014025800180258001C025884
:103C80000020025800240258024613690B400BB171
:103C9000012000E00020704710B5426921EA0203CC
:103CA00002EA010443EA0443836110BD0AB1816161
:103CB00001E00B048361704701480068000C704705
:103CC0000010005C014800687047000014000024E8
:103CD00003480068034909780844014908607047AF
:103CE000140000241C00002410B5052000F002FB85
:103CF00001F0ECFC10490968C1F303210F4A515C43
:103D000001F01F0120FA01F40B48006800F00F00D9
:103D10001146085C00F01F0024FA00F00849086012
:103D2000084804600F2000F00FF808B1012010BD12
:103D300000F08EFA0020FAE7184402583AE300082F
:103D4000040000240000002470B5044611480078E7
:103D500008B9012070BD0F4800784FF47A71B1FBAB
:103D6000F0F00D490968B1FBF0F5284602F054FB6C
:103D700008B10120EEE7102C07D200222146501E88
:103D800000F07BFA0548046001E00120E2E7002032
:103D9000E0E700001C0000240000002418000024BC
:103DA00070B504460E46154600BF94F8A0000128E1
:103DB00001D1022070BD012084F8A00000BF0220C4
:103DC00084F8A10005EB850101EBC50204F138017F
:103DD00001EB820034223146FCF7BCFB2A46314617
:103DE000204602F08AFE01202168486284F8A10082
:103DF00000BF002084F8A00000BF00BFDAE7000089
:103E000070B504460CB9012070BD94F8A10028B922
:103E1000002084F8A000204600F07EF8022084F8FC
:103E2000A1002068806920F0704021688861D4E991
:103E300001010843E1680843216908432168896951
:103E400008432168886120688068324908402168F9
:103E50008860A08A050420688068A1692943084316
:103E6000216888602068C0682A4908402168C860C5
:103E7000A08B05042068C068216A29430843216893
:103E8000C860206800692349084021680861A08C47
:103E9000050420680069A16A294308432168086174
:103EA000206840691B49084021684861A08D0504CD
:103EB00020684069216B294308432168486194F8D0
:103EC0003500050294F8360006042068C06A00F048
:103ED0007F402168C86246EA050094F83410084320
:103EE0002168C96A08432168C8622068406B40F0B5
:103EF0000600216848632068806940F0010021685D
:103F000088610020C4F8A400012084F8A1000020EA
:103F10007AE7000000F800F010B586B0044600BF54
:103F20005D48006840F008005B490860084600688A
:103F300000F00800009000BF00BF00BF56481038D6
:103F4000006840F0100054491039086008460068C5
:103F500000F01000009000BF00BF00BF00BF4E483F
:103F6000001F006840F002004B49091F0860084626
:103F7000006800F00200009000BF00BF00BF00BF5B
:103F800000BF0846006840F020000860084600684E
:103F900000F02000009000BF00BF00BF00BF00BFC6
:103FA0000846006840F4807008600846006800F425
:103FB0008070009000BF00BF00BF00BF00BF084678
:103FC000006840F4807008600846006800F4807063
:103FD000009000BF00BF00BF00BF00BF08460068E0
:103FE00040F0400008600846006800F04000009083
:103FF00000BF00BF00BF00BF0846006840F080005F
:1040000008600846006800F08000009000BF00BF14
:10401000202001900120029003900320049001A928
:104020001E48FFF733FD4FF480600190022002909C
:1040300000200390032004900E20059001A9184849
:10404000FFF724FD4FF40070019001A91548FFF718
:104050001DFD4FF48060019001A91248FFF716FD85
:104060008020019001A91048FFF710FD4FF4046073
:10407000019001A90C48FFF709FD4FF47E40019023
:1040800001A90A48FFF702FDF720019001A90548A0
:10409000FFF7FCFC06B010BDE444025800040258CF
:1040A000001402580020025800180258001C025840
:1040B0002DE9F04104460E461746984600BF94F895
:1040C000A000012802D10220BDE8F081012084F87F
:1040D000A00000BF022084F8A10008EB880000EBDC
:1040E000C80104F1380000EB81052E60A86A304455
:1040F0006860AF60E86A3844E86042462946204676
:1041000002F0FBFC01202168486284F8A10000BF96
:10411000002084F8A00000BF00BFD5E72DE9F041E2
:1041200004460E461746984600BF94F8A0000128A2
:1041300002D10220BDE8F081012084F8A00000BF78
:10414000022084F8A10008EB880000EBC80104F10C
:10415000380000EB8105286830446860A86838445E
:10416000E860AE62EF6242462946204602F0C5FC96
:1041700001202168486284F8A10000BF002084F873
:10418000A00000BF00BFD5E74178154A1160017853
:10419000F9B1121D41681160017B0907C27A41EA39
:1041A0000261827A41EAC241427B41EA8241827BDA
:1041B00041EA4241C27B41EA0241427A41EA02219C
:1041C000027A41EA420102781143054A083211603D
:1041D00005E00021024A121D1160121D1160704796
:1041E00098ED00E000BF00BF00BFBFF35F8F00BFCE
:1041F00000BF00BF0548006820F480300349086014
:1042000000200249703108607047000024ED00E092
:1042100040F001010D4A11600C497039096841F400
:1042200080310A4A703A116000BF00BF00BFBFF37F
:104230004F8F00BF00BF00BF00BF00BF00BFBFF374
:104240006F8F00BF00BF00BF7047000094ED00E01B
:1042500070470146084600280DDB00BF00BF00F094
:104260001F0301229A4043099B0003F1E023C3F896
:10427000002100BF00BF00BF70472DE9F05F8046FE
:104280000D46164603F002FF074639462A463346D6
:1042900001F00700C0F1070ABAF1040F02D94FF08C
:1042A000040A01E0C0F1070AD14600F1040ABAF19C
:1042B000070F02D24FF0000A01E0A0F1030AD44632
:1042C0004FF0010A0AFA09FAAAF1010A0AEA020AF7
:1042D0000AFA0CFA4FF0010B0BFA0CFBABF1010BD5
:1042E0000BEA030B4AEA0B042146404603F0D6FED4
:1042F000BDE8F09F00BF00F00702064B19684FF6BB
:10430000FF031940044B0B4343EA0221014B1960A0
:1043100000BF70470CED00E00000FA05034800689C
:1043200040F0807001490860704700000C48025856
:1043300010B501F081F905490968C1F30211044A79
:10434000515C01F01F01C84010BD0000204402581C
:104350003AE3000870B50146844D2D6805F003036B
:10436000824D2D68C5F30530804D2D1D2D68C5F398
:1043700000147E4D14352D68C5F3CC0515FB04F5EE
:1043800001EE105AB8EE411AF0EE410A00286FD043
:1043900023B1012B4ED0022B6BD16BE0734D283D26
:1043A0002D68C5F340153DB3704D283D2D68C5F30C
:1043B000C1066F4D25FA06F201EE102AF8EE411AF9
:1043C00001EE100AB8EE411A81EE812A9FED691ABA
:1043D000C0EE811A654D10352D68C5F3080501EE54
:1043E000105AB8EE411A31EE811AF7EE001A31EE8A
:1043F000211A22EE010A1CE001EE100AB8EE411A61
:10440000DFED5D1A81EE812A9FED5A1AC0EE811A06
:10441000564D10352D68C5F3080501EE105AB8EE5B
:10442000411A31EE811AF7EE001A31EE211A22EE0E
:10443000010A5BE001EE100AB8EE411ADFED4F1AF7
:1044400081EE812A9FED4B1AC0EE811A474D10353F
:104450002D68C5F3080501EE105AB8EE411A31EE89
:10446000811AF7EE001A31EE211A22EE010A3DE020
:1044700077E01DE001EE100AB8EE411A9FED402AE8
:10448000C2EE011A9FED3B1A80EE812A374D10359E
:104490002D68C5F3080501EE105AB8EE411A32EE48
:1044A000011AB7EE002A31EE021A21EE810A1DE050
:1044B00001EE100AB8EE411ADFED301A81EE812AC2
:1044C0009FED2C1AC0EE811A284D10352D68C5F3CA
:1044D000080501EE105AB8EE411A31EE811AF7EED6
:1044E000001A31EE211A22EE010A00BF00BF1F4D53
:1044F00010352D68C5F3462501EE105AB8EE411A65
:10450000F7EE001A31EE211AC0EE011ABCEEE11AE4
:1045100081ED001A154D10352D68C5F3064501EEE5
:10452000105AB8EE411AF7EE001A31EE211AC0EE19
:10453000011ABCEEE11A81ED011A0C4D10352D68FF
:10454000C5F3066501EE105AB8EE411AF7EE001AEF
:1045500031EE211AC0EE011ABCEEE11A81ED021A09
:1045600003E000250D604D608D6070BD2844025849
:104570000090D003000000460024744C0024744ACC
:1045800020BCBE4B70B50146844D2D6805F0030379
:10459000824D2D68C5F30550804D2D1D2D68C5F346
:1045A00000247E4D1C352D68C5F3CC0515FB04F5A4
:1045B00001EE105AB8EE411AF0EE410A00286FD011
:1045C00023B1012B4ED0022B6BD16BE0734D283DF4
:1045D0002D68C5F340153DB3704D283D2D68C5F3DA
:1045E000C1066F4D25FA06F201EE102AF8EE411AC7
:1045F00001EE100AB8EE411A81EE812A9FED691A88
:10460000C0EE811A654D18352D68C5F3080501EE19
:10461000105AB8EE411A31EE811AF7EE001A31EE57
:10462000211A22EE010A1CE001EE100AB8EE411A2E
:10463000DFED5D1A81EE812A9FED5A1AC0EE811AD4
:10464000564D18352D68C5F3080501EE105AB8EE21
:10465000411A31EE811AF7EE001A31EE211A22EEDC
:10466000010A5BE001EE100AB8EE411ADFED4F1AC5
:1046700081EE812A9FED4B1AC0EE811A474D183505
:104680002D68C5F3080501EE105AB8EE411A31EE57
:10469000811AF7EE001A31EE211A22EE010A3DE0EE
:1046A00077E01DE001EE100AB8EE411A9FED402AB6
:1046B000C2EE011A9FED3B1A80EE812A374D183564
:1046C0002D68C5F3080501EE105AB8EE411A32EE16
:1046D000011AB7EE002A31EE021A21EE810A1DE01E
:1046E00001EE100AB8EE411ADFED301A81EE812A90
:1046F0009FED2C1AC0EE811A284D18352D68C5F390
:10470000080501EE105AB8EE411A31EE811AF7EEA3
:10471000001A31EE211A22EE010A00BF00BF1F4D20
:1047200018352D68C5F3462501EE105AB8EE411A2A
:10473000F7EE001A31EE211AC0EE011ABCEEE11AB2
:1047400081ED001A154D18352D68C5F3064501EEAB
:10475000105AB8EE411AF7EE001A31EE211AC0EEE7
:10476000011ABCEEE11A81ED011A0C4D18352D68C5
:10477000C5F3066501EE105AB8EE411AF7EE001ABD
:1047800031EE211AC0EE011ABCEEE11A81ED021AD7
:1047900003E000250D604D608D6070BD2844025817
:1047A0000090D003000000460024744C0024744A9A
:1047B00020BCBE4B2DE9F04104460025A8462068E8
:1047C00000F00060B0F1006F30D1606E48B1B0F51C
:1047D000801F0DD0B0F5001F10D0B0F5401F15D1CF
:1047E00013E0F948006840F40030F74908600FE032
:1047F0000221201D02F08EFA054609E0022104F193
:10480000240002F039FB054602E001E0012500BF6B
:1048100000BF55B9EC482430006820F44010616EA8
:104820000843E9492431086000E0A846208800F4E4
:104830008070B0F5807F2DD1606D05281AD2DFE839
:1048400000F0030A10171800DF48006840F4003039
:10485000DD49086010E00021201D02F05BFA0546EA
:104860000AE0002104F1240002F006FB054603E003
:1048700002E001E0012500BF00BF55B9D248243055
:10488000006820F00700616D0843CF4924310860BB
:1048900000E0A846208800F40070B0F5007F33D116
:1048A000A06D802817D003DC40B140281CD10CE05B
:1048B000C02817D0B0F5807F16D114E0C248006838
:1048C00040F40030C049086010E00021201D02F0D3
:1048D00021FA05460AE0002104F1240002F0CCFA96
:1048E000054603E002E001E0012500BF00BF55B925
:1048F000B5482430006820F4E070A16D0843B24947
:104900002431086000E0A846208800F48060B0F5FB
:10491000806F38D1D4F8A400B0F5800F19D004DC32
:1049200050B1B0F5001F1DD10DE0B0F5C00F17D08C
:10493000B0F5000F16D114E0A348006840F4003031
:10494000A149086010E00021201D02F0E3F90546AE
:104950000AE0002104F1240002F08EFA054603E08B
:1049600002E001E0012500BF00BF5DB996482C3090
:10497000006820F46000D4F8A410084392492C3158
:10498000086000E0A846208800F40060B0F5006FE1
:1049900038D1D4F8A800B0F1007F19D004DC50B1B0
:1049A000B0F1807F1DD10DE0B0F1407F17D0B0F1A4
:1049B000806F16D114E08448006840F400308249CA
:1049C000086010E00021201D02F0A4F905460AE06D
:1049D000002104F1240002F04FFA054603E002E052
:1049E00001E0012500BF00BF5DB977482C300068A9
:1049F00020F0E060D4F8A810084373492C31086017
:104A000000E0A846206800F00070B0F1007F27D1D8
:104A1000A06CA0B1102804D0202809D030280FD1D4
:104A20000CE06948006840F400306749086009E01C
:104A30000221201D02F06EF9054603E002E001E0CC
:104A4000012500BF00BF55B95F482030006820F045
:104A50003000A16C08435C492031086000E0A846A2
:104A6000208800F48050B0F5805F36D1E06DB0F55D
:104A7000005F19D004DC50B1B0F5805F1DD10DE0AE
:104A8000B0F5405F17D0B0F5804F16D114E04E4816
:104A9000006840F400304C49086010E00021201DFF
:104AA00002F038F905460AE0002104F1240002F082
:104AB000E3F9054603E002E001E0012500BF00BF85
:104AC00055B941482430006820F4E040E16D0843C6
:104AD0003D492431086000E0A846208800F40050D9
:104AE000B0F5005F34D1206EB0F5403F1DD007DC3B
:104AF00068B1B0F5803F0BD0B0F5003F18D10DE0A4
:104B0000B0F5802F12D0B0F5A02F11D10FE011E039
:104B10000121201D02F0FEF805460BE0012104F101
:104B2000240002F0A9F9054604E003E002E001E0F8
:104B3000012500BF00BF55B923482430006820F488
:104B4000E020216E084320492431086000E0A84697
:104B5000208800F48040B0F5804F38D1D4F8AC0004
:104B6000B0F1405F1DD007DC68B1B0F1805F0BD0C1
:104B7000B0F1005F18D10DE0B0F1804F12D0B0F16C
:104B8000A04F11D10FE011E00121201D02F0C2F869
:104B900005460BE0012104F1240002F06DF9054601
:104BA00004E003E002E001E0012500BF00BF6DB9B1
:104BB00005482C30006820F0E040D4F8AC100843E1
:104BC00001492C31086002E02C440258A846208894
:104BD00000F40040B0F5004F26D1E06E98B1B0F17E
:104BE000805F03D0B0F1005F0ED106E0F9480068A5
:104BF00040F40030F749086008E00121201D02F070
:104C000089F8054602E001E0012500BF00BF55B963
:104C1000F0482430006820F04050E16E0843ED4930
:104C20002431086000E0A846206800F08070B0F1F0
:104C3000807F27D1606CA0B1012804D0022809D060
:104C400003280FD10CE0E348006840F40030E1494C
:104C5000086009E00221201D02F05CF8054603E02F
:104C600002E001E0012500BF00BF55B9D94820305E
:104C7000006820F00300616C0843D64920310860C9
:104C800000E0A846206800F48000B0F5800F7DD1D8
:104C9000D148006840F48070CF490860FFF712F8EF
:104CA000064606E0FFF70EF8801B642801D90325AD
:104CB00005E0C948006800F480700028F2D000BF09
:104CC00085BBC4484430006800F44070B4F8B010AC
:104CD00001F44071884213D0BE484430006820F48B
:104CE0004077BC484430006840F48030B9494431D2
:104CF00008600846006820F48030086008460760B5
:104D0000D4F8B000B0F5807F15D1FEF7DBFF064682
:104D100009E0FEF7D7FF801B41F28831884202D9B3
:104D2000032507E038E0AB4844300068C0F340009A
:104D30000028EED000BF55BB00BFB4F8B00000F4AF
:104D40004070B0F5407F0ED1A2481C38006820F4B6
:104D50007C51A24AD4F8B000104041EA10109D499D
:104D60001C39086007E09B481C38006820F47C5020
:104D700098491C390860974844300068B4F8B0106E
:104D8000C1F30B0108439349443101E005E001E020
:104D9000086002E0A84600E0A846207800F0010084
:104DA00068B3A06F182819D005DC48B1082808D0CE
:104DB000102816D10BE0202811D0282811D10FE09F
:104DC00011E00121201D01F0A5FF05460BE00121A6
:104DD00004F1240002F050F8054604E003E002E08C
:104DE00001E0012500BF00BF55B97A4828300068AE
:104DF00020F03800A16F084376492831086000E0B0
:104E0000A846207800F00200022828D1606F06280A
:104E100015D2DFE800F003040A11121311E001219A
:104E2000201D01F077FF05460BE0012104F124006D
:104E300002F022F8054604E003E002E001E001256B
:104E400000BF00BF55B963482830006820F0070054
:104E5000616F08435F492831086000E0A846207868
:104E600000F0040004282AD1D4F89000062815D2B6
:104E7000DFE800F003040A11121311E00121201DE4
:104E800001F048FF05460BE0012104F1240001F088
:104E9000F3FF054604E003E002E001E0012500BF66
:104EA00000BF5DB94B482C30006820F00700D4F8F3
:104EB0009010084347492C31086000E0A84620784C
:104EC00000F02000202836D1D4F88C00B0F1405FEB
:104ED0001DD007DC68B1B0F1805F0BD0B0F1005F8E
:104EE00018D10DE0B0F1804F12D0B0F1A04F11D128
:104EF0000FE011E00021201D01F00CFF05460BE042
:104F0000022104F1240001F0B7FF054604E003E0AC
:104F100002E001E0012500BF00BF5DB92D48283047
:104F2000006820F0E040D4F88C100843294928316B
:104F3000086000E0A846207800F04000402836D104
:104F4000D4F89800B0F5406F1DD007DC68B1B0F51B
:104F5000806F0BD0B0F5006F18D10DE0B0F5805F19
:104F600012D0B0F5A05F11D10FE011E00021201D9B
:104F700001F0D0FE05460BE0022104F1240001F00F
:104F80007BFF054604E003E002E001E0012500BFED
:104F900000BF5DB90F482C30006820F4E050D4F811
:104FA000981008430B492C31086000E0A84620788F
:104FB00000F0800080283AD1D4F89C00B0F5C04FB2
:104FC00023D00DDC98B1B0F5005F11D0B0F5804F63
:104FD0001ED113E02C44025800480258FFFCFF0F7A
:104FE000B0F5004F12D0B0F5204F11D10FE011E015
:104FF0000021201D01F08EFE05460BE0022104F188
:10500000240001F039FF054604E003E002E001E07E
:10501000012500BF00BF4DB9BE48006820F46040C4
:10502000D4F89C100843BB49086000E0A8462078EB
:1050300000F00800082817D1D4F88000B0F5805F90
:1050400007D1022104F1240001F016FF08B14FF04E
:105050000108B048001F006820F44050D4F88010C8
:105060000843AC49091F0860207800F010001028A0
:1050700015D1D4F89400B0F5807F07D1022104F156
:10508000240001F0F9FE08B14FF00108A1480068C2
:1050900020F44070D4F8941008439E4908602068BA
:1050A00000F40020B0F5002F26D1D4F8A00030B1D4
:1050B000B0F5803F09D0B0F5003F0ED10CE00021E3
:1050C000201D01F027FE054609E0022104F124001D
:1050D00001F0D2FE054602E001E0012500BF00BF5D
:1050E0004DB98C48006820F44030D4F8A010084333
:1050F0008849086000E0A846206800F48020B0F5E8
:10510000802F2DD1D4F88400B0F5801F06D0B0F5E3
:10511000001F0CD0B0F5401F11D10FE07D482C3896
:10512000006840F400307B492C39086009E0012117
:1051300004F1240001F0A0FE054602E001E0012593
:1051400000BF00BF5DB97348001F006820F4401025
:10515000D4F8841008436F49091F086000E0A8468E
:10516000206800F48030B0F5803F24D1E06C18B1A5
:10517000B0F5803F0FD108E066482C38006840F455
:10518000003064492C39086007E00221201D01F03D
:10519000C1FD054601E0012500BF00BF55B95D48CE
:1051A0000C38006820F48030E16C084359490C3910
:1051B000086000E0A846206800F00050B0F1005FF1
:1051C00007D1022104F1240001F056FE08B14FF08E
:1051D0000108206800F40030B0F5003F27D1E06FEF
:1051E000A0B1B0F5807F06D0B0F5007F0CD0B0F54F
:1051F000407F0CD109E047482C38006840F400306B
:1052000044492C39086004E003E002E001E0012594
:1052100000BF00BF55B93F48001F006820F4407030
:10522000E16F08433B49091F086000E0A846206879
:1052300000F48010B0F5801F09D1364808380068A6
:1052400020F00040216F0843324908390860206887
:1052500000F08050B0F1805F0AD12E4848380068D5
:1052600020F48040D4F8B41008432A494839086033
:10527000206800F40010B0F5001F09D12548083857
:10528000006820F08070A16E084322490839086048
:10529000206800F08040B0F1804F11D100BF1D4860
:1052A0004838006820F400401A4948390860084628
:1052B0000068D4F8B810084316494839086000BFA0
:1052C000206800F00040B0F1004F09D111480C38BF
:1052D000006820F04050216D08430E490C390860E9
:1052E000206800F40000B0F5000F0AD10948001F43
:1052F000006820F44000D4F8881008430549091FCD
:105300000860B8F1000F02D10020BDE8F081012053
:10531000FBE70000584402582DE9F04104460D46D1
:1053200014B90120BDE8F081BD48006800F00F000D
:10533000A8420ED2BA48006820F00F002843B849AE
:1053400008600846006800F00F00A84201D0012064
:10535000E8E7207800F0040004280ED1B149206964
:10536000096801F07001884207D9AE48006820F052
:10537000700021690843AB490860207800F00800FC
:10538000082811D1A749091D6069096801F0700159
:10539000884209D9A348001D006820F070006169A7
:1053A0000843A049091D0860207800F0100010286B
:1053B00011D19C49091DA069096801F4E061884286
:1053C00009D99848001D006820F4E060A1690843ED
:1053D0009449091D0860207800F02000202811D190
:1053E00090490831E069096801F07001884209D9E3
:1053F0008C480830006820F07000E1690843894952
:1054000008310860207800F0020002280ED185499A
:10541000E068096801F00F01884207D981480068F7
:1054200020F00F00E16808437E490860207800F012
:105430000100002850D07B48006820F47060A1680B
:105440000843784908606068022807D17548183811
:105450000068C0F34040F8B9012063E760680328A2
:1054600007D1704818380068C0F34060A0B9012027
:1054700058E76068012807D16A4818380068C0F307
:10548000002048B901204DE7664818380068C0F38D
:10549000800008B9012045E762480838006820F01C
:1054A0000700616808435F4908390860FEF70AFC95
:1054B000064608E0FEF706FC801B41F28831884270
:1054C00001D903202EE757480838006800F038005B
:1054D0006168B0EBC10FEDD1207800F00200022826
:1054E0000ED15049E068096801F00F01884207D2E7
:1054F0004C48006820F00F00E16808434949086003
:105500004748006800F00F00A8420ED944480068E0
:1055100020F00F002843424908600846006800F068
:105520000F00A84201D00120FCE6207800F0040022
:1055300004280ED13B492069096801F070018842B6
:1055400007D23848006820F07000216908433549C7
:105550000860207800F00800082811D13149091DA1
:105560006069096801F07001884209D22D48001D68
:10557000006820F07000616908432A49091D08602D
:10558000207800F01000102811D12649091DA069CB
:10559000096801F4E061884209D22248001D0068D0
:1055A00020F4E060A16908431E49091D08602078C5
:1055B00000F02000202811D11A490831E06909685B
:1055C00001F07001884209D216480830006820F0C6
:1055D0007000E169084313490831086000F076F86B
:1055E00010490968C1F303210F4A515C01F01F0102
:1055F00020FA01F70B48006800F00F001146085C24
:1056000000F01F0027FA00F008490860084807600A
:1056100008480068FEF798FB8046404682E6000096
:1056200000200052184402583AE300080400002405
:10563000000000241800002410B500F047F80D49C0
:105640000968C1F303210C4A515C01F01F0120FAE3
:1056500001F40848006800F00F001146085C00F0F3
:105660001F0024FA00F00549086005480460084658
:10567000006810BD184402583AE3000804000024F2
:105680000000002400B5FFF7D7FF05490968C1F302
:105690000211044A515C01F01F01C84000BD000026
:1056A0001C4402583AE3000800B5FFF7C5FF05495E
:1056B0000968C1F30221044A515C01F01F01C8408E
:1056C00000BD00001C4402583AE30008F0B5824EC9
:1056D000366806F0380636B1082E15D0102E15D0D3
:1056E000182E7DD114E07C4E103E3668C6F340166D
:1056F00046B1794E103E3668C6F3C107774E26FA9A
:1057000007F000E07548E5E07548E3E07548E1E042
:10571000714E1836366806F003046F4E1836366838
:10572000C6F305116C4E1C36366806F001056A4E4C
:1057300024363668C6F3CC0616FB05F601EE106A71
:10574000B8EE410A002971D024B1012C50D0022CAE
:105750006DD16DE0604E103E3668C6F340163EB324
:105760005D4E103E3668C6F3C1075C4E26FA07F35D
:1057700001EE103AF8EE411A01EE101AB8EE411A95
:1057800081EE812A9FED581AC0EE011A524E203642
:105790003668C6F3080601EE106AB8EE411A31EE1B
:1057A000811AF7EE001A31EE211A62EE010A1EE0AC
:1057B00001EE101AB8EE411ADFED4C1A81EE812A83
:1057C0009FED491AC0EE011A434E20363668C6F3E3
:1057D000080601EE106AB8EE411A31EE811A00E0B7
:1057E00076E0F7EE001A31EE211A62EE010A5BE074
:1057F00001EE101AB8EE411A9FED3D2AC2EE011AD1
:105800009FED391A80EE012A334E20363668C6F3F2
:10581000080601EE106AB8EE411A32EE011AB7EE30
:10582000002A31EE021A61EE810A3DE04EE01DE0F1
:1058300001EE101AB8EE411ADFED2E1A81EE812A20
:105840009FED291AC0EE011A234E20363668C6F3A2
:10585000080601EE106AB8EE411A31EE811AF7EE31
:10586000001A31EE211A62EE010A1DE001EE101A53
:10587000B8EE411A9FED1E2AC2EE011A9FED1A1AC8
:1058800080EE012A144E20363668C6F3080601EE73
:10589000106AB8EE411A32EE011AB7EE002A31EE64
:1058A000021A61EE810A00BF00BF0B4E2036366837
:1058B000C6F34626721C01EE102AB8EE411AC0EE5D
:1058C000811ABCEEE11A11EE100A00E0002001E09E
:1058D000034800BF00BFF0BD104402580090D00341
:1058E00000093D0040787D01000000460024744C12
:1058F0000024744A20BCBE4B2DE9F047044614B97D
:105900000120BDE8F087207800F00100002870D069
:10591000FA48006800F03808F8481830D0F80090CD
:10592000B8F1100F06D0B8F1180F0FD109F003002D
:1059300002280BD1F14810380068C0F3404000281D
:105940006AD06068002867D10120DAE700BF60688C
:10595000B0F5803F08D1E9481038006840F4803045
:10596000E649103908602EE0606868B9E3481038ED
:10597000006820F48030E14910390860084600686A
:1059800020F4802008601EE06068B0F5A02F0DD1E3
:10599000DA481038006840F48020D849103908608F
:1059A0000846006840F4803008600CE0D3481038A6
:1059B000006820F48030D14910390860084600683A
:1059C00020F48020086000BF606898B1FEF77AF983
:1059D000054606E0FEF776F9401B642801D903204E
:1059E0008FE7C64810380068C0F340400028F1D067
:1059F00012E012E0FEF766F9054606E0FEF762F9EE
:105A0000401B642801D903207BE7BC48103800689C
:105A1000C0F340400028F1D100BF207800F0020020
:105A2000022874D1B548006800F03808B34818302F
:105A3000D0F80090B8F1000F05D0B8F1180F56D18A
:105A400009F00300D0BBAD4810380068C0F38000F7
:105A500018B1E06808B9012053E7A8481038006879
:105A600020F01900E1680843A44910390860FEF7E6
:105A700029F9054606E0FEF725F9401B022801D961
:105A800003203EE79D4810380068C0F380000028DE
:105A9000F1D000BFFEF710F941F2030188421AD895
:105AA000206940280BD195480C38006820F47C30E0
:105AB00040F4003091490C39086017E017E08F4836
:105AC0000C38006820F47C30216940EA01308B49B1
:105AD0000C3908600AE089480C38006820F0FE4064
:105AE000217C40EA016085490C39086066E0E06885
:105AF00088B382481038006820F01900E168084334
:105B00007E4910390860FEF7DDF8054607E056E0EB
:105B1000FEF7D8F8401B022801D90320F1E67748A8
:105B200010380068C0F380000028F1D000BFFEF7F5
:105B3000C3F841F2030188421AD8206940280BD1EA
:105B40006E480C38006820F47C3040F400306B491B
:105B50000C39086017E017E068480C38006820F43A
:105B60007C30216940EA013064490C3908600AE060
:105B700062480C38006820F0FE40217C40EA016059
:105B80005E490C39086019E05C481038006820F064
:105B900001005A4910390860FEF794F8054606E0FE
:105BA000FEF790F8401B022801D90320A9E65348CC
:105BB00010380068C0F380000028F1D100BF2078C1
:105BC00000F0100010287CD14C48006800F0380824
:105BD0004A481830D0F80090B8F1080F06D0B8F154
:105BE000180F3DD109F00300012839D1434810387E
:105BF0000068C0F3002020B1E069802801D00120B6
:105C00007FE600BFFEF758F841F2030188421AD838
:105C1000206A20280AD139480C38006820F0F84062
:105C200040F0804035490C39086018E033480C38A2
:105C3000006820F0F84094F8201040EA81602F4975
:105C40000C3908600BE02D48001F006820F07C50E4
:105C500094F8201040EA01602849091F086066E0B6
:105C6000E06978B325481038006840F08000234987
:105C700010390860FEF726F8054606E0FEF722F820
:105C8000401B022801D903203BE61C48103800685D
:105C9000C0F300200028F1D000BFFEF70DF841F25C
:105CA000030188421CD8206A20280CD113480C38E4
:105CB000006820F0F84040F0804010490C3908603E
:105CC0001AE035E01CE00D480C38006820F0F84080
:105CD00094F8201040EA816008490C3908600BE014
:105CE0000648001F006820F07C5094F8201040EA1D
:105CF00001600249091F086019E0000010440258C1
:105D0000FA48006820F08000F8490860FDF7DAFFE3
:105D1000054606E0FDF7D6FF401B022801D9032007
:105D2000EFE5F2480068C0F300200028F2D100BF80
:105D3000207800F00800082836D16069D0B1EB481F
:105D40007430006840F00100E84974310860FDF7E4
:105D5000B9FF054606E0FDF7B5FF401B022801D953
:105D60000320CEE5E14874300068C0F3400000280D
:105D7000F1D019E0DD487430006820F00100DB4903
:105D800074310860FDF79EFF054606E0FDF79AFFB7
:105D9000401B022801D90320B3E5D44874300068C1
:105DA000C0F340000028F1D1207800F02000202826
:105DB00030D1A069B8B1CD48006840F48050CB49DB
:105DC0000860FDF77FFF054606E0FDF77BFF401BFF
:105DD000022801D9032094E5C4480068C0F340308C
:105DE0000028F2D016E0C148006820F48050BF4976
:105DF0000860FDF767FF054606E0FDF763FF401BFF
:105E0000022801D903207CE5B8480068C0F340307F
:105E10000028F2D1207800F0040004287DD1B44895
:105E2000006840F48070B2490860FDF74BFF0546FA
:105E300006E0FDF747FF401B642801D9032060E519
:105E4000AB48006800F480700028F2D000BFA06862
:105E5000012808D1A5487030006840F00100A3492E
:105E6000703108602DE0A06868B9A0487030006803
:105E700020F001009D49703108600846006820F05C
:105E8000040008601DE0A06805280DD19748703017
:105E9000006840F0040095497031086008460068C9
:105EA00040F0010008600CE090487030006820F07D
:105EB00001008E49703108600846006820F0040037
:105EC000086000BFA068A0B1FDF7FCFE054608E031
:105ED000FDF7F8FE401B41F28831884201D90320CA
:105EE0000FE5824870300068C0F340000028EFD012
:105EF00013E0FDF7E7FE054608E0FDF7E3FE401B73
:105F000041F28831884201D90320FAE477487030A1
:105F10000068C0F340000028EFD1606A00287DD0FF
:105F200072481030006800F03800182877D0606A96
:105F3000022875D16D48006820F080706B490860B8
:105F4000FDF7C0FE054606E0FDF7BCFE401B02283B
:105F500001D90320D5E465480068C0F340600028FB
:105F6000F2D100BFD4E90A1041EA00105F4928319C
:105F7000096840F2F332914308435C4928310860D4
:105F8000208E401EC0F30800616B491E4FF47E4214
:105F900002EA41210843218F491ED20102EA014150
:105FA00008433C21095D491E120202EA01610843CF
:105FB0004E493031086000BF081F006820F0010022
:105FC000091F08604948343000684FF6F87188436B
:105FD000A16C40EAC10045493431086043482C3087
:105FE000006820F00C00216C084340492C31086007
:105FF0000846006820F00200616C08433B492C31E0
:1060000008600846006840F4803008600846006870
:1060100040F4003008600846006802E06AE038E0BA
:106020001FE040F4802008600846006840F001004E
:1060300008602E48006840F080702C490860FDF729
:1060400041FE054606E0FDF73DFE401B022801D952
:10605000032056E425480068C0F340600028F2D0D1
:1060600048E02248006820F0807020490860FDF771
:1060700029FE054606E0FDF725FE401B022801D952
:1060800003203EE419480068C0F340600028F2D1C4
:1060900030E0164828300768144830300668606AD7
:1060A000012821D007F00301A06A81421CD1C7F367
:1060B0000511E06A884217D1C6F30801206B401E23
:1060C000814211D1606B401EC6F3462188420BD13C
:1060D000A06B401EC6F30641884205D1E06B401E0E
:1060E000C6F30661884205D001200AE40044025844
:1060F00000480258002004E470B504460D460CB96F
:10610000012070BD94F82C0028B9002084F82D00DF
:10611000204600F019F8022084F82C00211D206888
:10612000FAF789FF2946D4E90002FAF7D7FF0548B4
:10613000006840F0004003490860012084F82C000A
:106140000020DEE70040005210B586B0044600BFD4
:106150003E48006840F480503C49086008460068AA
:1061600000F48050009000BF00BF00BF37480C30E3
:10617000006840F0040035490C31086008460068AA
:1061800000F00400009000BF00BF00BF0846006898
:1061900040F0080008600846006800F00800009021
:1061A00000BF00BF00BF0846006840F01000086054
:1061B0000846006800F01000009000BF00BF00BF5C
:1061C0000846006840F0200008600846006800F0BB
:1061D0002000009000BF00BF00BF0846006840F0EC
:1061E000400008600846006800F04000009000BFD2
:1061F00000BF0D2001900220029001200390032097
:1062000004900C20059001A91148FDF73FFC4CF2C9
:106210000370019001A90F48FDF738FC4FF6837019
:10622000019001A90C48FDF731FC4FF63F000190A9
:1062300001A90A48FDF72AFC48F23710019001A98C
:106240000748FDF723FC06B010BD0000D4440258F7
:1062500000080258000C025800100258001402589E
:106260000018025870B504460D4694F82C00022818
:1062700000D170BD94F82C0001280AD1022084F8C6
:106280002C0029462068FAF70CFF012084F82C0026
:1062900001E00120EDE70020EBE72DE9F0410446A5
:1062A0000E46174694F82C50022D02D10220BDE86C
:1062B000F081012D01D0052D12D1022084F82C008F
:1062C0003A4631462068FAF7F6FE3068022803D1D4
:1062D000052084F82C0005E0012084F82C0001E062
:1062E0000120E4E70020E2E770B504460E461546BB
:1062F0000CB9012070BD94F8450028B9002084F83D
:106300004400204600F028F804F108012068FAF75C
:106310000DFE3146A2682068FAF75AFE2946E36A64
:10632000D4E90102FAF7E0FDA168206850F82100E5
:1063300040F00100A268216841F822000548006889
:1063400040F0004003490860012084F84500002027
:10635000D0E700000040005210B586B0044600BFF0
:106360002048006840F480501E49086008460068D4
:1063700000F48050009000BF00BF00BF19480C30EF
:10638000006840F0080017490C31086008460068B2
:1063900000F00800009000BF00BF00BF0846006882
:1063A00040F0100008600846006800F010000090FF
:1063B00000BF00BF4EF2B370019002200290012096
:1063C0000390022004900C20059001A90648FDF7D7
:1063D0005DFB4FF68070019001A90448FDF756FB64
:1063E00006B010BDD4440258000C025800100258E8
:1063F000042808D14FF0E021096941F004014FF071
:10640000E022116107E04FF0E021096921F0040169
:106410004FF0E0221161704770B504462546681EB2
:10642000B0F1807F01D301200FE0681E4FF0E02122
:1064300048610F214FF0FF3001F030FE00204FF097
:10644000E021886107200861002070BD7047704717
:106450007047704770470146D1F88430D1F88820E2
:1064600043EA0200704700002DE9F0470446206827
:10647000C569206806682068876840F60F0005EA4D
:106480000009B9F1000F0FD105F0200060B106F04E
:10649000200010B907F0805030B1206F10B12046B5
:1064A000216F8847BDE8F087B9F1000F7ED0F94829
:1064B000384018B9F84830400028F7D005F00100FE
:1064C00058B106F4807040B1012021680862D4F808
:1064D0008C0040F00100C4F88C0005F0020058B1B7
:1064E00007F0010040B1022021680862D4F88C0056
:1064F00040F00400C4F88C0005F0040058B107F027
:10650000010040B1042021680862D4F88C0040F0FA
:106510000200C4F88C0005F0080070B106F02000FD
:1065200010B9DC48384040B1082021680862D4F82E
:106530008C0040F00800C4F88C0005F4006060B1E5
:1065400006F0806048B14FF4006021680862D4F81A
:106550008C0040F02000C4F88C00D4F88C00002897
:106560004ED005F0200050B106F0200010B907F021
:10657000805020B1206F10B12046216F8847D4F899
:106580008CA02068806800F04000402802D00AF00B
:10659000280070B3204600F069FE2068806800F093
:1065A0004000402821D100BF00BF00E029E0216861
:1065B000083151E8001F21F040002168083141E80E
:1065C0000002002AF1D100BFE06F50B1B348E16F83
:1065D0000865E06FFBF788FE90B1E06F016D8847BA
:1065E0000EE02046FFF736FF0AE02046FFF732FFB5
:1065F00006E0FFE72046FFF72DFF0020C4F88C00DF
:1066000050E7E06E012872D105F0100000286ED02E
:1066100006F010000028FAD01020216808622068D7
:10662000806800F0400040287ED1E06F00689C49FF
:10663000884258D0E06F006899491831884252D09A
:10664000E06F00689649303188424CD0E06F0068B6
:1066500093494831884246D0E06F006890496031E4
:10666000884240D0E06F00688D49783188423AD046
:10667000E06F00688A499031884234D0E06F00684A
:106680008749A83188422ED0E06F0068854988424A
:1066900029D0E06F006883491831884223D0E06F29
:1066A00000688049303188421DD0E06F00687D4924
:1066B0004831884217D0E06F00687A4960318842DB
:1066C00011D0E06F00687749783188420BD0E06FD5
:1066D000006874499031884205D0E06F00687149C4
:1066E000A831884204D1E06F0068406803E0A0E070
:1066F000E06F006840681FFA80F8B8F1000F55D0CD
:10670000B4F85C00404551DDA4F85E80E06FC069DC
:10671000B0F5807F41D000BF00BF216851E8001F65
:1067200021F48070226800E041E042E80001002985
:10673000F3D100BF00BF00BF2168083151E8001F3E
:1067400021F001002168083141E80002002AF3D15C
:1067500000BF00BF00BF2168083151E8001F21F0D1
:1067600040002168083141E80002002AF3D100BF4F
:106770002020C4F888000020E06600BF00BF216828
:1067800051E8001F21F01000226842E800010029B2
:10679000F5D100BFE06FFBF739FBB4F85C00B4F84B
:1067A0005E20801A81B22046FFF750FE7AE634F868
:1067B0005C0F6188401A1FFA80F860885C3CB8B3AF
:1067C000B8F1000F34D000BF00BF216851E8001FAE
:1067D00021F49070226842E800010029F5D100BF41
:1067E00000BF00BF2168083151E8001F294AD24389
:1067F00001EA02002168083141E80002002AF1D1D3
:1068000000BF2020C4F888000020E066206700BF99
:1068100000BF216851E8001F21F01000226842E803
:1068200000010029F5D100BF41462046FFF70EFECA
:1068300038E605F4801050B107F4800038B14FF409
:106840008010216808622046FFF703FE2AE605F063
:10685000800058B106F0800010B907F4000028B19C
:10686000606F10B12046616F88471BE605F040005D
:1068700030B106F0400018B1204600F02DFD11E6C1
:1068800005F4000080B106F0804068B12046FFF7B3
:10689000DFFD07E60100001020010004537200082C
:1068A000100002401004024005F0807030B106F084
:1068B000004018B12046FFF7CAFDF3E500BFF1E53F
:1068C00010B504460CB9012010BDA06900B100E06C
:1068D00000BFD4F8840028B9002084F88000204646
:1068E00000F02AF82420C4F884002068006820F012
:1068F000010021680860204600F0A0FF012800D1B7
:10690000E2E7A06A10B1204600F0ECFB2068406886
:1069100020F49040216848602068806820F02A00B8
:10692000216888602068006840F0010021680860E4
:10693000204600F053FCC7E710B586B004462B494B
:106940002068884250D100BF00BF2948006840F04D
:106950001000274908600846006800F01000009009
:1069600000BF00BF00BF00BF00BF21481038006853
:1069700040F001001E49103908600846006800F028
:106980000100009000BF00BF00BF00BF00BF08466D
:10699000006840F0010008600846006800F001004F
:1069A000009000BF00BF00BF4FF4007001900220B4
:1069B000029001200390022004900720059001A975
:1069C0000C48FDF763F84FF48060019007200590B4
:1069D00001A90848FDF75AF82520FDF73AFC0322E3
:1069E00011462520FDF749FC06B010BD00100140FE
:1069F000F04402580000025870B504460D46164691
:106A0000D4F8880020282CD105B10EB9012070BD22
:106A100000BF94F88000012801D10220F7E701208F
:106A200084F8800000BF0020E0660F49206888429B
:106A300011D02068406800F4000060B100BF00BFC2
:106A4000216851E8001F41F08060226842E800019F
:106A50000029F5D100BF32462946204601F0B4F99D
:106A6000D5E70220D3E70000000C00581D4A01685A
:106A7000914236D11C49098801F4004189BB1A4969
:106A8000098801F4804171B1184909780A2903D0B5
:106A90000021154A118024E01349098841F400417E
:106AA000114A11801DE0114909780D2906D10E49BE
:106AB000098841F480410C4A118012E00B490978A1
:106AC000094A1288C2F30D02094B995406490988F4
:106AD000491C054A118011460988C72901DD00219A
:106AE00011807047001001401000002412000024A3
:106AF00030000024704700BFFEE7F0B58E880768BD
:106B0000FF68C7F30B473E4433040668843680278A
:106B100007FB0266766806F47047066884364FF015
:106B2000800C0CFB026677600E680768FF68C7F38D
:106B30000B473E44761C1E43076884370CFB0277E4
:106B40007E608E890768FF68C7F30A073E443304F6
:106B500006688436802707FB0266B66806F470472D
:106B6000066884360CFB0266B7608E680768FF68AB
:106B7000C7F30A073E44761C46EA030706688436D4
:106B80000CFB0266B76006688436802707FB026646
:106B9000366926F00707066884360CFB0266376103
:106BA0000F69066884360CFB026637613126765C15
:106BB00033023226765C34040E7E3506066884364F
:106BC000802707FB0266B6690027066884360CFB3F
:106BD0000266B76191F830601E43264346EA050716
:106BE000066884360CFB0266B76106688436802727
:106BF00007FB0266766926F0FF07066884360CFB01
:106C0000026677614F69066884360CFB026677611D
:106C100006688436802707FB0266F66940F207772C
:106C2000BE43076884370CFB0277FE61D1E9077623
:106C30003743066884360CFB0266F76106688436C3
:106C4000802707FB0266B66A0027066884360CFBBD
:106C50000266B7624F6A066884360CFB0266B7624A
:106C60000E690EB9042313E00E69012E01D103232E
:106C70000EE00E69042E08D00E69022E05D00E69B2
:106C8000032E02D00E69072E01D1022300E001235A
:106C900006688436802707FB0266F66A06F0E0275E
:106CA000066884364FF0800C0CFB0266F762D1E96F
:106CB0000076F61B5E43F61D0F8D5F4346EA0747DD
:106CC000066884360CFB0266F76206688436802705
:106CD00007FB0266366BF70AFF02066884360CFB78
:106CE00002663763CF6A066884360CFB0266376338
:106CF00006688436D701F65946F0010706688436DF
:106D00004FEAC21C46F80C70F0BD00BFFEE700BFA2
:106D1000FEE770472DE9F04104460E46002755482E
:106D2000006800F00300032802D10120BDE8F081D3
:106D300050482838006820F080604E4928390860A3
:106D4000FCF7C0FF054606E0FCF7BCFF401B02282D
:106D500001D90320EAE7474828380068C0F3C0603B
:106D60000028F1D100BF4348006820F47C3021683E
:106D700040EA01303F490860A088401EC0F3080087
:106D8000A168491E4FF47E4202EA41210843A189CD
:106D9000491ED20102EA01410843217C491E120228
:106DA00002EA0161084333491031086000BF3148ED
:106DB000001D006820F0C000616908432D49091DCD
:106DC00008600846006820F02000A16908432949AE
:106DD000091D08600846006820F01000086025487A
:106DE000143000684FF6F8718843E16940EAC10049
:106DF0002049143108601F48001D006840F0100051
:106E00001C49091D08602EB90846006840F400209E
:106E1000086012E0012E08D11648001D006840F4F9
:106E200080101449091D086007E01248001D006821
:106E300040F400100F49091D08600E48283800680A
:106E400040F080600B4928390860FCF73BFF05469D
:106E500006E0FCF737FF401B022801D9032065E755
:106E6000044828380068C0F3C0600028F1D03846D4
:106E70005CE70000284402582DE9F04104460E4624
:106E800000275548006800F00300032802D10120C4
:106E9000BDE8F08150482838006820F080504E4905
:106EA00028390860FCF70EFF054606E0FCF70AFFEC
:106EB000401B022801D90320EAE747482838006828
:106EC000C0F340700028F1D100BF4348006820F0B3
:106ED0007C70218840EA01503F490860A088401E2C
:106EE000C0F30800A168491E4FF47E4202EA412126
:106EF0000843A189491ED20102EA01410843217CCD
:106F0000491E120202EA0161084333491831086040
:106F100000BF3148001D006820F4406061690843EB
:106F20002D49091D08600846006820F40070A16919
:106F300008432949091D08600846006820F480704C
:106F4000086025481C3000684FF6F8718843E169F5
:106F500040EAC10020491C3108601F48001D00683C
:106F600040F480701C49091D08602EB9084600686D
:106F700040F48000086012E0012E08D11648001D80
:106F8000006840F400001449091D086007E0124839
:106F9000001D006840F080700F49091D08600E4810
:106FA0002838006840F080500B4928390860FCF709
:106FB00089FE054606E0FCF785FE401B022801D944
:106FC000032065E7044828380068C0F340700028B3
:106FD000F1D038465CE7000028440258704710B5ED
:106FE000FCF776FE10BD00003448006840F47000E5
:106FF000324908603248006800F00F00072806D2C6
:107000002F48006820F00F00C01D2D4908602D4852
:10701000006840F001002B49086000202949103128
:107020000860284800682849084026490860244824
:10703000006800F00F00072806D92148006820F0FA
:107040000F00C01D1E49086000201E49183108604D
:10705000091D0860091D08601C481A49283108608C
:107060001B48091D08601B48091D08600020091DF8
:1070700008601848091D08600020091D08601548AF
:10708000091D08600020091D08600E48006820F4F2
:1070900080200C49086000200A49603108600E48D1
:1070A00000686FF30F00B0F1005F02D201200B49BE
:1070B000086043F2D2000A490860704788ED00E09A
:1070C00000200052004402587FEDF6EA000202025E
:1070D0000000FF01800201010010005C08810051E6
:1070E0000040005290F8281001F0010139B1016808
:1070F000496821F40031C26A11430268516090F876
:10710000281001F00201022907D10168496821F421
:107110008031026B11430268516090F8281001F031
:107120000401042907D10168496821F48021426BD8
:1071300011430268516090F8281001F008010829F5
:1071400007D10168496821F40041826B114302684C
:10715000516090F8281001F01001102907D1016842
:10716000896821F48051C26B11430268916090F8E4
:10717000281001F02001202907D10168896821F435
:107180000051026C11430268916090F8281001F0E0
:107190004001402913D10168496821F48011426CF3
:1071A000114302685160416CB1F5801F07D101683D
:1071B000496821F4C001826C11430268516090F863
:1071C000281001F08001802907D10168496821F465
:1071D0000021C26C114302685160704738B5044603
:1071E0000020C4F88C00FCF76DFD0546206800689F
:1071F00000F0080008280CD16FF07E402B460022DA
:107200004FF400110090204600F096FE08B10320D4
:1072100038BD2068006800F0040004280CD16FF02D
:107220007E402B4600224FF480010090204600F063
:1072300083FE08B10320EBE72020C4F88400C4F8E3
:1072400088000020E06600BF84F8800000BF00BF17
:10725000DEE770B50546AC6B0020A4F85E00A4F82C
:1072600056002046FFF7F6F870BD000000BF00BFD3
:10727000026852E8002F22F49071036843E800127C
:10728000002AF5D100BF00BF00BF0268083252E8F3
:10729000002F104B02EA03010268083242E8001393
:1072A000002BF2D100BFC16E01290CD100BF00BF7D
:1072B000026852E8002F22F01001036843E8001230
:1072C000002AF5D100BF2021C0F888100021C16636
:1072D00001677047FEFFFFEF10B5044600BF00BF17
:1072E000216851E8001F21F04000226842E80001B7
:1072F0000029F5D100BF2020C4F884000020606779
:107300002046FFF7F7FB10BD2DE9F0410446B4F825
:107310006070D4F88800222857D12068406A86B26D
:10732000A56D06EA07002880A06D801CA065B4F852
:107330005E00401EA4F85E00B4F85E0000284AD14A
:1073400000BF00BF216851E8001F21F4907022683F
:1073500042E800010029F5D100BF00BF00BF21684D
:10736000083151E8001F21F001002168083141E88F
:107370000002002AF3D100BF2020C4F888000020BA
:107380002067E06E01281CD10020E06600BF00BF2E
:10739000216851E8001F21F01000226842E8000136
:1073A0000029F5D100BF2068C069C0F3001010B1FA
:1073B000102021680862B4F85C102046FFF746F8F8
:1073C00009E02046FFF752FB05E02068806940F0A5
:1073D000080021688861BDE8F08100002DE9F84FC0
:1073E0000446B4F860B02068C56920680068009061
:1073F0002068D0F808A0D4F8880022287ED1B4F8FC
:10740000689096E02068406A1FFA80F8A76D08EA45
:107410000B003880A06D801CA065B4F85E00401E93
:10742000A4F85E002068C56905F00700B0B305F058
:10743000010060B1009800F4807040B10120216823
:107440000862D4F88C0040F00100C4F88C0005F00C
:10745000020058B10AF0010040B102202168086220
:10746000D4F88C0040F00400C4F88C0005F004004F
:1074700058B10AF0010040B1042021680862D4F834
:107480008C0040F00200C4F88C00D4F88C0028B1C5
:107490002046FEF7DFFF0020C4F88C00B4F85E0041
:1074A00068BB00BF00BF216851E8001F21F4807055
:1074B000226842E800010029F5D100BF00BF00BFEB
:1074C0002168083151E8001F344A01EA02002168AE
:1074D000083141E80002002AF2D100BF2020C4F8A0
:1074E000880000202067E06E01281FD10020E066A0
:1074F00000BF00BF216851E8001F01E046E018E02E
:1075000021F01000226842E800010029F2D100BFFA
:107510002068C069C0F3001010B110202168086213
:10752000B4F85C102046FEF791FF02E02046FFF71A
:107530009DFAB9F1000F04D005F0200000287FF477
:1075400061AFB4F85E6006B3B4F86800B04223DD02
:1075500000BF00BF2168083151E8001F21F08050B2
:107560002168083141E80002002AF3D100BF0C482D
:10757000206700BF00BF216851E8001F41F02000D4
:10758000226842E800010029F5D105E02068806901
:1075900040F0080021688861BDE8F88FFEFFFFEF2A
:1075A0000973000870B50446B4F86060D4F8880028
:1075B000222857D12068406A85B2F0B22840A16DD8
:1075C0000870A06D401CA065B4F85E00401EA4F8D1
:1075D0005E00B4F85E0000284AD100BF00BF2168F9
:1075E00051E8001F21F49070226842E80001002950
:1075F000F5D100BF00BF00BF2168083151E8001F6E
:1076000021F001002168083141E80002002AF3D18D
:1076100000BF2020C4F8880000202067E06E012809
:107620001CD10020E06600BF00BF216851E8001FA8
:1076300021F01000226842E800010029F5D100BFC6
:107640002068C069C0F3001010B1102021680862E2
:10765000B4F85C102046FEF7F9FE09E02046FFF77B
:1076600005FA05E02068806940F00800216888611B
:1076700070BD00002DE9F05F0446B4F860A02068FA
:10768000C5692068D0F800B02068D0F80890D4F818
:10769000880022287DD1B4F8688095E02068406A8F
:1076A00087B20AF0FF003840A16D0870A06D401C41
:1076B000A065B4F85E00401EA4F85E002068C569AD
:1076C00005F00700A8B305F0010058B10BF4807075
:1076D00040B1012021680862D4F88C0040F001001C
:1076E000C4F88C0005F0020058B109F0010040B167
:1076F000022021680862D4F88C0040F00400C4F82D
:107700008C0005F0040058B109F0010040B10420DC
:1077100021680862D4F88C0040F00200C4F88C00A4
:10772000D4F88C0028B12046FEF794FE0020C4F85F
:107730008C00B4F85E0068BB00BF00BF216851E850
:10774000001F21F48070226842E800010029F5D171
:1077500000BF00BF00BF2168083151E8001F354A53
:1077600001EA02002168083141E80002002AF2D152
:1077700000BF2020C4F8880000202067E06E0128A8
:107780001FD10020E06600BF00BF216851E8001F44
:1077900001E046E018E021F01000226842E8000114
:1077A0000029F2D100BF2068C069C0F3001010B1F9
:1077B000102021680862B4F85C102046FEF746FEEF
:1077C00002E02046FFF752F9B8F1000F04D005F0AF
:1077D000200000287FF462AFB4F85E6006B3B4F80E
:1077E0006800B04223DD00BF00BF2168083151E8C6
:1077F000001F21F080502168083141E80002002A72
:10780000F3D100BF0C48206700BF00BF216851E8DA
:10781000001F41F02000226842E800010029F5D154
:1078200005E02068806940F0080021688861BDE8B3
:10783000F09F0000FEFFFFEFA57500082DE9F04F57
:1078400089B0054600200890F8492868884200D190
:1078500000E000BF2969A868084369690843E9692D
:1078600040EA010828680068F149084040EA080039
:10787000296808602868406820F44050E968084397
:1078800029684860D5F81880E8492868884202D0FD
:10789000286A40EA080828688068E649084040EA03
:1078A0000800296888602868C06A20F00F00696AAB
:1078B00008432968C86200BFDF492868884220D190
:1078C000DE48006800F03800182811D005DC48B107
:1078D000082809D0102811D108E020280AD028282B
:1078E0000CD109E001240BE0042409E0082407E09E
:1078F000102405E0202403E0402401E0802400BFA0
:10790000F8E0CF492868884219D1CC48006800F0D7
:107910000700062810D2DFE800F0030507090B0D69
:1079200000240BE0042409E0082407E0102405E00B
:10793000202403E0402401E0802400BFDAE0C149B4
:107940002868884219D1BD48006800F00700062861
:1079500010D2DFE800F0030507090B0D00240BE04F
:10796000042409E0082407E0102405E0202403E0B3
:10797000402401E0802400BFBCE0B349286888426D
:1079800019D1AE48006800F00700062810D2DFE8E1
:1079900000F0030507090B0D00240BE0042409E0A7
:1079A000082407E0102405E0202403E0402401E03F
:1079B000802400BF9EE0A5492868884219D19F48CD
:1079C000006800F00700062810D2DFE800F0030589
:1079D00007090B0D00240BE0042409E0082407E04C
:1079E000102405E0202403E0402401E0802400BFAF
:1079F00080E097492868884220D19048006800F0CC
:107A00003800182811D005DC48B1082809D0102802
:107A100011D108E020280AD028280CD109E001243F
:107A20000BE0042409E0082407E0102405E02024EA
:107A300003E0402401E0802400BF5BE08549286822
:107A4000884219D17D48006800F00700062810D24E
:107A5000DFE800F0030507090B0D00240BE0042408
:107A600009E0082407E0102405E0202403E0402476
:107A700001E0802400BF3DE077492868884219D1A1
:107A80006E48006800F00700062810D2DFE800F01A
:107A9000030507090B0D00240BE0042409E008246A
:107AA00007E0102405E0202403E0402401E08024C6
:107AB00000BF1FE05D49286888421AD15F48001D59
:107AC000006800F00700062810D2DFE800F0030588
:107AD00007090B0D02240BE0042409E0082407E049
:107AE000102405E0202403E0402401E0802400BFAE
:107AF00000E0802400BF4D49286888427DD1102CC9
:107B00001AD006DC022C09D0042C0BD0082C29D169
:107B10000DE0202C21D0402C24D120E0FCF708FCE3
:107B2000064623E005A8FCF715FC069E1EE002A809
:107B3000FCF728FD039E19E0404854380068C0F364
:107B4000401040B13D4854380068C0F3C10143487B
:107B500020FA01F600E0414E08E0414E06E04FF405
:107B6000004603E000260120089000BF00BF002E61
:107B700010D03C49686A31F81000B6FBF0F968682B
:107B800000EB4000484503D868680003484502D22E
:107B90000120089003E13349686A31F810C0624659
:107BA000002330461946F8F7F2FB4FF480730022A9
:107BB0008446ACFB030B01FB03B10CFB021C6968A0
:107BC0004908034659184CEB0200CDE90010D5F8DE
:107BD00004C06246002308460199F8F7D8FB07461F
:107BE000B7F5407F06D3B7F5801F03D22868C7607A
:107BF000D5E002E001200890D1E0E869B0F5004F3F
:107C00007BD1082C39D005DC5CB1012C2CD0042CA4
:107C10004CD12DE0102C35D0202C42D0402C45D119
:107C200041E0FDF72FFD064644E00000000C00583F
:107C3000F369FFCFFFF4FF110010014054440258D4
:107C40000044004000480040004C0040005000400C
:107C50000014014000780040007C00400090D003F8
:107C600000093D0052E30008FDF71EFD064621E035
:107C700005A8FCF76FFB069E1CE002A8FCF782FC3F
:107C8000039E17E04C480068C0F3401038B14A48E2
:107C90000068C0F3C101494820FA01F600E0474EF0
:107CA00008E0474E06E04FF4004603E000260120BE
:107CB000089000BF00BFFEB14249686A31F8100069
:107CC000B6FBF0F04000696800EB5100B0FBF1F743
:107CD000102F0FD3B7F5803F0CD24FF6F07007EAA4
:107CE000000AC7F342004AEA000A2868C0F80CA05C
:107CF00055E002E00120089051E0082C1AD005DC84
:107D00005CB1012C0DD0042C2DD10EE0102C16D01E
:107D1000202C23D0402C26D122E0FDF7B3FC0646D0
:107D200025E0FDF7C1FC064621E005A8FCF712FBA3
:107D3000069E1CE002A8FCF725FC039E17E01E48E7
:107D40000068C0F3401038B11B480068C0F3C1019F
:107D50001A4820FA01F600E0184E08E0184E06E036
:107D60004FF4004603E000260120089000BF00BF4A
:107D7000AEB11449686A31F81000B6FBF0F06968DA
:107D800000EB5100B0FBF1F7102F06D3B7F5803FA1
:107D900003D2B8B22968C86001E001200890012030
:107DA000A5F86A00A5F868000020286768670898A9
:107DB00009B0BDE8F08F0000004402580090D003E5
:107DC00000093D0052E3000830B503469965A3F869
:107DD0005C20A3F85E200020186700BF9868B0F50B
:107DE000805F0AD1186920B940F2FF10A3F8600043
:107DF00020E0FF20A3F860001CE0986848B91869EB
:107E000018B9FF20A3F8600014E07F20A3F86000F9
:107E100010E09868B0F1805F09D1186918B97F2027
:107E2000A3F8600006E03F20A3F8600002E0002015
:107E3000A3F8600000BF0020C3F88C002220C3F824
:107E4000880000BF00BF1C68083454E8004F44F0AD
:107E500001001C68083444E80005002DF3D100BF80
:107E6000586EB0F1005F31D1B3F8680090422DDC5C
:107E70009868B0F5805F04D1186910B92A4818676E
:107E800001E02A48186700BF002083F8800000BF87
:107E9000186960B100BF00BF1C6854E8004F44F48B
:107EA00080701D6845E80004002CF5D100BF00BFBC
:107EB00000BF1C68083454E8004F44F080501C6830
:107EC000083444E80005002DF3D12BE09868B0F5A4
:107ED000805F04D1186910B91548186701E015488A
:107EE000186700BF002083F8800000BF186960B1E8
:107EF00000BF00BF1C6854E8004F44F490701D6838
:107F000045E80004002CF5D10CE000BF00BF1C6860
:107F100054E8004F44F020001D6845E80004002CA0
:107F2000F5D100BF002030BDDD7300087576000874
:107F300009730008A57500082DE9F04104460D46B7
:107F400017469846069E6AE0701C002867D0FBF72B
:107F5000B9FEA0EB0800B04200D846BB00BF00BF8E
:107F6000216851E8001F21F4D070226842E8000126
:107F70000029F5D100BF00BF00BF2168083151E8DA
:107F8000001F21F001002168083141E80002002AA9
:107F9000F3D100BF2020C4F88400C4F8880000BFDB
:107FA000002084F8800000BF0320BDE8F081206835
:107FB000006800F0040088B32068C069C0F3C020E6
:107FC00060B34FF400602168086200BF00BF216801
:107FD00051E8001F21F4D070226842E80001002916
:107FE000F5D100BF00BF00BF2168083151E8001F74
:107FF00021F001002168083141E80002002AF3D194
:1080000000BF202044F8840F6060A060843C00BF63
:10801000002084F8800000BF0320C6E7FFE7206847
:10802000C0692840A84201D1012000E00020B842E8
:108030008AD00020B9E7000070B500240F4D104829
:10804000FEF712FA00BF03E0641CAC4200D904E062
:108050000B48FEF700FA2028F6D100BF002403E009
:10806000641CAC4200D906E0012206490448FEF730
:10807000C3FC0028F4D100BF70BD0000FFFF010069
:10808000F80000241200002400BFFEE70248006848
:10809000C0F30220704700000CED00E010B500288E
:1080A00004DB0A07130E054A135406E00A07140EF0
:1080B000034A00F00F031B1FD45410BD00E400E07E
:1080C00018ED00E000BF704770B5FF2400250121C6
:1080D00043F2230001F0B2FC082143F2220001F038
:1080E000ADFC09E0012001F0BDFC43F2230000F0EB
:1080F00001FA0446681C85B21CB141F28830854201
:10810000F0DB0CB1052070BDFF240025012143F2F6
:10811000230001F093FC042143F2220001F08EFCC5
:1081200009E0012001F09EFC43F2230000F0E2F997
:108130000446681C85B21CB141F288308542F0DBF0
:108140000CB10520DFE70020DDE700002DE9F0415C
:108150000026002720214FF4405001F06FFC4FF41F
:108160000045002407E02848015D284601F066FC30
:10817000681C85B2641C40F6ED708442F3D3002184
:1081800043F2220001F05AFC002143F2230001F0E7
:1081900055FC002143F2240001F050FC002143F281
:1081A000250001F04BFC002143F2260001F046FCC3
:1081B000002143F2270001F041FC002143F2280096
:1081C00001F03CFC7F2143F2290001F037FC002143
:1081D0004FF4405001F032FC09E0012001F042FC74
:1081E00043F2290000F086F90646781C87B2702E0B
:1081F00003D041F288308742EFDB702E02D0052099
:10820000BDE8F0810020FBE77E17010810B50848A3
:10821000084908600020486020210648816000214C
:10822000C1600161416181610162F9F707F810BD28
:1082300000000248540300242DE9F04104460D4695
:1082400016461F461248806C05611148806C866195
:108250000F49886CFAF790FF00200D4981F8500013
:1082600008460068C06840F001000968C8603B46E5
:10827000224602210648F9F7EBF900BF044890F8BE
:1082800050000028FAD00248F9F772FABDE8F081F0
:108290005403002410B500BF00224FF400410D48E4
:1082A000FBF704FD00BF142001F0DCFB00BF002140
:1082B000022005F0D4FD00BF052001F0D3FB00BF74
:1082C0000122D1030348FBF7F1FC00BF142001F0A9
:1082D000C9FB10BD0000025810B543F20A0000F0BF
:1082E00009F9040243F20B0000F004F904432046AC
:1082F00010BD00002DE9F04781460F469046062F3D
:108300003FD2DFE807F0030C16202A3400240025B2
:10831000244800892349498900FB01F634E04FF4E1
:10832000806400251F4800891E49498900FB01F629
:108330002AE000244FF400551A4800891949498958
:108340004843460820E04FF48064E5001548008962
:10835000144949894843460816E000244FF48045F3
:10836000104800890F494989484386080CE04FF4BA
:10837000806425010B4800890A49498948438608D9
:1083800002E00220BDE8F08700BFB8F1000F00D086
:10839000C04733462A4621464846FFF74DFF002096
:1083A000F0E70000480300242DE9F047642001F0C5
:1083B00059FB43F6080000F09DF8044643F6090017
:1083C00000F098F8054643F60A0000F093F80646D8
:1083D00043F60B0000F08EF8074604F00F0045EA64
:1083E000002806F0070047EA00290348A0F80880A3
:1083F000A0F80A90BDE8F0874803002400B587B0D4
:10840000142102A8F8F7D8F800BF00BF144800688C
:1084100040F00100124908600846006800F00100C1
:10842000019000BF00BF00BF4FF400400290012048
:10843000039004900220059002A90A48FBF726FB4E
:1084400000BF0122D1030748FBF730FC00BF00BF8B
:108450000121022005F003FD00BF07B000BD0000B0
:10846000E04402580000025810B500BF00224FF44B
:1084700000410948FBF71AFC00BF142001F0F2FA92
:1084800000BF0122D1030448FBF710FC00BF1420F9
:1084900001F0E8FA10BD00000000025810B5FFF727
:1084A000ADFFFFF7F7FEFFF7DFFF00F075F801F013
:1084B000AFFAFFF711FF044645F24060844201D055
:1084C000012010BD00F004F8FFF7A0FE0020F8E73F
:1084D00010B5002409E0064A02EB84029178044AB0
:1084E00032F8240001F0AAFA641CCF2CF3D310BD9B
:1084F000EA12010838B504460020009021463C20CD
:1085000000F018F869463C2000F003F89DF80000E0
:1085100038BD70B504460D4600F0F6F8012101EBB8
:108520004401C8B200F034F9284600F079F800F0B0
:108530000FF970BD70B505460C4600F0E5F8002156
:1085400041EA4501C8B200F023F9200A00F020F901
:10855000E0B200F01DF900F0FBF870BD70B5054603
:108560000C46164600F0D0F8002141EA4501C8B299
:1085700000F00EF9200A00F00BF9E0B200F008F963
:10858000304600F005F900F0E3F870BD10B50520A5
:1085900001F082FA10BD000000B587B0142102A8D6
:1085A000F8F70AF800BF00BF1B48006840F002005F
:1085B000194908600846006800F00200019000BFF9
:1085C00000BF00BF00BF00BF0846006840F00200C7
:1085D00008600846006800F00200019000BF00BF7C
:1085E00000BF10200290012003900490022005900B
:1085F00002A90A48FBF74AFA0820029001200390DA
:1086000004900220059002A90448FBF73FFA00F00D
:108610009FF807B000BD0000E04402580004025873
:1086200070B5044600F044F807251DE0FFF7AEFFE3
:1086300000BF012210211D48FBF738FB00BF0821B5
:108640001A48FBF721FB0646207806FA05F1084395
:108650002070FFF79BFF00BF002210211348FBF79B
:1086600025FB00BF681E45B2002DDFDAFFF78EFF45
:1086700000BF012210210D48FBF718FB00BFFFF7D8
:1086800085FF00BF002210210848FBF70FFB00BF49
:10869000FFF77CFF00BF002208210448FBF706FB20
:1086A00000BFFFF773FF00F019F870BD0004025817
:1086B00000B585B014216846F7F77EFF08200090CA
:1086C0000020019001200290022003906946024898
:1086D000FBF7DCF905B000BD0004025800B585B019
:1086E00014216846F7F768FF0820009001200190E8
:1086F00002900220039069460248FBF7C7F905B0D3
:1087000000BD00000004025810B500BF012208217E
:108710000E48FBF7CBFA00BF00BF012210210B4827
:10872000FBF7C4FA00BFFFF731FF00BF00220821AA
:108730000648FBF7BBFA00BFFFF728FF00BF002287
:1087400010210248FBF7B2FA00BF10BD0004025826
:1087500010B500BF002208210C48FBF7A7FA00BFA4
:10876000FFF714FF00BF012210210848FBF79EFA13
:1087700000BFFFF70BFF00BF012208210348FBF7F2
:1087800095FA00BFFFF702FF10BD00000004025879
:1087900070B50646072425E046FA04F000F001050E
:1087A00000BF2DB1012208211C48FBF77FFA04E02D
:1087B000002208211948FBF779FA00BFFFF7E6FE0F
:1087C00000BF012210211548FBF770FA00BFFFF728
:1087D000DDFE00BF002210211048FBF767FA00BF42
:1087E000601E44B2002CD7DA00BF012208210B48DA
:1087F000FBF75CFA00BFFFF7C9FE00BF01221021A2
:108800000648FBF753FA00BFFFF7C0FE00BF002287
:1088100010210248FBF74AFA00BF70BD000402585D
:1088200010B50446092C6FD2DFE804F0051A2F4476
:10883000596F8499AE00FF2145F2010001F0FEF866
:10884000402145F2875001F0F9F804214FF4AB4084
:1088500001F0F4F8012145F2885001F0EFF8AAE0A8
:10886000FF2145F2010001F0E9F8302145F287507F
:1088700001F0E4F804214FF4AB4001F0DFF80121EE
:1088800045F2885001F0DAF895E0FF2145F2010049
:1088900001F0D4F8202145F2875001F0CFF80421EF
:1088A0004FF4AB4001F0CAF8012145F2885001F0C5
:1088B000C5F880E0FF2145F2010001F0BFF810216A
:1088C00045F2875001F0BAF804214FF4AB4001F0B3
:1088D000B5F8012145F2885001F0B0F86BE0FF21B6
:1088E00045F2010001F0AAF8002145F2875001F09D
:1088F000A5F804214FF4AB4001F0A0F8012145F2A6
:10890000885001F09BF856E053E0FF2145F201004A
:1089100001F094F8102145F2875001F08FF80421FE
:108920004FF4AB4001F08AF8092145F2885001F07C
:1089300085F840E0FF2145F2010001F07FF8202199
:1089400045F2875001F07AF804214FF4AB4001F072
:1089500075F8092145F2885001F070F82BE0FF21ED
:1089600045F2010001F06AF8302145F2875001F02C
:1089700065F804214FF4AB4001F060F8092145F29D
:10898000885001F05BF816E0FF2145F2010001F08C
:1089900055F8402145F2875001F050F804214FF47A
:1089A000AB4001F04BF8092145F2885001F046F840
:1089B00001E0022010BD00BF0020FBE710B5044617
:1089C000092C6ED2DFE804F0051F39536E88A2BC73
:1089D000D600FF2145F2010001F030F8802145F278
:1089E000835001F02BF8802145F2845001F026F8E5
:1089F00002214FF4AB4001F021F8412145F28850AB
:108A000001F01CF8D2E0FF2145F2010001F016F858
:108A1000702145F2835001F011F8702145F2845025
:108A200001F00CF802214FF4AB4001F007F84121AE
:108A300045F2885001F002F8B8E0FF2145F201004C
:108A400000F0FCFF602145F2835000F0F7FF602149
:108A500045F2845000F0F2FF02214FF4AB4000F0E9
:108A6000EDFF412145F2885000F0E8FF9EE0FF2134
:108A700045F2010000F0E2FF502145F2835000F082
:108A8000DDFF502145F2845000F0D8FF02214FF461
:108A9000AB4000F0D3FF412145F2885000F0CEFFFB
:108AA00084E081E0FF2145F2010000F0C7FF402192
:108AB00045F2835000F0C2FF402145F2845000F09F
:108AC000BDFF02214FF4AB4000F0B8FF412145F259
:108AD000885000F0B3FF69E0FF2145F2010000F08B
:108AE000ADFF302145F2835000F0A8FF302145F260
:108AF000845000F0A3FF02214FF4AB4000F09EFF32
:108B0000412145F2885000F099FF4FE0FF2145F2E6
:108B1000010000F093FF202145F2835000F08EFF0A
:108B2000202145F2845000F089FF02214FF4AB4030
:108B300000F084FF412145F2885000F07FFF35E0CE
:108B4000FF2145F2010000F079FF102145F283502A
:108B500000F074FF102145F2845000F06FFF0221F5
:108B60004FF4AB4000F06AFF412145F2885000F01D
:108B700065FF1BE0FF2145F2010000F05FFF0021CF
:108B800045F2835000F05AFF002145F2845000F076
:108B900055FF02214FF4AB4000F050FF412145F258
:108BA000885000F04BFF01E0022010BD00BF002004
:108BB000FBE710B50446092C6ED2DFE804F0051F70
:108BC00039536E88A2BCD600FF2145F2010000F0A7
:108BD00035FF04214FF4AB4000F030FF302145F267
:108BE000865000F02BFF302145F2855000F026FF23
:108BF000412145F2885000F021FFD2E0FF2145F2EB
:108C0000010000F01BFF04214FF4AB4000F016FF01
:108C10002C2145F2865000F011FF2C2145F28550A1
:108C200000F00CFF412145F2885000F007FFB8E04A
:108C3000FF2145F2010000F001FF04214FF4AB4099
:108C400000F0FCFE282145F2865000F0F7FE2821B6
:108C500045F2855000F0F2FE412145F2885000F0C7
:108C6000EDFE9EE0FF2145F2010000F0E7FE042149
:108C70004FF4AB4000F0E2FE242145F2865000F0B4
:108C8000DDFE242145F2855000F0D8FE412145F259
:108C9000885000F0D3FE84E081E0FF2145F201001E
:108CA00000F0CCFE04214FF4AB4000F0C7FE2021C1
:108CB00045F2865000F0C2FE202145F2855000F0BA
:108CC000BDFE412145F2885000F0B8FE69E0FF2169
:108CD00045F2010000F0B2FE04214FF4AB4000F079
:108CE000ADFE1C2145F2865000F0A8FE1C2145F285
:108CF000855000F0A3FE412145F2885000F09EFE11
:108D00004FE0FF2145F2010000F098FE04214FF4EE
:108D1000AB4000F093FE182145F2865000F08EFE25
:108D2000182145F2855000F089FE412145F2885016
:108D300000F084FE35E0FF2145F2010000F07EFEE8
:108D400004214FF4AB4000F079FE142145F2865027
:108D500000F074FE142145F2855000F06FFE4121B1
:108D600045F2885000F06AFE1BE0FF2145F2010049
:108D700000F064FE04214FF4AB4000F05FFE1021D0
:108D800045F2865000F05AFE102145F2855000F061
:108D900055FE412145F2885000F050FE01E00220CE
:108DA00010BD00BF0020FBE710B504460B2C7CD2A1
:108DB000DFE804F00625446384A3C2E1FEFDFC0065
:108DC000102143F60F2000F039FE082143F6102051
:108DD00000F034FE102143F61B2000F02FFE082186
:108DE00043F61E2000F02AFE202143F6112000F059
:108DF00025FE102143F61F2000F020FE3DE1182142
:108E000043F60F2000F01AFE102143F6102000F068
:108E100015FE182143F61B2000F010FE102143F62A
:108E20001E2000F00BFE302143F6112000F006FE5C
:108E3000102143F61F2000F001FE1EE1202143F621
:108E40000F2000F0FBFD182143F6102000F0F6FD86
:108E5000412143F6112000F0F1FD202143F61B20B3
:108E600000F0ECFD182143F61E2000F0E7FD102174
:108E700043F61F2000F0E2FDFFE0282143F60F201B
:108E800000F0DCFD202143F6102000F0D7FD512139
:108E900043F6112000F0D2FD282143F61B2000F0FC
:108EA000CDFD202143F61E2000E0E4E000F0C6FDE9
:108EB000102143F61F2000F0C1FDDEE0302143F613
:108EC0000F2000F0BBFD282143F6102000F0B6FD76
:108ED000612143F6112000F0B1FD302143F61B2043
:108EE00000F0ACFD282143F61E2000F0A7FD102164
:108EF00043F61F2000F0A2FDBFE0382143F60F200B
:108F000000F09CFD302143F6102000F097FD612118
:108F100043F6112000F092FD382143F61B2000F0AB
:108F20008DFD302143F61E2000F088FD102143F610
:108F30001F2000F083FDA0E0402143F60F2000F049
:108F40007DFD382143F6102000F078FD712143F6B5
:108F5000112000F073FD402143F61B2000F06EFD50
:108F6000382143F61E2000F069FD102143F61F2032
:108F700000F064FD81E0482143F60F2000F05EFD23
:108F8000402143F6102000F059FD802143F61120C6
:108F900000F054FD482143F61B2000F04FFD402116
:108FA00043F61E2000F04AFD202102E044E024E0C8
:108FB00004E043F61F2000F041FD5EE0502143F63F
:108FC0000F2000F03BFD482143F6102000F036FD55
:108FD000902143F6112000F031FD502143F61B2073
:108FE00000F02CFD482143F61E2000F027FD202133
:108FF00043F61F2000F022FD3FE0582143F60F20EA
:1090000000F01CFD502143F6102000F017FD9121C7
:1090100043F6112000F012FD582143F61B2000F00A
:109020000DFD502143F61E2000F008FD202143F6DF
:109030001F2000F003FD20E0602143F60F2000F028
:10904000FDFC582143F6102000F0F8FCA02143F667
:10905000112000F0F3FC602143F61B2000F0EEFC31
:10906000582143F61E2000F0E9FC202143F61F2082
:1090700000F0E4FC01E0022010BD00BF0020FBE78F
:1090800010B504460C2C6FD2DFE804F006203A54E9
:109090006F89A3BDD7F4F2F1FF2145F2010000F082
:1090A000CDFC01214FF4AB4000F0C8FC802145F21B
:1090B000815000F0C3FC002145F2825000F0BEFC5C
:1090C000322145F2885000F0B9FC23E1FF2145F23E
:1090D000010000F0B3FC01214FF4AB4000F0AEFC06
:1090E0006F2145F2815000F0A9FC402145F28250E9
:1090F00000F0A4FC322145F2885000F09FFC09E109
:10910000FF2145F2010000F099FC01214FF4AB4032
:1091100000F094FC402145F2815000F08FFC6F215B
:1091200045F2825000F08AFC322145F2885000F06E
:1091300085FCEFE0FF2145F2010000F07FFC0121FA
:109140004FF4AB4000F07AFC002145F2815000F072
:1091500075FC802145F2825000F070FC022145F23E
:10916000885000F06BFCD5E0D2E0FF2145F2010011
:1091700000F064FC01214FF4AB4000F05FFC4021A3
:1091800045F2815000F05AFC6F2145F2825000F008
:1091900055FC022145F2885000F050FCBAE0FF2156
:1091A00045F2010000F04AFC01214FF4AB4000F011
:1091B00045FC6F2145F2815000F040FC402145F212
:1091C000825000F03BFC022145F2885000F036FC52
:1091D000A0E0FF2145F2010000F030FC01214FF436
:1091E000AB4000F02BFC802145F2815000F026FCC2
:1091F000002145F2825000F021FC012145F2885007
:1092000000F01CFC86E0FF2145F2010000F016FC96
:1092100001214FF4AB4000F011FC6F2145F2815069
:1092200000F00CFC402145F2825000F007FC0121C7
:1092300045F2885000F002FC6CE0FF2145F201008D
:1092400000F0FCFB01214FF4AB4000F0F7FB4021A4
:1092500045F2815000F0F2FB6F2145F2825000F0A0
:10926000EDFB012145F2885000F0E8FB52E035E0CB
:109270001AE0FFE7FF2145F2010000F0DFFB0121CA
:109280004FF4AB4000F0DAFB002145F2815000F0D2
:10929000D5FB802145F2825000F0D0FB312145F210
:1092A000885000F0CBFB35E0FF2145F2010000F0D3
:1092B000C5FB01214FF4AB4000F0C0FB402145F25B
:1092C000815000F0BBFB6F2145F2825000F0B6FBED
:1092D000312145F2885000F0B1FB1BE0FF2145F23F
:1092E000010000F0ABFB01214FF4AB4000F0A6FB06
:1092F0006F2145F2815000F0A1FB402145F28250E0
:1093000000F09CFB312145F2885000F097FB01E012
:10931000022010BD00BF0020FBE710B50446062C5C
:1093200078D2DFE804F003788DB1D5FA002143F25A
:10933000064000F083FB042145F2921000F07EFB12
:10934000F82145F2911000F079FB702145F293105D
:1093500000F074FBF02145F2941000F06FFBF02157
:1093600045F2951000F06AFB3D2145F28D1000F0AA
:1093700065FB542145F28F1000F060FB3D2145F262
:109380008E1000F05BFB542145F2901000F056FB6C
:10939000A82145F28B1000F051FBA82145F28C105A
:1093A00000F04CFB182145F2871000F047FB182114
:1093B00045F2881000F042FB6E2145F2891000F062
:1093C0003DFB682145F28A1000F038FB1C2145F274
:1093D000861000F033FB502145F2811000F02EFB87
:1093E000252145F2841000F029FB112145F282105D
:1093F00000F024FB142145F2831000F01FFB25210F
:1094000045F2841000F01AFB242145F2851000F08B
:1094100015FBA8E0A5E0002143F2064000F00EFB9A
:10942000942145F2831000F009FBFF2145F29110D1
:1094300000F004FB002145F2921000F0FFFA92E0E8
:10944000012143F2064000F0F9FA06214FF4505092
:1094500000F0F4FA1C2143F2014000F0EFFA04217D
:1094600043F2024000F0EAFA002143F2034000F028
:10947000E5FA042143F2044000F0E0FAF32143F25C
:10948000054000F0DBFA6EE0012143F2064000F0F7
:10949000D5FA04214FF4505000F0D0FA102143F2D5
:1094A000014000F0CBFA042143F2024000F0C6FA7A
:1094B000002143F2034000F0C1FA082143F20440C6
:1094C00000F0BCFAB62143F2054000F0B7FA4AE0DA
:1094D000012143F2064000F0B1FA05214FF450504B
:1094E00000F0ACFA482143F2014000F0A7FA042151
:1094F00043F2024000F0A2FA002143F2034000F0E0
:109500009DFA072143F2044000F098FACF2143F27C
:10951000054000F093FA26E0FFE7012143F2064000
:1095200000F08CFA06214FF4505000F087FA4821E1
:1095300043F2014000F082FA042143F2024000F0BD
:109540007DFA002143F2034000F078FA042143F24F
:10955000044000F073FAD32143F2054000F06EFAA4
:1095600001E0022010BD00BF0020FBE770B50646F9
:1095700036B1012E20D0022E3AD0032E71D154E004
:1095800043F62000FEF7B6FF044604F0F90400BFDE
:10959000214643F6200000F051FA43F62100FEF781
:1095A000A9FF054605F0F90545F00605294643F6ED
:1095B000210000F043FA56E043F62000FEF79AFF40
:1095C000044604F0F90444F00604214643F6200062
:1095D00000F034FA43F62100FEF78CFF054605F053
:1095E000F90500BF294643F6210000F027FA3AE0CA
:1095F00043F62000FEF77EFF044604F0F90444F031
:109600000604214643F6200000F018FA43F6210034
:10961000FEF770FF054605F0F90545F006052946F9
:1096200043F6210000F00AFA1DE043F62000FEF7A1
:1096300061FF044604F0F90400BF214643F6200010
:1096400000F0FCF943F62100FEF754FF054605F053
:10965000F90500BF294643F6210000F0EFF902E0CA
:10966000FFE7022070BD00BF0020FBE770B5054694
:1096700015B1012D1ED10EE0002409E0104A02EBC5
:10968000840291780E4A32F8240000F0D7F9641C65
:109690002D2CF3D310E0002409E00A4A02EB8402E7
:1096A0009178084A32F8240000F0C8F9641C292C8B
:1096B000F3D301E0022070BD00BF0020FBE70000F3
:1096C00026160108DA1601082DE9F04704460D4672
:1096D00043F60800FEF70EFF064643F60A00FEF7C3
:1096E00009FF074626F00F06C4F30320064304F0E3
:1096F000FF0827F00707C5F30220074305F0FF091D
:10970000032143F2122000F099F9314643F6080094
:1097100000F094F9414643F6090000F08FF939460C
:1097200043F60A0000F08AF9494643F60B0000F0C0
:1097300085F9132143F2122000F080F9A32143F2AE
:10974000122000F07BF9FEF72FFE0020BDE8F08725
:1097500010B504460A2C7CD2DFE804F005101B2665
:10976000313C47525D68652145F2083000F066F9EA
:10977000002145F2023000F061F989E0652145F2EF
:10978000083000F05BF9022145F2023000F056F992
:109790007EE0652145F2083000F050F9042145F2E1
:1097A000023000F04BF973E0652145F2083000F01B
:1097B00045F9082145F2023000F040F968E06521E2
:1097C00045F2083000F03AF90C2145F2023000F081
:1097D00035F95DE0652145F2083000F02FF91021E0
:1097E00045F2023000F02AF952E0652145F20830D6
:1097F00000F024F9142145F2023000F01FF947E08F
:10980000652145F2083000F019F9182145F20230BF
:1098100000F014F93CE0652145F2083000F00EF943
:10982000202145F2023000F009F931E0252145F20E
:10983000083000F003F908214FF4A64000F0FEF8CC
:10984000302145F2013000F0F9F8102145F20230E4
:1098500000E01BE000F0F2F8002145F2033000F0D8
:10986000EDF8082145F2093000F0E8F8302145F222
:109870000A3000F0E3F8042145F20B3000F0DEF886
:10988000062145F20C3000F0D9F801E0022010BDAD
:1098900000BF0020FBE710B50446072C79D2DFE8B3
:1098A00004F0040F24394E6379007F2145F2010052
:1098B00000F0C4F800214FF4AB4000F0BFF876E0B0
:1098C000FF2145F2010000F0B9F818214FF4AB4038
:1098D00000F0B4F8802145F2835000F0AFF8802109
:1098E00045F2845000F0AAF861E0FF2145F2010042
:1098F00000F0A4F818214FF4AB4000F09FF8A0212D
:1099000045F2835000F09AF8402145F2845000F06F
:1099100095F84CE0FF2145F2010000F08FF8182186
:109920004FF4AB4000F08AF8402145F2835000F03C
:1099300085F8A02145F2845000F080F837E0FF213F
:1099400045F2010000F07AF818214FF4AB4000F026
:1099500075F8802145F2835000F070F8C02145F27F
:10996000845000F06BF822E0FF2145F2010000F086
:1099700065F818214FF4AB4000F060F8602145F223
:10998000835000F05BF8602145F2845000F056F8F7
:109990000DE00AE0FF2145F2010000F04FF8402100
:1099A0004FF4AB4000F04AF801E0022010BD00BFC8
:1099B0000020FBE710B5044624B1012C0DD0022C89
:1099C00021D115E0002145F23D0000F037F80021DB
:1099D00044F2417000F032F817E0802145F23D007A
:1099E00000F02CF8002144F2417000F027F80CE060
:1099F000822145F23D0000F021F8002144F241703F
:109A000000F01CF801E0022010BD00BF0020FBE7C1
:109A100010B543F20310FEF76DFD044624F0020476
:109A2000214643F2031000F009F8822143F20800B6
:109A300000F004F80A2000F015F810BD70B50446D7
:109A40000D462A4621463C20FEF788FD70BD0000E9
:109A500010B504460420FCF7CBFC0148048010BD7F
:109A60000800002470B504461E2094FBF0F594FB1A
:109A7000F0F100FB114604E047F2305000F00CF822
:109A80006D1E002DF8D12EB14FF47A7106FB01F056
:109A900000F002F870BD000070B5034600224FF0E0
:109AA000E02675690D4E368803FB06F44FF0E0267C
:109AB000B16910E04FF0E026B06988420BD08842CF
:109AC00002D20E1A324402E02E1A0E4432440146EB
:109AD000A24200D300E0EDE700BF70BD0800002403
:109AE000FEF7DCFC04460020FFF7C0FD2044C4B2B2
:109AF000FEF72CFB2044C4B2FEF7E6FA2044C4B2C1
:109B00000020FFF70AFC2044C4B20420FEF756FFF1
:109B10002044C4B20420FEF783FE2044C4B20420D3
:109B2000FFF747F82044C4B20620FFF7A9FA204403
:109B3000C4B20020FFF7AFFE2044C4B20520FFF7F7
:109B400033F92044C4B20020FFF702FE2044C4B21F
:109B50000120FFF70BFD2044C4B20020FFF72AFFCD
:109B60002044C4B24FF4A071F020FFF7ADFD2044B3
:109B7000C4B26CB116A0F6F781FC08E000BF022168
:109B80001A48FAF789F800BFC820FFF76BFFF5E71E
:109B90001CE0002203211648FEF7ACFB002512E072
:109BA00000260CE0C5EB051006EB0010104931F85B
:109BB00010202946304600F0F7FA701C86B2F02ECD
:109BC000F0DB681C85B2B5F5A07FE9DBE1E70000BA
:109BD00041544B2D4D433536343020696E69742025
:109BE0006661696C6564210D0A000000000402587A
:109BF00000803EC000BF054AD26902F04002002A40
:109C0000F9D0C2B2014B9A627047000000100140C7
:109C100010B500BF002220211048FAF747F800BF16
:109C200000F01EF800BF012210210C48FAF73EF8A0
:109C300000BF00F015F800BF002210210748FAF716
:109C400035F800BF00F00CF800BF012220210348C6
:109C5000FAF72CF800BF00F003F810BD001C025802
:109C600010B50220FFF718FF10BD000000B587B047
:109C700000BF00BF1948006840F080001749086025
:109C80000846006800F08000019000BF00BF00BFE0
:109C900000BF00BF0846006840F08000086008462A
:109CA000006800F08000019000BF00BF00BF1020DE
:109CB00002900120039004900320059002A9084817
:109CC000F9F7E4FE202002901120039002A9044835
:109CD000F9F7DCFE00F0B0F807B000BDE044025830
:109CE000001C025810B500BF012220210C48F9F7D2
:109CF000DDFF00BFFFF7B4FF00BF012210210848BD
:109D0000F9F7D4FF00BFFFF7ABFF00BF002210211F
:109D10000348F9F7CBFF00BFFFF7A2FF10BD00001B
:109D2000001C025870B50546002400261CE06006A1
:109D3000040E00BF012210211048F9F7B7FF00BF41
:109D4000FFF78EFF20210D48F9F79EFF08B1601C38
:109D5000C4B200BF002210210848F9F7A7FF00BFD6
:109D6000FFF77EFF701CC6B2082EE0DB15B9FFF7C7
:109D7000B9FF01E0FFF74CFF204670BD001C025800
:109D800070B50446002524E000BFE00928B1012297
:109D900020211548F9F78AFF04E00022202112480B
:109DA000F9F784FF00BFFFF75BFF00BF012210211E
:109DB0000D48F9F77BFF00BFFFF752FF00BF0022FD
:109DC00010210948F9F772FF00BF6006040E681CF5
:109DD000C5B2082DD8DB00BF012220210248F9F7C7
:109DE00065FF00BF70BD0000001C025810B500BF29
:109DF000012220210F48F9F759FF00BF00BF0122BF
:109E000010210C48F9F752FF00BFFFF729FF00BFF0
:109E1000002220210748F9F749FF00BFFFF720FF84
:109E200000BF002210210348F9F740FF00BFFFF7F1
:109E300017FF10BD001C025810B500BF00222021E2
:109E40000C48F9F733FF00BFFFF70AFF00BF0122FC
:109E500010210848F9F72AFF00BFFFF701FF00BFF4
:109E6000012220210348F9F721FF00BFFFF7F8FE88
:109E700010BD0000001C025870B50024002500BF72
:109E8000012220211448F9F711FF00BFFFF7E8FE77
:109E900000BF012210211048F9F708FF00BFFFF7AB
:109EA000DFFE07E0601CC4B2FA2C03DDFFF7C4FF3D
:109EB000012505E020210848F9F7E6FE0028F1D148
:109EC00000BF00BF002210210348F9F7EFFE00BFDA
:109ED000FFF7C6FE284670BD001C025800B587B0CB
:109EE00000BF00BF3648006840F080003449086079
:109EF0000846006800F08000019000BF00BF00BF6E
:109F000000BF00BF0846006840F0800008600846B7
:109F1000006800F08000019000BF00BF00BF00BFDC
:109F200000BF0846006840F004000860084600686A
:109F300000F00400019000BF00BF00BF00BF00BFE1
:109F40000846006840F0010008600846006800F01C
:109F50000100019000BF00BF00BF08200290002058
:109F60000390012004900220059002A91548F9F7FA
:109F70008DFD042002900020039001200490022017
:109F8000059002A90F48F9F781FD4FF400500290A7
:109F900000200390012004900220059002A90A48A5
:109FA000F9F774FD01200290002003900220049034
:109FB000059002A90548F9F769FD07B000BD00004A
:109FC000E0440258001C02580008025800000258E1
:109FD00070B5044600260D4805880D48006818B184
:109FE000204603F0F9FA0FE0084840884543002175
:109FF000084603F0F3F803F097FA002602E005485C
:10A000000480761CAE42FAD370BD0000D401002457
:10A01000280300240000086010B5044660488471DD
:10A020006048006850B1204603F000FB5D48C08ADC
:10A030005B4908805B48008B488010BD002C58D1DC
:10A04000F020574908804FF4A07048800846808867
:10A0500045F21051884210D14FF4305050490881D8
:10A060004FF4285048814FF42C5088814FF4F07001
:10A0700008804FF4487048801AE04948808841F6CB
:10A08000631188420DD12C20454908812B2048813D
:10A090002A2088814FF4F07008804FF4487048807F
:10A0A00006E02C203E4908812A2048812B20888107
:10A0B0003B48808845F21031884205D03848808876
:10A0C00047F29671884206D14FF4A0703449088057
:10A0D0004FF4F07048803248808849F60601884283
:10A0E00058D14FF4F0702E4908804FF448704880E2
:10A0F00050E04FF4A0702A490880F02048800846BC
:10A10000808845F21051884210D14FF430502449D4
:10A1100008814FF4285048814FF42C5088814FF427
:10A12000487008804FF4F070488020E01C48808818
:10A1300041F66311884205D01948808849F6060126
:10A1400088420DD12C20164908812A2048812B20D5
:10A1500088814FF4487008804FF4F070488006E022
:10A160002C200F4908812A2048812B2088810C4807
:10A17000808845F21031884205D00948808847F22E
:10A180009671884206D14FF4F070054908804FF46B
:10A19000A0704880002002F003FF00BF4DE70000E0
:10A1A000D40100242803002470B505460E46144649
:10A1B0000848006828B122463146284603F04CFA88
:10A1C00007E03146284603F009F803F0ADF90249EB
:10A1D0000C8070BD280300240000086010B5CF205B
:10A1E00003F096F9002003F087F9C12003F084F909
:10A1F000302003F081F9ED2003F08AF9642003F0A8
:10A200007BF9032003F078F9122003F075F981201F
:10A2100003F072F9E82003F07BF9852003F06CF974
:10A22000102003F069F97A2003F066F9CB2003F0DF
:10A230006FF9392003F060F92C2003F05DF900205C
:10A2400003F05AF9342003F057F9022003F054F9CF
:10A25000F72003F05DF9202003F04EF9EA2003F027
:10A2600057F9002003F048F9002003F045F9C02019
:10A2700003F04EF91B2003F03FF9C12003F048F929
:10A28000012003F039F9C52003F042F9302003F032
:10A2900033F9302003F030F9C72003F039F9B72043
:10A2A00003F02AF9362003F033F9482003F024F9AB
:10A2B0003A2003F02DF9552003F01EF9B12003F0E8
:10A2C00027F9002003F018F91A2003F015F9B62039
:10A2D00003F01EF90A2003F00FF9A22003F00CF995
:10A2E000F22003F015F9002003F006F9262003F010
:10A2F0000FF9012003F000F9E02003F009F90F2025
:10A3000003F0FAF82A2003F0F7F8282003F0F4F815
:10A31000082003F0F1F80E2003F0EEF8082003F017
:10A32000EBF8542003F0E8F8A92003F0E5F8432007
:10A3300003F0E2F80A2003F0DFF80F2003F0DCF866
:10A34000002003F0D9F8002003F0D6F8002003F035
:10A35000D3F8002003F0D0F8E12003F0D9F8002072
:10A3600003F0CAF8152003F0C7F8172003F0C4F86B
:10A37000072003F0C1F8112003F0BEF8062003F017
:10A38000BBF82B2003F0B8F8562003F0B5F83C20BA
:10A3900003F0B2F8052003F0AFF8102003F0ACF89A
:10A3A0000F2003F0A9F83F2003F0A6F83F2003F0A8
:10A3B000A3F80F2003F0A0F82B2003F0A9F8002049
:10A3C00003F09AF8002003F097F8012003F094F8C6
:10A3D0003F2003F091F82A2003F09AF8002003F0C0
:10A3E0008BF8002003F088F8002003F085F8EF20B8
:10A3F00003F082F8112003F08BF87820FFF732FB8E
:10A40000292003F085F810BD10B5FF2003F080F877
:10A41000FF2003F071F8982003F06EF8062003F097
:10A420006BF8BC2003F074F8012003F065F80F20EE
:10A4300003F062F8612003F05FF8FF2003F05CF89E
:10A44000012003F059F8012003F056F80B2003F027
:10A4500053F8102003F050F8372003F04DF8632034
:10A4600003F04AF8FF2003F047F8FF2003F044F818
:10A47000012003F041F8012003F03EF8002003F032
:10A480003BF8002003F038F8FF2003F035F85220A5
:10A4900003F032F8012003F02FF8002003F02CF82D
:10A4A000402003F029F8BD2003F032F8012003F02A
:10A4B00023F8232003F020F8452003F01DF867203F
:10A4C00003F01AF8012003F017F8232003F014F822
:10A4D000452003F011F8672003F00EF8BE2003F0CA
:10A4E00017F8002003F008F8012003F005F8AB206E
:10A4F00003F002F8602002F0FFFF222002F0FCFFD0
:10A50000222002F0F9FF222002F0F6FF222002F0C2
:10A51000F3FF222002F0F0FFC72002F0F9FF3620FF
:10A5200002F0EAFFED2002F0F3FF7F2002F0E4FFEB
:10A530000F2002F0E1FFC02002F0EAFF0F2002F03E
:10A54000DBFF0B2002F0D8FF0A2002F0D5FFFC2031
:10A5500002F0DEFF082002F0CFFFDF2002F0D8FF7C
:10A56000002002F0C9FF002002F0C6FF002002F028
:10A57000C3FF002002F0C0FF002002F0BDFF20203A
:10A5800002F0BAFFF32002F0C3FF742002F0B4FF20
:10A59000B42002F0BDFF002002F0AEFF002002F068
:10A5A000ABFF002002F0A8FFF72002F0B1FF8220ED
:10A5B00002F0A2FFB12002F0ABFF002002F09CFFEE
:10A5C000132002F099FF132002F096FFF22002F010
:10A5D0009FFF802002F090FF042002F08DFF4020BA
:10A5E00002F08AFF282002F087FFC12002F090FFCE
:10A5F000172002F081FF882002F07EFF882002F001
:10A600007BFF202002F078FFE02002F081FF002095
:10A6100002F072FF0A2002F06FFF122002F06CFFBE
:10A62000102002F069FF0E2002F066FF202002F0E9
:10A6300063FFCC2002F060FF072002F05DFF0620E0
:10A6400002F05AFF0B2002F057FF0E2002F054FFD9
:10A650000F2002F051FF0D2002F04EFF152002F0F6
:10A660004BFF102002F048FF002002F045FFE120E0
:10A6700002F04EFF002002F03FFF0B2002F03CFFF3
:10A68000132002F039FF0D2002F036FF0E2002F0F9
:10A6900033FF1B2002F030FF712002F02DFF062057
:10A6A00002F02AFF062002F027FF0A2002F024FF12
:10A6B0000F2002F021FF0E2002F01EFF0F2002F0FB
:10A6C0001BFF152002F018FF0C2002F015FF0020E0
:10A6D00002F012FF2A2002F01BFF002002F00CFF04
:10A6E000002002F009FF012002F006FFDF2002F047
:10A6F00003FF2B2002F00CFF002002F0FDFE0020E3
:10A7000002F0FAFE032002F0F7FE1F2002F0F4FE32
:10A710003A2002F0FDFE552002F0EEFE362002F057
:10A72000F7FE002002F0E8FE112002F0F1FE782092
:10A73000FFF798F9292002F0EBFE1420FFF792F9B9
:10A740002C2002F0E5FE10BD10B5ED2002F0E0FE79
:10A75000012002F0D1FEFE2002F0CEFEEE2002F03B
:10A76000D7FEDE2002F0C8FE212002F0C5FEF12057
:10A7700002F0CEFE012002F0BFFEDF2002F0C8FE94
:10A78000102002F0B9FEC42002F0C2FE8F2002F0B9
:10A79000B3FEC62002F0BCFE002002F0ADFEE220B7
:10A7A00002F0AAFEE22002F0A7FEE22002F0A4FEE0
:10A7B000BF2002F0ADFEAA2002F09EFEB02002F003
:10A7C000A7FE0D2002F098FE002002F095FE0D205D
:10A7D00002F092FE002002F08FFE112002F08CFEAB
:10A7E000002002F089FE192002F086FE002002F00F
:10A7F00083FE212002F080FE002002F07DFE2D204D
:10A8000002F07AFE002002F077FE3D2002F074FE96
:10A81000002002F071FE5D2002F06EFE002002F0CA
:10A820006BFE5D2002F068FE002002F065FEB120A4
:10A8300002F06EFE802002F05FFE002002F05CFE5F
:10A840008B2002F059FE002002F056FE962002F006
:10A8500053FE002002F050FEB22002F059FE00200C
:10A8600002F04AFE002002F047FE022002F044FE01
:10A87000002002F041FE032002F03EFE002002F024
:10A880003BFEB32002F044FE002002F035FE002023
:10A8900002F032FE002002F02FFE002002F02CFE1B
:10A8A000002002F029FE002002F026FE002002F027
:10A8B00023FE002002F020FE002002F01DFE0020FA
:10A8C00002F01AFE002002F017FE002002F014FE33
:10A8D000002002F011FE002002F00EFE002002F027
:10A8E0000BFE002002F008FE002002F005FE002012
:10A8F00002F002FE002002F0FFFD002002F0FCFD4D
:10A90000002002F0F9FD002002F0F6FD002002F028
:10A91000F3FD002002F0F0FDB42002F0F9FD8B20E1
:10A9200002F0EAFD002002F0E7FD962002F0E4FDCF
:10A93000002002F0E1FDA12002F0DEFD002002F087
:10A94000DBFDB52002F0E4FD022002F0D5FD002081
:10A9500002F0D2FD032002F0CFFD002002F0CCFD7A
:10A96000042002F0C9FD002002F0C6FDB62002F06E
:10A97000CFFD002002F0C0FD002002F0BDFDB72099
:10A9800002F0C6FD002002F0B7FD002002F0B4FD89
:10A990003F2002F0B1FD002002F0AEFD5E2002F08B
:10A9A000ABFD002002F0A8FD642002F0A5FD002010
:10A9B00002F0A2FD8C2002F09FFD002002F09CFD21
:10A9C000AC2002F099FD002002F096FDDC2002F0A0
:10A9D00093FD002002F090FD702002F08DFD00201C
:10A9E00002F08AFD902002F087FD002002F084FD35
:10A9F000EB2002F081FD002002F07EFDDC2002F061
:10AA00007BFD002002F078FDB82002F081FD0020DF
:10AA100002F072FD002002F06FFD002002F06CFDDC
:10AA2000002002F069FD002002F066FD002002F027
:10AA300063FD002002F060FD002002F05DFDBA2001
:10AA400002F066FD242002F057FD002002F054FDC4
:10AA5000002002F051FD002002F04EFDC12002F066
:10AA600057FD202002F048FD002002F045FD542053
:10AA700002F042FD002002F03FFDFF2002F03CFD0D
:10AA8000002002F039FDC22002F042FD0A2002F04F
:10AA900033FD002002F030FD042002F02DFD0020E7
:10AAA00002F02AFDC32002F033FD3C2002F024FD19
:10AAB000002002F021FD3A2002F01EFD002002F0ED
:10AAC0001BFD392002F018FD002002F015FD372093
:10AAD00002F012FD002002F00FFD3C2002F00CFD00
:10AAE000002002F009FD362002F006FD002002F0F1
:10AAF00003FD322002F000FD002002F0FDFC2F20BB
:10AB000002F0FAFC002002F0F7FC2C2002F0F4FC2A
:10AB1000002002F0F1FC292002F0EEFC002002F0FF
:10AB2000EBFC262002F0E8FC002002F0E5FC2420EB
:10AB300002F0E2FC002002F0DFFC242002F0DCFC4A
:10AB4000002002F0D9FC232002F0D6FC002002F005
:10AB5000D3FC3C2002F0D0FC002002F0CDFC3620DB
:10AB600002F0CAFC002002F0C7FC322002F0C4FC54
:10AB7000002002F0C1FC2F2002F0BEFC002002F0F9
:10AB8000BBFC2C2002F0B8FC002002F0B5FC292010
:10AB900002F0B2FC002002F0AFFC262002F0ACFC78
:10ABA000002002F0A9FC242002F0A6FC002002F004
:10ABB000A3FC242002F0A0FC002002F09DFC232036
:10ABC00002F09AFC002002F097FCC42002F0A0FCE6
:10ABD000622002F091FC002002F08EFC052002F0C1
:10ABE0008BFC002002F088FC842002F085FC002011
:10ABF00002F082FCF02002F07FFC002002F07CFCDE
:10AC0000182002F079FC002002F076FCA42002F06B
:10AC100073FC002002F070FC182002F06DFC002094
:10AC200002F06AFC502002F067FC002002F064FC95
:10AC30000C2002F061FC002002F05EFC172002F004
:10AC40005BFC002002F058FC952002F055FC00202F
:10AC500002F052FCF32002F04FFC002002F04CFC0A
:10AC6000E62002F049FC002002F046FCC52002F07C
:10AC70004FFC322002F040FC002002F03DFC44205A
:10AC800002F03AFC002002F037FC652002F034FCB0
:10AC9000002002F031FC762002F02EFC002002F0B1
:10ACA0002BFC882002F028FC002002F025FCC620A6
:10ACB00002F02EFC202002F01FFC002002F01CFC01
:10ACC000172002F019FC002002F016FC012002F00F
:10ACD00013FC002002F010FCC72002F019FC002039
:10ACE00002F00AFC002002F007FC002002F004FC45
:10ACF000002002F001FCC82002F00AFC002002F053
:10AD0000FBFB002002F0F8FB002002F0F5FB002026
:10AD100002F0F2FBC92002F0FBFB002002F0ECFB8A
:10AD2000002002F0E9FB002002F0E6FB002002F028
:10AD3000E3FB002002F0E0FB002002F0DDFB00203E
:10AD400002F0DAFB002002F0D7FB002002F0D4FB77
:10AD5000002002F0D1FB002002F0CEFB002002F028
:10AD6000CBFB002002F0C8FB002002F0C5FB002056
:10AD700002F0C2FB002002F0BFFBE02002F0C8FBA3
:10AD8000162002F0B9FB002002F0B6FB1C2002F0F6
:10AD9000B3FB002002F0B0FB212002F0ADFB00204D
:10ADA00002F0AAFB362002F0A7FB002002F0A4FB71
:10ADB000462002F0A1FB002002F09EFB522002F090
:10ADC0009BFB002002F098FB642002F095FB002022
:10ADD00002F092FB7A2002F08FFB002002F08CFB45
:10ADE0008B2002F089FB002002F086FB992002F004
:10ADF00083FB002002F080FBA82002F07DFB0020F6
:10AE000002F07AFBB92002F077FB002002F074FB1D
:10AE1000C42002F071FB002002F06EFBCA2002F099
:10AE20006BFB002002F068FBD22002F065FB0020E3
:10AE300002F062FBD92002F05FFB002002F05CFB15
:10AE4000E02002F059FB002002F056FBF32002F054
:10AE500053FB002002F050FBE12002F059FB1620CA
:10AE600002F04AFB002002F047FB1C2002F044FBEA
:10AE7000002002F041FB222002F03EFB002002F005
:10AE80003BFB362002F038FB002002F035FB45206A
:10AE900002F032FB002002F02FFB522002F02CFBCC
:10AEA000002002F029FB642002F026FB002002F0C3
:10AEB00023FB7A2002F020FB002002F01DFB8B20F8
:10AEC00002F01AFB002002F017FB992002F014FB9D
:10AED000002002F011FBA82002F00EFB002002F07F
:10AEE0000BFBB92002F008FB002002F005FBC42098
:10AEF00002F002FB002002F0FFFACA2002F0FCFA86
:10AF0000002002F0F9FAD22002F0F6FA002002F056
:10AF1000F3FAD82002F0F0FA002002F0EDFAE02077
:10AF200002F0EAFA002002F0E7FAF32002F0E4FA75
:10AF3000002002F0E1FAE22002F0EAFA052002F035
:10AF4000DBFA002002F0D8FA0B2002F0D5FA00203C
:10AF500002F0D2FA1B2002F0CFFA002002F0CCFA65
:10AF6000342002F0C9FA002002F0C6FA442002F0B0
:10AF7000C3FA002002F0C0FA4F2002F0BDFA002010
:10AF800002F0BAFA612002F0B7FA002002F0B4FA37
:10AF9000792002F0B1FA002002F0AEFA882002F027
:10AFA000ABFA002002F0A8FA972002F0A5FA0020E0
:10AFB00002F0A2FAA62002F09FFA002002F09CFA0A
:10AFC000B72002F099FA002002F096FAC22002F0AF
:10AFD00093FA002002F090FAC72002F08DFA0020C8
:10AFE00002F08AFAD12002F087FA002002F084FAF7
:10AFF000D62002F081FA002002F07EFADD2002F075
:10B000007BFA002002F078FAF32002F075FA0020B3
:10B0100002F072FAE32002F07BFA052002F06CFAEB
:10B02000002002F069FA0A2002F066FA002002F01D
:10B0300063FA1C2002F060FA002002F05DFA33206F
:10B0400002F05AFA002002F057FA442002F054FAB3
:10B05000002002F051FA502002F04EFA002002F0D7
:10B060004BFA622002F048FA002002F045FA7820FC
:10B0700002F042FA002002F03FFA882002F03CFA87
:10B08000002002F039FA972002F036FA002002F090
:10B0900033FAA62002F030FA002002F02DFAB72091
:10B0A00002F02AFA002002F027FAC22002F024FA65
:10B0B000002002F021FAC72002F01EFA002002F060
:10B0C0001BFAD12002F018FA002002F015FAD52060
:10B0D00002F012FA002002F00FFADD2002F00CFA62
:10B0E000002002F009FAF32002F006FA002002F034
:10B0F00003FAE42002F00CFA012002F0FDF900202E
:10B1000002F0FAF9012002F0F7F9002002F0F4F958
:10B11000022002F0F1F9002002F0EEF92A2002F0FC
:10B12000EBF9002002F0E8F93C2002F0E5F90020FC
:10B1300002F0E2F94B2002F0DFF9002002F0DCF926
:10B140005D2002F0D9F9002002F0D6F9742002F057
:10B15000D3F9002002F0D0F9842002F0CDF90020CC
:10B1600002F0CAF9932002F0C7F9002002F0C4F9F6
:10B17000A22002F0C1F9002002F0BEF9B32002F0D3
:10B18000BBF9002002F0B8F9BE2002F0B5F90020AA
:10B1900002F0B2F9C42002F0AFF9002002F0ACF9DD
:10B1A000CD2002F0A9F9002002F0A6F9D32002F088
:10B1B000A3F9002002F0A0F9DD2002F09DF90020A3
:10B1C00002F09AF9F32002F097F9002002F094F9C6
:10B1D000E52002F09DF9002002F08EF9002002F037
:10B1E0008BF9002002F088F9002002F085F9022096
:10B1F00002F082F9002002F07FF9292002F07CF9A8
:10B20000002002F079F93C2002F076F9002002F0EB
:10B2100073F94B2002F070F9002002F06DF95D2007
:10B2200002F06AF9002002F067F9742002F064F974
:10B23000002002F061F9842002F05EF9002002F0A3
:10B240005BF9932002F058F9002002F055F9A22092
:10B2500002F052F9002002F04FF9B32002F04CF94D
:10B26000002002F049F9BE2002F046F9002002F069
:10B2700043F9C42002F040F9002002F03DF9CD204E
:10B2800002F03AF9002002F037F9D32002F034F945
:10B29000002002F031F9DC2002F02EF9002002F04B
:10B2A0002BF9F32002F028F9002002F025F9E6201E
:10B2B00002F02EF9112002F01FF9002002F01CF913
:10B2C000342002F019F9002002F016F9562002F09D
:10B2D00013F9002002F010F9762002F00DF9002099
:10B2E00002F00AF9772002F007F9002002F004F9D1
:10B2F000662002F001F9002002F0FEF8882002F03A
:10B30000FBF8002002F0F8F8992002F0F5F8002090
:10B3100002F0F2F8BB2002F0EFF8002002F0ECF8A7
:10B32000992002F0E9F8002002F0E6F8662002F029
:10B33000E3F8002002F0E0F8552002F0DDF80020EC
:10B3400002F0DAF8552002F0D7F8002002F0D4F825
:10B35000452002F0D1F8002002F0CEF8432002F0A0
:10B36000CBF8002002F0C8F8442002F0C5F8002015
:10B3700002F0C2F8E72002F0CBF8322002F0BCF86D
:10B38000002002F0B9F8552002F0B6F8002002F0D3
:10B39000B3F8762002F0B0F8002002F0ADF8662095
:10B3A00002F0AAF8002002F0A7F8672002F0A4F843
:10B3B000002002F0A1F8672002F09EF8002002F0C1
:10B3C0009BF8872002F098F8002002F095F8992069
:10B3D00002F092F8002002F08FF8BB2002F08CF807
:10B3E000002002F089F8992002F086F8002002F08F
:10B3F00083F8772002F080F8002002F07DF84420E6
:10B4000002F07AF8002002F077F8562002F074F883
:10B41000002002F071F8232002F06EF8002002F004
:10B420006BF8332002F068F8002002F065F8452040
:10B4300002F062F8002002F05FF8E82002F068F8FD
:10B44000002002F059F8002002F056F8992002F08E
:10B4500053F8002002F050F8872002F04DF8002049
:10B4600002F04AF8882002F047F8002002F044F881
:10B47000772002F041F8002002F03EF8662002F04A
:10B480003BF8002002F038F8882002F035F8002060
:10B4900002F032F8AA2002F02FF8002002F02CF877
:10B4A000BB2002F029F8002002F026F8992002F0D3
:10B4B00023F8002002F020F8662002F01DF800209A
:10B4C00002F01AF8552002F017F8002002F014F8E4
:10B4D000552002F011F8002002F00EF8442002F08E
:10B4E0000BF8002002F008F8442002F005F80020D4
:10B4F00002F002F8552001F0FFFF002001F0FCFFF0
:10B50000E92002F005F8AA2001F0F6FF002001F082
:10B51000F3FF002001F0F0FF002001F0EDFF00201C
:10B5200001F0F6FFAA2001F0E7FFCF2001F0F0FFC5
:10B53000002001F0E1FF002001F0DEFF002001F01B
:10B54000DBFF002001F0D8FF002001F0D5FF002034
:10B5500001F0D2FF002001F0CFFF002001F0CCFF6E
:10B56000002001F0C9FF002001F0C6FF002001F01B
:10B57000C3FF002001F0C0FF002001F0BDFF00204C
:10B5800001F0BAFF002001F0B7FF002001F0B4FF86
:10B59000002001F0B1FFF02001F0BAFF002001F01F
:10B5A000ABFF502001F0A8FF002001F0A5FF002014
:10B5B00001F0A2FF002001F09FFFF32001F0A8FF9F
:10B5C000002001F099FFF92001F0A2FF062001F010
:10B5D00093FF102001F090FF292001F08DFF002043
:10B5E00001F08AFF3A2001F093FF552001F084FF1B
:10B5F000112001F08DFF6420FEF734FA292001F0BC
:10B6000087FF352001F084FF002001F075FF5120F5
:10B6100001F07EFFFF2001F06FFF532001F078FF63
:10B620002C2001F069FF552001F072FF822001F00B
:10B6300063FF2C2001F06CFF10BD10B555214FF4B5
:10B64000704001F07BFFAA214FF2010001F076FF6C
:10B6500052214FF2020001F071FF08214FF2030066
:10B6600001F06CFF01214FF2040001F067FF0D2192
:10B670004FF4304001F062FF0D214BF2010001F068
:10B680005DFF0D214BF2020001F058FF34214FF411
:10B69000364001F053FF34214BF2016001F04EFFC0
:10B6A00034214BF2026001F049FF0D214FF431408B
:10B6B00001F044FF0D214BF2011001F03FFF0D217D
:10B6C0004BF2021001F03AFF34214FF4374001F001
:10B6D00035FF34214BF2017001F030FF34214BF281
:10B6E000027001F02BFF00214FF4324001F026FFE1
:10B6F00000214BF2012001F021FF00214BF202203A
:10B7000001F01CFF24214FF4384001F017FF2421E1
:10B710004BF6010001F012FF24214BF6020001F06C
:10B720000DFF01214FF43F4001F008FF0F214FF4BE
:10B73000334001F003FF0F214BF2013001F0FEFE18
:10B740000F214BF2023001F0F9FE34214FF4394061
:10B7500001F0F4FE34214BF6011001F0EFFE34212C
:10B760004BF6021001F0EAFE08214FF4354001F0DB
:10B77000E5FE08214BF2015001F0E0FE08214BF2FA
:10B78000025001F0DBFE03214FF4424001F0D6FEEF
:10B7900024214FF43A4001F0D1FE24214BF6012040
:10B7A00001F0CCFE24214BF6022001F0C7FE00215F
:10B7B0004FF43C4001F0C2FE78214BF6014001F00D
:10B7C000BDFE00214BF6024001F0B8FE00214FF40F
:10B7D0003D4001F0B3FE78214BF6015001F0AEFE82
:10B7E00000214BF6025001F0A9FE00214FF43E402B
:10B7F00001F0A4FE64214BF6016001F09FFE0021E0
:10B800004FF4514001F09AFE33214DF2011001F046
:10B8100095FE00214DF2021001F090FE34214DF210
:10B82000031001F08BFE00214DF2041001F086FEA2
:10B830003A214DF2051001F081FE00214DF2061073
:10B8400001F07CFE4A214DF2071001F077FE002145
:10B850004DF2081001F072FE5C214DF2091001F06A
:10B860006DFE00214DF20A1001F068FE81214DF2BB
:10B870000B1001F063FE00214DF20C1001F05EFE92
:10B88000A6214DF20D1001F059FE00214DF20E10CF
:10B8900001F054FEE5214DF20F1001F04FFE0121A1
:10B8A0004DF2101001F04AFE13214DF2111001F07B
:10B8B00045FE01214DF2121001F040FE54214DF2DF
:10B8C000131001F03BFE01214DF2141001F036FE81
:10B8D00082214DF2151001F031FE01214DF21610BA
:10B8E00001F02CFECA214DF2171001F027FE0221B3
:10B8F0004DF2181001F022FE00214DF2191001F056
:10B900001DFE02214DF21A1001F018FE01214DF228
:10B910001B1001F013FE02214DF21C1001F00EFE6F
:10B9200034214DF21D1001F009FE02214DF21E10CE
:10B9300001F004FE67214DF21F1001F0FFFD02210E
:10B940004DF2201001F0FAFD84214DF2211001F09A
:10B95000F5FD02214DF2221001F0F0FDA4214DF27F
:10B96000231001F0EBFD02214DF2241001F0E6FD61
:10B97000B7214DF2251001F0E1FD02214DF2261014
:10B9800001F0DCFDCF214DF2271001F0D7FD02219F
:10B990004DF2281001F0D2FDDE214DF2291001F008
:10B9A000CDFD02214DF22A1001F0C8FDF2214DF229
:10B9B0002B1001F0C3FD02214DF22C1001F0BEFD51
:10B9C000FE214DF22D1001F0B9FD03214DF22E1094
:10B9D00001F0B4FD10214DF22F1001F0AFFD032155
:10B9E0004DF2301001F0AAFD33214DF2311001F07B
:10B9F000A5FD03214DF2321001F0A0FD6D214DF2A5
:10BA0000331001F09BFD00214FF4524001F096FDF0
:10BA100033214DF2012001F091FD00214DF2022071
:10BA200001F08CFD34214DF2032001F087FD00214F
:10BA30004DF2042001F082FD3A214DF2052001F083
:10BA40007DFD00214DF2062001F078FD4A214DF2E6
:10BA5000072001F073FD00214DF2082001F06EFD7A
:10BA60005C214DF2092001F069FD00214DF20A2010
:10BA700001F064FD81214DF20B2001F05FFD0021FA
:10BA80004DF20C2001F05AFDA6214DF20D2001F0DF
:10BA900055FD00214DF20E2001F050FDE5214DF243
:10BAA0000F2001F04BFD01214DF2102001F046FD69
:10BAB00013214DF2112001F041FD01214DF2122020
:10BAC00001F03CFD54214DF2132001F037FD01211E
:10BAD0004DF2142001F032FD82214DF2152001F0CB
:10BAE0002DFD01214DF2162001F028FDCA214DF255
:10BAF000172001F023FD02214DF2182001F01EFD58
:10BB000000214DF2192001F019FD02214DF21A20F9
:10BB100001F014FD01214DF21B2001F00FFD022167
:10BB20004DF21C2001F00AFD34214DF21D2001F0E0
:10BB300005FD02214DF21E2001F000FD67214DF2AE
:10BB40001F2001F0FBFC02214DF2202001F0F6FC49
:10BB500084214DF2212001F0F1FC02214DF222203E
:10BB600001F0ECFCA4214DF2232001F0E7FC0221BE
:10BB70004DF2242001F0E2FCB7214DF2252001F026
:10BB8000DDFC02214DF2262001F0D8FCCF214DF240
:10BB9000272001F0D3FC02214DF2282001F0CEFC39
:10BBA000DE214DF2292001F0C9FC02214DF22A20AC
:10BBB00001F0C4FCF2214DF22B2001F0BFFC022168
:10BBC0004DF22C2001F0BAFCFE214DF22D2001F0A7
:10BBD000B5FC03214DF22E2001F0B0FC10214DF2F6
:10BBE0002F2001F0ABFC03214DF2302001F0A6FC28
:10BBF00033214DF2312001F0A1FC03214DF232201E
:10BC000001F09CFC6D214DF2332001F097FC0021E6
:10BC10004FF4534001F092FC33214DF2013001F01A
:10BC20008DFC00214DF2023001F088FC34214DF2F0
:10BC3000033001F083FC00214DF2043001F07EFC62
:10BC40003A214DF2053001F079FC00214DF2063029
:10BC500001F074FC4A214DF2073001F06FFC002125
:10BC60004DF2083001F06AFC5C214DF2093001F020
:10BC700065FC00214DF20A3001F060FC81214DF29B
:10BC80000B3001F05BFC00214DF20C3001F056FC52
:10BC9000A6214DF20D3001F051FC00214DF20E3085
:10BCA00001F04CFCE5214DF20F3001F047FC012181
:10BCB0004DF2103001F042FC13214DF2113001F031
:10BCC0003DFC01214DF2123001F038FC54214DF2BF
:10BCD000133001F033FC01214DF2143001F02EFC41
:10BCE00082214DF2153001F029FC01214DF2163070
:10BCF00001F024FCCA214DF2173001F01FFC022193
:10BD00004DF2183001F01AFC00214DF2193001F00B
:10BD100015FC02214DF21A3001F010FC01214DF208
:10BD20001B3001F00BFC02214DF21C3001F006FC2F
:10BD300034214DF21D3001F001FC02214DF21E3084
:10BD400001F0FCFB67214DF21F3001F0F7FB0221EF
:10BD50004DF2203001F0F2FB84214DF2213001F050
:10BD6000EDFB02214DF2223001F0E8FBA4214DF25F
:10BD7000233001F0E3FB02214DF2243001F0DEFB21
:10BD8000B7214DF2253001F0D9FB02214DF22630CA
:10BD900001F0D4FBCF214DF2273001F0CFFB02217F
:10BDA0004DF2283001F0CAFBDE214DF2293001F0BE
:10BDB000C5FB02214DF22A3001F0C0FBF2214DF209
:10BDC0002B3001F0BBFB02214DF22C3001F0B6FB11
:10BDD000FE214DF22D3001F0B1FB03214DF22E304A
:10BDE00001F0ACFB10214DF22F3001F0A7FB032135
:10BDF0004DF2303001F0A2FB33214DF2313001F031
:10BE00009DFB03214DF2323001F098FB6D214DF284
:10BE1000333001F093FB00214FF4544001F08EFBCE
:10BE200033214DF2014001F089FB00214DF2024027
:10BE300001F084FB34214DF2034001F07FFB00212F
:10BE40004DF2044001F07AFB3A214DF2054001F039
:10BE500075FB00214DF2064001F070FB4A214DF2C6
:10BE6000074001F06BFB00214DF2084001F066FB3A
:10BE70005C214DF2094001F061FB00214DF20A40C6
:10BE800001F05CFB81214DF20B4001F057FB0021DA
:10BE90004DF20C4001F052FBA6214DF20D4001F095
:10BEA0004DFB00214DF20E4001F048FBE5214DF223
:10BEB0000F4001F043FB01214DF2104001F03EFB29
:10BEC00013214DF2114001F039FB01214DF21240D6
:10BED00001F034FB54214DF2134001F02FFB0121FE
:10BEE0004DF2144001F02AFB82214DF2154001F081
:10BEF00025FB01214DF2164001F020FBCA214DF235
:10BF0000174001F01BFB02214DF2184001F016FB17
:10BF100000214DF2194001F011FB02214DF21A40AF
:10BF200001F00CFB01214DF21B4001F007FB022147
:10BF30004DF21C4001F002FB34214DF21D4001F096
:10BF4000FDFA02214DF21E4001F0F8FA67214DF290
:10BF50001F4001F0F3FA02214DF2204001F0EEFA09
:10BF600084214DF2214001F0E9FA02214DF22240F4
:10BF700001F0E4FAA4214DF2234001F0DFFA02219E
:10BF80004DF2244001F0DAFAB7214DF2254001F0DC
:10BF9000D5FA02214DF2264001F0D0FACF214DF220
:10BFA000274001F0CBFA02214DF2284001F0C6FAF9
:10BFB000DE214DF2294001F0C1FA02214DF22A4062
:10BFC00001F0BCFAF2214DF22B4001F0B7FA022148
:10BFD0004DF22C4001F0B2FAFE214DF22D4001F05D
:10BFE000ADFA03214DF22E4001F0A8FA10214DF2D6
:10BFF0002F4001F0A3FA03214DF2304001F09EFAE8
:10C0000033214DF2314001F099FA03214DF23240D3
:10C0100001F094FA6D214DF2334001F08FFA0021C6
:10C020004FF4554001F08AFA33214DF2015001F0EE
:10C0300085FA00214DF2025001F080FA34214DF2D0
:10C04000035001F07BFA00214DF2045001F076FA22
:10C050003A214DF2055001F071FA00214DF20650DF
:10C0600001F06CFA4A214DF2075001F067FA002105
:10C070004DF2085001F062FA5C214DF2095001F0D6
:10C080005DFA00214DF20A5001F058FA81214DF27B
:10C090000B5001F053FA00214DF20C5001F04EFA12
:10C0A000A6214DF20D5001F049FA00214DF20E503B
:10C0B00001F044FAE5214DF20F5001F03FFA012161
:10C0C0004DF2105001F03AFA13214DF2115001F0E7
:10C0D00035FA01214DF2125001F030FA54214DF29F
:10C0E000135001F02BFA01214DF2145001F026FA01
:10C0F00082214DF2155001F021FA01214DF2165026
:10C1000001F01CFACA214DF2175001F017FA022172
:10C110004DF2185001F012FA00214DF2195001F0C1
:10C120000DFA02214DF21A5001F008FA01214DF2E8
:10C130001B5001F003FA02214DF21C5001F0FEF9F0
:10C1400034214DF21D5001F0F9F902214DF21E503B
:10C1500001F0F4F967214DF21F5001F0EFF90221CF
:10C160004DF2205001F0EAF984214DF2215001F006
:10C17000E5F902214DF2225001F0E0F9A4214DF23F
:10C18000235001F0DBF902214DF2245001F0D6F9E1
:10C19000B7214DF2255001F0D1F902214DF2265080
:10C1A00001F0CCF9CF214DF2275001F0C7F902215F
:10C1B0004DF2285001F0C2F9DE214DF2295001F074
:10C1C000BDF902214DF22A5001F0B8F9F2214DF2E9
:10C1D0002B5001F0B3F902214DF22C5001F0AEF9D1
:10C1E000FE214DF22D5001F0A9F903214DF22E5000
:10C1F00001F0A4F910214DF22F5001F09FF9032115
:10C200004DF2305001F09AF933214DF2315001F0E6
:10C2100095F903214DF2325001F090F96D214DF264
:10C22000335001F08BF900214FF4564001F086F9AC
:10C2300033214DF2016001F081F900214DF20260DD
:10C2400001F07CF934214DF2036001F077F900210F
:10C250004DF2046001F072F93A214DF2056001F0EF
:10C260006DF900214DF2066001F068F94A214DF2A6
:10C27000076001F063F900214DF2086001F05EF9FA
:10C280005C214DF2096001F059F900214DF20A607C
:10C2900001F054F981214DF20B6001F04FF90021BA
:10C2A0004DF20C6001F04AF9A6214DF20D6001F04B
:10C2B00045F900214DF20E6001F040F9E5214DF203
:10C2C0000F6001F03BF901214DF2106001F036F9E9
:10C2D00013214DF2116001F031F901214DF212608C
:10C2E00001F02CF954214DF2136001F027F90121DE
:10C2F0004DF2146001F022F982214DF2156001F037
:10C300001DF901214DF2166001F018F9CA214DF214
:10C31000176001F013F902214DF2186001F00EF9D7
:10C3200000214DF2196001F009F902214DF21A6065
:10C3300001F004F901214DF21B6001F0FFF8022128
:10C340004DF21C6001F0FAF834214DF21D6001F04D
:10C35000F5F802214DF21E6001F0F0F867214DF270
:10C360001F6001F0EBF802214DF2206001F0E6F8C9
:10C3700084214DF2216001F0E1F802214DF22260AA
:10C3800001F0DCF8A4214DF2236001F0D7F802217E
:10C390004DF2246001F0D2F8B7214DF2256001F092
:10C3A000CDF802214DF2266001F0C8F8CF214DF200
:10C3B000276001F0C3F802214DF2286001F0BEF8B9
:10C3C000DE214DF2296001F0B9F802214DF22A6018
:10C3D00001F0B4F8F2214DF22B6001F0AFF8022128
:10C3E0004DF22C6001F0AAF8FE214DF22D6001F013
:10C3F000A5F803214DF22E6001F0A0F810214DF2B6
:10C400002F6001F09BF803214DF2306001F096F8A7
:10C4100033214DF2316001F091F803214DF2326089
:10C4200001F08CF86D214DF2336001F087F8552151
:10C430004FF4704001F082F8AA214FF2010001F0A0
:10C440007DF852214FF2020001F078F808214FF2F6
:10C45000030001F073F800214FF2040001F06EF8C0
:10C46000CC214FF4314001F069F800214BF201106A
:10C4700001F064F805214FF4364001F05FF87021B7
:10C480004FF4374001F05AF870214BF2017001F07F
:10C4900055F801214FF4384001F050F803214BF6D4
:10C4A000010001F04BF803214BF6020001F046F8C1
:10C4B00003214BF6030001F041F802214FF43C4008
:10C4C00001F03CF800214BF6014001F037F8002163
:10C4D0004BF6024001F032F8D0214FF4494001F010
:10C4E0002DF802214CF6011001F028F850214CF6ED
:10C4F000021001F023F850214CF6031001F01EF851
:10C5000050214CF6041001F019F800214FF454505A
:10C5100001F014F855214FF4685001F00FF84FF472
:10C52000885000F0F5FF7820FDF7B6FA4FF424505C
:10C5300000F0EEFF10BD10B5E22000F0E9FF1D2075
:10C5400000F0DAFF022000F0D7FF042000F0D4FF53
:10C550006420FDF7A1FAE02000F0DAFF012000F0EE
:10C56000CBFF0A20FDF77EFAE02000F0D1FF032088
:10C5700000F0C2FF0C20FDF775FA012000F0C8FFA3
:10C580000A20FDF76FFAE62000F0C2FF2F2000F02E
:10C59000B3FFFF2000F0B0FFFF2000F0ADFFB020A0
:10C5A00000F0B6FF202000F0A7FF002000F0A4FF5D
:10C5B000032000F0A1FF40F21F3000F09DFF01209A
:10C5C00000F09AFF40F2DF1000F096FF002000F02C
:10C5D00093FFB42000F09CFF042000F08DFF40F298
:10C5E0001F4000F089FF002000F086FF2E2000F0A1
:10C5F00083FF002000F080FF002000F07DFF00207E
:10C6000000F07AFF002000F077FFB62000F080FFF6
:10C61000022000F071FF4FF4037000F06DFF002066
:10C6200000F06AFF172000F067FF152000F064FF9C
:10C63000002000F061FF002000F05EFFF02000F01D
:10C6400067FF032000F058FF292000F061FFD02091
:10C6500000F05EFF002000F04FFFBE2000F058FF0A
:10C66000052000F049FFFE2000F046FF012000F009
:10C6700043FF002000F040FF002000F03DFF0020BD
:10C6800000F03AFFB82000F043FF032000F034FF31
:10C69000012000F031FFBA2000F03AFF012000F045
:10C6A0002BFF10BD10B5112000F032FF7820FDF7F0
:10C6B000D9F9362000F02CFF002000F01DFF3A20B1
:10C6C00000F026FF052000F017FFB22000F020FF49
:10C6D0000C2000F011FF0C2000F00EFF002000F0F5
:10C6E0000BFF332000F008FF332000F005FFB720D8
:10C6F00000F00EFF352000F0FFFEBB2000F008FF29
:10C70000322000F0F9FEC02000F002FF0C2000F003
:10C71000F3FEC22000F0FCFE012000F0EDFEC3207D
:10C7200000F0F6FE102000F0E7FEC42000F0F0FE5E
:10C73000202000F0E1FEC62000F0EAFE0F2000F00D
:10C74000DBFED02000F0E4FEA42000F0D5FEA12006
:10C7500000F0D2FEE02000F0DBFED02000F0CCFEA6
:10C76000002000F0C9FE022000F0C6FE072000F005
:10C77000C3FE0A2000F0C0FE282000F0BDFE3220DB
:10C7800000F0BAFE442000F0B7FE422000F0B4FEF4
:10C79000062000F0B1FE0E2000F0AEFE122000F0E8
:10C7A000ABFE142000F0A8FE172000F0A5FEE1204B
:10C7B00000F0AEFED02000F09FFE002000F09CFEB6
:10C7C000022000F099FE072000F096FE0A2000F0FB
:10C7D00093FE282000F090FE312000F08DFE5420C2
:10C7E00000F08AFE472000F087FE0E2000F084FE55
:10C7F0001C2000F081FE172000F07EFE1B2000F0C0
:10C800007BFE1E2000F078FE2A2000F081FE002032
:10C8100000F072FE002000F06FFE002000F06CFEC1
:10C82000EF2000F069FE2B2000F072FE002000F0E7
:10C8300063FE002000F060FE012000F05DFE3F205E
:10C8400000F05AFE292000F063FE10BD10B5112043
:10C8500000F05EFE7820FDF705F9362000F058FE66
:10C86000482000F049FE3A2000F052FE552000F02A
:10C8700043FEF02000F04CFEC32000F03DFEF0200F
:10C8800000F046FE962000F037FEB42000F040FE97
:10C89000012000F031FEB62000F03AFE0A2000F040
:10C8A0002BFEA22000F028FEB72000F031FEC620AB
:10C8B00000F022FEB92000F02BFE022000F01CFE4A
:10C8C000E02000F019FEC02000F022FE802000F0E1
:10C8D00013FE162000F010FEC12000F019FE1920F2
:10C8E00000F00AFEC22000F013FEA72000F004FEB4
:10C8F000C52000F00DFE162000F0FEFDE82000F03F
:10C9000007FE402000F0F8FD8A2000F0F5FD002031
:10C9100000F0F2FD002000F0EFFD292000F0ECFD1A
:10C92000192000F0E9FDA52000F0E6FD332000F01D
:10C93000E3FDE02000F0ECFDF02000F0DDFD07203D
:10C9400000F0DAFD0D2000F0D7FD042000F0D4FD4A
:10C95000052000F0D1FD142000F0CEFD362000F0BF
:10C96000CBFD542000F0C8FD4C2000F0C5FD382060
:10C9700000F0C2FD132000F0BFFD142000F0BCFD4C
:10C980002E2000F0B9FD342000F0B6FDE12000F0CB
:10C99000BFFDF02000F0B0FD102000F0ADFD142030
:10C9A00000F0AAFD0E2000F0A7FD0C2000F0A4FD71
:10C9B000082000F0A1FD352000F09EFD442000F08D
:10C9C0009BFD4C2000F098FD262000F095FD1020E6
:10C9D00000F092FD122000F08FFD2C2000F08CFD65
:10C9E000322000F089FDF02000F092FD3C2000F0A4
:10C9F00083FDF02000F08CFD692000F07DFD7820A3
:10CA0000FDF730F8212000F083FD292000F080FDA3
:10CA100010BD000000B595B001F0BAF8FB49888060
:10CA20000846808810B100F009FF71E200BF00BF26
:10CA3000F748006840F00800F549086008460068BB
:10CA400000F00800019000BF00BF00BF00BF00BFA2
:10CA50000846006840F0080008600846006800F0DA
:10CA60000800019000BF00BF00BF00BF00BF084624
:10CA7000006840F0080008600846006800F0080000
:10CA8000019000BF00BF00BF00BF00BF08460068A4
:10CA900040F0080008600846006800F008000190B7
:10CAA00000BF00BF00BF00BF00BF0846006840F0E5
:10CAB000020008600846006800F00200019000BF14
:10CAC00000BF00BF80201090022011900120129022
:10CAD000022013900C20149010A9CE48F6F7D6FF30
:10CAE0002020109010A9CB48F6F7D0FF102010900E
:10CAF00010A9C848F6F7CAFF4FF40050109010A9CB
:10CB0000C448F6F7C3FF202010900120119010A90F
:10CB1000C148F6F7BBFF00F011FAC048C0490860F1
:10CB2000C0484860002088600021BD48C1600161A4
:10CB30001021416100218161C16101624FF4805186
:10CB40004162002181624FF48041C1620021016392
:10CB500041634FF4801181630F20099000200A90F7
:10CB60004E200B9000200F900F2002900020039089
:10CB70000F2004900020089002AA09A9A848F9F7FC
:10CB8000B3FB3220FCF76EFFD32000F0C1FC00F0B5
:10CB9000FDF99E49888000F0F9F99C49888000F0F1
:10CBA000F5F99A498880084680884FF6FF7101EAB6
:10CBB00000209649888000F0E9F994498988084363
:10CBC000924988800846808849F2413188427CD069
:10CBD000042000F09DFC00F0D9F98C49888000F019
:10CBE000D5F98A49888000F0D1F9884988800846BB
:10CBF00080884FF6FF7101EA00208449888000F0A8
:10CC0000C5F9824989880843804988800846808818
:10CC100048F25251884203D147F289707B4988809B
:10CC20007A48808847F289718842D0D0D42000F0B9
:10CC30006FFC00F0ABF97549888000F0A7F97349E3
:10CC4000888000F0A3F971498880084680884FF6F3
:10CC5000FF7101EA00206D49888000F097F96B4967
:10CC600089880843694988800846808845F21031E0
:10CC70008842ACD0D32000F04BFC00F087F9634928
:10CC8000888000F083F96149888000F07FF95F496E
:10CC90008880084680884FF6FF7101EA00205B49D2
:10CCA000888000F073F9594989880843574988807A
:10CCB0000846808847F29671884288D055214FF403
:10CCC000704000F03BFCAA2100E07EE04FF2010042
:10CCD00000F034FC52214FF2020000F02FFC08213A
:10CCE0004FF2030000F02AFC01214FF2040000F093
:10CCF00025FC4FF4454000F00BFC00F047F9434998
:10CD00008880084680884FF6FF7101EA00203F497D
:10CD100088804CF2015000F0FBFB00F037F93B49F2
:10CD200089880843394988800520FCF79BFE3748ED
:10CD3000808845F21051884247D0D32000F0E8FBAC
:10CD400000F024F93149888000F020F92F498880CB
:10CD500000F01CF92D498880084680884FF6FF7145
:10CD600001EA00202949888000F010F927498988C4
:10CD70000843264988800846808849F6060188428B
:10CD800023D0A12000F0C4FB00F000F91F498880E7
:10CD900000F0FCF81D498880084680884FF6FF7136
:10CDA00001EA00201949888000F0F0F817498988C5
:10CDB0000843164988800846808845F26171884298
:10CDC00003D141F66310114988801048818816A06C
:10CDD000F3F754FB0D48808847F28971884202D1ED
:10CDE000FFF760FC4CE00948808849F241318842F5
:10CDF00002D1FDF7F3F943E00448808845F2103191
:10CE0000884217D1FDF7A0FC3AE00000D4010024CD
:10CE1000E0440258000C025800040258004000523E
:10CE200088010024044100524C43442049443A25DF
:10CE3000780D0A003E48808847F29671884202D1F8
:10CE4000FFF704FD1CE03A48808845F21051884203
:10CE500002D1FEF7F2FB13E03548808849F606015F
:10CE6000884202D1FDF7D0FA0AE03148808841F6C5
:10CE70006311884204D1FFF75EFB642000F014FBCD
:10CE80002B48808849F24131884205D02848808863
:10CE900047F28971884209D1052002900490254902
:10CEA000CB6A8A68486802A9F4F71EF8204880888F
:10CEB00041F66311884209D10720029004901D4970
:10CEC000CB6A8A68486802A9F4F70EF81848808887
:10CED00045F21031884211D01548808845F2105132
:10CEE00088420BD01248808847F29671884205D05C
:10CEF0000F48808849F60601884209D10320029034
:10CF000004900C49CB6A8A68486802A9F3F7ECFFE1
:10CF10000020FDF781F800BF012220210648F6F726
:10CF2000C5FE00BF4FF6FF70FDF752F815B000BD0B
:10CF3000D401002488010024000402581FB5F7F72B
:10CF400051F901208DF8000000208DF801004FF00C
:10CF5000C04001901B208DF8080000208DF80900CA
:10CF60008DF80A0003208DF80B0000208DF80C00CE
:10CF70008DF80D008DF80E0001208DF80F00684629
:10CF8000F7F702F90420F7F743F91FBD08B5034886
:10CF900000880090BDF8000008BD00000000086097
:10CFA000F0B50546002400278B488079012805D17B
:10CFB0008948808841F66311884208D18648807983
:10CFC000F0B98548808841F66311884218D1082D50
:10CFD00015D2DFE805F00406080A0C0E101206252B
:10CFE0000DE007250BE0042509E0052507E00125F4
:10CFF00005E0002503E0032501E0022500BF00BF96
:10D00000082D1CD2DFE805F00406090C0F121518D4
:10D0100000BF14E044F0800411E044F040040EE04E
:10D0200044F0C0040BE044F0200408E044F0600445
:10D0300005E044F0A00402E044F0E00400BF00BFBB
:10D0400036276548808845F21051884200D13F025A
:10D050006148808849F2413188420BD05E4880881F
:10D0600047F28971884205D05B48808847F2967103
:10D07000884201D144F008042146384600F05EFAA7
:10D080005548808841F6631188421DD004F0200085
:10D0900068B15148008850494988884214DA4E489E
:10D0A000068840884C490880084646800CE04A487B
:10D0B000008849494988884206DD474806884088F3
:10D0C00045490880084646804348808845F210510B
:10D0D000884252D14049488900F01AFA002000F0F5
:10D0E0000BFA3D494989491C88B200F011FA002029
:10D0F00000F002FA38494989891C88B200F008FA20
:10D1000035490988491EC1F30F2000F0F5F932496D
:10D110004989C91C88B200F0FBF92F490978491EDA
:10D12000C8B200F0E9F92C49888900F0F1F9002033
:10D1300000F0E2F928498989491C88B200F0E8F931
:10D14000002000F0D9F924498989891C88B200F0AF
:10D15000DFF921494988491EC1F30F2000F0CCF9BD
:10D160001D498989C91C88B200F0D2F91A49897809
:10D17000491EC8B200F0C0F92DE01749488900F0F7
:10D18000C7F9002000F0B8F9002000F0B5F9124905
:10D190000988491EC1F30F2000F0AEF90E49097845
:10D1A000491EC8B200F0A8F90B49888900F0B0F90F
:10D1B000002000F0A1F9002000F09EF906494988FE
:10D1C000491EC1F30F2000F097F903498978491EE1
:10D1D000C8B200F091F9F0BDD401002410B50246A8
:10D1E0000C464548808841F66311884247D1424841
:10D1F0008079A8B940480088401E801A82B23E4912
:10D20000488900F085F9002000F076F9002000F050
:10D2100073F9101200F070F9D0B200F06DF916E059
:10D220003549488900F074F9101200F065F9D0B260
:10D2300000F062F930490988491EC1F30F2000F05F
:10D240005BF92D490978491EC8B200F055F92A4901
:10D25000888900F05DF9201200F04EF9E0B200F08C
:10D260004BF925494988491EC1F30F2000F044F9C4
:10D2700021498978491EC8B200F03EF93AE01E48BB
:10D28000808845F21051884220D11B49488900F01E
:10D290003FF9101200F030F917494989491C88B24A
:10D2A00000F036F9D0B200F027F91349888900F070
:10D2B0002FF9201200F020F90F498989491C88B202
:10D2C00000F026F9E0B200F017F913E00A494889A6
:10D2D00000F01EF9101200F00FF9D0B200F00CF9B6
:10D2E0000549888900F014F9201200F005F9E0B230
:10D2F00000F002F910BD0000D40100242DE9FC5F0C
:10D3000080460E4615461C46B3460020019000900C
:10D310002046E31704EB5373DB1021464FEAE47C0D
:10D3200004EB5C7C4FEAEC0CA4EBCC0CBCF1000FE2
:10D3300002D04FF0010C01E04FF0000C6344224694
:10D3400004EBD27C4FEA6C0C03FB0CF3DBB20193D1
:10D35000A5F12000C5B20C2C06D0102C0BD0182C37
:10D360000ED0202C18D112E005EB45002D4901EB21
:10D370008000009012E02C4800EB051000900DE0BA
:10D3800005EBC500294901EB8000009006E0284824
:10D3900000EB8510009001E0BDE8FC9F00BF002776
:10D3A0003AE0009810F807904FF0000A2EE009F0DC
:10D3B000800028B1314640460D9AFCF7F5FE07E0A3
:10D3C0000C9828B91B48314602684046FCF7ECFE31
:10D3D0004FEA49604FEA1069701C86B216484088CF
:10D3E000B04200DCD8E7A6EB0B00A0420AD15E46B3
:10D3F00008F101001FFA80F80F480088404500DC62
:10D40000CAE706E00AF1010000F0FF0ABAF1080FCE
:10D41000CDDB00BF781CC7B201988742C1DB00BFDB
:10D42000BAE700006AE30008DEE70008CEED000876
:10D430002AFB000824000024D40100242DE9FC5F0D
:10D4400004460D4690469946DDE90D7A0C9E04F09F
:10D45000FF0B08EB04001FFA80F809EB05001FFA28
:10D4600080F917E0444502DB5C46A81985B24D45BA
:10D4700000DB15E00020CDE9000A3A783346294662
:10D480002046FFF73BFF304606EBD07104EB61010D
:10D490008CB27F1C38787E2802DC38782028E1DACC
:10D4A00000BFBDE8FC9F000000B50246BE2000F0B2
:10D4B0002FF8052000F020F800EE102AB8EE400BFF
:10D4C0009FED0B1B20EE010BBCEEC00B10EE101AF3
:10D4D00088B200F011F8012000F00EF8FF2000F0F3
:10D4E0000BF8002000F008F8002000F005F800BD5F
:10D4F000666666666666044001B5BDF80000009089
:10D50000BDF800000149088008BD00000000086067
:10D5100001B5BDF800000090BDF800000149088089
:10D5200008BD0000FEFF076002480089024908802C
:10D5300070470000D4010024FEFF0760024A1080FB
:10D54000921C118070470000FEFF076000B587B095
:10D5500000BF00BF1E48006840F002001C49086080
:10D560000846006800F00200019000BF00BF00BF45
:10D5700000BF00BF0846006840F00200086008468F
:10D58000006800F00200019000BF00BF00BF022051
:10D590000290012003900490059002A90D48F6F72F
:10D5A00075FA0120029002A90A48F6F76FFA00BF47
:10D5B000012202210748F6F779FB00BF00BF0122D4
:10D5C00011460448F6F772FB00BF07B000BD00002B
:10D5D000E04402580004025818B504460648009476
:10D5E000008B401E83B20448C08A401E82B20021D4
:10D5F000084600F059F818BD2803002470B5B0B0F3
:10D6000006460C4615464FF0005001900A940B96C2
:10D6100002210C910D910E9501A8F7F7CBF810B9E6
:10D62000002030B070BD0120FBE7000009494875BB
:10D6300030B98988074AD18211460988118308E0E8
:10D64000012806D103490988024AD18211468988F6
:10D65000118370472803002470B5114B5B7D6BB1BB
:10D660000F4BDB690E4D2D6805FB01056B430C4D1F
:10D670002D7D0C4E56F82550EA520FE0084B1D68E0
:10D680005B681B1A5B1E05FB0313054DED696B43BD
:10D69000034D2D7D034E56F82550EA5270BD000013
:10D6A00028030024280000242DE9F84F04460D46E5
:10D6B0001E464FF0000CDFF8749199F81590B9F1FF
:10D6C000000F04D020462946134637462DE0DFF8E8
:10D6D0005C91D9F80490914507D8DFF85091B9F8DA
:10D6E0000490A9F101091FFA89F2DFF84091D9F8F5
:10D6F0000490A14507D8DFF83491B9F80490A9F156
:10D7000001091FFA89F42846DFF82091D9F804901E
:10D71000A9EB0209A9F101013346DFF81091D9F80C
:10D720000490A9EB0409A9F10107DFF80091B9F809
:10D730000090A3EB000A0AF1010AA9EB0A091FFAFB
:10D7400089F8DFF8E89099F81490DFF8E4A05AF827
:10D750002990DFF8D8A0DAF81CA0DFF8D0B0DBF809
:10D7600000B00BFB010B0AFB0B9E00BFDFF8C4905F
:10D77000D9F8009049F01009DFF8B8A0CAF8009075
:10D78000D146D9F8009009F01009CDF8009000BFFB
:10D7900000BFDFF8A490D9F8009029F00109DFF864
:10D7A00098A0CAF800904FF44039CAF800904FF0A2
:10D7B0000209CAF83490D146C9F84080C9F83CE063
:10D7C000A7EB010909F10109A3EB000A0AF1010A1B
:10D7D00049EA0A49DFF860A0CAF84490DDF82890C9
:10D7E000CAF83890D146D9F8009049F00109CAF832
:10D7F000009005E00CF1010CBCF5001F00D308E01F
:10D80000DFF83490D9F8049009F00209B9F1000F5B
:10D81000F0D000BFDFF82090D9F8089049F0020955
:10D82000DFF814A0CAF80890BDE8F88F2803002498
:10D8300028000024D4440258001000521FB50024D0
:10D8400000F0A6F9044644F24230844218D14FF465
:10D85000F0709D4908604FF488704860012008818D
:10D860004881282088810820C88105200882082056
:10D870004882212219214FF49670FFF7BFFE7EE007
:10D8800047F28400844218D14FF448708E490860F2
:10D890004FF4F07048600120088148812E20888173
:10D8A0001720C881D2200882162048820922192117
:10D8B0004FF49670FFF7A2FE61E047F21600844233
:10D8C00019D14FF48060804908604FF416704860A9
:10D8D00014200881032048818C2088811420C8816D
:10D8E000A02008820C204882062219214FF496704D
:10D8F000FFF784FE43E047F21800844207D14FF45B
:10D90000A060714908604FF44870486037E044F205
:10D910008430844219D14FF448706B4908604FF449
:10D92000F0704860582088812820088230200881C3
:10D930002020C8810D204882032048810922192116
:10D940004FF49670FFF75AFE19E041F21800844236
:10D9500015D14FF4A0605C4908604FF448704860EE
:10D960008C2088810A2008820881C881488203208F
:10D970004881062219214FF49670FFF73FFE524866
:10D9800000885249088050488088488002204E49CB
:10D99000C8614F484F4908604F485049086000200F
:10D9A000486000214D488160C16000204B4981F8EA
:10D9B000A10041F21800844204D14FF08051474841
:10D9C000016102E00021454801613F480089401E95
:10D9D000424948613C484089401E88613A48008974
:10D9E000394989890844401E3C49C8613648408904
:10D9F0003549C9890844401E3849086232480089BF
:10DA0000314989890844304909680844401E33492E
:10DA100048622D4840892C49C98908442A494968E7
:10DA20000844401E2D498862274800892649898973
:10DA300008442549096808442349098A0844401EC6
:10DA40002649C862204840891F49C98908441E499F
:10DA5000496808441C49498A0844401E1F49086314
:10DA600000211E4880F8361080F8351080F83410F8
:10DA7000F6F7C6F9002007210622CDE90002CDE91C
:10DA800002101448FF2302220168002000F02AF847
:10DA90000D48808880B200900B48008883B2002235
:10DAA0001146104600F05CF8002000F0D9F800BFE5
:10DAB000012220210A48F6F7F9F800BF4FF0FF30A5
:10DAC000FFF78AFD1FBD000028030024D4010024B5
:10DAD000000000C02800002400100050180200249C
:10DAE000000402582DE9F04F8DB005460E4617464A
:10DAF0009846DDE917ABDDF85890199C002000909E
:10DB000002901548006801901348406803900497FC
:10DB1000CDF81480CDF818904FEA0A2007904FEA0C
:10DB20000B20089009960C4800680A900A48406843
:10DB30000B90002001148DF8321001128DF8311075
:10DB4000E0B28DF830002A4669460448F6F728F915
:10DB50000DB0BDE8F08F0000280300241802002457
:10DB60002DE9F04104460E4617461D46DDF81880A3
:10DB700023463A4631460548F6F79AFA2346424686
:10DB800029460248F6F7CAFABDE8F08118020024D7
:10DB900010B586B0002400BF2E48006840F0400059
:10DBA0002C4908600846006800F04000009000BF63
:10DBB00000BF00BF0846006840F480700860084657
:10DBC000006800F48070009000BF00BF402001900A
:10DBD00000200290012003900320049001A91E4818
:10DBE000F5F754FF8420019001A91C48F5F74EFF7A
:10DBF0000220FBF751FF40211748F6F745F804468D
:10DC000004211648F6F740F844EA4000C4B28021E7
:10DC10001248F6F739F844EA8000C4B2062C17D24D
:10DC2000DFE804F003070A0D101344F2423006B097
:10DC300010BD47F28400FAE747F21600F7E747F213
:10DC40001800F4E744F28430F1E741F21800EEE7FF
:10DC50000020ECE7E0440258001802580020025867
:10DC600001490875704700002803002410B500F032
:10DC700013FAF6F739F8042302220521A02000F058
:10DC8000ABFA4FF4C870FBF7E3FE4FF4E13000F05D
:10DC900033FB00F010F8FFF759FCFCF71FF900F018
:10DCA00005F9FEF7B7FE00F093F800F07DF9FBF7F9
:10DCB00017FF002010BD1FB5012000220323CDE96E
:10DCC000012000930390134602461021400700F004
:10DCD0004FF8012000220323CDE901200093039097
:10DCE000134602221221480600F042F801200022C9
:10DCF0000323CDE901200093039013460322122150
:10DD0000100700F035F8012000220323CDE901209F
:10DD100000930390134604220F214FF0605000F04F
:10DD200027F800200323CDE90030029003460522A6
:10DD3000192103904FF0C04000F01AF80120002292
:10DD40000323CDE9012000930390134606221821F6
:10DD5000C80600F00DF800200323CDE90030029042
:10DD6000012307221B210390C80700F001F81FBD03
:10DD70002DE9FF5F04460D4616461F46DDE910AB50
:10DD8000DDE90E89F6F72EFA01208DF80000F0B2D9
:10DD90008DF8010001948DF80C70E8B28DF8080040
:10DDA00000208DF809008DF80A008DF80B808DF8A1
:10DDB0000D908DF80EA08DF80FB06846F6F7E4F9D7
:10DDC0000420F6F725FA002004B0BDE8F09F00001B
:10DDD00010B586B0002400BF00BF1648006840F0B0
:10DDE0000200144908600846006800F00200009034
:10DDF00000BF00BF00BF4FF4805001900020029090
:10DE0000012003900320049001A90B48F5F73EFE82
:10DE1000FBF72CFFFBF7EAFF4020FBF7B1FFFCF715
:10DE20002BF80446FCF708F8FF2000F02BF82046FA
:10DE300006B010BDE04402580004025810B500249A
:10DE4000FBF7D4FF4120FBF79BFFFCF715F8002000
:10DE5000FBF768FF0446FBF7EFFF204610BD70B5E7
:10DE600004460E46FFF7EAFF05461EB90120A04012
:10DE7000854303E00120A0402843C5B2284600F0B6
:10DE800001F870BD10B50446FBF7B0FF4020FBF76A
:10DE900077FFFBF7F1FF2046FBF772FFFBF7ECFF84
:10DEA000FBF7CAFF0A20FBF7DDFD10BD00B587B008
:10DEB000184819490860002048600121164881600F
:10DEC0000821C16010210161402141614FF4C071FE
:10DED00081610021C1614FF400610162490041622A
:10DEE00049008162022000900820019007200290E2
:10DEF0000390022004900590069069460648F8F7C2
:10DF0000FBF800F00BF840F247310348F8F7AAF9A4
:10DF100007B000BD40410052E401002410B50024C8
:10DF2000002301221146184600F01AF84FF4FA7047
:10DF3000FBF7B2FD002301220221184600F010F881
:10DF4000002308220321184600F00AF84FF40C744D
:10DF5000234601220421002000F002F810BD000039
:10DF60002DE9FF4104460D4616461F464FF00008B6
:10DF700014B94FF0100803E0012C01D14FF008084C
:10DF80000095CDF80480029603974FF480526946BD
:10DF90000448F8F782F918B9002004B0BDE8F08110
:10DFA0000120FAE7E40100240EB54FF478401DA1EA
:10DFB00020221346CDE900210290DC220A210846E6
:10DFC000FFF73CFA4FF4784018A118221346CDE928
:10DFD00000210290DC222F210A20FFF72FFA4FF4B4
:10DFE000784015A110221346CDE900210290DC22D1
:10DFF0004C210A20FFF722FA13A0F2F73FFA13A0F0
:10E00000F2F73CFA1AA0F2F739FA1BA0F2F736FA47
:10E010001DA0F2F733FA0DA0F2F730FA13A0F2F7D1
:10E020002DFA0EBD53544D333200000041544B2D98
:10E030004D4335363430000041544F4D40414C493A
:10E04000454E54454B0000000A0000002A2A2A2AA7
:10E050002A2A2A2A2A2A2A2A2A2A2A2A2A2A2A2A20
:10E060002A2A2A2A2A2A2A2A2A2A2A2A0D0A0000A1
:10E0700053544D33320D0A0041544B2D4D43353628
:10E0800034300D0A0000000041544F4D40414C49CE
:10E09000454E54454B0D0A0010B500BF4C48006872
:10E0A00000F4003000B139E000BF00BF00BFBFF393
:10E0B0004F8F00BF00BF00BF00BF00BF00BFBFF356
:10E0C0006F8F00BF00BF00BF00204249086000BF43
:10E0D00000BF00BFBFF34F8F00BF00BF00BF00BF36
:10E0E00000BF00BFBFF36F8F00BF00BF00BF384845
:10E0F000006840F400303649086000BF00BF00BF30
:10E10000BFF34F8F00BF00BF00BF00BF00BF00BF05
:10E11000BFF36F8F00BF00BF00BF00BF00BF2C4B1D
:10E120001B6803F4803303B148E00023284C7034AB
:10E13000236000BF00BF00BFBFF34F8F00BF00BF11
:10E1400000BF231F1868C0F34E3100BFC0F3C902DF
:10E1500000BF43F6E07303EA41134FF0404404EA82
:10E16000827423431B4C1034236000BF00BF131E76
:10E17000A2F10102EDD10B1EA1F10101E6D100BF18
:10E1800000BF00BFBFF34F8F00BF00BF00BF104BE9
:10E190001B6843F480330E4C236000BF00BF00BFF8
:10E1A000BFF34F8F00BF00BF00BF00BF00BF00BF65
:10E1B000BFF36F8F00BF00BF00BF00BF05484C30EA
:10E1C000006840F0040003494C31086010BD0000B5
:10E1D00014ED00E050EF00E02DE9F0419CB08046E6
:10E1E0000C4615461E4600274048006820F00400F3
:10E1F0003E49086000BF002000903D48006820F0C4
:10E2000001003B4908600846006800F001000090EA
:10E2100036480C30006840F4404034490C31086006
:10E220000846006800F44040009000BF00BF00BFF7
:10E230002E480C30006800F40050B0F5005FF7D1B4
:10E24000212001904FF4803002900020049008902B
:10E250000120079002200A9002210B91CDF8348012
:10E260000C940E950F960021129108211191002116
:10E27000139101A8F7F740FB07461FB101201CB01E
:10E28000BDE8F0813F2014900320159000201690E7
:10E29000082017904020199000011A9040201890F3
:10E2A0001B90042114A8F7F737F807460FB1012097
:10E2B000E5E7F6F733F80F48006840F080000D49B5
:10E2C000086000BF0B48F430006840F002000949C4
:10E2D000F43108600846006800F00200009000BFBA
:10E2E00000BFF5F7C9FB0020C9E700000C48025841
:10E2F0002C0400580044025810B5044609480A4945
:10E3000008600846446000218160C160016181614C
:10E310000C214161F8F7D4FA012204490248F8F7C8
:10E320006BFB10BD00100140F80000241200002417
:10E330004FF04070E1EE100A70470000000001024B
:10E34000030401020304060708090006101600066C
:10E350001016010002000400060008000A000C006C
:10E3600010002000400080000001000000000000BC
:10E37000000000000000000000003F40000000001E
:10E3800000000000300040003000400000000900A4
:10E390000BC03D000BC03D00090018C024407FE0C9
:10E3A000224031800000180024C01B000D80324044
:10E3B000018003801C4027401C8007400040100063
:10E3C00060000000000000000000000000000000ED
:10E3D0001F80204040200000402020401F8000007F
:10E3E0000000090006001F8006000900000004006C
:10E3F00004003F80040004000000001000600000E2
:10E4000000000000000004000400040004000400F8
:10E41000000000000040000000000000000000209C
:10E4200001C006003800400000001F80204020404E
:10E4300020401F800000000010403FC0004000004E
:10E44000000018C0214022402440184000001080E5
:10E450002040244024401B80000002000D001100D9
:10E460003FC0014000003C802440244024402380E1
:10E4700000001F802440244034400380000030000E
:10E48000200027C03800200000001B8024402440CA
:10E4900024401B8000001C0022C0224022401F801C
:10E4A0000000000000000840000000000000000024
:10E4B00000000460000000000000000004000A00EA
:10E4C00011002080404009000900090009000900EE
:10E4D000000000004040208011000A0004001800E5
:10E4E000200023402400180000001F802040274007
:10E4F00029401F400000004007C039000F0001C044
:10E50000004020403FC0244024401B8000001F806A
:10E510002040204020403080000020403FC020406C
:10E5200020401F80000020403FC024402E4030C0CB
:10E53000000020403FC024402E00300000000F00AB
:10E540001080204022403380020020403FC0040061
:10E5500004003FC02040204020403FC020402040D9
:10E5600000000060202020203FC02000200020402C
:10E570003FC024400B0030C0204020403FC020401E
:10E580000040004000C03FC03C0003C03C003FC012
:10E59000000020403FC00C4023003FC020001F80EF
:10E5A0002040204020401F80000020403FC02440E9
:10E5B0002400180000001F802140214020E01FA0FF
:10E5C000000020403FC02440260019C0004018C071
:10E5D00024402440224031800000300020403FC0D1
:10E5E00020403000000020003F80004000403F807D
:10E5F000200020003E0001C0070038002000380045
:10E6000007C03C0007C038000000204039C00600A9
:10E6100039C0204000002000384007C038402000AA
:10E620000000304021C02640384020C000000000DB
:10E6300000007FE0402040200000000070000C003F
:10E640000380004000000000402040207FE00000E8
:10E65000000000002000400020000000000000102A
:10E66000001000100010001000100000000040001A
:10E67000000000000000000002800540054003C0CB
:10E68000004020003FC00440044003800000000020
:10E690000380044004400640000000000380044062
:10E6A00024403FC000400000038005400540034077
:10E6B0000000000004401FC024402440200000004F
:10E6C00002E0055005500650042020403FC00440A1
:10E6D000040003C000400000044027C000400000C8
:10E6E000000000100010041027E00000000020408F
:10E6F0003FC00140070004C00440204020403FC00C
:10E7000000400040000007C0040007C0040003C030
:10E710000000044007C00440040003C000400000A3
:10E7200003800440044003800000041007F00450FC
:10E73000044003800000000003800440045007F000
:10E740000010044007C00240040004000000000064
:10E7500006400540054004C00000000004001F8082
:10E76000044000400000040007800040044007C04F
:10E7700000400400070004C00180060004000600F9
:10E7800001C0070001C006000000044006C00100EF
:10E7900006C0044000000410071004E001800600D9
:10E7A00004000000044005C00640044000000000D2
:10E7B000000004007BE0402000000000000000009A
:10E7C000FFF000000000000040207BE0040000009B
:10E7D00000004000800040002000200040000000B9
:10E7E0000000000000000000000000000000000029
:10E7F000000000001FCC000C000000000000000022
:10E8000008003000600008003000600000000220B6
:10E8100003FC1E20022003FC1E200220000000003A
:10E820000E1811043FFF10840C78000000000F0048
:10E8300010840F3800C00778188400780000007832
:10E840000F8410C411240E9800E40084000808000E
:10E8500068007000000000000000000000000000E0
:10E860000000000007E0181820044002000000002B
:10E8700040022004181807E00000000000000240D9
:10E88000024001800FF00180024002400000008041
:10E89000008000800FF800800080008000000001F0
:10E8A000000D000E0000000000000000000000004D
:10E8B00000800080008000800080008000800000D8
:10E8C000000C000C00000000000000000000000030
:10E8D00000060018006001800600180020000000FB
:10E8E00007F0080810041004080807F000000000F2
:10E8F000080408041FFC00040004000000000000DD
:10E900000E0C10141024104411840E0C0000000092
:10E910000C1810041104110412880C70000000007F
:10E9200000E00320042408241FFC00240000000051
:10E930001F9810841104110410881070000000004A
:10E9400007F0088811041104188800700000000006
:10E950001C00100010FC13001C0010000000000040
:10E960000E3811441084108411440E380000000049
:10E970000700088C10441044088807F000000000CD
:10E9800000000000030C030C000000000000000069
:10E99000000000010106000000000000000000006F
:10E9A000008001400220041008081004000002202A
:10E9B000022002200220022002200220000000008B
:10E9C000100408080410022001400080000000002C
:10E9D0000E001200100C106C10800F00000003E0FD
:10E9E0000C1813E4142417C4082807D000000004EE
:10E9F000003C03C41C40074000E4001C0004100459
:10EA00001FFC1104110411040E880070000003E0C3
:10EA10000C1810041004100410081C10000010043E
:10EA20001FFC100410041004080807F00000100474
:10EA30001FFC1104110417C410040818000010046E
:10EA40001FFC1104110017C010000800000003E0B3
:10EA50000C181004100410441C780040000010042E
:10EA60001FFC10840080008010841FFC1004000034
:10EA7000100410041FFC1004100400000000000328
:10EA80000001100110011FFE100010000000100412
:10EA90001FFC110403801464181C100400001004EF
:10EAA0001FFC1004000400040004000C000010040B
:10EAB0001FFC1F0000FC1F001FFC100400001004BE
:10EAC0001FFC0C04030000E010181FFC100007F0EE
:10EAD0000808100410041004080807F000001004CF
:10EAE0001FFC10841080108010800F00000007F0C1
:10EAF000081810241024101C080A07F20000100443
:10EB00001FFC1104110011C011300E0C0004000094
:10EB10000E1C11041084108410441C3800001800CE
:10EB2000100010041FFC100410001800000010005A
:10EB30001FF810040004000410041FF81000100057
:10EB40001E0011E0001C007013801C0010001FC08C
:10EB5000103C00E01F0000E0103C1FC0000010044B
:10EB6000180C163401C001C01634180C1004100023
:10EB70001C00130400FC13041C0010000000080417
:10EB8000101C1064108413041C04101800000000F2
:10EB9000000000007FFE4002400240020000000032
:10EBA00030000C0003800060001C00030000000027
:10EBB0004002400240027FFE000000000000000012
:10EBC0000000200040004000400020000000000144
:10EBD000000100010001000100010001000100002E
:10EBE0004000400020000000000000000000000085
:10EBF0000098012401440144014400FC0004100079
:10EC00001FFC00880104010400880070000000005F
:10EC10000070008801040104010400880000000065
:10EC2000007000880104010411081FFC00040000AA
:10EC300000F8014401440144014400C80000000000
:10EC4000010401040FFC110411041100180000005C
:10EC500000D601290129012901C90106000010047B
:10EC60001FFC008401000100010400FC00040000FE
:10EC70000104190419FC0004000400000000000055
:10EC8000000300010101190119FE00000000100439
:10EC90001FFC0024004001B4010C0104000000002E
:10ECA000100410041FFC0004000400000000010414
:10ECB00001FC0104010001FC0104010000FC01044D
:10ECC00001FC008401000100010400FC00040000BC
:10ECD00000F8010401040104010400F8000001012E
:10ECE00001FF00850104010400880070000000009D
:10ECF0000070008801040104010501FF0001010406
:10ED0000010401FC008401040100018000000000F6
:10ED100000CC0124012401240124019800000000FA
:10ED20000100010007F801040104000000000100D7
:10ED300001F8000400040004010801FC00040100C3
:10ED400001800170000C001001600180010001F0E1
:10ED5000010C003001C00030010C01F00100000086
:10ED60000104018C00740170018C01040000010198
:10ED700001810171000E0018016001800100000096
:10ED80000184010C013401440184010C00000000E5
:10ED900000000000000001003EFC400240020000B4
:10EDA000000000000000FFFF000000000000000065
:10EDB000400240023EFC0100000000000000000094
:10EDC0006000800080004000400020002000000023
:10EDD0000000000000000000000000000000000033
:10EDE0000000000000000000000000000000000023
:10EDF0000000000000000000000000000000000013
:10EE0000000F80380FFE380F80380000000000002F
:10EE100000000000000000000000000001000006EB
:10EE200000000C00003800003100000600000C005B
:10EE30000038000030000000000000000000618089
:10EE40000067F807F9800061800061800061800040
:10EE500061800067F807F980006180000000000011
:10EE60000000000001C0E003E0F0063008041808CC
:10EE70001FFFFE040E080787F00381E0000000007A
:10EE8000000001F000060C00040408060C7001F9F3
:10EE9000C0000E00003BE000EC18070808040C1846
:10EEA0000003E00000000001E00007F003F8180490
:10EEB0001C0804170807E1D003C0E00023B0003CA1
:10EEC0000800200800001000000000000001000001
:10EED0003100003200001C000000000000000000B3
:10EEE0000000000000000000000000000000000022
:10EEF00000000000000000000000000000007F0093
:10EF000001FFC00780F00C00181000042000020070
:10EF100000000000002000021000040C0018078010
:10EF2000F001FFC0007F00000000000000000000B2
:10EF30000000000000000000000042000066000029
:10EF40006600003C0000180003FFC0001800003CF1
:10EF5000000066000066000042000000000008009B
:10EF600000080000080000080000080001FFC000C1
:10EF70000800000800000800000800000800000069
:10EF80000000000100003100003200001C00000001
:10EF90000000000000000000000000000000000071
:10EFA0000000000000000800000800000800000841
:10EFB0000000080000080000080000080000080029
:10EFC0000008000000000000000000000000380001
:10EFD00000380000380000000000000000000000C1
:10EFE000000000000000000000000000000000061B
:10EFF00000001C000070000180000E0000380000BE
:10F00000C0000700001C00003000000000000000ED
:10F0100000007F8001FFE0038070060018040008F4
:10F0200004000806001803807001FFE0007F8000E4
:10F0300000000000000000000100080100080100BD
:10F040000803FFF807FFF8000008000008000008A8
:10F0500000000000000000000001C03802C0580499
:10F060000098040118040218040418061C1803F878
:10F070001801E0F800000000000000000001C0E0FE
:10F0800003C0F00400080408080408080618080370
:10F09000F41801E7F00001E00000000000000000AB
:10F0A00000000300000D0000110000610000810855
:10F0B00003010807FFF80FFFF8000108000108002E
:10F0C00000000000000000E007FCD0060808061061
:10F0D00008061008061008061838060FF00607C0C4
:10F0E000000000000000000000003F8001FFE0037E
:10F0F00084300208180410080410080410080718C7
:10F1000010030FF00007C000000000000000000026
:10F1100003C0000700000600000600F80607F80616
:10F12000180006E0000700000600000000000000D4
:10F130000001E1E003F7F006341004180804180891
:10F14000040C08040C0806161803F3F001C1E000D3
:10F15000000000000000F80003FC30030638040241
:10F16000080402080402080404100308F001FFC0A8
:10F17000007F000000000000000000000000000010
:10F180000000000000007038007038007038000087
:10F19000000000000000000000000000000000006F
:10F1A00000000000000000000000301A00301C00C9
:10F1B000000000000000000000000000000000004F
:10F1C00000000000000800001400002200004100C0
:10F1D00000808001004002002004001008000800A8
:10F1E000000000000000210000210000210000219B
:10F1F000000021000021000021000021000021006A
:10F2000000210000000000000000000008000804C9
:10F210000010020020010040008080004100002218
:10F220000000140000080000000000000003C000FF
:10F2300004C000040000080038080F380808380827
:10F2400010000C300007E00003C0000000000000C8
:10F2500000003F8000FFE0038070020F10067088FE
:10F2600004C088048308047F8802C0900301200042
:10F27000FE400000080000180001F8003E0801C22E
:10F280000007020007E20000FE00001FC80001F8AE
:10F2900000003800000804000807FFF807FFF80422
:10F2A000080804080804080804080806180803F4F5
:10F2B0001801E7F00001E0000000000000003F80BE
:10F2C00001FFE00380700200180400080400080435
:10F2D00000080400100600200780C00000000400A1
:10F2E0000807FFF807FFF8040008040008040008F6
:10F2F00004001802001003807001FFE0007F80000E
:10F30000000004000807FFF807FFF80408080408D5
:10F3100008040808040808043E0804000806001849
:10F3200001006000000004000807FFF807FFF80470
:10F330000808040800040800040800043E00060051
:10F3400000060000018000000000000000003F8077
:10F3500001FFE0038070060018040008040208049E
:10F3600002080203F00783F000020000020004001C
:10F370000807FFF807FFF804080800080000080065
:10F3800000080000080004080807FFF807FFF80459
:10F390000008000000000000040008040008040049
:10F3A0000807FFF807FFF804000804000804000835
:10F3B0000000000000000000000000060000070040
:10F3C000000104000104000104000307FFFE07FF21
:10F3D000FC04000004000004000004000807FFF81B
:10F3E00007FFF8040C08001800003E0004C7800561
:10F3F00003C80600F80400380400180000080400E0
:10F400000807FFF807FFF8040008000008000008DC
:10F41000000008000008000008000018000060005C
:10F42000000004000807FFF807800807FC00007FC1
:10F43000C00003F80007C000780007800807FFF845
:10F4400007FFF804000804000807FFF80700080396
:10F45000C00000E000003800001E000007000001AE
:10F46000C00400F007FFF8040000000000007F80E7
:10F4700001FFE0038070060018040008040008067D
:10F48000001803003001FFE0007F8000000004004E
:10F490000807FFF807FFF804040804040004040048
:10F4A000040400040400060C0003F80001F000004E
:10F4B0000000000000007F8001FFE0038070060074
:10F4C000880400880400C806003C03003E01FFE6F3
:10F4D000007F8400000004000807FFF807FFF8041D
:10F4E0000808040800040C00040F00040BC00610F8
:10F4F000F003F03801E00800000800000001E0F827
:10F5000003F030063010041808041808040C08042E
:10F510000C080206180207F00781E00000000180D5
:10F520000006000004000004000004000807FFF8C3
:10F5300007FFF804000804000004000006000001B2
:10F54000800004000007FFE007FFF004001800003F
:10F55000080000080000080000080000080400106F
:10F5600007FFE004000004000006000007E00007B9
:10F57000FE00041FE00001F80000380001E0043E36
:10F580000007C00006000004000004000007E000BF
:10F5900007FFC0041FF80007C007F80007FF80043A
:10F5A0003FF80007C004F800070000040000000056
:10F5B0000004000806001807C07805F1C8003E00E6
:10F5C000001F800463E80780F806001804000800A4
:10F5D000000004000006000007800007E008047C2B
:10F5E00008001FF80007F800180804E008070000EA
:10F5F00006000004000000000001000806003804B6
:10F6000000F80403E8040F08047C0805F00807C0AC
:10F61000080700180400600000000000000000005F
:10F620000000000000000000003FFFFE200002205C
:10F630000002200002200002200002000000000062
:10F640000000000008000007000000C000003800B3
:10F650000006000001C000003000000E00000100A4
:10F660000000000000000000200002200002200036
:10F67000022000022000023FFFFE00000000000008
:10F680000000000000000000000000000000000872
:10F6900000001000003000002000003000001000CA
:10F6A0000008000000000000000000000100000150
:10F6B0000000010000010000010000010000010045
:10F6C0000001000001000001000001000001000035
:10F6D00000000000000000200000200000100000DA
:10F6E000100000000000000000000000000000000A
:10F6F00000000000000000F00019F8001B180022B4
:10F7000008002608002408002410003FF8001FF815
:10F7100000000800001800000004000007FFF80FB8
:10F72000FFF0001818001008002008002008003022
:10F7300018001FF0000FC00000000000000007C00C
:10F74000001FF000183000200800200800200800EA
:10F750003C08001C100000600000000000000000D9
:10F76000000007C0001FF000381800200800200823
:10F7700000200804101007FFF80FFFF00000100031
:10F7800000000000000000000007C0001FF0001291
:10F7900030002218002208002208003208001E1043
:10F7A000000E2000000000000000200000200800E3
:10F7B000200801FFF803FFF80620080420080420B1
:10F7C0000807200003000000000000000000000EF9
:10F7D000000E6E001FF30031B10020B10020B10017
:10F7E0003191001F13002E1E00200E00300000007B
:10F7F0000004000807FFF80FFFF8001008002000C1
:10F80000002000002008003FF8001FF8000008005A
:10F810000000000000000000002008002008002078
:10F8200008063FF8063FF80000080000080000083E
:10F8300000000000000000000000000000000300C5
:10F840000003002001002001002003063FFE063FC8
:10F85000FC000000000000000000000000040008A0
:10F8600007FFF80FFFF8000188000300002FC00019
:10F8700038F80020380020080000080000000000D0
:10F880000000000004000804000804000807FFF856
:10F890000FFFF8000008000008000008000000004A
:10F8A0000000002008003FF8003FF800100800208A
:10F8B00000003FF8003FF8001008002000003FF86B
:10F8C000003FF8000008000000002008003FF8009A
:10F8D0003FF8001008001000002000002008003F42
:10F8E000F8001FF80000080000000000000007C03A
:10F8F000000FF00018300030080020080020080039
:10F900003008001830000FF00007C00000000000B1
:10F9100000002001003FFF003FFF00101100200900
:10F92000002008002008003038001FF0000FC00041
:10F9300000000000000007C0001FF0003818002081
:10F9400008002008002009001011001FFF003FFFE1
:10F95000000001000000002008002008002008002E
:10F960003FF8003FF80008080010080020080020B9
:10F970000000300000300000000000000000000027
:10F98000000C78001E18003308002308002108002E
:10F9900021880021980030F000386000000000004D
:10F9A0000000200000200000200000FFF003FFF80E
:10F9B000002008002008002008000030000000009F
:10F9C0000000000000002000003FF0007FF8000071
:10F9D00018000008000008002010003FF8007FF029
:10F9E00000001000000000000000200000300000B7
:10F9F0003C00003F800023F00000780000700023EE
:10FA000080003C00003000002000002000003C008E
:10FA1000003FE00023F80000E0002700003E000067
:10FA20003FE00021F80001E0003E0000200000005F
:10FA300000002008002008003838003E68002780B9
:10FA40000003C8002CF800383800201800200800F7
:10FA50000000000000002000003003003C01003FD7
:10FA6000830023EC000070002380003C0000200095
:10FA70000020000000000000000000000038080026
:10FA800020380020F80023E8002F88003E080038C6
:10FA900008002018000070000000000000000000B6
:10FAA0000000000000000000000008000014001F1B
:10FAB000F7FC3000062000020000000000000000FB
:10FAC0000000000000000000000000000000000036
:10FAD000FFFFFF0000000000000000000000000029
:10FAE00000000000000000002000023000061FF7A8
:10FAF000FC001400000800000000000000000000EE
:10FB0000000000000000000000180000600000403D
:10FB10000000400000200000100000080000040069
:10FB2000000400000C0000100000000000000000B5
:10FB300000000000000000000000000000000000C5
:10FB400000000000000000000000000000000000B5
:10FB500000000000000000000000000000000000A5
:10FB60000000000000000000000000000000000095
:10FB70000000000000000000000000000000000085
:10FB8000000007F000C007FFE1E007F001E000001F
:10FB900000C00000000000000000000000000000A5
:10FBA0000000000000000000000000000000000055
:10FBB00000000020000001C00000078000001F00BE
:10FBC00000001E0000001C20000001C00000078093
:10FBD00000001F0000001E0000001C0000000000CC
:10FBE00000000000000000000000000000000018FD
:10FBF0000C0000180C0000180FE0001FFC0003F8B8
:10FC00000C0000180C0000180C0000180C00001864
:10FC10000C0000180FE0001FFC0003F80C00001897
:10FC20000C0000180C0000000000000000000000A4
:10FC3000000000000780007807C000FC0640010EAD
:10FC4000002003070020020380200FFFFFFC0201B9
:10FC5000C0200200E0600130704001F03F8000F001
:10FC60001F00000000000000000000FE000001FF77
:10FC700000000301800002008060030181C001FFD9
:10FC8000070000FE18000000E0000003BF00000CA9
:10FC9000FFC00071806001C100200301806000008E
:10FCA000FFC000003F000000000000001F00000037
:10FCB0007FC000FCC0C001FF80600303E02002029F
:10FCC000782002061E2003FC074001F0038000019B
:10FCD00003C000011C600001E020000100200001C1
:10FCE0000040000001800000000000000000002033
:10FCF00000001C6000001C4000001F8000000F007E
:10FD000000000000000000000000000000000000F3
:10FD100000000000000000000000000000000000E3
:10FD200000000000000000000000000000000000D3
:10FD300000000000000000000000000000000000C3
:10FD40000000000000000007F800003FFF000078FE
:10FD500007C001C000E003000030040000080800F4
:10FD6000000410000002000000000000000010006D
:10FD7000000208000004040000080300003001C075
:10FD800000E0007807C0003FFF000007F800000017
:10FD90000000000000000000000000000000000063
:10FDA0000000000000000000000000000000000053
:10FDB0000000000C1800000E3800000E380000068D
:10FDC0003000000360000061438000FFFF8000619D
:10FDD00043000003600000063000000E3800000EF3
:10FDE0003800000C180000000000000000000000B7
:10FDF0000000000080000000800000008000000083
:10FE000080000000800000008000007FFF000000F4
:10FE100080000000800000008000000080000000E2
:10FE200080000000800000000000000000000000D2
:10FE30000001000000E3000000E2000000FC000000
:10FE4000007800000000000000000000000000003A
:10FE500000000000000000000000000000000000A2
:10FE60000000000000000000000000000000000092
:10FE70008000000080000000800000008000000082
:10FE80008000000080000000800000008000000072
:10FE90008000000080000000800000008000000062
:10FEA0008000000080000000000000000000000052
:10FEB0000000000000C0000001E0000001E00000C0
:10FEC00000C0000000000000000000000000000072
:10FED0000000000000000000000000000000000022
:10FEE0000000000000000000000000000000000012
:10FEF000000C00000038000000E00000038000005B
:10FF00000E00000038000000E00000038000000E3A
:10FF100000000038000000E00000038000000E0038
:10FF200000001800000000000000000000000000B9
:10FF30000000000FF800007FFF0000F00780018044
:10FF400000C0030000600200002002000020020048
:10FF5000002003000060018000C000E00380007FFB
:10FF6000FF00000FF800000000000000000000008B
:10FF700000000000000000800020008000200080C1
:10FF800000200080006001FFFFE003FFFFE00000B1
:10FF900000600000002000000020000000200000A1
:10FFA0000000000000000000000000000000000051
:10FFB0000000007800E0009801600100026002008B
:10FFC000046002000860020010600200206002006D
:10FFD0004060030080600183006001FE00E0007C5F
:10FFE000078000000000000000000000000000008A
:10FFF000000000F0078001F007C00100004002008F
:020000040801F1
:100000000020020100200201002002010020030361
:1000100080200186804001FCC0C000787F80000005
:100020001E000000000000000000000000000000B2
:1000300008000000380000004800000188000006A9
:100040000800000C0810003008100040081001FFE4
:10005000FFF003FFFFF003FFFFF0000008100000B7
:100060000810000008100000000000000000000060
:10007000000000000780001F864003E1002003020B
:1000800000200304002003040020030400200304D4
:10009000002003060040030301C00301FF800300AA
:1000A0007E000000000000000000000000000000D2
:1000B00000000007FC00003FFF000070C3800081CB
:1000C00080C0010100600302002002020020020241
:1000D0000020020200200203004001C180C000C0D5
:1000E000FF8000007E000000000000000000000013
:1000F000000000F0000003C00000038000000300C7
:100100000000030007E003003FE00301C000030616
:1001100000000318000003600000038000000300DB
:1001200000000000000000000000000000000000CF
:100130001F0000783F8000FC60C0018EC0400307B4
:1001400080200203002002018020020180200201A1
:10015000C0200301E040018670C000FC3F800078B1
:100160001F00000000000000000000000000003F31
:10017000000000FF81C001C0C1C00100602002007A
:100180002020020020200200202002002060020027
:1001900040C00100C18000C18F00007FFE00001F31
:1001A000F00000000000000000000000000000005F
:1001B000000000000000000000000000000000003F
:1001C0000000000300C0000781E0000781E0000399
:1001D00000C000000000000000000000000000005F
:1001E000000000000000000000000000000000000F
:1001F00000000000000000000000000000000000FF
:100200000000000600660006007800000000000004
:1002100000000000000000000000000000000000DE
:1002200000000000000000000000000000000000CE
:100230000000000080000001C00000036000000614
:100240003000000C180000180C00003006000060A0
:10025000030000C0018001000040020000200400F3
:10026000001000000000000000000000000000047A
:10027000100000041000000410000004100000042E
:10028000100000041000000410000004100000041E
:10029000100000041000000410000004100000040E
:1002A000100000041000000000000000000000002A
:1002B000000004000010020000200100004000C007
:1002C0000180006003000030060000180C00000CE4
:1002D000180000063000000360000001C0000000AC
:1002E000800000000000000000000000000000008E
:1002F00000000078000001F8000002380000020051
:100300000000040000C0040079E0040081E0040162
:1003100000C004030000020200000306000001FC0C
:10032000000000F800000000000000000000000FC6
:10033000F800003FFE000070078000C000C001010F
:10034000F8400307FC20021E04200230082002208F
:100350003020023FFC20013F044001800CC000E03F
:100360003180001FC20000000000000000200000DB
:100370000060000003E000003E200003E020003E9B
:10038000200003E020000380200007FC2000003F45
:10039000E0000003FE2000003FE0000001E000005C
:1003A000002000000020000000000000000002000B
:1003B00000200200002003FFFFE003FFFFE0020136
:1003C00000200201002002010020020100200201A1
:1003D0000020030300200186806001FCC0C000F8FB
:1003E0007F8000001F0000000000000000000007E8
:1003F000F800003FFF000070078000C000C001004F
:100400000040030000200200002002000020020043
:1004100000200200002001000040018000C003C055
:100420000180003006000000000000000000020013
:1004300000200200002003FFFFE003FFFFE00200B6
:100440000020020000200200002002000020030023
:10045000006001000040018000C000F00780007FC4
:10046000FE00000FF8000000000000000000020085
:1004700000200200002003FFFFE003FFFFE0020175
:1004800000200201002002010020020100200201E0
:10049000002002038020020FE0200300006003C060
:1004A00000E0006003000000000000000000020007
:1004B00000200200002003FFFFE003FFFFE0020135
:1004C00000200201002002010000020100000201E0
:1004D00000000201000002038000030FE00003009F
:1004E000000003C0000000600000000000000007E2
:1004F000F800003FFE000070078001C001C001004D
:100500000040030000200200002002000020020042
:100510000020010020200100204003C03F80003067
:100520003F800000200000002000020000200200A8
:10053000002003FFFFE003FFFFE002008020020035
:100540008020000080000000800000008000020089
:1005500080200200802003FFFFE003FFFFE0020095
:100560000020020000200000000000000000000049
:100570000000000000000200002002000020020035
:1005800000200200002003FFFFE003FFFFE0020065
:1005900000200200002002000020020000200000D5
:1005A000000000000000000000000000000000004B
:1005B000000E0000000F0000000F0000000102000C
:1005C000000102000001020000030200000603FF18
:1005D000FFFC03FFFFF80200000002000000020021
:1005E0000000020000000000000000000000020007
:1005F00000200200002003FFFFE003FFFFE00200F5
:10060000C0200201002000078000000FE000003041
:10061000F80002603E2003800F20030003E0020088
:1006200000E00200002000000020000000000200A6
:1006300000200200002003FFFFE003FFFFE00200B4
:100640000020020000200000002000000020000028
:1006500000200000002000000020000000600000DA
:1006600000E0000003000000000002000020020083
:10067000002003FFFFE003E0002003FF0020001F35
:10068000F0000001FF8000000FE000001E000003EA
:10069000E000003E002003E0002003FFFFE003FF36
:1006A000FFE0020000200200002002000020020003
:1006B000002003FFFFE00380002003F0002000FC87
:1006C0000000001F00000007C0000001F000000053
:1006D0007C0002001F80020007E003FFFFE0020031
:1006E0000000020000000000000000000000000FF9
:1006F000F800003FFE0000F00780018000C001000C
:100700000040020000200200002002000020020041
:10071000002001000040018000C000F00380003F85
:10072000FE00000FF80000000000000000000200C2
:1007300000200200002003FFFFE003FFFFE00200B3
:100740008020020080200200800002008000020061
:10075000800002008000030180000183000000FE91
:100760000000007C00000000000000000000000FFE
:10077000F800007FFF0000F00380018001C001004D
:1007800006400200042002000420020006200200AD
:1007900003E0010000F80180005C00E0038C003FF2
:1007A000FF0C000FFC180000000000000000020019
:1007B00000200200002003FFFFE003FFFFE0020132
:1007C000002002010020020180000201E00002017D
:1007D000FC0003033F80018607E001FC00E000F815
:1007E00000200000002000000000000000000000C9
:1007F00000000078060000FE01E0018600C003034F
:10080000004002030020020180200201802002013A
:10081000C0200200C0200100E060018070C003E041
:100820003F8000001F00000000000000000000608A
:10083000000003800000030000000200000002002E
:1008400000200200002003FFFFE003FFFFE00200A2
:1008500000200200002002000000020000000380CF
:10086000000000E0000000000000020000000200A4
:10087000000003FFFF0003FFFFC002000040020072
:1008800000600000002000000020000000200000A8
:100890000020020000400200008003FFFF00020071
:1008A0000000020000000000000000000000020044
:1008B00000000200000003C0000003FC0000023F33
:1008C000C0000003F80000007F80000007E0000087
:1008D0000780000078000203C000023C000003C053
:1008E000000002000000020000000200000003C03F
:1008F000000003FF8000023FFE0002007FE00000D6
:100900000F000200F00003EF000003FF8000020F61
:10091000FE0000003FE000001F000207E00003F8B7
:1009200000000300000002000000000000000200C0
:10093000002002000020038000E003F0032002FCFE
:100940000C20021F30000007C0000007F000021852
:100950007C0002601F20038003E0020000E0020030
:100960000020000000200000000000000000020045
:1009700000000300000003C0000003F80000023E76
:100980000020020FC0200001FFE000007FE0000314
:100990008020021C00200270000003800000020082
:1009A0000000020000000000000000000000000045
:1009B0000020006000E0038003E003000FA00200BD
:1009C0003E200200F8200203E020020F8020023EB9
:1009D00000200278002003E00060038000E00200B5
:1009E0000300000000000000000000000000000004
:1009F00000000000000000000000000000000000F7
:100A000000001FFFFFFC1000000410000004100095
:100A10000004100000041000000410000004100086
:100A200000040000000000000000000000000000C2
:100A30000000000000000700000003C00000007874
:100A40000000001E00000003C0000000F0000000D5
:100A50001E0000000780000000F00000003C0000C5
:100A60000006000000000000000000000000000080
:100A7000000010000004100000041000000410002A
:100A800000041000000410000004100000041FFF08
:100A9000FFFC00000000000000000000000000005B
:100AA0000000000000000000000000000000000046
:100AB0000000000000000000000002000000040030
:100AC00000000800000018000000100000001800DE
:100AD00000001800000004000000020000000000F8
:100AE0000000000000000000000000000001000005
:100AF00000010000000100000001000000010000F2
:100B000000010000000100000001000000010000E1
:100B100000010000000100000001000000010000D1
:100B200000010000000100000001000000000000C2
:100B30000000000000001000000010000000100085
:100B40000000180000000800000004000000000081
:100B50000000000000000000000000000000000095
:100B60000000000000000000000000000000000085
:100B7000038000018FC000038C6000061820000471
:100B80001020000410200004202000042040000653
:100B900020400003FFC00001FFE000000020000033
:100BA0000020000000C00000000000000000020063
:100BB00000000200000003FFFFE007FFFFC000018C
:100BC00080C0000200600002002000040020000439
:100BD00000200004002000060040000300C00001C7
:100BE000FF800000FE000000000000000000000088
:100BF000000000007E000001FF80000381C00002B1
:100C00000040000600200004002000040020000432
:100C10000020000600200003C0400001C08000004A
:100C200003000000000000000000000000000000C1
:100C3000000000007E000001FF80000380C000066D
:100C400000600004002000040020000400200204D2
:100C500000400202008003FFFFE007FFFFC000002A
:100C60000040000000400000000000000000000004
:100C7000000000007E000001FF80000311C00002A0
:100C80001040000410600004102000041020000434
:100C9000102000061020000310400001F0C00000EA
:100CA00071000000000000000000000000000000D3
:100CB00000000004000000040020000400200004E4
:100CC0000020007FFFE001FFFFE00104002003049B
:100CD00000200204002002040020020400000200A0
:100CE000000001C0000001C0000000000000000082
:100CF00000000000001C0000E33E0003FFC20002F1
:100D00000CC3000404C1000404C1000404C10004B5
:100D100004C100060CC10003F8C30005F062000620
:100D2000007E0006003C0000000000000000020001
:100D300000200200002003FFFFE007FFFFE00001AA
:100D40000020000200200006000000040000000453
:100D5000000000040020000600200003FFE0000166
:100D6000FFE0000000200000002000000000000064
:100D70000000000000000004002000040020000427
:100D80000020000400200387FFE0038FFFE00380C2
:100D900000200000002000000020000000200000D3
:100DA0000000000000000000000000000000000043
:100DB0000000000000000000000600000007000026
:100DC0000001000000010004000100040001000413
:100DD0000003000400060387FFFC038FFFF8038075
:100DE0000000000000000000000000000000020001
:100DF00000200200002003FFFFE007FFFFE00000EB
:100E0000082000001020000030000000FC00000559
:100E10008E00000707A0000601E0000400E00004C7
:100E20000020000000200000000000000000000082
:100E3000000000000000020000200200002002006C
:100E400000200200002003FFFFE007FFFFE000009A
:100E50000020000000200000002000000020000012
:100E6000000000000000000000000000000000047E
:100E700000200007FFE0000FFFE000020020000458
:100E80000000000400200007FFE00003FFE0000274
:100E9000002000040000000400200007FFE0000321
:100EA000FFE000000020000000000000000000043F
:100EB0000020000400200007FFE0000FFFE0000119
:100EC00000200002002000020000000400000004D6
:100ED000000000040020000600200003FFE00001E5
:100EE000FFE00000002000000020000000000000E3
:100EF000000000007E000000FF80000381C00002AF
:100F0000004000060020000400200004002000042F
:100F100000200006002000020040000381C0000104
:100F2000FF8000007E0000000000000000000004C0
:100F30000001000400010007FFFF000FFFFF000198
:100F400000C1000200410004002000040020000451
:100F500000200004002000060040000301C0000142
:100F6000FF8000007E000000000000000000000084
:100F7000000000007E000001FF80000380C000022E
:100F80000060000400200004002000040020000491
:100F9000002000020041000300C10003FFFF000722
:100FA000FFFF00000001000000010000000000043D
:100FB0000020000400200004002000040020000F96
:100FC000FFE0000FFFE00000C02000010020000251
:100FD00000200006002000040000000400000007BC
:100FE00000000003000000000000000000000000FE
:100FF0000000000003E00001C0E00003E040000644
:1010000030200004302000041820000418200004C0
:10101000182000040C2000020C60000307C0000729
:1010200083800000000000000000000000000000BD
:101030000000000400000004000000040000000C98
:101040000000001FFF8000FFFFC0000400600004DC
:1010500000200004002000040020000400400000E4
:1010600001800000000000000000000000000004FB
:101070000000000400000007FF80000FFFC0000018
:1010800000600000002000000020000000200000A0
:10109000002000040040000400800007FFE0000F73
:1010A000FFC00000004000000040000000000004FD
:1010B000000000040000000780000007F0000004AA
:1010C000FE0000041FC0000003E0000003800000D9
:1010D0001C000004600000078000000600000004FF
:1010E00000000000000000000000000400000006F6
:1010F00000000007C0000007FC0000043F80000063
:1011000003E000040F800006F0000007F000000775
:10111000FF8000040FE00000038000043C00000793
:10112000C0000006000000040000000000000000F5
:1011300000200004002000040060000700E0000719
:1011400083200007E6000004F80000003C000004D3
:101150005E20000587A0000601E000040060000496
:10116000002000000020000000000000000000043B
:10117000000000040003000700030007E001000472
:10118000F80100041F02000007FC000000E000005E
:101190000700000438000007C0000006000000043B
:1011A000000000040000000000000000000000003B
:1011B000000000078060000600E0000403E0000477
:1011C00007A000040E2000043C200004702000054D
:1011D000E0200007802000070060000400E000001D
:1011E000038000000000000000000000000000007C
:1011F00000000000000000000000000000000000EF
:1012000000000000000000008000000080000001DD
:10121000400007FE3FF80800000410000002100024
:1012200000020000000000000000000000000000BC
:1012300000000000000000000000000000000000AE
:1012400000000000000000000000FFFFFFFF0000A2
:10125000000000000000000000000000000000008E
:10126000000000000000000000000000000000007E
:10127000000010000002100000020800000407FE39
:101280003FF80001400000008000000080000000E6
:10129000000000000000000000000000000000004E
:1012A0000000000000000000000000000000180026
:1012B000000030000000400000004000000040003E
:1012C00000002000000030000000080000000400C2
:1012D00000000200000002000000020000000C00FC
:1012E0000000180000000000000008304200033138
:1012F00003001730FF001830FF0034301A00373079
:101300001300083101003036360031360E00323617
:10131000E200333612002136E0000437A000033724
:101320005A0015377800173701000B376000053772
:101330001A00053902000639100001390A00313758
:10134000120000360800013633002D3060002036D0
:1013500052001B3720001C475000133A4300183A34
:101360000000193AF80035361300363603003436DB
:10137000400022360100013C3400043C2800053CBA
:101380009800063C0000073C0800083C0000093CAF
:101390001C000A3C9C000B3C400010380000113837
:1013A00010001238000008376400014002000540B8
:1013B0001A00003000000430FF000E3058002E30BC
:1013C0000000004330001F5000000E440000005099
:1013D000A7000F3A3000103A28001B3A30001E3A9E
:1013E0002600113A60001F3A1400005823000158EB
:1013F000140002580F0003580F000458120005583B
:10140000260006580C00075808000858050009581F
:1014100005000A5808000B580D000C5808000D581C
:1014200003000E5800000F58000010580300115818
:1014300009001258070013580300145800001558EB
:101440000100165803001758080018580D001958C5
:1014500008001A5805001B5806001C5808001D58A3
:101460000E001E5829001F5817002058110021583F
:1014700011002258150023582800245846002558EA
:1014800026002658080027582600285864002958A6
:1014900026002A5824002B5822002C5824002D58AE
:1014A00024002E5806002F58220030584000315892
:1014B000420032582400335826003458240035584E
:1014C0002200365822003758260038584400395830
:1014D00024003A5826003B5828003C5842003D580A
:1014E000CE008051FF008151F200825100008351F3
:1014F000140084512500855124008651090087512C
:10150000090088510900895175008A5154008B5196
:10151000E0008C51B2008D5142008E513D008F5140
:101520005600905146009151F80092510400935199
:1015300070009451F0009551F000965103009751BE
:10154000010098510400995112009A5104009B51D6
:1015500000009C5106009D5182009E51380080542D
:1015600001008154080082541400835428008454DC
:101570005100855465008654710087547D0088545D
:101580008700895491008A549A008B54AA008C5485
:10159000B8008D54CD008E54DD008F54EA00905475
:1015A0001D0081531E0082535B0083530800845347
:1015B0000A0085537E008653880087537C00885339
:1015C0006C00895310008A5301008B53980080559A
:1015D00006008355400084551000895510008A5537
:1015E00000008B55F8001D504000005308000153C7
:1015F0003000025310000353000004530800055349
:1016000030000653080007531600095308000A5318
:1016100030000B5304000C53060025500000083026
:1016200002004047210000436F001F500100353089
:10163000410036306900073C070020384600213859
:10164000000014383100153831000038000001382E
:101650000000023800000338000004380A00053892
:101660003F00063806000738A90008380500093889
:1016700000000A3802000B38D0000C3805000D3885
:10168000F8000E3803000F388400133804001836B1
:10169000000012362900093752000C370300023AC5
:1016A0000200033AE000143A0200153AE000044058
:1016B000020002301C000630C30013470300074439
:1016C00004000B4637000C4620003748160024382B
:1016D00004000150A30003350000004330001F50F8
:1016E00000003530210036306900073C0700203803
:1016F0004600213820001438110015381100003838
:1017000000000138000002380000033800000438EF
:101710000A0005383F000638070007389F000838E0
:101720000200093880000A3801000B38E0000C384C
:101730000B000D381C000E3807000F38B0001338AE
:1017400004001836040012362B00093712000C373B
:10175000000004400600023000000630FF0013477E
:101760000300074401000B4635000C4622003748B1
:101770001600243802000150A30003350000020FB8
:10178000D6020A39C201222200020FB2E51F70728E
:10179000F51ED235FFEF25E0244EF8E4F608F60FEB
:1017A000BF34F2900E93E493FFE54BC39F50047F48
:1017B0000580027FFB78BDA607120F0440047F035B
:1017C00080027F3078BCA607E618F608E678B9F6FE
:1017D00078BCE678BAF678BF7633E408F678B8765F
:1017E00001754A0278B6F608F674FF78C1F608F675
:1017F000751F0178BCE675F005A4F54B120AFFC20F
:10180000372278B8E6D3940040021622E51FB405CB
:1018100023E4F51FC20178B6E6FE08E6FF784EA67F
:101820000608A607A237E433F53C903028F0751E71
:1018300010D23522E54B75F0058478BCF6900E8CFD
:10184000E493FF25E0240AF8E6FC08E6FD78BCE610
:1018500025E0244EF8A60408A605EF120F0BD37856
:10186000B796EE1896400D78BCE678B9F678B6A62D
:101870000608A607900E8CE493120F0BC378C2964D
:10188000EE1896500D78BCE678BAF678C1A6060830
:10189000A60778B6E6FE08E6C378C296FFEE18966D
:1018A00078C3F608A607900E95E418120EE94002D8
:1018B000D23778BCE6082608F6E51F6401704AE6D0
:1018C000C378C0120EDF4005120EDA4039120F0243
:1018D00040047FFE80027F0278BDA60778B9E62427
:1018E0000378BFF678B9E624FD78C0F6120F0240FF
:1018F0000678C0E6FF800478BFE6FF78BEA60775CD
:101900001F0278B8760102024AE51F6402600302F2
:10191000022A78BEE6FFC378C0120EE04008120E1D
:10192000DA5003020228120F0240047FFF80027F78
:101930000178BDA60778B9E60478BFF678B9E61451
:1019400078C0F618120F044004E6FF80027F00788A
:10195000BFA607D308E6648094804004E6FF8002B7
:101960007F0078C0A607C318E6648094B35004E6ED
:10197000FF80027F3378BFA607C308E6648094B374
:101980005004E6FF80027F3378C0A607120F0240A2
:101990000678C0E6FF800478BFE6FF78BEA607752C
:1019A0001F0378B876018020E51F6403702678BE97
:1019B000E6FFC378C0120EE04005120EDA40097847
:1019C000B9E678BEF6751F0478BEE675F005A4F595
:1019D0004B020AFFE51FB40410900E94E478C31282
:1019E0000EE94002D237751F05223001030204C000
:1019F0003002030204C09051A5E07893F6A3E008FA
:101A0000F6A3E008F6E51F703C751E20D235120CD7
:101A10007A787EA60608A607788BA60918760112A2
:101A20000C5B784EA60608A607788BE6786EF675EE
:101A30001F017893E67890F67894E67891F6789599
:101A4000E67892F6227990E7D37893964005E79668
:101A5000FF8008C37993E7789096FF78887600082E
:101A6000A6077991E7D37894964005E796FF80081A
:101A7000C37994E7789196FF120C8E7992E7D37828
:101A800095964005E796FF8008C37995E77892968A
:101A9000FF120C8E120C5B788AE625E0244EF8A625
:101AA0000608A607788AE6246EF8A609788AE6244E
:101AB00001FFE433FED3EF940FEE64809480400482
:101AC0007F008005788AE604FF788AA607E51FB4C0
:101AD000010AE660030204C0751F0222120C7A7824
:101AE00080A60608A607120C7A7882A60608A60722
:101AF000786EE6788CF6786EE6788DF67F01EF25C5
:101B0000E0244FF9C37881E69718E61997500A1236
:101B10000C827880A60408A605746E2FF9788CE6EE
:101B2000C3975008746E2FF8E6788CF6EF25E02402
:101B30004FF9D37883E69718E61997400A120C827A
:101B40007882A60408A605746E2FF9788DE6D397DF
:101B50004008746E2FF8E6788DF60FEF6410709ED3
:101B6000C37981E7788396FF19E718967884F60899
:101B7000A607C3798CE7788D9608F6D37981E77844
:101B80007F9619E71896400509E7088006C3797F14
:101B9000E7788196FF19E71896FE7886A60608A6CC
:101BA00007798CE7D3788B964005E796FF8008C3CA
:101BB000798BE7788C96FF788FA607E51F64027013
:101BC00069900E9193FF18E6C39F5072120C4A124F
:101BD0000C2F900E8E120C387880120C6B7B041236
:101BE0000C1DC31206455056900E92E493FF788F59
:101BF000E69F40028011900E90E493FFD37889E62F
:101C00009F18E694004003751F05120C4A120C2F12
:101C1000900E8F120C38787E120C6B7B40120C1DCC
:101C2000D31206454018751F0522E51FB4050FD2D3
:101C300001C202E4F51FF51ED235D233D23622EFAF
:101C40008DF0A4A8F0CF8CF0A428CE8DF0A42EFEA9
:101C500022BC000BBE0029EF8DF084FFADF022E422
:101C6000CCF875F008EF2FFFEE33FEEC33FCEE9D61
:101C7000EC984005FCEE9DFE0FD5F0E9E4CEFD2288
:101C8000EDF8F5F0EE8420D21CFEADF075F008EF13
:101C90002FFFED33FD4007985006D5F0F222C39890
:101CA000FD0FD5F0EA22E88FF0A4CC8BF0A42CFC39
:101CB000E98EF0A42CFC8AF0EDA42CFCEA8EF0A4B2
:101CC000CDA8F08BF0A42DCC3825F0FDE98FF0A441
:101CD0002CCD35F0FCEB8EF0A4FEA9F0EB8FF0A438
:101CE000CFC5F02ECD39FEE43CFCEAA42DCE35F074
:101CF000FDE43CFC2275F008758200EF2FFFEE3307
:101D0000FECD33CDCC33CCC58233C5829BED9AEC6E
:101D100099E58298400CF582EE9BFEED9AFDEC99D8
:101D2000FC0FD5F0D6E4CEFBE4CDFAE4CCF9A882E2
:101D300022B800C1B90059BA002DEC8BF084CFCE87
:101D4000CDFCE5F0CBF97818EF2FFFEE33FEED3345
:101D5000FDEC33FCEB33FB10D703994004EB99FB0C
:101D60000FD8E5E4F9FA227818EF2FFFEE33FEEDF5
:101D700033FDEC33FCC933C910D7059BE99A400702
:101D8000EC9BFCE99AF90FD8E0E4C9FAE4CCFB2219
:101D900075F010EF2FFFEE33FEED33FDCC33CCC8E2
:101DA00033C810D7079BEC9AE899400AED9BFDECED
:101DB0009AFCE899F80FD5F0DAE4CDFBE4CCFAE42C
:101DC000C8F922EB9FF5F0EA9E42F0E99D42F0E867
:101DD0009C45F022E8600FECC313FCED13FDEE13FD
:101DE000FEEF13FFD8F122E8600FEFC333FFEE33AD
:101DF000FEED33FDEC33FCD8F122E493FC74019347
:101E0000FD740293FE740393FF22E6FB08E6F908D3
:101E1000E6FA08E6CBF822ECF608EDF608EEF6084E
:101E2000EFF622A42582F582E5F03583F58322D0F2
:101E300083D082F8E4937012740193700DA3A3937E
:101E4000F8740193F5828883E4737402936860EFF9
:101E5000A3A3A380DF9038047852120BFD903800C2
:101E6000E0FEA3E0FDEDFFC3120B9E903810120BB5
:101E7000929038067854120BFD903802E0FEA3E0F1
:101E8000FDEDFFC3120B9E903812120B92A3E0B42B
:101E9000310778527952120C13903814E0B471154E
:101EA0007852E6FE08E67802CEC313CE13D8F9794D
:101EB00053F7EE19F7903815E0B431077854795498
:101EC000120C13903815E0B471157854E6FE08E64C
:101ED0007802CEC313CE13D8F97955F7EE19F779F6
:101EE00052120BD909120BD9AF47120BB2E544FBC2
:101EF0007A00FD7C001204D3785AA60608A607AF24
:101F000045120BB2AD037C001204D37856A6060826
:101F1000A607AF487854120BB4E543FBFD7C0012D2
:101F200004D3785CA60608A607AF467E0078541254
:101F30000BB6AD037C001204D37858A60608A6079A
:101F4000C3785BE6940818E694005005760008769E
:101F500008C3785DE6940818E694005005760008FA
:101F60007608785A120BC6FFD37857E69F18E69E7C
:101F7000400E785AE613FE08E67857120C088004E3
:101F80007E007F00785E120BBEFFD37859E69F1863
:101F9000E69E400E785CE613FE08E67859120C08BF
:101FA00080047E007F00E4FCFD7862120699785A76
:101FB000120BC6785726FFEE1836FE7866120BBE57
:101FC000785926FFEE1836FEE4FCFD786A12069971
:101FD000120BCE786612068CD31206454008120BFF
:101FE000CE78661206997854120BD0786A12068C55
:101FF000D3120645400A7854120BD0786A1206991B
:102000007861E6906001F07865E6A3F07869E6A370
:10201000F07855E6A3F07D017861120BE9240112F6
:102020000BA67865120BE92402120BA67869120B35
:10203000E92403120BA6786D120BE92404120BA6F7
:102040000DBD05D4C20EC20622850841903024E0A1
:10205000F53DA3E0F53EA3E0F53FA3E0F540A3E0A6
:10206000F53CD234E5411206B109310309350409C2
:102070003B05093E06094107094A08095B12097335
:1020800018098919095E1A096A1B09AD8009B2810C
:102090000A1D8F0A09900A1D910A1D920A1D930AB2
:1020A0001D940A1D980A179F0A1AEC00000A38129C
:1020B0000F7422120F74D20322D20322C20322A26F
:1020C00037E433F53C020A1DC201C202C203120DFD
:1020D0000D751E70D235020A1D020A0485404A851C
:1020E0003C4B120AFF020A1D854A40854B3C020AFE
:1020F0001DE4F522F523854031853F30853E2F854F
:102100003D2E120F46801F75220075230174FFF5C6
:102110002DF52CF52BF52A120F46852D40852C3FE9
:10212000852B3E852A3DE4F53C8070120F16806BAE
:10213000853D45853E46E547C313FFE545C39F50B2
:10214000028F45E548C313FFE546C39F50028F4603
:10215000E547C313FFFDE5452DFDE433FCE54412DF
:102160000F904005E5449FF545E548C313FFFDE5A5
:10217000462DFDE433FCE543120F904005E5439FF7
:10218000F5461206D78014854048853F47853E4670
:10219000853D4580060206D7120D7E903024E53D30
:1021A000F0A3E53EF0A3E53FF0A3E540F0A3E53C56
:1021B000F0903023E4F022C0E0C083C082C0D09011
:1021C0003F0CE0F532E53230E3743036669060194A
:1021D000E0F50AA3E0F50B90601DE0F514A3E0F52F
:1021E00015906021E0F50CA3E0F50D906029E0F575
:1021F0000EA3E0F50F906031E0F510A3E0F511902B
:102200006039E0F512A3E0F513300106303303D353
:102210008001C39209300206303303D38001C39298
:102220000A30330C300309200206200103D3800159
:10223000C3920B903001E04440F0E054BFF0E5322F
:1022400030E114303411903022E0F508E4F0300031
:1022500003D38001C39208E53230E5129056A1E025
:10226000F509303109300503D38001C3920D903F49
:102270000CE532F0D0D0D082D083D0E032900E7E08
:10228000E493FE740193FFC3900E7C7401939FFF4F
:10229000E4939EFEE48F3B8E3AF539F538AB3BAACA
:1022A0003AA939A838AF4BFCFDFE120528120DE102
:1022B000E47BFFFAF9F81205B3120DE1900E69E420
:1022C000120DF6120DE1E4854A37F536F535F53491
:1022D000AF37AE36AD35AC34A3120DF68F378E3630
:1022E0008D358C34E53B4537F53BE53A4536F53AD7
:1022F000E5394535F539E5384534F538E4F522F565
:1023000023853B31853A3085392F85382E020F469B
:10231000E0A3E075F002A4FFAEF0C308E69FF61854
:10232000E69EF622FFE5F034608F82F583ECF02222
:1023300078527E00E6FC08E6FD0204C1E4FCFD12D2
:102340000699785CE6C313FE08E613227852E6FE8F
:1023500008E6FFE4FCFD22E7C4F854F0C868F7097A
:10236000E7C4540F48F722E6FCED75F004A42212EE
:10237000067C8F488E478D468C4522E0FEA3E0FD0B
:10238000EEF6ED08F62213FFC3E69FFF18E69EFE69
:1023900022E6C313F708E61309F722AD39AC38FA81
:1023A000F9F81205288F3B8E3A8D398C38AB37AA55
:1023B00036A935A8342293FFE4FCFDFE1205288FD0
:1023C000378E368D358C34227884E6FE08E6FFE4BD
:1023D0008F378E36F535F53422900E8CE49325E058
:1023E000240AF8E6FE08E6FF22E6FE08E6FFE48F90
:1023F0003B8E3AF539F53822784EE6FE08E6FF22A4
:10240000EF25E0244EF8E6FC08E6FD227889EF2669
:10241000F618E436F62275890375A80175B80475B7
:1024200034FF75350E75361575370D120E9A12007C
:1024300009120F16120006D200D234D2AF7534FF43
:1024400075350E753649753703120E9A300809C274
:10245000341208CBC208D234300B09C23612026CD7
:10246000C20BD236300909C23612000EC209D2366A
:10247000300E031206D73035D3903029E51EF0B464
:102480001005903023E4F0C23580C1E4F54B900E86
:102490007A93FFE48F37F536F535F534AF37AE363E
:1024A000AD35AC34900E6A120DF68F378E368D3501
:1024B0008C34900E7212067CEF4537F537EE4536B8
:1024C000F536ED4535F535EC4534F534E4F522F5D2
:1024D0002385373185363085352F85342E120F46CA
:1024E000E4F522F523900E72120DEA120F46E4F580
:1024F00022F523900E6E120DEA020F46E54024F2FB
:10250000F537E53F3443F536E53E34A2F535E53D94
:102510003428F534E537FFE4FEFDFC78181206692F
:102520008F408E3F8D3E8C3DE53754A0FFE536FE53
:10253000E4FDFC78071206567810120F9AE4FFFEAD
:10254000E535FDE4FC780E120656120F9DE4FFFE01
:10255000FDE534FC78181206567808120F9A228F7F
:102560003B8E3A8D398C382212067C8F318E308D1D
:102570002F8C2E2293F9F802066900000000120148
:102580001708311553544420202020201301100136
:1025900056401A30297E00300420DF300540BF50FD
:1025A0000300FD502701FE600011003F0530003F91
:1025B0000622003F012A003F020000360607003FC6
:1025C0000B0FF000000000300140BF300100BF30B1
:1025D0002970003A0000FF3A0000FF36033602413E
:1025E00044582018100A04040003FF64000080000F
:1025F000000000000002040606000351007A503C6F
:10260000281E1010502D281610100200100C100457
:102610000C6E060500A55A00AE35AF36E4FDEDC3DD
:1026200095375033120FE2E493F538740193F5397E
:1026300045386023853982853883E0FC120FE274C7
:1026400003935204120FE274029342048539828587
:102650003883ECF00D80C72278BEE6D308FFE6642D
:1026600080F8EF6480982293FF7E00E6FC08E6FD88
:102670001204C178C1E6FC08E6FDD3EF9DEE9C2272
:1026800078BDD3E6648094802225E0240AF8E6FE33
:1026900008E6FF22E53CD39400400B900E88120B15
:1026A000F1900E868009900E82120BF1900E80E45C
:1026B00093F544A3E493F543D206300603D3800197
:1026C000C3920E22A2AF9232C2AFE5234522900EF2
:1026D0005D600E120FCBE0F52C120FC8E0F52D80D7
:1026E0000C120FCBE530F0120FC8E531F0A2329298
:1026F000AF22D201C202E4F51FF51ED235D233D289
:1027000036D201C202F51FF51ED235D23322FBD3D9
:10271000ED9B7480F86C9822120669E5402FF54015
:10272000E53F3EF53FE53E3DF53EE53D3CF53D22CE
:10273000C0E0C083C082903F0DE0F533E533F0D0B8
:1027400082D083D0E032900E5FE493FE740193F563
:10275000828E8322787FE4F6D8FD7581CD020C98B5
:102760008F828E8375F004ED0206A530313233344A
:1027700035363738394142434445464030580030B9
:1027800031323334353637383961626364656640D7
:1027900030780000B4270108000000243000000059
:1027A000D4020008E427010830000024500C000087
:1027B000F00200080090D0030090D0030000000059
:1027C00000000000000000000000000010000000F9
:1027D0000100000000F80000FFFF00000000000002
:0427E00000000000F5
:040000050800029954
:00000001FF
