


ARM Macro Assembler    Page 1 


    1 00000000         ;******************** (C) COPYRIGHT 2018 STMicroelectron
                       ics ********************
    2 00000000         ;* File Name          : startup_stm32h750xx.s
    3 00000000         ;* @author  MCD Application Team
    4 00000000         ;* Description        : STM32H7xx devices vector table f
                       or MDK-ARM toolchain. 
    5 00000000         ;*                      This module performs:
    6 00000000         ;*                      - Set the initial SP
    7 00000000         ;*                      - Set the initial PC == Reset_Ha
                       ndler
    8 00000000         ;*                      - Set the vector table entries w
                       ith the exceptions ISR address
    9 00000000         ;*                      - Branches to __main in the C li
                       brary (which eventually
   10 00000000         ;*                        calls main()).
   11 00000000         ;*                      After Reset the Cortex-M process
                       or is in Thread mode,
   12 00000000         ;*                      priority is Privileged, and the 
                       Stack is set to Main.
   13 00000000         ;* <<< Use Configuration Wizard in Context Menu >>>   
   14 00000000         ;*******************************************************
                       ************************
   15 00000000         ; 
   16 00000000         ; Licensed under MCD-ST Liberty SW License Agreement V2,
                        (the "License");
   17 00000000         ; You may not use this file except in compliance with th
                       e License.
   18 00000000         ; You may obtain a copy of the License at:
   19 00000000         ; 
   20 00000000         ;        http://www.st.com/software_license_agreement_li
                       berty_v2
   21 00000000         ; 
   22 00000000         ; Unless required by applicable law or agreed to in writ
                       ing, software 
   23 00000000         ; distributed under the License is distributed on an "AS
                        IS" BASIS, 
   24 00000000         ; WITHOUT WARRANTIES OR CONDITIONS OF ANY KIND, either e
                       xpress or implied.
   25 00000000         ; See the License for the specific language governing pe
                       rmissions and
   26 00000000         ; limitations under the License.
   27 00000000         ; 
   28 00000000         ;*******************************************************
                       ************************
   29 00000000         
   30 00000000         ; Amount of memory (in bytes) allocated for Stack
   31 00000000         ; Tailor this value to your application needs
   32 00000000         ; <h> Stack Configuration
   33 00000000         ;   <o> Stack Size (in Bytes) <0x0-0xFFFFFFFF:8>
   34 00000000         ; </h>
   35 00000000         
   36 00000000 00000800 
                       Stack_Size
                               EQU              0x00000800
   37 00000000         
   38 00000000                 AREA             STACK, NOINIT, READWRITE, ALIGN
=3
   39 00000000         Stack_Mem
                               SPACE            Stack_Size



ARM Macro Assembler    Page 2 


   40 00000800         __initial_sp
   41 00000800         
   42 00000800         
   43 00000800         ; <h> Heap Configuration
   44 00000800         ;   <o>  Heap Size (in Bytes) <0x0-0xFFFFFFFF:8>
   45 00000800         ; </h>
   46 00000800         
   47 00000800 00000000 
                       Heap_Size
                               EQU              0x00000000
   48 00000800         
   49 00000800                 AREA             HEAP, NOINIT, READWRITE, ALIGN=
3
   50 00000000         __heap_base
   51 00000000         Heap_Mem
                               SPACE            Heap_Size
   52 00000000         __heap_limit
   53 00000000         
   54 00000000                 PRESERVE8
   55 00000000                 THUMB
   56 00000000         
   57 00000000         
   58 00000000         ; Vector Table Mapped to Address 0 at Reset
   59 00000000                 AREA             RESET, DATA, READONLY
   60 00000000                 EXPORT           __Vectors
   61 00000000                 EXPORT           __Vectors_End
   62 00000000                 EXPORT           __Vectors_Size
   63 00000000         
   64 00000000 00000000 
                       __Vectors
                               DCD              __initial_sp ; Top of Stack
   65 00000004 00000000        DCD              Reset_Handler ; Reset Handler
   66 00000008 00000000        DCD              NMI_Handler ; NMI Handler
   67 0000000C 00000000        DCD              HardFault_Handler ; Hard Fault 
                                                            Handler
   68 00000010 00000000        DCD              MemManage_Handler 
                                                            ; MPU Fault Handler
                                                            
   69 00000014 00000000        DCD              BusFault_Handler 
                                                            ; Bus Fault Handler
                                                            
   70 00000018 00000000        DCD              UsageFault_Handler ; Usage Faul
                                                            t Handler
   71 0000001C 00000000        DCD              0           ; Reserved
   72 00000020 00000000        DCD              0           ; Reserved
   73 00000024 00000000        DCD              0           ; Reserved
   74 00000028 00000000        DCD              0           ; Reserved
   75 0000002C 00000000        DCD              SVC_Handler ; SVCall Handler
   76 00000030 00000000        DCD              DebugMon_Handler ; Debug Monito
                                                            r Handler
   77 00000034 00000000        DCD              0           ; Reserved
   78 00000038 00000000        DCD              PendSV_Handler ; PendSV Handler
                                                            
   79 0000003C 00000000        DCD              SysTick_Handler 
                                                            ; SysTick Handler
   80 00000040         
   81 00000040         ; External Interrupts
   82 00000040 00000000        DCD              WWDG_IRQHandler ; Window WatchD
                                                            og interrupt ( wwdg



ARM Macro Assembler    Page 3 


                                                            1_it)              
                                                                               
                                                                    
   83 00000044 00000000        DCD              PVD_AVD_IRQHandler ; PVD/AVD th
                                                            rough EXTI Line det
                                                            ection             
                                                                       
   84 00000048 00000000        DCD              TAMP_STAMP_IRQHandler ; Tamper 
                                                            and TimeStamps thro
                                                            ugh the EXTI line  
                                                                      
   85 0000004C 00000000        DCD              RTC_WKUP_IRQHandler ; RTC Wakeu
                                                            p through the EXTI 
                                                            line               
                                                                    
   86 00000050 00000000        DCD              FLASH_IRQHandler ; FLASH       
                                                                               
                                                                             
   87 00000054 00000000        DCD              RCC_IRQHandler ; RCC           
                                                                               
                                                                           
   88 00000058 00000000        DCD              EXTI0_IRQHandler ; EXTI Line0  
                                                                               
                                                                               
                                                                 
   89 0000005C 00000000        DCD              EXTI1_IRQHandler ; EXTI Line1  
                                                                               
                                                                               
                                                                 
   90 00000060 00000000        DCD              EXTI2_IRQHandler ; EXTI Line2  
                                                                               
                                                                               
                                                                 
   91 00000064 00000000        DCD              EXTI3_IRQHandler ; EXTI Line3  
                                                                               
                                                                               
                                                                 
   92 00000068 00000000        DCD              EXTI4_IRQHandler ; EXTI Line4 
   93 0000006C 00000000        DCD              DMA1_Stream0_IRQHandler 
                                                            ; DMA1 Stream 0
   94 00000070 00000000        DCD              DMA1_Stream1_IRQHandler ; DMA1 
                                                            Stream 1           
                                                                               
                                                                 
   95 00000074 00000000        DCD              DMA1_Stream2_IRQHandler ; DMA1 
                                                            Stream 2           
                                                                               
                                                                 
   96 00000078 00000000        DCD              DMA1_Stream3_IRQHandler ; DMA1 
                                                            Stream 3           
                                                                               
                                                                 
   97 0000007C 00000000        DCD              DMA1_Stream4_IRQHandler ; DMA1 
                                                            Stream 4           
                                                                               
                                                                 
   98 00000080 00000000        DCD              DMA1_Stream5_IRQHandler ; DMA1 
                                                            Stream 5           
                                                                               



ARM Macro Assembler    Page 4 


                                                                 
   99 00000084 00000000        DCD              DMA1_Stream6_IRQHandler 
                                                            ; DMA1 Stream 6  
  100 00000088 00000000        DCD              ADC_IRQHandler ; ADC1, ADC2    
                                                                               
                                                                  
  101 0000008C 00000000        DCD              FDCAN1_IT0_IRQHandler ; FDCAN1 
                                                            interrupt line 0   
                                                                               
                                                              
  102 00000090 00000000        DCD              FDCAN2_IT0_IRQHandler ; FDCAN2 
                                                            interrupt line 0   
                                                                               
                                                                     
  103 00000094 00000000        DCD              FDCAN1_IT1_IRQHandler ; FDCAN1 
                                                            interrupt line 1   
                                                                               
                                                              
  104 00000098 00000000        DCD              FDCAN2_IT1_IRQHandler ; FDCAN2 
                                                            interrupt line 1   
                                                                               
                                                                               
                                                                  
  105 0000009C 00000000        DCD              EXTI9_5_IRQHandler ; External L
                                                            ine[9:5]s          
                                                                               
                                                                   
  106 000000A0 00000000        DCD              TIM1_BRK_IRQHandler ; TIM1 Brea
                                                            k interrupt        
                                                                       
  107 000000A4 00000000        DCD              TIM1_UP_IRQHandler ; TIM1 Updat
                                                            e Interrupt        
                                                                     
  108 000000A8 00000000        DCD              TIM1_TRG_COM_IRQHandler ; TIM1 
                                                            Trigger and Commuta
                                                            tion Interrupt 
  109 000000AC 00000000        DCD              TIM1_CC_IRQHandler ; TIM1 Captu
                                                            re Compare         
                                                                               
                                                                   
  110 000000B0 00000000        DCD              TIM2_IRQHandler ; TIM2         
                                                                               
                                                                            
  111 000000B4 00000000        DCD              TIM3_IRQHandler ; TIM3         
                                                                               
                                                                            
  112 000000B8 00000000        DCD              TIM4_IRQHandler ; TIM4         
                                                                               
                                                                            
  113 000000BC 00000000        DCD              I2C1_EV_IRQHandler ; I2C1 Event
                                                                               
                                                                               
                                                                   
  114 000000C0 00000000        DCD              I2C1_ER_IRQHandler ; I2C1 Error
                                                                               
                                                                               
                                                                   
  115 000000C4 00000000        DCD              I2C2_EV_IRQHandler ; I2C2 Event
                                                                               



ARM Macro Assembler    Page 5 


                                                                               
                                                                   
  116 000000C8 00000000        DCD              I2C2_ER_IRQHandler ; I2C2 Error
                                                                               
                                                                               
                                                                     
  117 000000CC 00000000        DCD              SPI1_IRQHandler ; SPI1         
                                                                               
                                                                            
  118 000000D0 00000000        DCD              SPI2_IRQHandler ; SPI2         
                                                                               
                                                                            
  119 000000D4 00000000        DCD              USART1_IRQHandler ; USART1     
                                                                               
                                                                              
  120 000000D8 00000000        DCD              USART2_IRQHandler ; USART2     
                                                                               
                                                                              
  121 000000DC 00000000        DCD              USART3_IRQHandler ; USART3     
                                                                               
                                                                              
  122 000000E0 00000000        DCD              EXTI15_10_IRQHandler ; External
                                                             Line[15:10]  
  123 000000E4 00000000        DCD              RTC_Alarm_IRQHandler ; RTC Alar
                                                            m (A and B) through
                                                             EXTI Line
  124 000000E8 00000000        DCD              0           ; Reserved         
                                                                               
                                                                          
  125 000000EC 00000000        DCD              TIM8_BRK_TIM12_IRQHandler ; TIM
                                                            8 Break Interrupt a
                                                            nd TIM12 global int
                                                            errupt             
                                                                
  126 000000F0 00000000        DCD              TIM8_UP_TIM13_IRQHandler ; TIM8
                                                             Update Interrupt a
                                                            nd TIM13 global int
                                                            errupt
  127 000000F4 00000000        DCD              TIM8_TRG_COM_TIM14_IRQHandler ;
                                                             TIM8 Trigger and C
                                                            ommutation Interrup
                                                            t and TIM14 global 
                                                            interrupt
  128 000000F8 00000000        DCD              TIM8_CC_IRQHandler ; TIM8 Captu
                                                            re Compare Interrup
                                                            t
  129 000000FC 00000000        DCD              DMA1_Stream7_IRQHandler ; DMA1 
                                                            Stream7            
                                                                               
                                                                        
  130 00000100 00000000        DCD              FMC_IRQHandler ; FMC           
                                                                              
  131 00000104 00000000        DCD              SDMMC1_IRQHandler ; SDMMC1     
                                                                               
                                                                
  132 00000108 00000000        DCD              TIM5_IRQHandler ; TIM5         
                                                                               
                                                            
  133 0000010C 00000000        DCD              SPI3_IRQHandler ; SPI3         



ARM Macro Assembler    Page 6 


                                                                               
                                                            
  134 00000110 00000000        DCD              UART4_IRQHandler ; UART4       
                                                                               
                                                             
  135 00000114 00000000        DCD              UART5_IRQHandler ; UART5       
                                                                               
                                                             
  136 00000118 00000000        DCD              TIM6_DAC_IRQHandler ; TIM6 and 
                                                            DAC1&2 underrun err
                                                            ors           
  137 0000011C 00000000        DCD              TIM7_IRQHandler 
                                                            ; TIM7           
  138 00000120 00000000        DCD              DMA2_Stream0_IRQHandler ; DMA2 
                                                            Stream 0           
                                                                    
  139 00000124 00000000        DCD              DMA2_Stream1_IRQHandler ; DMA2 
                                                            Stream 1           
                                                                    
  140 00000128 00000000        DCD              DMA2_Stream2_IRQHandler ; DMA2 
                                                            Stream 2           
                                                                    
  141 0000012C 00000000        DCD              DMA2_Stream3_IRQHandler ; DMA2 
                                                            Stream 3           
                                                                    
  142 00000130 00000000        DCD              DMA2_Stream4_IRQHandler ; DMA2 
                                                            Stream 4           
                                                                    
  143 00000134 00000000        DCD              ETH_IRQHandler ; Ethernet      
                                                                              
  144 00000138 00000000        DCD              ETH_WKUP_IRQHandler ; Ethernet 
                                                            Wakeup through EXTI
                                                             line              
                                                            
  145 0000013C 00000000        DCD              FDCAN_CAL_IRQHandler ; FDCAN ca
                                                            libration unit inte
                                                            rrupt              
                                                                      
  146 00000140 00000000        DCD              0           ; Reserved         
                                                                               
                                                              
  147 00000144 00000000        DCD              0           ; Reserved 
  148 00000148 00000000        DCD              0           ; Reserved 
  149 0000014C 00000000        DCD              0           ; Reserved         
                                                                         
  150 00000150 00000000        DCD              DMA2_Stream5_IRQHandler ; DMA2 
                                                            Stream 5           
                                                                    
  151 00000154 00000000        DCD              DMA2_Stream6_IRQHandler ; DMA2 
                                                            Stream 6           
                                                                    
  152 00000158 00000000        DCD              DMA2_Stream7_IRQHandler ; DMA2 
                                                            Stream 7           
                                                                    
  153 0000015C 00000000        DCD              USART6_IRQHandler ; USART6     
                                                                               
                                                               
  154 00000160 00000000        DCD              I2C3_EV_IRQHandler ; I2C3 event
                                                                               



ARM Macro Assembler    Page 7 


                                                                      
  155 00000164 00000000        DCD              I2C3_ER_IRQHandler ; I2C3 error
                                                                               
                                                                      
  156 00000168 00000000        DCD              OTG_HS_EP1_OUT_IRQHandler ; USB
                                                             OTG HS End Point 1
                                                             Out               
                                                                   
  157 0000016C 00000000        DCD              OTG_HS_EP1_IN_IRQHandler ; USB 
                                                            OTG HS End Point 1 
                                                            In                 
                                                                  
  158 00000170 00000000        DCD              OTG_HS_WKUP_IRQHandler ; USB OT
                                                            G HS Wakeup through
                                                             EXTI              
                                                                       
  159 00000174 00000000        DCD              OTG_HS_IRQHandler ; USB OTG HS 
                                                                               
                                                            
  160 00000178 00000000        DCD              DCMI_IRQHandler ; DCMI         
                                                                               
                                                            
  161 0000017C 00000000        DCD              CRYP_IRQHandler ; CRYP crypto  
                                                                               
                                                            
  162 00000180 00000000        DCD              HASH_RNG_IRQHandler 
                                                            ; Hash and Rng
  163 00000184 00000000        DCD              FPU_IRQHandler ; FPU
  164 00000188 00000000        DCD              UART7_IRQHandler ; UART7
  165 0000018C 00000000        DCD              UART8_IRQHandler ; UART8
  166 00000190 00000000        DCD              SPI4_IRQHandler ; SPI4
  167 00000194 00000000        DCD              SPI5_IRQHandler ; SPI5
  168 00000198 00000000        DCD              SPI6_IRQHandler ; SPI6
  169 0000019C 00000000        DCD              SAI1_IRQHandler ; SAI1
  170 000001A0 00000000        DCD              LTDC_IRQHandler ; LTDC
  171 000001A4 00000000        DCD              LTDC_ER_IRQHandler ; LTDC error
                                                            
  172 000001A8 00000000        DCD              DMA2D_IRQHandler ; DMA2D
  173 000001AC 00000000        DCD              SAI2_IRQHandler ; SAI2
  174 000001B0 00000000        DCD              QUADSPI_IRQHandler ; QUADSPI
  175 000001B4 00000000        DCD              LPTIM1_IRQHandler ; LPTIM1
  176 000001B8 00000000        DCD              CEC_IRQHandler ; HDMI_CEC
  177 000001BC 00000000        DCD              I2C4_EV_IRQHandler ; I2C4 Event
                                                                               
                                                                      
  178 000001C0 00000000        DCD              I2C4_ER_IRQHandler 
                                                            ; I2C4 Error 
  179 000001C4 00000000        DCD              SPDIF_RX_IRQHandler ; SPDIF_RX
  180 000001C8 00000000        DCD              OTG_FS_EP1_OUT_IRQHandler ; USB
                                                             OTG FS End Point 1
                                                             Out               
                                                                   
  181 000001CC 00000000        DCD              OTG_FS_EP1_IN_IRQHandler ; USB 
                                                            OTG FS End Point 1 
                                                            In                 
                                                                  
  182 000001D0 00000000        DCD              OTG_FS_WKUP_IRQHandler ; USB OT
                                                            G FS Wakeup through
                                                             EXTI              



ARM Macro Assembler    Page 8 


                                                                       
  183 000001D4 00000000        DCD              OTG_FS_IRQHandler ; USB OTG FS 
                                                                            
  184 000001D8 00000000        DCD              DMAMUX1_OVR_IRQHandler ; DMAMUX
                                                            1 Overrun interrupt
                                                              
  185 000001DC 00000000        DCD              HRTIM1_Master_IRQHandler ; HRTI
                                                            M Master Timer glob
                                                            al Interrupts      
                                                                               
                                                                 
  186 000001E0 00000000        DCD              HRTIM1_TIMA_IRQHandler ; HRTIM 
                                                            Timer A global Inte
                                                            rrupt              
                                                                               
                                                               
  187 000001E4 00000000        DCD              HRTIM1_TIMB_IRQHandler ; HRTIM 
                                                            Timer B global Inte
                                                            rrupt              
                                                                               
                                                               
  188 000001E8 00000000        DCD              HRTIM1_TIMC_IRQHandler ; HRTIM 
                                                            Timer C global Inte
                                                            rrupt              
                                                                               
                                                               
  189 000001EC 00000000        DCD              HRTIM1_TIMD_IRQHandler ; HRTIM 
                                                            Timer D global Inte
                                                            rrupt              
                                                                               
                                                               
  190 000001F0 00000000        DCD              HRTIM1_TIME_IRQHandler ; HRTIM 
                                                            Timer E global Inte
                                                            rrupt              
                                                                               
                                                               
  191 000001F4 00000000        DCD              HRTIM1_FLT_IRQHandler ; HRTIM F
                                                            ault global Interru
                                                            pt 
  192 000001F8 00000000        DCD              DFSDM1_FLT0_IRQHandler ; DFSDM 
                                                            Filter0 Interrupt  
                                                             
  193 000001FC 00000000        DCD              DFSDM1_FLT1_IRQHandler ; DFSDM 
                                                            Filter1 Interrupt  
                                                                               
                                                                               
                                                                
  194 00000200 00000000        DCD              DFSDM1_FLT2_IRQHandler ; DFSDM 
                                                            Filter2 Interrupt  
                                                                               
                                                                               
                                                                
  195 00000204 00000000        DCD              DFSDM1_FLT3_IRQHandler ; DFSDM 
                                                            Filter3 Interrupt  
                                                                               
                                                                               
                                                                               
                                                                               
                                                                  



ARM Macro Assembler    Page 9 


  196 00000208 00000000        DCD              SAI3_IRQHandler ; SAI3 global I
                                                            nterrupt           
                                                                               
                                                                           
  197 0000020C 00000000        DCD              SWPMI1_IRQHandler ; Serial Wire
                                                             Interface 1 global
                                                             interrupt         
                                                                             
  198 00000210 00000000        DCD              TIM15_IRQHandler ; TIM15 global
                                                             Interrupt         
                                                                               
                                                                            
  199 00000214 00000000        DCD              TIM16_IRQHandler ; TIM16 global
                                                             Interrupt         
                                                                               
                                                                            
  200 00000218 00000000        DCD              TIM17_IRQHandler ; TIM17 global
                                                             Interrupt         
                                                                               
                                                                            
  201 0000021C 00000000        DCD              MDIOS_WKUP_IRQHandler ; MDIOS W
                                                            akeup  Interrupt   
                                                                               
                                                                               
                                                              
  202 00000220 00000000        DCD              MDIOS_IRQHandler ; MDIOS global
                                                             Interrupt         
                                                                               
                                                                            
  203 00000224 00000000        DCD              JPEG_IRQHandler ; JPEG global I
                                                            nterrupt           
                                                                               
                                                                           
  204 00000228 00000000        DCD              MDMA_IRQHandler ; MDMA global I
                                                            nterrupt           
                                                                               
                                                                           
  205 0000022C 00000000        DCD              0           ; Reserved         
                                                                               
                                                                               
                                                            
  206 00000230 00000000        DCD              SDMMC2_IRQHandler ; SDMMC2 glob
                                                            al Interrupt       
                                                                               
                                                                             
  207 00000234 00000000        DCD              HSEM1_IRQHandler ; HSEM1 global
                                                             Interrupt         
                                                                               
                                                                             
  208 00000238 00000000        DCD              0           ; Reserved         
                                                                               
                                                                              
  209 0000023C 00000000        DCD              ADC3_IRQHandler ; ADC3 global I
                                                            nterrupt           
                                                                               
                                                                            
  210 00000240 00000000        DCD              DMAMUX2_OVR_IRQHandler ; DMAMUX
                                                             Overrun interrupt 
                                                                               



ARM Macro Assembler    Page 10 


                                                                               
                                                                
  211 00000244 00000000        DCD              BDMA_Channel0_IRQHandler ; BDMA
                                                             Channel 0 global I
                                                            nterrupt           
                                                                               
                                                                  
  212 00000248 00000000        DCD              BDMA_Channel1_IRQHandler ; BDMA
                                                             Channel 1 global I
                                                            nterrupt           
                                                                               
                                                                  
  213 0000024C 00000000        DCD              BDMA_Channel2_IRQHandler ; BDMA
                                                             Channel 2 global I
                                                            nterrupt           
                                                                               
                                                                  
  214 00000250 00000000        DCD              BDMA_Channel3_IRQHandler ; BDMA
                                                             Channel 3 global I
                                                            nterrupt           
                                                                               
                                                                  
  215 00000254 00000000        DCD              BDMA_Channel4_IRQHandler ; BDMA
                                                             Channel 4 global I
                                                            nterrupt           
                                                                               
                                                                  
  216 00000258 00000000        DCD              BDMA_Channel5_IRQHandler ; BDMA
                                                             Channel 5 global I
                                                            nterrupt           
                                                                               
                                                                  
  217 0000025C 00000000        DCD              BDMA_Channel6_IRQHandler ; BDMA
                                                             Channel 6 global I
                                                            nterrupt           
                                                                               
                                                                  
  218 00000260 00000000        DCD              BDMA_Channel7_IRQHandler ; BDMA
                                                             Channel 7 global I
                                                            nterrupt           
                                                                               
                                                                  
  219 00000264 00000000        DCD              COMP1_IRQHandler ; COMP1 global
                                                             Interrupt         
                                                                               
                                                                            
  220 00000268 00000000        DCD              LPTIM2_IRQHandler ; LP TIM2 glo
                                                            bal interrupt      
                                                                               
                                                                             
  221 0000026C 00000000        DCD              LPTIM3_IRQHandler ; LP TIM3 glo
                                                            bal interrupt      
                                                                               
                                                                             
  222 00000270 00000000        DCD              LPTIM4_IRQHandler ; LP TIM4 glo
                                                            bal interrupt      
                                                                               
                                                                             
  223 00000274 00000000        DCD              LPTIM5_IRQHandler ; LP TIM5 glo



ARM Macro Assembler    Page 11 


                                                            bal interrupt      
                                                                               
                                                                             
  224 00000278 00000000        DCD              LPUART1_IRQHandler ; LP UART1 i
                                                            nterrupt           
                                                                               
                                                                              
  225 0000027C 00000000        DCD              0           ; Reserved         
                                                                               
                                                                               
                                                                               
                                                                        
  226 00000280 00000000        DCD              CRS_IRQHandler ; Clock Recovery
                                                             Global Interrupt  
                                                                               
                                                                          
  227 00000284 00000000        DCD              0           ; Reserved         
                                                                               
                                                                              
  228 00000288 00000000        DCD              SAI4_IRQHandler ; SAI4 global i
                                                            nterrupt           
                                                                               
                                                                              
  229 0000028C 00000000        DCD              0           ; Reserved         
                                                                               
                                                                 
  230 00000290 00000000        DCD              0           ; Reserved         
                                                                               
                                                                    
  231 00000294 00000000        DCD              WAKEUP_PIN_IRQHandler ; Interru
                                                            pt for all 6 wake-u
                                                            p pins 
  232 00000298         
  233 00000298         
  234 00000298         __Vectors_End
  235 00000298         
  236 00000298 00000298 
                       __Vectors_Size
                               EQU              __Vectors_End - __Vectors
  237 00000298         
  238 00000298                 AREA             |.text|, CODE, READONLY
  239 00000000         
  240 00000000         ; Reset handler
  241 00000000         Reset_Handler
                               PROC
  242 00000000                 EXPORT           Reset_Handler                  
  [WEAK]
  243 00000000         ;IMPORT  SystemInit  
  244 00000000         ;¼Ä´æÆ÷´úÂë,²»ÐèÒªÔÚÕâÀïµ÷ÓÃSystemInitº¯Êý,¹ÊÆÁ±Îµô,¿âº¯
                       Êý°æ±¾´úÂë,¿ÉÒÔÁôÏÂ
  245 00000000         ;²»¹ýÐèÒªÔÚÍâ²¿ÊµÏÖSystemInitº¯Êý,·ñÔò»á±¨´í.
  246 00000000                 IMPORT           __main
  247 00000000         
  248 00000000                 IF               {FPU} != "SoftVFP" ;Í¨¹ýTargetÑ
                                                            ¡Ïî¿¨µÄFloating Poi
                                                            nt HardwareÑ¡ÏîÀ´¿Ø
                                                            ÖÆ.
  249 00000000         ;Èç¹ûÑ¡Ôñ:Not Used,Ôò²»±àÒëÒÔÏÂ´úÂë(µ½ENDIF½áÊø)
  250 00000000         ;Èç¹ûÑ¡Ôñ:Use Single/Double Precision,Ôò±àÒëÒÔÏÂ´úÂë



ARM Macro Assembler    Page 12 


  251 00000000         ;Enable Floating Point Support at reset for FPU
  252 00000000 F8DF 0040       LDR.W            R0, =0xE000ED88 ; Load address 
                                                            of CPACR register
  253 00000004 6801            LDR              R1, [R0]    ; Read value at CPA
                                                            CR
  254 00000006 F441 0170       ORR              R1,  R1, #(0xF <<20) ; Set bits
                                                             20-23 to enable CP
                                                            10 and CP11 coproce
                                                            ssors
  255 0000000A         ; Write back the modified CPACR value
  256 0000000A 6001            STR              R1, [R0]    ; Wait for store to
                                                             complete
  257 0000000C F3BF 8F4F       DSB
  258 00000010         ;Õë¶ÔOSÓ¦ÓÃ,FPU¼Ä´æÆ÷È«²¿ÓÉOSÑ¹Õ»±£´æ,¹Ø±ÕÓ²¼þÑ¹Õ»
  259 00000010         ; Disable automatic FP register content
  260 00000010         ; Disable lazy context switch
  261 00000010 F8DF 0034       LDR.W            R0, =0xE000EF34 ; Load address 
                                                            to FPCCR register
  262 00000014 6801            LDR              R1, [R0]
  263 00000016 F021 4140       AND              R1,  R1, #(0x3FFFFFFF) ; Clear 
                                                            the LSPEN and ASPEN
                                                             bits
  264 0000001A 6001            STR              R1, [R0]
  265 0000001C F3BF 8F6F       ISB                          ; Reset pipeline no
                                                            w the FPU is enable
                                                            d
  266 00000020                 ENDIF
  267 00000020         
  268 00000020         ;LDR R0, =SystemInit   ;¼Ä´æÆ÷´úÂë,Î´ÓÃµ½,ÆÁ±Î
  269 00000020         ;BLX R0      ;¼Ä´æÆ÷´úÂë,Î´ÓÃµ½,ÆÁ±Î
  270 00000020 480A            LDR              R0, =__main
  271 00000022 4700            BX               R0
  272 00000024                 ENDP
  273 00000024         
  274 00000024         ; Dummy Exception Handlers (infinite loops which can be 
                       modified)
  275 00000024         
  276 00000024         NMI_Handler
                               PROC
  277 00000024                 EXPORT           NMI_Handler                    
  [WEAK]
  278 00000024 E7FE            B                .
  279 00000026                 ENDP
  281 00000026         HardFault_Handler
                               PROC
  282 00000026                 EXPORT           HardFault_Handler              
  [WEAK]
  283 00000026 E7FE            B                .
  284 00000028                 ENDP
  286 00000028         MemManage_Handler
                               PROC
  287 00000028                 EXPORT           MemManage_Handler              
  [WEAK]
  288 00000028 E7FE            B                .
  289 0000002A                 ENDP
  291 0000002A         BusFault_Handler
                               PROC
  292 0000002A                 EXPORT           BusFault_Handler               
  [WEAK]



ARM Macro Assembler    Page 13 


  293 0000002A E7FE            B                .
  294 0000002C                 ENDP
  296 0000002C         UsageFault_Handler
                               PROC
  297 0000002C                 EXPORT           UsageFault_Handler             
  [WEAK]
  298 0000002C E7FE            B                .
  299 0000002E                 ENDP
  300 0000002E         SVC_Handler
                               PROC
  301 0000002E                 EXPORT           SVC_Handler                    
  [WEAK]
  302 0000002E E7FE            B                .
  303 00000030                 ENDP
  305 00000030         DebugMon_Handler
                               PROC
  306 00000030                 EXPORT           DebugMon_Handler               
   [WEAK]
  307 00000030 E7FE            B                .
  308 00000032                 ENDP
  309 00000032         PendSV_Handler
                               PROC
  310 00000032                 EXPORT           PendSV_Handler                 
   [WEAK]
  311 00000032 E7FE            B                .
  312 00000034                 ENDP
  313 00000034         SysTick_Handler
                               PROC
  314 00000034                 EXPORT           SysTick_Handler                
   [WEAK]
  315 00000034 E7FE            B                .
  316 00000036                 ENDP
  317 00000036         
  318 00000036         Default_Handler
                               PROC
  319 00000036         
  320 00000036                 EXPORT           WWDG_IRQHandler                
   [WEAK]
  321 00000036                 EXPORT           PVD_AVD_IRQHandler             
   [WEAK]
  322 00000036                 EXPORT           TAMP_STAMP_IRQHandler          
   [WEAK]
  323 00000036                 EXPORT           RTC_WKUP_IRQHandler            
   [WEAK]
  324 00000036                 EXPORT           FLASH_IRQHandler               
   [WEAK]
  325 00000036                 EXPORT           RCC_IRQHandler                 
   [WEAK]
  326 00000036                 EXPORT           EXTI0_IRQHandler               
   [WEAK]
  327 00000036                 EXPORT           EXTI1_IRQHandler               
   [WEAK]
  328 00000036                 EXPORT           EXTI2_IRQHandler               
   [WEAK]
  329 00000036                 EXPORT           EXTI3_IRQHandler               
   [WEAK]
  330 00000036                 EXPORT           EXTI4_IRQHandler               
   [WEAK]
  331 00000036                 EXPORT           DMA1_Stream0_IRQHandler        



ARM Macro Assembler    Page 14 


   [WEAK]
  332 00000036                 EXPORT           DMA1_Stream1_IRQHandler        
   [WEAK]
  333 00000036                 EXPORT           DMA1_Stream2_IRQHandler        
   [WEAK]
  334 00000036                 EXPORT           DMA1_Stream3_IRQHandler        
   [WEAK]
  335 00000036                 EXPORT           DMA1_Stream4_IRQHandler        
   [WEAK]
  336 00000036                 EXPORT           DMA1_Stream5_IRQHandler        
   [WEAK]
  337 00000036                 EXPORT           DMA1_Stream6_IRQHandler        
   [WEAK]
  338 00000036                 EXPORT           DMA1_Stream7_IRQHandler        
   [WEAK]
  339 00000036                 EXPORT           ADC_IRQHandler                 
   [WEAK]
  340 00000036                 EXPORT           FDCAN1_IT0_IRQHandler          
   [WEAK]
  341 00000036                 EXPORT           FDCAN2_IT0_IRQHandler          
   [WEAK]
  342 00000036                 EXPORT           FDCAN1_IT1_IRQHandler          
   [WEAK]
  343 00000036                 EXPORT           FDCAN2_IT1_IRQHandler          
   [WEAK]
  344 00000036                 EXPORT           EXTI9_5_IRQHandler             
   [WEAK]
  345 00000036                 EXPORT           TIM1_BRK_IRQHandler            
   [WEAK]
  346 00000036                 EXPORT           TIM1_UP_IRQHandler             
   [WEAK]
  347 00000036                 EXPORT           TIM1_TRG_COM_IRQHandler        
   [WEAK]
  348 00000036                 EXPORT           TIM1_CC_IRQHandler             
   [WEAK]
  349 00000036                 EXPORT           TIM2_IRQHandler                
   [WEAK]
  350 00000036                 EXPORT           TIM3_IRQHandler                
   [WEAK]
  351 00000036                 EXPORT           TIM4_IRQHandler                
   [WEAK]
  352 00000036                 EXPORT           I2C1_EV_IRQHandler             
   [WEAK]
  353 00000036                 EXPORT           I2C1_ER_IRQHandler             
   [WEAK]
  354 00000036                 EXPORT           I2C2_EV_IRQHandler             
   [WEAK]
  355 00000036                 EXPORT           I2C2_ER_IRQHandler             
   [WEAK]
  356 00000036                 EXPORT           SPI1_IRQHandler                
   [WEAK]
  357 00000036                 EXPORT           SPI2_IRQHandler                
   [WEAK]
  358 00000036                 EXPORT           USART1_IRQHandler              
   [WEAK]
  359 00000036                 EXPORT           USART2_IRQHandler              
   [WEAK]
  360 00000036                 EXPORT           USART3_IRQHandler              
   [WEAK]



ARM Macro Assembler    Page 15 


  361 00000036                 EXPORT           EXTI15_10_IRQHandler           
   [WEAK]
  362 00000036                 EXPORT           RTC_Alarm_IRQHandler           
   [WEAK]
  363 00000036                 EXPORT           TIM8_BRK_TIM12_IRQHandler      
   [WEAK]
  364 00000036                 EXPORT           TIM8_UP_TIM13_IRQHandler       
   [WEAK]
  365 00000036                 EXPORT           TIM8_TRG_COM_TIM14_IRQHandler  
   [WEAK]
  366 00000036                 EXPORT           TIM8_CC_IRQHandler             
   [WEAK]
  367 00000036                 EXPORT           DMA1_Stream7_IRQHandler        
   [WEAK]
  368 00000036                 EXPORT           FMC_IRQHandler                 
   [WEAK]
  369 00000036                 EXPORT           SDMMC1_IRQHandler              
   [WEAK]
  370 00000036                 EXPORT           TIM5_IRQHandler                
   [WEAK]
  371 00000036                 EXPORT           SPI3_IRQHandler                
   [WEAK]
  372 00000036                 EXPORT           UART4_IRQHandler               
   [WEAK]
  373 00000036                 EXPORT           UART5_IRQHandler               
   [WEAK]
  374 00000036                 EXPORT           TIM6_DAC_IRQHandler            
   [WEAK]
  375 00000036                 EXPORT           TIM7_IRQHandler                
   [WEAK]
  376 00000036                 EXPORT           DMA2_Stream0_IRQHandler        
   [WEAK]
  377 00000036                 EXPORT           DMA2_Stream1_IRQHandler        
   [WEAK]
  378 00000036                 EXPORT           DMA2_Stream2_IRQHandler        
   [WEAK]
  379 00000036                 EXPORT           DMA2_Stream3_IRQHandler        
   [WEAK]
  380 00000036                 EXPORT           DMA2_Stream4_IRQHandler        
   [WEAK]
  381 00000036                 EXPORT           ETH_IRQHandler                 
   [WEAK]
  382 00000036                 EXPORT           ETH_WKUP_IRQHandler            
   [WEAK]
  383 00000036                 EXPORT           FDCAN_CAL_IRQHandler           
   [WEAK]
  384 00000036                 EXPORT           DMA2_Stream5_IRQHandler        
   [WEAK]
  385 00000036                 EXPORT           DMA2_Stream6_IRQHandler        
   [WEAK]
  386 00000036                 EXPORT           DMA2_Stream7_IRQHandler        
   [WEAK]
  387 00000036                 EXPORT           USART6_IRQHandler              
   [WEAK]
  388 00000036                 EXPORT           I2C3_EV_IRQHandler             
   [WEAK]
  389 00000036                 EXPORT           I2C3_ER_IRQHandler             
   [WEAK]
  390 00000036                 EXPORT           OTG_HS_EP1_OUT_IRQHandler      



ARM Macro Assembler    Page 16 


   [WEAK]
  391 00000036                 EXPORT           OTG_HS_EP1_IN_IRQHandler       
   [WEAK]
  392 00000036                 EXPORT           OTG_HS_WKUP_IRQHandler         
   [WEAK]
  393 00000036                 EXPORT           OTG_HS_IRQHandler              
   [WEAK]
  394 00000036                 EXPORT           DCMI_IRQHandler                
   [WEAK]
  395 00000036                 EXPORT           CRYP_IRQHandler                
   [WEAK]
  396 00000036                 EXPORT           HASH_RNG_IRQHandler            
   [WEAK]
  397 00000036                 EXPORT           FPU_IRQHandler                 
   [WEAK]
  398 00000036                 EXPORT           UART7_IRQHandler               
   [WEAK]
  399 00000036                 EXPORT           UART8_IRQHandler               
   [WEAK]
  400 00000036                 EXPORT           SPI4_IRQHandler                
   [WEAK]
  401 00000036                 EXPORT           SPI5_IRQHandler                
   [WEAK]
  402 00000036                 EXPORT           SPI6_IRQHandler                
   [WEAK]
  403 00000036                 EXPORT           SAI1_IRQHandler                
   [WEAK]
  404 00000036                 EXPORT           LTDC_IRQHandler                
   [WEAK]
  405 00000036                 EXPORT           LTDC_ER_IRQHandler             
   [WEAK]
  406 00000036                 EXPORT           DMA2D_IRQHandler               
   [WEAK]
  407 00000036                 EXPORT           SAI2_IRQHandler                
   [WEAK]
  408 00000036                 EXPORT           QUADSPI_IRQHandler             
   [WEAK]
  409 00000036                 EXPORT           LPTIM1_IRQHandler              
   [WEAK]
  410 00000036                 EXPORT           CEC_IRQHandler                 
   [WEAK]
  411 00000036                 EXPORT           I2C4_EV_IRQHandler             
   [WEAK]
  412 00000036                 EXPORT           I2C4_ER_IRQHandler             
   [WEAK]
  413 00000036                 EXPORT           SPDIF_RX_IRQHandler            
   [WEAK]
  414 00000036                 EXPORT           OTG_FS_EP1_OUT_IRQHandler      
   [WEAK]
  415 00000036                 EXPORT           OTG_FS_EP1_IN_IRQHandler       
   [WEAK]
  416 00000036                 EXPORT           OTG_FS_WKUP_IRQHandler         
   [WEAK]
  417 00000036                 EXPORT           OTG_FS_IRQHandler              
   [WEAK]
  418 00000036                 EXPORT           DMAMUX1_OVR_IRQHandler         
   [WEAK]
  419 00000036                 EXPORT           HRTIM1_Master_IRQHandler       
   [WEAK]



ARM Macro Assembler    Page 17 


  420 00000036                 EXPORT           HRTIM1_TIMA_IRQHandler         
   [WEAK]
  421 00000036                 EXPORT           HRTIM1_TIMB_IRQHandler         
   [WEAK]
  422 00000036                 EXPORT           HRTIM1_TIMC_IRQHandler         
   [WEAK]
  423 00000036                 EXPORT           HRTIM1_TIMD_IRQHandler         
   [WEAK]
  424 00000036                 EXPORT           HRTIM1_TIME_IRQHandler         
   [WEAK]
  425 00000036                 EXPORT           HRTIM1_FLT_IRQHandler          
   [WEAK]
  426 00000036                 EXPORT           DFSDM1_FLT0_IRQHandler         
   [WEAK]
  427 00000036                 EXPORT           DFSDM1_FLT1_IRQHandler         
   [WEAK]
  428 00000036                 EXPORT           DFSDM1_FLT2_IRQHandler         
   [WEAK]
  429 00000036                 EXPORT           DFSDM1_FLT3_IRQHandler         
   [WEAK]
  430 00000036                 EXPORT           SAI3_IRQHandler                
   [WEAK]
  431 00000036                 EXPORT           SWPMI1_IRQHandler              
   [WEAK]
  432 00000036                 EXPORT           TIM15_IRQHandler               
   [WEAK]
  433 00000036                 EXPORT           TIM16_IRQHandler               
   [WEAK]
  434 00000036                 EXPORT           TIM17_IRQHandler               
   [WEAK]
  435 00000036                 EXPORT           MDIOS_WKUP_IRQHandler          
   [WEAK]
  436 00000036                 EXPORT           MDIOS_IRQHandler               
   [WEAK]
  437 00000036                 EXPORT           JPEG_IRQHandler                
   [WEAK]
  438 00000036                 EXPORT           MDMA_IRQHandler                
   [WEAK]
  439 00000036                 EXPORT           SDMMC2_IRQHandler              
   [WEAK]
  440 00000036                 EXPORT           HSEM1_IRQHandler               
   [WEAK]
  441 00000036                 EXPORT           ADC3_IRQHandler                
   [WEAK]
  442 00000036                 EXPORT           DMAMUX2_OVR_IRQHandler         
   [WEAK]
  443 00000036                 EXPORT           BDMA_Channel0_IRQHandler       
   [WEAK]
  444 00000036                 EXPORT           BDMA_Channel1_IRQHandler       
   [WEAK]
  445 00000036                 EXPORT           BDMA_Channel2_IRQHandler       
   [WEAK]
  446 00000036                 EXPORT           BDMA_Channel3_IRQHandler       
   [WEAK]
  447 00000036                 EXPORT           BDMA_Channel4_IRQHandler       
   [WEAK]
  448 00000036                 EXPORT           BDMA_Channel5_IRQHandler       
   [WEAK]
  449 00000036                 EXPORT           BDMA_Channel6_IRQHandler       



ARM Macro Assembler    Page 18 


   [WEAK]
  450 00000036                 EXPORT           BDMA_Channel7_IRQHandler       
   [WEAK]
  451 00000036                 EXPORT           COMP1_IRQHandler               
   [WEAK]
  452 00000036                 EXPORT           LPTIM2_IRQHandler              
   [WEAK]
  453 00000036                 EXPORT           LPTIM3_IRQHandler              
   [WEAK]
  454 00000036                 EXPORT           LPTIM4_IRQHandler              
   [WEAK]
  455 00000036                 EXPORT           LPTIM5_IRQHandler              
   [WEAK]
  456 00000036                 EXPORT           LPUART1_IRQHandler             
   [WEAK]
  457 00000036                 EXPORT           CRS_IRQHandler                 
   [WEAK]
  458 00000036                 EXPORT           SAI4_IRQHandler                
   [WEAK]
  459 00000036                 EXPORT           WAKEUP_PIN_IRQHandler          
   [WEAK]
  460 00000036         
  461 00000036         
  462 00000036         WWDG_IRQHandler
  463 00000036         PVD_AVD_IRQHandler
  464 00000036         TAMP_STAMP_IRQHandler
  465 00000036         RTC_WKUP_IRQHandler
  466 00000036         FLASH_IRQHandler
  467 00000036         RCC_IRQHandler
  468 00000036         EXTI0_IRQHandler
  469 00000036         EXTI1_IRQHandler
  470 00000036         EXTI2_IRQHandler
  471 00000036         EXTI3_IRQHandler
  472 00000036         EXTI4_IRQHandler
  473 00000036         DMA1_Stream0_IRQHandler
  474 00000036         DMA1_Stream1_IRQHandler
  475 00000036         DMA1_Stream2_IRQHandler
  476 00000036         DMA1_Stream3_IRQHandler
  477 00000036         DMA1_Stream4_IRQHandler
  478 00000036         DMA1_Stream5_IRQHandler
  479 00000036         DMA1_Stream6_IRQHandler
  480 00000036         ADC_IRQHandler
  481 00000036         FDCAN1_IT0_IRQHandler
  482 00000036         FDCAN2_IT0_IRQHandler
  483 00000036         FDCAN1_IT1_IRQHandler
  484 00000036         FDCAN2_IT1_IRQHandler
  485 00000036         EXTI9_5_IRQHandler
  486 00000036         TIM1_BRK_IRQHandler
  487 00000036         TIM1_UP_IRQHandler
  488 00000036         TIM1_TRG_COM_IRQHandler
  489 00000036         TIM1_CC_IRQHandler
  490 00000036         TIM2_IRQHandler
  491 00000036         TIM3_IRQHandler
  492 00000036         TIM4_IRQHandler
  493 00000036         I2C1_EV_IRQHandler
  494 00000036         I2C1_ER_IRQHandler
  495 00000036         I2C2_EV_IRQHandler
  496 00000036         I2C2_ER_IRQHandler
  497 00000036         SPI1_IRQHandler



ARM Macro Assembler    Page 19 


  498 00000036         SPI2_IRQHandler
  499 00000036         USART1_IRQHandler
  500 00000036         USART2_IRQHandler
  501 00000036         USART3_IRQHandler
  502 00000036         EXTI15_10_IRQHandler
  503 00000036         RTC_Alarm_IRQHandler
  504 00000036         TIM8_BRK_TIM12_IRQHandler
  505 00000036         TIM8_UP_TIM13_IRQHandler
  506 00000036         TIM8_TRG_COM_TIM14_IRQHandler
  507 00000036         TIM8_CC_IRQHandler
  508 00000036         DMA1_Stream7_IRQHandler
  509 00000036         FMC_IRQHandler
  510 00000036         SDMMC1_IRQHandler
  511 00000036         TIM5_IRQHandler
  512 00000036         SPI3_IRQHandler
  513 00000036         UART4_IRQHandler
  514 00000036         UART5_IRQHandler
  515 00000036         TIM6_DAC_IRQHandler
  516 00000036         TIM7_IRQHandler
  517 00000036         DMA2_Stream0_IRQHandler
  518 00000036         DMA2_Stream1_IRQHandler
  519 00000036         DMA2_Stream2_IRQHandler
  520 00000036         DMA2_Stream3_IRQHandler
  521 00000036         DMA2_Stream4_IRQHandler
  522 00000036         ETH_IRQHandler
  523 00000036         ETH_WKUP_IRQHandler
  524 00000036         FDCAN_CAL_IRQHandler
  525 00000036         DMA2_Stream5_IRQHandler
  526 00000036         DMA2_Stream6_IRQHandler
  527 00000036         DMA2_Stream7_IRQHandler
  528 00000036         USART6_IRQHandler
  529 00000036         I2C3_EV_IRQHandler
  530 00000036         I2C3_ER_IRQHandler
  531 00000036         OTG_HS_EP1_OUT_IRQHandler
  532 00000036         OTG_HS_EP1_IN_IRQHandler
  533 00000036         OTG_HS_WKUP_IRQHandler
  534 00000036         OTG_HS_IRQHandler
  535 00000036         DCMI_IRQHandler
  536 00000036         CRYP_IRQHandler
  537 00000036         HASH_RNG_IRQHandler
  538 00000036         FPU_IRQHandler
  539 00000036         UART7_IRQHandler
  540 00000036         UART8_IRQHandler
  541 00000036         SPI4_IRQHandler
  542 00000036         SPI5_IRQHandler
  543 00000036         SPI6_IRQHandler
  544 00000036         SAI1_IRQHandler
  545 00000036         LTDC_IRQHandler
  546 00000036         LTDC_ER_IRQHandler
  547 00000036         DMA2D_IRQHandler
  548 00000036         SAI2_IRQHandler
  549 00000036         QUADSPI_IRQHandler
  550 00000036         LPTIM1_IRQHandler
  551 00000036         CEC_IRQHandler
  552 00000036         I2C4_EV_IRQHandler
  553 00000036         I2C4_ER_IRQHandler
  554 00000036         SPDIF_RX_IRQHandler
  555 00000036         OTG_FS_EP1_OUT_IRQHandler
  556 00000036         OTG_FS_EP1_IN_IRQHandler



ARM Macro Assembler    Page 20 


  557 00000036         OTG_FS_WKUP_IRQHandler
  558 00000036         OTG_FS_IRQHandler
  559 00000036         DMAMUX1_OVR_IRQHandler
  560 00000036         HRTIM1_Master_IRQHandler
  561 00000036         HRTIM1_TIMA_IRQHandler
  562 00000036         HRTIM1_TIMB_IRQHandler
  563 00000036         HRTIM1_TIMC_IRQHandler
  564 00000036         HRTIM1_TIMD_IRQHandler
  565 00000036         HRTIM1_TIME_IRQHandler
  566 00000036         HRTIM1_FLT_IRQHandler
  567 00000036         DFSDM1_FLT0_IRQHandler
  568 00000036         DFSDM1_FLT1_IRQHandler
  569 00000036         DFSDM1_FLT2_IRQHandler
  570 00000036         DFSDM1_FLT3_IRQHandler
  571 00000036         SAI3_IRQHandler
  572 00000036         SWPMI1_IRQHandler
  573 00000036         TIM15_IRQHandler
  574 00000036         TIM16_IRQHandler
  575 00000036         TIM17_IRQHandler
  576 00000036         MDIOS_WKUP_IRQHandler
  577 00000036         MDIOS_IRQHandler
  578 00000036         JPEG_IRQHandler
  579 00000036         MDMA_IRQHandler
  580 00000036         SDMMC2_IRQHandler
  581 00000036         HSEM1_IRQHandler
  582 00000036         ADC3_IRQHandler
  583 00000036         DMAMUX2_OVR_IRQHandler
  584 00000036         BDMA_Channel0_IRQHandler
  585 00000036         BDMA_Channel1_IRQHandler
  586 00000036         BDMA_Channel2_IRQHandler
  587 00000036         BDMA_Channel3_IRQHandler
  588 00000036         BDMA_Channel4_IRQHandler
  589 00000036         BDMA_Channel5_IRQHandler
  590 00000036         BDMA_Channel6_IRQHandler
  591 00000036         BDMA_Channel7_IRQHandler
  592 00000036         COMP1_IRQHandler
  593 00000036         LPTIM2_IRQHandler
  594 00000036         LPTIM3_IRQHandler
  595 00000036         LPTIM4_IRQHandler
  596 00000036         LPTIM5_IRQHandler
  597 00000036         LPUART1_IRQHandler
  598 00000036         CRS_IRQHandler
  599 00000036         SAI4_IRQHandler
  600 00000036         WAKEUP_PIN_IRQHandler
  601 00000036         
  602 00000036 E7FE            B                .
  603 00000038         
  604 00000038                 ENDP
  605 00000038         
  606 00000038                 ALIGN
  607 00000038         
  608 00000038         ;*******************************************************
                       ************************
  609 00000038         ; User Stack and Heap initialization
  610 00000038         ;*******************************************************
                       ************************
  611 00000038                 IF               :DEF:__MICROLIB
  618 00000038         
  619 00000038                 IMPORT           __use_two_region_memory



ARM Macro Assembler    Page 21 


  620 00000038                 EXPORT           __user_initial_stackheap
  621 00000038         
  622 00000038         __user_initial_stackheap
  623 00000038         
  624 00000038 4805            LDR              R0, =  Heap_Mem
  625 0000003A 4906            LDR              R1, =(Stack_Mem + Stack_Size)
  626 0000003C 4A04            LDR              R2, = (Heap_Mem +  Heap_Size)
  627 0000003E 4B06            LDR              R3, = Stack_Mem
  628 00000040 4770            BX               LR
  629 00000042         
  630 00000042 00 00           ALIGN
  631 00000044         
  632 00000044                 ENDIF
  633 00000044         
  634 00000044                 END
              E000ED88 
              E000EF34 
              00000000 
              00000000 
              00000800 
              00000000 
Command Line: --debug --xref --diag_suppress=9931 --cpu=Cortex-M7.fp.dp --apcs=
interwork --depend=..\obj\startup_stm32h750xx.d -o..\obj\startup_stm32h750xx.o 
-I.\RTE\_Target_1 -IC:\Keil_v5\ARM\PACK\Keil\STM32H7xx_DFP\3.1.1\Drivers\CMSIS\
Device\ST\STM32H7xx\Include -IC:\Keil_v5\ARM\CMSIS\Include --predefine="__UVISI
ON_VERSION SETA 524" --predefine="STM32H750xx SETA 1" --list=..\obj\startup_stm
32h750xx.lst startup_stm32h750xx.s



ARM Macro Assembler    Page 1 Alphabetic symbol ordering
Relocatable symbols

STACK 00000000

Symbol: STACK
   Definitions
      At line 38 in file startup_stm32h750xx.s
   Uses
      None
Comment: STACK unused
Stack_Mem 00000000

Symbol: Stack_Mem
   Definitions
      At line 39 in file startup_stm32h750xx.s
   Uses
      At line 625 in file startup_stm32h750xx.s
      At line 627 in file startup_stm32h750xx.s

__initial_sp 00000800

Symbol: __initial_sp
   Definitions
      At line 40 in file startup_stm32h750xx.s
   Uses
      At line 64 in file startup_stm32h750xx.s
Comment: __initial_sp used once
3 symbols



ARM Macro Assembler    Page 1 Alphabetic symbol ordering
Relocatable symbols

HEAP 00000000

Symbol: HEAP
   Definitions
      At line 49 in file startup_stm32h750xx.s
   Uses
      None
Comment: HEAP unused
Heap_Mem 00000000

Symbol: Heap_Mem
   Definitions
      At line 51 in file startup_stm32h750xx.s
   Uses
      At line 624 in file startup_stm32h750xx.s
      At line 626 in file startup_stm32h750xx.s

__heap_base 00000000

Symbol: __heap_base
   Definitions
      At line 50 in file startup_stm32h750xx.s
   Uses
      None
Comment: __heap_base unused
__heap_limit 00000000

Symbol: __heap_limit
   Definitions
      At line 52 in file startup_stm32h750xx.s
   Uses
      None
Comment: __heap_limit unused
4 symbols



ARM Macro Assembler    Page 1 Alphabetic symbol ordering
Relocatable symbols

RESET 00000000

Symbol: RESET
   Definitions
      At line 59 in file startup_stm32h750xx.s
   Uses
      None
Comment: RESET unused
__Vectors 00000000

Symbol: __Vectors
   Definitions
      At line 64 in file startup_stm32h750xx.s
   Uses
      At line 60 in file startup_stm32h750xx.s
      At line 236 in file startup_stm32h750xx.s

__Vectors_End 00000298

Symbol: __Vectors_End
   Definitions
      At line 234 in file startup_stm32h750xx.s
   Uses
      At line 61 in file startup_stm32h750xx.s
      At line 236 in file startup_stm32h750xx.s

3 symbols



ARM Macro Assembler    Page 1 Alphabetic symbol ordering
Relocatable symbols

.text 00000000

Symbol: .text
   Definitions
      At line 238 in file startup_stm32h750xx.s
   Uses
      None
Comment: .text unused
ADC3_IRQHandler 00000036

Symbol: ADC3_IRQHandler
   Definitions
      At line 582 in file startup_stm32h750xx.s
   Uses
      At line 209 in file startup_stm32h750xx.s
      At line 441 in file startup_stm32h750xx.s

ADC_IRQHandler 00000036

Symbol: ADC_IRQHandler
   Definitions
      At line 480 in file startup_stm32h750xx.s
   Uses
      At line 100 in file startup_stm32h750xx.s
      At line 339 in file startup_stm32h750xx.s

BDMA_Channel0_IRQHandler 00000036

Symbol: BDMA_Channel0_IRQHandler
   Definitions
      At line 584 in file startup_stm32h750xx.s
   Uses
      At line 211 in file startup_stm32h750xx.s
      At line 443 in file startup_stm32h750xx.s

BDMA_Channel1_IRQHandler 00000036

Symbol: BDMA_Channel1_IRQHandler
   Definitions
      At line 585 in file startup_stm32h750xx.s
   Uses
      At line 212 in file startup_stm32h750xx.s
      At line 444 in file startup_stm32h750xx.s

BDMA_Channel2_IRQHandler 00000036

Symbol: BDMA_Channel2_IRQHandler
   Definitions
      At line 586 in file startup_stm32h750xx.s
   Uses
      At line 213 in file startup_stm32h750xx.s
      At line 445 in file startup_stm32h750xx.s

BDMA_Channel3_IRQHandler 00000036

Symbol: BDMA_Channel3_IRQHandler
   Definitions
      At line 587 in file startup_stm32h750xx.s
   Uses



ARM Macro Assembler    Page 2 Alphabetic symbol ordering
Relocatable symbols

      At line 214 in file startup_stm32h750xx.s
      At line 446 in file startup_stm32h750xx.s

BDMA_Channel4_IRQHandler 00000036

Symbol: BDMA_Channel4_IRQHandler
   Definitions
      At line 588 in file startup_stm32h750xx.s
   Uses
      At line 215 in file startup_stm32h750xx.s
      At line 447 in file startup_stm32h750xx.s

BDMA_Channel5_IRQHandler 00000036

Symbol: BDMA_Channel5_IRQHandler
   Definitions
      At line 589 in file startup_stm32h750xx.s
   Uses
      At line 216 in file startup_stm32h750xx.s
      At line 448 in file startup_stm32h750xx.s

BDMA_Channel6_IRQHandler 00000036

Symbol: BDMA_Channel6_IRQHandler
   Definitions
      At line 590 in file startup_stm32h750xx.s
   Uses
      At line 217 in file startup_stm32h750xx.s
      At line 449 in file startup_stm32h750xx.s

BDMA_Channel7_IRQHandler 00000036

Symbol: BDMA_Channel7_IRQHandler
   Definitions
      At line 591 in file startup_stm32h750xx.s
   Uses
      At line 218 in file startup_stm32h750xx.s
      At line 450 in file startup_stm32h750xx.s

BusFault_Handler 0000002A

Symbol: BusFault_Handler
   Definitions
      At line 291 in file startup_stm32h750xx.s
   Uses
      At line 69 in file startup_stm32h750xx.s
      At line 292 in file startup_stm32h750xx.s

CEC_IRQHandler 00000036

Symbol: CEC_IRQHandler
   Definitions
      At line 551 in file startup_stm32h750xx.s
   Uses
      At line 176 in file startup_stm32h750xx.s
      At line 410 in file startup_stm32h750xx.s

COMP1_IRQHandler 00000036




ARM Macro Assembler    Page 3 Alphabetic symbol ordering
Relocatable symbols

Symbol: COMP1_IRQHandler
   Definitions
      At line 592 in file startup_stm32h750xx.s
   Uses
      At line 219 in file startup_stm32h750xx.s
      At line 451 in file startup_stm32h750xx.s

CRS_IRQHandler 00000036

Symbol: CRS_IRQHandler
   Definitions
      At line 598 in file startup_stm32h750xx.s
   Uses
      At line 226 in file startup_stm32h750xx.s
      At line 457 in file startup_stm32h750xx.s

CRYP_IRQHandler 00000036

Symbol: CRYP_IRQHandler
   Definitions
      At line 536 in file startup_stm32h750xx.s
   Uses
      At line 161 in file startup_stm32h750xx.s
      At line 395 in file startup_stm32h750xx.s

DCMI_IRQHandler 00000036

Symbol: DCMI_IRQHandler
   Definitions
      At line 535 in file startup_stm32h750xx.s
   Uses
      At line 160 in file startup_stm32h750xx.s
      At line 394 in file startup_stm32h750xx.s

DFSDM1_FLT0_IRQHandler 00000036

Symbol: DFSDM1_FLT0_IRQHandler
   Definitions
      At line 567 in file startup_stm32h750xx.s
   Uses
      At line 192 in file startup_stm32h750xx.s
      At line 426 in file startup_stm32h750xx.s

DFSDM1_FLT1_IRQHandler 00000036

Symbol: DFSDM1_FLT1_IRQHandler
   Definitions
      At line 568 in file startup_stm32h750xx.s
   Uses
      At line 193 in file startup_stm32h750xx.s
      At line 427 in file startup_stm32h750xx.s

DFSDM1_FLT2_IRQHandler 00000036

Symbol: DFSDM1_FLT2_IRQHandler
   Definitions
      At line 569 in file startup_stm32h750xx.s
   Uses
      At line 194 in file startup_stm32h750xx.s



ARM Macro Assembler    Page 4 Alphabetic symbol ordering
Relocatable symbols

      At line 428 in file startup_stm32h750xx.s

DFSDM1_FLT3_IRQHandler 00000036

Symbol: DFSDM1_FLT3_IRQHandler
   Definitions
      At line 570 in file startup_stm32h750xx.s
   Uses
      At line 195 in file startup_stm32h750xx.s
      At line 429 in file startup_stm32h750xx.s

DMA1_Stream0_IRQHandler 00000036

Symbol: DMA1_Stream0_IRQHandler
   Definitions
      At line 473 in file startup_stm32h750xx.s
   Uses
      At line 93 in file startup_stm32h750xx.s
      At line 331 in file startup_stm32h750xx.s

DMA1_Stream1_IRQHandler 00000036

Symbol: DMA1_Stream1_IRQHandler
   Definitions
      At line 474 in file startup_stm32h750xx.s
   Uses
      At line 94 in file startup_stm32h750xx.s
      At line 332 in file startup_stm32h750xx.s

DMA1_Stream2_IRQHandler 00000036

Symbol: DMA1_Stream2_IRQHandler
   Definitions
      At line 475 in file startup_stm32h750xx.s
   Uses
      At line 95 in file startup_stm32h750xx.s
      At line 333 in file startup_stm32h750xx.s

DMA1_Stream3_IRQHandler 00000036

Symbol: DMA1_Stream3_IRQHandler
   Definitions
      At line 476 in file startup_stm32h750xx.s
   Uses
      At line 96 in file startup_stm32h750xx.s
      At line 334 in file startup_stm32h750xx.s

DMA1_Stream4_IRQHandler 00000036

Symbol: DMA1_Stream4_IRQHandler
   Definitions
      At line 477 in file startup_stm32h750xx.s
   Uses
      At line 97 in file startup_stm32h750xx.s
      At line 335 in file startup_stm32h750xx.s

DMA1_Stream5_IRQHandler 00000036

Symbol: DMA1_Stream5_IRQHandler



ARM Macro Assembler    Page 5 Alphabetic symbol ordering
Relocatable symbols

   Definitions
      At line 478 in file startup_stm32h750xx.s
   Uses
      At line 98 in file startup_stm32h750xx.s
      At line 336 in file startup_stm32h750xx.s

DMA1_Stream6_IRQHandler 00000036

Symbol: DMA1_Stream6_IRQHandler
   Definitions
      At line 479 in file startup_stm32h750xx.s
   Uses
      At line 99 in file startup_stm32h750xx.s
      At line 337 in file startup_stm32h750xx.s

DMA1_Stream7_IRQHandler 00000036

Symbol: DMA1_Stream7_IRQHandler
   Definitions
      At line 508 in file startup_stm32h750xx.s
   Uses
      At line 129 in file startup_stm32h750xx.s
      At line 338 in file startup_stm32h750xx.s
      At line 367 in file startup_stm32h750xx.s

DMA2D_IRQHandler 00000036

Symbol: DMA2D_IRQHandler
   Definitions
      At line 547 in file startup_stm32h750xx.s
   Uses
      At line 172 in file startup_stm32h750xx.s
      At line 406 in file startup_stm32h750xx.s

DMA2_Stream0_IRQHandler 00000036

Symbol: DMA2_Stream0_IRQHandler
   Definitions
      At line 517 in file startup_stm32h750xx.s
   Uses
      At line 138 in file startup_stm32h750xx.s
      At line 376 in file startup_stm32h750xx.s

DMA2_Stream1_IRQHandler 00000036

Symbol: DMA2_Stream1_IRQHandler
   Definitions
      At line 518 in file startup_stm32h750xx.s
   Uses
      At line 139 in file startup_stm32h750xx.s
      At line 377 in file startup_stm32h750xx.s

DMA2_Stream2_IRQHandler 00000036

Symbol: DMA2_Stream2_IRQHandler
   Definitions
      At line 519 in file startup_stm32h750xx.s
   Uses
      At line 140 in file startup_stm32h750xx.s



ARM Macro Assembler    Page 6 Alphabetic symbol ordering
Relocatable symbols

      At line 378 in file startup_stm32h750xx.s

DMA2_Stream3_IRQHandler 00000036

Symbol: DMA2_Stream3_IRQHandler
   Definitions
      At line 520 in file startup_stm32h750xx.s
   Uses
      At line 141 in file startup_stm32h750xx.s
      At line 379 in file startup_stm32h750xx.s

DMA2_Stream4_IRQHandler 00000036

Symbol: DMA2_Stream4_IRQHandler
   Definitions
      At line 521 in file startup_stm32h750xx.s
   Uses
      At line 142 in file startup_stm32h750xx.s
      At line 380 in file startup_stm32h750xx.s

DMA2_Stream5_IRQHandler 00000036

Symbol: DMA2_Stream5_IRQHandler
   Definitions
      At line 525 in file startup_stm32h750xx.s
   Uses
      At line 150 in file startup_stm32h750xx.s
      At line 384 in file startup_stm32h750xx.s

DMA2_Stream6_IRQHandler 00000036

Symbol: DMA2_Stream6_IRQHandler
   Definitions
      At line 526 in file startup_stm32h750xx.s
   Uses
      At line 151 in file startup_stm32h750xx.s
      At line 385 in file startup_stm32h750xx.s

DMA2_Stream7_IRQHandler 00000036

Symbol: DMA2_Stream7_IRQHandler
   Definitions
      At line 527 in file startup_stm32h750xx.s
   Uses
      At line 152 in file startup_stm32h750xx.s
      At line 386 in file startup_stm32h750xx.s

DMAMUX1_OVR_IRQHandler 00000036

Symbol: DMAMUX1_OVR_IRQHandler
   Definitions
      At line 559 in file startup_stm32h750xx.s
   Uses
      At line 184 in file startup_stm32h750xx.s
      At line 418 in file startup_stm32h750xx.s

DMAMUX2_OVR_IRQHandler 00000036

Symbol: DMAMUX2_OVR_IRQHandler



ARM Macro Assembler    Page 7 Alphabetic symbol ordering
Relocatable symbols

   Definitions
      At line 583 in file startup_stm32h750xx.s
   Uses
      At line 210 in file startup_stm32h750xx.s
      At line 442 in file startup_stm32h750xx.s

DebugMon_Handler 00000030

Symbol: DebugMon_Handler
   Definitions
      At line 305 in file startup_stm32h750xx.s
   Uses
      At line 76 in file startup_stm32h750xx.s
      At line 306 in file startup_stm32h750xx.s

Default_Handler 00000036

Symbol: Default_Handler
   Definitions
      At line 318 in file startup_stm32h750xx.s
   Uses
      None
Comment: Default_Handler unused
ETH_IRQHandler 00000036

Symbol: ETH_IRQHandler
   Definitions
      At line 522 in file startup_stm32h750xx.s
   Uses
      At line 143 in file startup_stm32h750xx.s
      At line 381 in file startup_stm32h750xx.s

ETH_WKUP_IRQHandler 00000036

Symbol: ETH_WKUP_IRQHandler
   Definitions
      At line 523 in file startup_stm32h750xx.s
   Uses
      At line 144 in file startup_stm32h750xx.s
      At line 382 in file startup_stm32h750xx.s

EXTI0_IRQHandler 00000036

Symbol: EXTI0_IRQHandler
   Definitions
      At line 468 in file startup_stm32h750xx.s
   Uses
      At line 88 in file startup_stm32h750xx.s
      At line 326 in file startup_stm32h750xx.s

EXTI15_10_IRQHandler 00000036

Symbol: EXTI15_10_IRQHandler
   Definitions
      At line 502 in file startup_stm32h750xx.s
   Uses
      At line 122 in file startup_stm32h750xx.s
      At line 361 in file startup_stm32h750xx.s




ARM Macro Assembler    Page 8 Alphabetic symbol ordering
Relocatable symbols

EXTI1_IRQHandler 00000036

Symbol: EXTI1_IRQHandler
   Definitions
      At line 469 in file startup_stm32h750xx.s
   Uses
      At line 89 in file startup_stm32h750xx.s
      At line 327 in file startup_stm32h750xx.s

EXTI2_IRQHandler 00000036

Symbol: EXTI2_IRQHandler
   Definitions
      At line 470 in file startup_stm32h750xx.s
   Uses
      At line 90 in file startup_stm32h750xx.s
      At line 328 in file startup_stm32h750xx.s

EXTI3_IRQHandler 00000036

Symbol: EXTI3_IRQHandler
   Definitions
      At line 471 in file startup_stm32h750xx.s
   Uses
      At line 91 in file startup_stm32h750xx.s
      At line 329 in file startup_stm32h750xx.s

EXTI4_IRQHandler 00000036

Symbol: EXTI4_IRQHandler
   Definitions
      At line 472 in file startup_stm32h750xx.s
   Uses
      At line 92 in file startup_stm32h750xx.s
      At line 330 in file startup_stm32h750xx.s

EXTI9_5_IRQHandler 00000036

Symbol: EXTI9_5_IRQHandler
   Definitions
      At line 485 in file startup_stm32h750xx.s
   Uses
      At line 105 in file startup_stm32h750xx.s
      At line 344 in file startup_stm32h750xx.s

FDCAN1_IT0_IRQHandler 00000036

Symbol: FDCAN1_IT0_IRQHandler
   Definitions
      At line 481 in file startup_stm32h750xx.s
   Uses
      At line 101 in file startup_stm32h750xx.s
      At line 340 in file startup_stm32h750xx.s

FDCAN1_IT1_IRQHandler 00000036

Symbol: FDCAN1_IT1_IRQHandler
   Definitions
      At line 483 in file startup_stm32h750xx.s



ARM Macro Assembler    Page 9 Alphabetic symbol ordering
Relocatable symbols

   Uses
      At line 103 in file startup_stm32h750xx.s
      At line 342 in file startup_stm32h750xx.s

FDCAN2_IT0_IRQHandler 00000036

Symbol: FDCAN2_IT0_IRQHandler
   Definitions
      At line 482 in file startup_stm32h750xx.s
   Uses
      At line 102 in file startup_stm32h750xx.s
      At line 341 in file startup_stm32h750xx.s

FDCAN2_IT1_IRQHandler 00000036

Symbol: FDCAN2_IT1_IRQHandler
   Definitions
      At line 484 in file startup_stm32h750xx.s
   Uses
      At line 104 in file startup_stm32h750xx.s
      At line 343 in file startup_stm32h750xx.s

FDCAN_CAL_IRQHandler 00000036

Symbol: FDCAN_CAL_IRQHandler
   Definitions
      At line 524 in file startup_stm32h750xx.s
   Uses
      At line 145 in file startup_stm32h750xx.s
      At line 383 in file startup_stm32h750xx.s

FLASH_IRQHandler 00000036

Symbol: FLASH_IRQHandler
   Definitions
      At line 466 in file startup_stm32h750xx.s
   Uses
      At line 86 in file startup_stm32h750xx.s
      At line 324 in file startup_stm32h750xx.s

FMC_IRQHandler 00000036

Symbol: FMC_IRQHandler
   Definitions
      At line 509 in file startup_stm32h750xx.s
   Uses
      At line 130 in file startup_stm32h750xx.s
      At line 368 in file startup_stm32h750xx.s

FPU_IRQHandler 00000036

Symbol: FPU_IRQHandler
   Definitions
      At line 538 in file startup_stm32h750xx.s
   Uses
      At line 163 in file startup_stm32h750xx.s
      At line 397 in file startup_stm32h750xx.s

HASH_RNG_IRQHandler 00000036



ARM Macro Assembler    Page 10 Alphabetic symbol ordering
Relocatable symbols


Symbol: HASH_RNG_IRQHandler
   Definitions
      At line 537 in file startup_stm32h750xx.s
   Uses
      At line 162 in file startup_stm32h750xx.s
      At line 396 in file startup_stm32h750xx.s

HRTIM1_FLT_IRQHandler 00000036

Symbol: HRTIM1_FLT_IRQHandler
   Definitions
      At line 566 in file startup_stm32h750xx.s
   Uses
      At line 191 in file startup_stm32h750xx.s
      At line 425 in file startup_stm32h750xx.s

HRTIM1_Master_IRQHandler 00000036

Symbol: HRTIM1_Master_IRQHandler
   Definitions
      At line 560 in file startup_stm32h750xx.s
   Uses
      At line 185 in file startup_stm32h750xx.s
      At line 419 in file startup_stm32h750xx.s

HRTIM1_TIMA_IRQHandler 00000036

Symbol: HRTIM1_TIMA_IRQHandler
   Definitions
      At line 561 in file startup_stm32h750xx.s
   Uses
      At line 186 in file startup_stm32h750xx.s
      At line 420 in file startup_stm32h750xx.s

HRTIM1_TIMB_IRQHandler 00000036

Symbol: HRTIM1_TIMB_IRQHandler
   Definitions
      At line 562 in file startup_stm32h750xx.s
   Uses
      At line 187 in file startup_stm32h750xx.s
      At line 421 in file startup_stm32h750xx.s

HRTIM1_TIMC_IRQHandler 00000036

Symbol: HRTIM1_TIMC_IRQHandler
   Definitions
      At line 563 in file startup_stm32h750xx.s
   Uses
      At line 188 in file startup_stm32h750xx.s
      At line 422 in file startup_stm32h750xx.s

HRTIM1_TIMD_IRQHandler 00000036

Symbol: HRTIM1_TIMD_IRQHandler
   Definitions
      At line 564 in file startup_stm32h750xx.s
   Uses



ARM Macro Assembler    Page 11 Alphabetic symbol ordering
Relocatable symbols

      At line 189 in file startup_stm32h750xx.s
      At line 423 in file startup_stm32h750xx.s

HRTIM1_TIME_IRQHandler 00000036

Symbol: HRTIM1_TIME_IRQHandler
   Definitions
      At line 565 in file startup_stm32h750xx.s
   Uses
      At line 190 in file startup_stm32h750xx.s
      At line 424 in file startup_stm32h750xx.s

HSEM1_IRQHandler 00000036

Symbol: HSEM1_IRQHandler
   Definitions
      At line 581 in file startup_stm32h750xx.s
   Uses
      At line 207 in file startup_stm32h750xx.s
      At line 440 in file startup_stm32h750xx.s

HardFault_Handler 00000026

Symbol: HardFault_Handler
   Definitions
      At line 281 in file startup_stm32h750xx.s
   Uses
      At line 67 in file startup_stm32h750xx.s
      At line 282 in file startup_stm32h750xx.s

I2C1_ER_IRQHandler 00000036

Symbol: I2C1_ER_IRQHandler
   Definitions
      At line 494 in file startup_stm32h750xx.s
   Uses
      At line 114 in file startup_stm32h750xx.s
      At line 353 in file startup_stm32h750xx.s

I2C1_EV_IRQHandler 00000036

Symbol: I2C1_EV_IRQHandler
   Definitions
      At line 493 in file startup_stm32h750xx.s
   Uses
      At line 113 in file startup_stm32h750xx.s
      At line 352 in file startup_stm32h750xx.s

I2C2_ER_IRQHandler 00000036

Symbol: I2C2_ER_IRQHandler
   Definitions
      At line 496 in file startup_stm32h750xx.s
   Uses
      At line 116 in file startup_stm32h750xx.s
      At line 355 in file startup_stm32h750xx.s

I2C2_EV_IRQHandler 00000036




ARM Macro Assembler    Page 12 Alphabetic symbol ordering
Relocatable symbols

Symbol: I2C2_EV_IRQHandler
   Definitions
      At line 495 in file startup_stm32h750xx.s
   Uses
      At line 115 in file startup_stm32h750xx.s
      At line 354 in file startup_stm32h750xx.s

I2C3_ER_IRQHandler 00000036

Symbol: I2C3_ER_IRQHandler
   Definitions
      At line 530 in file startup_stm32h750xx.s
   Uses
      At line 155 in file startup_stm32h750xx.s
      At line 389 in file startup_stm32h750xx.s

I2C3_EV_IRQHandler 00000036

Symbol: I2C3_EV_IRQHandler
   Definitions
      At line 529 in file startup_stm32h750xx.s
   Uses
      At line 154 in file startup_stm32h750xx.s
      At line 388 in file startup_stm32h750xx.s

I2C4_ER_IRQHandler 00000036

Symbol: I2C4_ER_IRQHandler
   Definitions
      At line 553 in file startup_stm32h750xx.s
   Uses
      At line 178 in file startup_stm32h750xx.s
      At line 412 in file startup_stm32h750xx.s

I2C4_EV_IRQHandler 00000036

Symbol: I2C4_EV_IRQHandler
   Definitions
      At line 552 in file startup_stm32h750xx.s
   Uses
      At line 177 in file startup_stm32h750xx.s
      At line 411 in file startup_stm32h750xx.s

JPEG_IRQHandler 00000036

Symbol: JPEG_IRQHandler
   Definitions
      At line 578 in file startup_stm32h750xx.s
   Uses
      At line 203 in file startup_stm32h750xx.s
      At line 437 in file startup_stm32h750xx.s

LPTIM1_IRQHandler 00000036

Symbol: LPTIM1_IRQHandler
   Definitions
      At line 550 in file startup_stm32h750xx.s
   Uses
      At line 175 in file startup_stm32h750xx.s



ARM Macro Assembler    Page 13 Alphabetic symbol ordering
Relocatable symbols

      At line 409 in file startup_stm32h750xx.s

LPTIM2_IRQHandler 00000036

Symbol: LPTIM2_IRQHandler
   Definitions
      At line 593 in file startup_stm32h750xx.s
   Uses
      At line 220 in file startup_stm32h750xx.s
      At line 452 in file startup_stm32h750xx.s

LPTIM3_IRQHandler 00000036

Symbol: LPTIM3_IRQHandler
   Definitions
      At line 594 in file startup_stm32h750xx.s
   Uses
      At line 221 in file startup_stm32h750xx.s
      At line 453 in file startup_stm32h750xx.s

LPTIM4_IRQHandler 00000036

Symbol: LPTIM4_IRQHandler
   Definitions
      At line 595 in file startup_stm32h750xx.s
   Uses
      At line 222 in file startup_stm32h750xx.s
      At line 454 in file startup_stm32h750xx.s

LPTIM5_IRQHandler 00000036

Symbol: LPTIM5_IRQHandler
   Definitions
      At line 596 in file startup_stm32h750xx.s
   Uses
      At line 223 in file startup_stm32h750xx.s
      At line 455 in file startup_stm32h750xx.s

LPUART1_IRQHandler 00000036

Symbol: LPUART1_IRQHandler
   Definitions
      At line 597 in file startup_stm32h750xx.s
   Uses
      At line 224 in file startup_stm32h750xx.s
      At line 456 in file startup_stm32h750xx.s

LTDC_ER_IRQHandler 00000036

Symbol: LTDC_ER_IRQHandler
   Definitions
      At line 546 in file startup_stm32h750xx.s
   Uses
      At line 171 in file startup_stm32h750xx.s
      At line 405 in file startup_stm32h750xx.s

LTDC_IRQHandler 00000036

Symbol: LTDC_IRQHandler



ARM Macro Assembler    Page 14 Alphabetic symbol ordering
Relocatable symbols

   Definitions
      At line 545 in file startup_stm32h750xx.s
   Uses
      At line 170 in file startup_stm32h750xx.s
      At line 404 in file startup_stm32h750xx.s

MDIOS_IRQHandler 00000036

Symbol: MDIOS_IRQHandler
   Definitions
      At line 577 in file startup_stm32h750xx.s
   Uses
      At line 202 in file startup_stm32h750xx.s
      At line 436 in file startup_stm32h750xx.s

MDIOS_WKUP_IRQHandler 00000036

Symbol: MDIOS_WKUP_IRQHandler
   Definitions
      At line 576 in file startup_stm32h750xx.s
   Uses
      At line 201 in file startup_stm32h750xx.s
      At line 435 in file startup_stm32h750xx.s

MDMA_IRQHandler 00000036

Symbol: MDMA_IRQHandler
   Definitions
      At line 579 in file startup_stm32h750xx.s
   Uses
      At line 204 in file startup_stm32h750xx.s
      At line 438 in file startup_stm32h750xx.s

MemManage_Handler 00000028

Symbol: MemManage_Handler
   Definitions
      At line 286 in file startup_stm32h750xx.s
   Uses
      At line 68 in file startup_stm32h750xx.s
      At line 287 in file startup_stm32h750xx.s

NMI_Handler 00000024

Symbol: NMI_Handler
   Definitions
      At line 276 in file startup_stm32h750xx.s
   Uses
      At line 66 in file startup_stm32h750xx.s
      At line 277 in file startup_stm32h750xx.s

OTG_FS_EP1_IN_IRQHandler 00000036

Symbol: OTG_FS_EP1_IN_IRQHandler
   Definitions
      At line 556 in file startup_stm32h750xx.s
   Uses
      At line 181 in file startup_stm32h750xx.s
      At line 415 in file startup_stm32h750xx.s



ARM Macro Assembler    Page 15 Alphabetic symbol ordering
Relocatable symbols


OTG_FS_EP1_OUT_IRQHandler 00000036

Symbol: OTG_FS_EP1_OUT_IRQHandler
   Definitions
      At line 555 in file startup_stm32h750xx.s
   Uses
      At line 180 in file startup_stm32h750xx.s
      At line 414 in file startup_stm32h750xx.s

OTG_FS_IRQHandler 00000036

Symbol: OTG_FS_IRQHandler
   Definitions
      At line 558 in file startup_stm32h750xx.s
   Uses
      At line 183 in file startup_stm32h750xx.s
      At line 417 in file startup_stm32h750xx.s

OTG_FS_WKUP_IRQHandler 00000036

Symbol: OTG_FS_WKUP_IRQHandler
   Definitions
      At line 557 in file startup_stm32h750xx.s
   Uses
      At line 182 in file startup_stm32h750xx.s
      At line 416 in file startup_stm32h750xx.s

OTG_HS_EP1_IN_IRQHandler 00000036

Symbol: OTG_HS_EP1_IN_IRQHandler
   Definitions
      At line 532 in file startup_stm32h750xx.s
   Uses
      At line 157 in file startup_stm32h750xx.s
      At line 391 in file startup_stm32h750xx.s

OTG_HS_EP1_OUT_IRQHandler 00000036

Symbol: OTG_HS_EP1_OUT_IRQHandler
   Definitions
      At line 531 in file startup_stm32h750xx.s
   Uses
      At line 156 in file startup_stm32h750xx.s
      At line 390 in file startup_stm32h750xx.s

OTG_HS_IRQHandler 00000036

Symbol: OTG_HS_IRQHandler
   Definitions
      At line 534 in file startup_stm32h750xx.s
   Uses
      At line 159 in file startup_stm32h750xx.s
      At line 393 in file startup_stm32h750xx.s

OTG_HS_WKUP_IRQHandler 00000036

Symbol: OTG_HS_WKUP_IRQHandler
   Definitions



ARM Macro Assembler    Page 16 Alphabetic symbol ordering
Relocatable symbols

      At line 533 in file startup_stm32h750xx.s
   Uses
      At line 158 in file startup_stm32h750xx.s
      At line 392 in file startup_stm32h750xx.s

PVD_AVD_IRQHandler 00000036

Symbol: PVD_AVD_IRQHandler
   Definitions
      At line 463 in file startup_stm32h750xx.s
   Uses
      At line 83 in file startup_stm32h750xx.s
      At line 321 in file startup_stm32h750xx.s

PendSV_Handler 00000032

Symbol: PendSV_Handler
   Definitions
      At line 309 in file startup_stm32h750xx.s
   Uses
      At line 78 in file startup_stm32h750xx.s
      At line 310 in file startup_stm32h750xx.s

QUADSPI_IRQHandler 00000036

Symbol: QUADSPI_IRQHandler
   Definitions
      At line 549 in file startup_stm32h750xx.s
   Uses
      At line 174 in file startup_stm32h750xx.s
      At line 408 in file startup_stm32h750xx.s

RCC_IRQHandler 00000036

Symbol: RCC_IRQHandler
   Definitions
      At line 467 in file startup_stm32h750xx.s
   Uses
      At line 87 in file startup_stm32h750xx.s
      At line 325 in file startup_stm32h750xx.s

RTC_Alarm_IRQHandler 00000036

Symbol: RTC_Alarm_IRQHandler
   Definitions
      At line 503 in file startup_stm32h750xx.s
   Uses
      At line 123 in file startup_stm32h750xx.s
      At line 362 in file startup_stm32h750xx.s

RTC_WKUP_IRQHandler 00000036

Symbol: RTC_WKUP_IRQHandler
   Definitions
      At line 465 in file startup_stm32h750xx.s
   Uses
      At line 85 in file startup_stm32h750xx.s
      At line 323 in file startup_stm32h750xx.s




ARM Macro Assembler    Page 17 Alphabetic symbol ordering
Relocatable symbols

Reset_Handler 00000000

Symbol: Reset_Handler
   Definitions
      At line 241 in file startup_stm32h750xx.s
   Uses
      At line 65 in file startup_stm32h750xx.s
      At line 242 in file startup_stm32h750xx.s

SAI1_IRQHandler 00000036

Symbol: SAI1_IRQHandler
   Definitions
      At line 544 in file startup_stm32h750xx.s
   Uses
      At line 169 in file startup_stm32h750xx.s
      At line 403 in file startup_stm32h750xx.s

SAI2_IRQHandler 00000036

Symbol: SAI2_IRQHandler
   Definitions
      At line 548 in file startup_stm32h750xx.s
   Uses
      At line 173 in file startup_stm32h750xx.s
      At line 407 in file startup_stm32h750xx.s

SAI3_IRQHandler 00000036

Symbol: SAI3_IRQHandler
   Definitions
      At line 571 in file startup_stm32h750xx.s
   Uses
      At line 196 in file startup_stm32h750xx.s
      At line 430 in file startup_stm32h750xx.s

SAI4_IRQHandler 00000036

Symbol: SAI4_IRQHandler
   Definitions
      At line 599 in file startup_stm32h750xx.s
   Uses
      At line 228 in file startup_stm32h750xx.s
      At line 458 in file startup_stm32h750xx.s

SDMMC1_IRQHandler 00000036

Symbol: SDMMC1_IRQHandler
   Definitions
      At line 510 in file startup_stm32h750xx.s
   Uses
      At line 131 in file startup_stm32h750xx.s
      At line 369 in file startup_stm32h750xx.s

SDMMC2_IRQHandler 00000036

Symbol: SDMMC2_IRQHandler
   Definitions
      At line 580 in file startup_stm32h750xx.s



ARM Macro Assembler    Page 18 Alphabetic symbol ordering
Relocatable symbols

   Uses
      At line 206 in file startup_stm32h750xx.s
      At line 439 in file startup_stm32h750xx.s

SPDIF_RX_IRQHandler 00000036

Symbol: SPDIF_RX_IRQHandler
   Definitions
      At line 554 in file startup_stm32h750xx.s
   Uses
      At line 179 in file startup_stm32h750xx.s
      At line 413 in file startup_stm32h750xx.s

SPI1_IRQHandler 00000036

Symbol: SPI1_IRQHandler
   Definitions
      At line 497 in file startup_stm32h750xx.s
   Uses
      At line 117 in file startup_stm32h750xx.s
      At line 356 in file startup_stm32h750xx.s

SPI2_IRQHandler 00000036

Symbol: SPI2_IRQHandler
   Definitions
      At line 498 in file startup_stm32h750xx.s
   Uses
      At line 118 in file startup_stm32h750xx.s
      At line 357 in file startup_stm32h750xx.s

SPI3_IRQHandler 00000036

Symbol: SPI3_IRQHandler
   Definitions
      At line 512 in file startup_stm32h750xx.s
   Uses
      At line 133 in file startup_stm32h750xx.s
      At line 371 in file startup_stm32h750xx.s

SPI4_IRQHandler 00000036

Symbol: SPI4_IRQHandler
   Definitions
      At line 541 in file startup_stm32h750xx.s
   Uses
      At line 166 in file startup_stm32h750xx.s
      At line 400 in file startup_stm32h750xx.s

SPI5_IRQHandler 00000036

Symbol: SPI5_IRQHandler
   Definitions
      At line 542 in file startup_stm32h750xx.s
   Uses
      At line 167 in file startup_stm32h750xx.s
      At line 401 in file startup_stm32h750xx.s

SPI6_IRQHandler 00000036



ARM Macro Assembler    Page 19 Alphabetic symbol ordering
Relocatable symbols


Symbol: SPI6_IRQHandler
   Definitions
      At line 543 in file startup_stm32h750xx.s
   Uses
      At line 168 in file startup_stm32h750xx.s
      At line 402 in file startup_stm32h750xx.s

SVC_Handler 0000002E

Symbol: SVC_Handler
   Definitions
      At line 300 in file startup_stm32h750xx.s
   Uses
      At line 75 in file startup_stm32h750xx.s
      At line 301 in file startup_stm32h750xx.s

SWPMI1_IRQHandler 00000036

Symbol: SWPMI1_IRQHandler
   Definitions
      At line 572 in file startup_stm32h750xx.s
   Uses
      At line 197 in file startup_stm32h750xx.s
      At line 431 in file startup_stm32h750xx.s

SysTick_Handler 00000034

Symbol: SysTick_Handler
   Definitions
      At line 313 in file startup_stm32h750xx.s
   Uses
      At line 79 in file startup_stm32h750xx.s
      At line 314 in file startup_stm32h750xx.s

TAMP_STAMP_IRQHandler 00000036

Symbol: TAMP_STAMP_IRQHandler
   Definitions
      At line 464 in file startup_stm32h750xx.s
   Uses
      At line 84 in file startup_stm32h750xx.s
      At line 322 in file startup_stm32h750xx.s

TIM15_IRQHandler 00000036

Symbol: TIM15_IRQHandler
   Definitions
      At line 573 in file startup_stm32h750xx.s
   Uses
      At line 198 in file startup_stm32h750xx.s
      At line 432 in file startup_stm32h750xx.s

TIM16_IRQHandler 00000036

Symbol: TIM16_IRQHandler
   Definitions
      At line 574 in file startup_stm32h750xx.s
   Uses



ARM Macro Assembler    Page 20 Alphabetic symbol ordering
Relocatable symbols

      At line 199 in file startup_stm32h750xx.s
      At line 433 in file startup_stm32h750xx.s

TIM17_IRQHandler 00000036

Symbol: TIM17_IRQHandler
   Definitions
      At line 575 in file startup_stm32h750xx.s
   Uses
      At line 200 in file startup_stm32h750xx.s
      At line 434 in file startup_stm32h750xx.s

TIM1_BRK_IRQHandler 00000036

Symbol: TIM1_BRK_IRQHandler
   Definitions
      At line 486 in file startup_stm32h750xx.s
   Uses
      At line 106 in file startup_stm32h750xx.s
      At line 345 in file startup_stm32h750xx.s

TIM1_CC_IRQHandler 00000036

Symbol: TIM1_CC_IRQHandler
   Definitions
      At line 489 in file startup_stm32h750xx.s
   Uses
      At line 109 in file startup_stm32h750xx.s
      At line 348 in file startup_stm32h750xx.s

TIM1_TRG_COM_IRQHandler 00000036

Symbol: TIM1_TRG_COM_IRQHandler
   Definitions
      At line 488 in file startup_stm32h750xx.s
   Uses
      At line 108 in file startup_stm32h750xx.s
      At line 347 in file startup_stm32h750xx.s

TIM1_UP_IRQHandler 00000036

Symbol: TIM1_UP_IRQHandler
   Definitions
      At line 487 in file startup_stm32h750xx.s
   Uses
      At line 107 in file startup_stm32h750xx.s
      At line 346 in file startup_stm32h750xx.s

TIM2_IRQHandler 00000036

Symbol: TIM2_IRQHandler
   Definitions
      At line 490 in file startup_stm32h750xx.s
   Uses
      At line 110 in file startup_stm32h750xx.s
      At line 349 in file startup_stm32h750xx.s

TIM3_IRQHandler 00000036




ARM Macro Assembler    Page 21 Alphabetic symbol ordering
Relocatable symbols

Symbol: TIM3_IRQHandler
   Definitions
      At line 491 in file startup_stm32h750xx.s
   Uses
      At line 111 in file startup_stm32h750xx.s
      At line 350 in file startup_stm32h750xx.s

TIM4_IRQHandler 00000036

Symbol: TIM4_IRQHandler
   Definitions
      At line 492 in file startup_stm32h750xx.s
   Uses
      At line 112 in file startup_stm32h750xx.s
      At line 351 in file startup_stm32h750xx.s

TIM5_IRQHandler 00000036

Symbol: TIM5_IRQHandler
   Definitions
      At line 511 in file startup_stm32h750xx.s
   Uses
      At line 132 in file startup_stm32h750xx.s
      At line 370 in file startup_stm32h750xx.s

TIM6_DAC_IRQHandler 00000036

Symbol: TIM6_DAC_IRQHandler
   Definitions
      At line 515 in file startup_stm32h750xx.s
   Uses
      At line 136 in file startup_stm32h750xx.s
      At line 374 in file startup_stm32h750xx.s

TIM7_IRQHandler 00000036

Symbol: TIM7_IRQHandler
   Definitions
      At line 516 in file startup_stm32h750xx.s
   Uses
      At line 137 in file startup_stm32h750xx.s
      At line 375 in file startup_stm32h750xx.s

TIM8_BRK_TIM12_IRQHandler 00000036

Symbol: TIM8_BRK_TIM12_IRQHandler
   Definitions
      At line 504 in file startup_stm32h750xx.s
   Uses
      At line 125 in file startup_stm32h750xx.s
      At line 363 in file startup_stm32h750xx.s

TIM8_CC_IRQHandler 00000036

Symbol: TIM8_CC_IRQHandler
   Definitions
      At line 507 in file startup_stm32h750xx.s
   Uses
      At line 128 in file startup_stm32h750xx.s



ARM Macro Assembler    Page 22 Alphabetic symbol ordering
Relocatable symbols

      At line 366 in file startup_stm32h750xx.s

TIM8_TRG_COM_TIM14_IRQHandler 00000036

Symbol: TIM8_TRG_COM_TIM14_IRQHandler
   Definitions
      At line 506 in file startup_stm32h750xx.s
   Uses
      At line 127 in file startup_stm32h750xx.s
      At line 365 in file startup_stm32h750xx.s

TIM8_UP_TIM13_IRQHandler 00000036

Symbol: TIM8_UP_TIM13_IRQHandler
   Definitions
      At line 505 in file startup_stm32h750xx.s
   Uses
      At line 126 in file startup_stm32h750xx.s
      At line 364 in file startup_stm32h750xx.s

UART4_IRQHandler 00000036

Symbol: UART4_IRQHandler
   Definitions
      At line 513 in file startup_stm32h750xx.s
   Uses
      At line 134 in file startup_stm32h750xx.s
      At line 372 in file startup_stm32h750xx.s

UART5_IRQHandler 00000036

Symbol: UART5_IRQHandler
   Definitions
      At line 514 in file startup_stm32h750xx.s
   Uses
      At line 135 in file startup_stm32h750xx.s
      At line 373 in file startup_stm32h750xx.s

UART7_IRQHandler 00000036

Symbol: UART7_IRQHandler
   Definitions
      At line 539 in file startup_stm32h750xx.s
   Uses
      At line 164 in file startup_stm32h750xx.s
      At line 398 in file startup_stm32h750xx.s

UART8_IRQHandler 00000036

Symbol: UART8_IRQHandler
   Definitions
      At line 540 in file startup_stm32h750xx.s
   Uses
      At line 165 in file startup_stm32h750xx.s
      At line 399 in file startup_stm32h750xx.s

USART1_IRQHandler 00000036

Symbol: USART1_IRQHandler



ARM Macro Assembler    Page 23 Alphabetic symbol ordering
Relocatable symbols

   Definitions
      At line 499 in file startup_stm32h750xx.s
   Uses
      At line 119 in file startup_stm32h750xx.s
      At line 358 in file startup_stm32h750xx.s

USART2_IRQHandler 00000036

Symbol: USART2_IRQHandler
   Definitions
      At line 500 in file startup_stm32h750xx.s
   Uses
      At line 120 in file startup_stm32h750xx.s
      At line 359 in file startup_stm32h750xx.s

USART3_IRQHandler 00000036

Symbol: USART3_IRQHandler
   Definitions
      At line 501 in file startup_stm32h750xx.s
   Uses
      At line 121 in file startup_stm32h750xx.s
      At line 360 in file startup_stm32h750xx.s

USART6_IRQHandler 00000036

Symbol: USART6_IRQHandler
   Definitions
      At line 528 in file startup_stm32h750xx.s
   Uses
      At line 153 in file startup_stm32h750xx.s
      At line 387 in file startup_stm32h750xx.s

UsageFault_Handler 0000002C

Symbol: UsageFault_Handler
   Definitions
      At line 296 in file startup_stm32h750xx.s
   Uses
      At line 70 in file startup_stm32h750xx.s
      At line 297 in file startup_stm32h750xx.s

WAKEUP_PIN_IRQHandler 00000036

Symbol: WAKEUP_PIN_IRQHandler
   Definitions
      At line 600 in file startup_stm32h750xx.s
   Uses
      At line 231 in file startup_stm32h750xx.s
      At line 459 in file startup_stm32h750xx.s

WWDG_IRQHandler 00000036

Symbol: WWDG_IRQHandler
   Definitions
      At line 462 in file startup_stm32h750xx.s
   Uses
      At line 82 in file startup_stm32h750xx.s
      At line 320 in file startup_stm32h750xx.s



ARM Macro Assembler    Page 24 Alphabetic symbol ordering
Relocatable symbols


__user_initial_stackheap 00000038

Symbol: __user_initial_stackheap
   Definitions
      At line 622 in file startup_stm32h750xx.s
   Uses
      At line 620 in file startup_stm32h750xx.s
Comment: __user_initial_stackheap used once
152 symbols



ARM Macro Assembler    Page 1 Alphabetic symbol ordering
Absolute symbols

Heap_Size 00000000

Symbol: Heap_Size
   Definitions
      At line 47 in file startup_stm32h750xx.s
   Uses
      At line 51 in file startup_stm32h750xx.s
      At line 626 in file startup_stm32h750xx.s

Stack_Size 00000800

Symbol: Stack_Size
   Definitions
      At line 36 in file startup_stm32h750xx.s
   Uses
      At line 39 in file startup_stm32h750xx.s
      At line 625 in file startup_stm32h750xx.s

__Vectors_Size 00000298

Symbol: __Vectors_Size
   Definitions
      At line 236 in file startup_stm32h750xx.s
   Uses
      At line 62 in file startup_stm32h750xx.s
Comment: __Vectors_Size used once
3 symbols



ARM Macro Assembler    Page 1 Alphabetic symbol ordering
External symbols

__main 00000000

Symbol: __main
   Definitions
      At line 246 in file startup_stm32h750xx.s
   Uses
      At line 270 in file startup_stm32h750xx.s
Comment: __main used once
__use_two_region_memory 00000000

Symbol: __use_two_region_memory
   Definitions
      At line 619 in file startup_stm32h750xx.s
   Uses
      None
Comment: __use_two_region_memory unused
2 symbols
504 symbols in table
