:020000040800F2
:10000000F8FF0024490300082D7A0008DF74000877
:10001000297A0008910700085D930008000000009D
:100020000000000000000000000000002582000821
:10003000590F0008000000002F7A000827820008EE
:1000400063030008630300086303000863030008F8
:1000500063030008630300086303000863030008E8
:1000600063030008630300086303000863030008D8
:1000700063030008630300086303000863030008C8
:1000800063030008630300086303000863030008B8
:1000900063030008630300086303000863030008A8
:1000A0006303000863030008630300086303000898
:1000B0006303000863030008630300086303000888
:1000C0006303000863030008630300086303000878
:1000D000630300084D9300086303000863030008EE
:1000E00063030008630300080000000063030008C6
:1000F0006303000863030008630300086303000848
:100100006303000863030008630300086303000837
:100110006303000863030008630300086303000827
:10012000630300088D080008630300089D080008A9
:100130006303000863030008630300086303000807
:1001400000000000000000000000000000000000AF
:1001500063030008630300086303000863030008E7
:1001600063030008630300086303000863030008D7
:1001700063030008630300087D08000863030008A8
:1001800063030008630300086303000863030008B7
:1001900063030008630300086303000863030008A7
:1001A0006303000863030008630300086303000897
:1001B0006303000863030008630300086303000887
:1001C0006303000863030008630300086303000877
:1001D0006303000863030008630300086303000867
:1001E0006303000863030008630300086303000857
:1001F0006303000863030008630300086303000847
:100200006303000863030008630300086303000836
:100210006303000863030008630300086303000826
:100220006303000863030008630300080000000084
:100230006303000863030008000000006303000874
:1002400063030008630300086303000863030008F6
:1002500063030008630300086303000863030008E6
:1002600063030008630300086303000863030008D6
:100270006303000863030008630300080000000034
:100280006303000863030008630300080000000024
:10029000000000006303000800F002F800F044F8DA
:1002A0000AA090E8000C82448344AAF10107DA45D1
:1002B00001D100F039F8AFF2090EBAE80F0013F0DF
:1002C000010F18BFFB1A43F00103184790C7000045
:1002D000B0C70000103A24BF78C878C1FAD85207D6
:1002E00024BF30C830C144BF04680C6070470000B0
:1002F0000023002400250026103A28BF78C1FBD82F
:10030000520728BF30C148BF0B607047642900F016
:10031000F380782900F02C81002070471FB50BF086
:100320002BF91FBD10B510BD00F004FA1146FFF700
:10033000F5FF0AF061FE00F022FA03B4FFF7F2FFC6
:1003400003BC09F029F80000094880470948004724
:10035000FEE7FEE7FEE7FEE7FEE7FEE7FEE7FEE775
:10036000FEE7FEE704480549054A064B70470000D2
:100370003182000899020008F8F90024F8FF0024EF
:10038000F8FB0024F8FB0024704753EA020C00F04D
:1003900069802DE9F04B4FF00006002B1FBFB3FA28
:1003A00083F503FA05F424FA05F65E4012BF1643FE
:1003B000B2FA82F502FA05F4C5F120051EBF22FA51
:1003C00005FC44EA0C04203556EA044C4FEA144478
:1003D00018BF641C4FF000084FF00009904271EB09
:1003E000030C39D3002919BFB1FA81F701FA07F6D6
:1003F000B0FA80F700FA07F6C7F120071EBF20FA0F
:1004000007FC46EA0C062037B6FBF4FCA7EB050711
:10041000103F07F01F0BCBF120060CFA0BFB2CFA58
:1004200006F644BFB3460026202FA4BF5E464FF019
:10043000000B5BEA060C08BF4FF0010B19EB0B0930
:10044000ABFB027C48EB0608C01B06FB02CC0BFB97
:1004500003CC71EB0C01C1E70B460246414648460E
:10046000BDE8F08B13B54FF000004FF00001AFF383
:100470000080BDE81C4070470FB4044910B503AAC2
:10048000029800F025F910BC5DF814FB140000245C
:100490002DE9F0410E460446002020622046E16826
:1004A000884730B3252805D0D4E901219047206A38
:1004B000401CF2E7E168204600278847050018D075
:1004C000A5F14100192802D820354FF400673246C3
:1004D000294620462760FFF719FF40B1012804D0C4
:1004E000F61D26F007060836D8E7361DD6E728465B
:1004F000DAE7206ABDE8F0812DE9F04106460024E4
:1005000010687529314616A510D0AFF30080002879
:1005100002DA404213A507E031688A0701D512A527
:1005200002E0490704D511A5012401E0AFF30080E2
:1005300000210A2206F1240709E0B0FBF2FCB0FB1F
:10054000F2F302FB1C00303078541846491C002896
:10055000F3D123462A463046BDE8F04100F05FB8AB
:10056000000000002D0000002B0000002000000013
:1005700070B504460D4621461068AFF3008021880F
:10058000090502D50F4A7A4402E00E4A7A440E3237
:10059000002104F1240305E000F00F060009965D38
:1005A0005E54491C0028F7D120780023000704D5A9
:1005B000702D02D009B1022311322046BDE87040EF
:1005C00000F02DB8A9C400004FF0000200B513469A
:1005D00094469646203922BFA0E80C50A0E80C5063
:1005E000B1F12001BFF4F7AF090728BFA0E80C5014
:1005F00048BF0CC05DF804EB890028BF40F8042B0D
:1006000008BF704748BF20F8022B11F0804F18BF79
:1006100000F8012B704770477047704770472DE90D
:10062000F0470D4699469246044600F124080168B9
:10063000880604D5E06921F01001216000E0012066
:10064000A84201DD471B00E00027A1697A1902EBEF
:100650000900081AA0612078C00602D42046AFF332
:100660000080002608E0D4E901211AF8060090472E
:10067000206A401C761C20624E45F4DB2078C006C0
:100680000AD52046AFF3008006E0D4E901213020EE
:100690009047206A401C2062381EA7F10107F4DC55
:1006A00007E0D4E9012118F805009047206A401CB2
:1006B0002062281EA5F10105F3DC2046AFF300807F
:1006C0002078000602D50220BDE8F0870120FBE774
:1006D000074B70B50D467B4400F011F804462846E0
:1006E00000F020F810B14FF0FF3070BD204670BD13
:1006F00003A9000001694A1C02610878704700B52F
:100700008FB0CDE901310021059105497944CDE94A
:10071000031011466846FFF7BBFE0FB000BD000096
:10072000E5FFFFFF007B00F0800070470048704746
:10073000A40300247546FFF7F9FFAE46050069469D
:10074000534620F00700854618B020B5FFF70AFE93
:10075000BDE820404FF000064FF000074FF00008C2
:100760004FF0000B21F00701AC46ACE8C009ACE843
:10077000C009ACE8C009ACE8C0098D46704710B5A7
:100780000446AFF300802046BDE81040FFF7D5BD1A
:1007900000BFFEE770B50546AC6BA06C406D02284B
:1007A00006D0012084F83500E06C40F04000E064A1
:1007B000204600F0D2FB70BD70B50646B46BA06B4E
:1007C00068B3A06C0068006800F40025A06B00F01E
:1007D000010078B975B1A06C0068C568E26B0823A8
:1007E00003FB02510022A06C00F0FEFEA06B401E35
:1007F000A0632FE0A06C0068006800F4002048BBF4
:10080000A06C00680569E26B082303FB025101221A
:10081000A06C00F0E9FEA06B401EA0631AE0A06C83
:100820000068006800F4002020B1D4E911010968D3
:10083000C8600FE0A06C0068006800F4002048B9B0
:10084000656CE06B042101FB0050A16C0968086134
:10085000206CA063A06B216C88420ED12068C06818
:1008600040F001002168C8602068006800F00200C4
:10087000022802D1012084F8350070BD10B502486D
:1008800000F076FB10BD0000D802002410B502492C
:10089000886C01F0EBFD10BDD802002410B50448AF
:1008A00001F0E4FD03480078401C0249087010BDC7
:1008B000106F0024000000240146374A0868904267
:1008C00049D0354A18320868904244D0324A303212
:1008D000086890423FD0304A4832086890423AD087
:1008E0002D4A60320868904235D02B4A7832086829
:1008F000904230D0284A9032086890422BD0264A45
:10090000A8320868904226D0244A0868904222D033
:10091000224A1832086890421DD0204A30320868B6
:10092000904218D01D4A48320868904213D01B4AA2
:100930006032086890420ED0184A783208689042B7
:1009400009D0164A90320868904204D0134AA8325F
:100950000868904201D1012000E00020B0B10A787F
:10096000103A1823B2FBF3F000F007020C4B9A5C2C
:10097000CA65032805D90A686FF30902121D8A6542
:1009800003E00A686FF309028A6503E0086820F053
:10099000FF008865886D7047100002401004024017
:1009A00092B5000810B502682B4C0368A34222D010
:1009B000294C14340368A3421DD0274C2834036803
:1009C000A34218D0244C3C340368A34213D0224CD9
:1009D00050340368A3420ED01F4C64340368A34212
:1009E00009D01D4C78340368A34204D01A4C8C34CF
:1009F0000368A34201D1012300E000238BB10378F7
:100A0000083B1424B3FBF4F1144B03EB810303669E
:100A1000124B8033436601F01F040123A340836619
:100A200018E00378103B1824B3FBF4F10C4B9A4206
:100A300004D80B4BA83B9A4200D30831094B03EB77
:100A400081030366074B8033436601F01F040123D3
:100A5000A340836610BD0000085402580058025895
:100A6000B8040240000802400179A9B3082940D81F
:100A7000204B02689A4222D01E4B143302689A42DD
:100A80001DD01C4B283302689A4218D0194B3C33B6
:100A900002689A4213D0174B503302689A420ED024
:100AA000144B643302689A4209D0124B78330268BF
:100AB0009A4204D00F4B8C3302689A4201D1012232
:100AC00000E000224AB14A1E0B4B03EB8202C266D1
:100AD000094A4032026708E00BE04A1E074B03EB6D
:100AE0008202C266054A403202674A1E01239340D1
:100AF00043677047085402580059025800090240E1
:100B0000014600208A69D2B98A6A32B1012A0DD021
:100B1000022A03D0032A10D10EE000BFCA6A02F0F5
:100B20008072B2F1807F00D1012007E0CA6AB2F181
:100B3000C07F00D1012001E000E000BF36E08A69FB
:100B4000B2F5005F1BD18A6A32B1012A07D0022AAE
:100B500003D0032A11D10AE000BF01200EE0CA6AC7
:100B600002F08072B2F1807F00D1012006E0CA6AF3
:100B7000B2F1C07F00D1012000E000BF16E08A6A18
:100B800032B1012A05D0022A04D0032A0CD103E095
:100B900000BF00BF012008E0CA6A02F08072B2F113
:100BA000807F00D1012000E000BF00BF704700003F
:100BB00030B5384D0468AC4249D0364D183504681C
:100BC000AC4244D0334D30350468AC423FD0314D57
:100BD00048350468AC423AD02E4D60350468AC42CA
:100BE00035D02C4D78350468AC4230D0294D903545
:100BF0000468AC422BD0274DA8350468AC4226D0FF
:100C0000254D0468AC4222D0234D18350468AC420F
:100C10001DD0214D30350468AC4218D01E4D4835EA
:100C20000468AC4213D01C4D60350468AC420ED051
:100C3000194D78350468AC4209D0174D90350468D9
:100C4000AC4204D0144DA8350468AC4201D1012453
:100C500000E0002474B1046863608468402C04D10F
:100C60000468A2600468E16012E00468A16004689E
:100C7000E2600DE0046863608468402C04D104687D
:100C8000A2600468E16003E00468A1600468E260B7
:100C900030BD00001000024010040240F0B5856D28
:100CA000846D984F0668BE4270D0964F183706681C
:100CB000BE426BD0934F30370668BE4266D0914F2C
:100CC00048370668BE4261D08E4F60370668BE4224
:100CD0005CD08C4F78370668BE4257D0894F90372A
:100CE0000668BE4252D0874FA8370668BE424DD034
:100CF000854F0668BE4249D0834F18370668BE420A
:100D000044D0814F30370668BE423FD07E4F4837CF
:100D10000668BE423AD07C4F60370668BE4235D086
:100D2000794F78370668BE4230D0774F90370668E3
:100D3000BE422BD0744FA8370668BE4226D0734FF0
:100D40000668BE4222D0714F14370668BE421DD0DD
:100D50006E4F28370668BE4218D06C4F3C37066885
:100D6000BE4213D0694F50370668BE420ED0674F5F
:100D700064370668BE4209D0644F78370668BE42C1
:100D800004D0624F8C370668BE4201D1012600E0D4
:100D900000263EB1D0E919767E60C66E16B1D0E964
:100DA0001C767E60574F0668BE4249D0554F1837B3
:100DB0000668BE4244D0534F30370668BE423FD02B
:100DC000504F48370668BE423AD04E4F60370668EB
:100DD000BE4235D04B4F78370668BE4230D0494FBF
:100DE00090370668BE422BD0464FA8370668BE42F1
:100DF00026D0454F0668BE4222D0434F18370668BA
:100E0000BE421DD0404F30370668BE4218D03E4F1C
:100E100048370668BE4213D03B4F60370668BE4273
:100E20000ED0394F78370668BE4209D0364F90371A
:100E30000668BE4204D0344FA8370668BE4201D1CE
:100E4000012600E00026DEB190F85C6006F01F0786
:100E50003F26BE40AE600668366826F480260768E6
:100E60003E60066873608668402E04D10668B260F2
:100E70000668F16044E00668B1600668F2603FE031
:100E8000224F0668BE4222D0204F14370668BE4269
:100E90001DD01E4F28370668BE4218D01B4F3C3766
:100EA0000668BE4213D0194F50370668BE420ED0B6
:100EB000164F64370668BE4209D0144F783706686B
:100EC000BE4204D0114F8C370668BE4201D10126C4
:100ED00000E00026A6B190F85C6006F01F0701262E
:100EE000BE406660066873608668402E04D106685E
:100EF000B2600668F16003E00668B1600668F260FF
:100F0000F0BD0000100002401004024008540258D6
:100F100010B5044600224FF400610D4802F06EFE49
:100F2000012291020A4802F069FE4FF4C85221469C
:100F3000084805F00DFE4FF4617009F033FF0548D5
:100F400005F0EEF90122D102014802F057FE10BD72
:100F50000004025844020024704770470349884245
:100F600003D10121014A82F850107047D8020024B1
:100F700070B504462068056905F0040004280ED108
:100F800021684861E06C40F00200E064042084F8CD
:100F900035002348A16C0865A06C01F097F805F0B6
:100FA000020002280ED121684861E06C40F0010087
:100FB000E064042084F835001948A16C0865A06C31
:100FC00001F084F805F01000102804D12168486170
:100FD000204600F077F805F00800082804D12168C1
:100FE0004861204600F0FEFA05F00100B8B1206823
:100FF000006800F00200022805D12068C06820F0D7
:101000001E002168C8602068C06820F001002168C7
:10101000C8600120216848612046FFF79FFF70BD2E
:101020009507000810B504460CB9012010BD94F8CE
:10103000350010B9204600F047F8022084F835004A
:10104000A06908B100216162206800681C4908405D
:1010500021680860616960680843E16808432169A4
:101060000843A1680843A1690843216A0843616AEB
:101070000843A16A0843E16A0843216B08432168D9
:101080000968084321680860606810280BD1217F37
:10109000607F41EA0021A07F41EA0041E07F41EA10
:1010A0000060216888612068C06840F01E002168E7
:1010B000C8600020E064012084F835000020B5E716
:1010C00007F0E0FF7047000010B586B00446142119
:1010D00001A8FFF779FACE4884427DD100BF00BF56
:1010E000CC48006840F00100CA4908600846006822
:1010F00000F00100009000BF00BF00BF00BF00BFB4
:10110000081F006840F00200091F086008460068D8
:1011100000F00200009000BF00BF00BF00BF00BF92
:10112000BC48001D006840F00200BA49091D086073
:101130000846006800F00200009000BF00BF00BF3A
:1011400000BF00BF0846006840F001000860084684
:10115000006800F00100009000BF00BF00BF00BFAA
:1011600000BF0846006840F00100086008460068BB
:1011700000F00100009000BF00BF00BF00BF00BF33
:101180000846006840F0040008600846006800F067
:101190000400009000BF00BF00BF00BF00BF0846B2
:1011A000006840F0040008600846006800F0040091
:1011B000009000BF00BF00BF00BF00BF084600682E
:1011C00040F0040008600846006800F00400009049
:1011D00000BF00BF00BF00E017E100BF00BF08462E
:1011E000006840F0040008600846006800F0040051
:1011F000009000BF00BF00BF00BF00BF08460068EE
:1012000040F0040008600846006800F00400009008
:1012100000BF00BF00BF00BF00BF0846006840F02D
:10122000080008600846006800F00800009000BF51
:1012300000BF00BF00BF00BF0846006840F01000BC
:1012400008600846006800F01000009000BF00BF72
:1012500000BF00BF00BF0846006840F010000860F3
:101260000846006800F01000009000BF00BF00BFFB
:10127000802001900220029001200390022004901F
:101280000D20059001A9644802F0B2FB10200190E6
:101290000220029001200390022004900D2005906E
:1012A00001A95E4802F0A4FB4020019002200290B8
:1012B00001200390022004900D20059001A95748B9
:1012C00002F096FB40200190022002900120039042
:1012D000022004900D20059001A9514802F088FBDE
:1012E00080200190022002900120039002200490AF
:1012F0000D20059001A94A4802F07AFB4FF4807056
:1013000001900220029001200390022004900D2001
:10131000059001A9424802F06BFB4FF40070019068
:101320000220029001200390022004900D200590DD
:1013300001A93B4802F05CFB4FF4006001900220E1
:10134000029001200390022004900D20059001A935
:10135000334802F04DFB082001900220029001204A
:101360000390022004900D20059001A92D4802F061
:101370003FFB2020019002200290012003900220D8
:1013800004900D20059001A9274802F031FB402070
:1013900001900220029001200390022004900D2071
:1013A000059001A9204802F023FB2048204908604D
:1013B0004B20486000211E488160C16001614FF4EC
:1013C00080514161490081614911C1614902016255
:1013D00004214162012181620021C162016300BFD9
:1013E000A064846300BF01F0BDFD022211464E20BF
:1013F00002F0F7FC4E2002F0E0FC0322022139202B
:1014000002F0EFFC392002F0D8FC06B010BD00005D
:10141000D8020024DC44025800040258000002589C
:1014200000080258000C025800100258280402401C
:101430002C0300242DE9F84304460F4615461E46AA
:1014400000BF94F83400012802D10220BDE8F883DF
:10145000012084F8340000BF022084F835002068A1
:10146000006840F48040216808602068006820F02F
:10147000020021680860206800683843216808601D
:101480003248A16CC8633248A16CC8640020A16CCA
:101490000865A0632064E0636064B6F5803F15D200
:1014A000226802F1280133462A46A06C01F0EAFFC7
:1014B00000283DD04020E064012084F8350000BFC2
:1014C000002084F8340000BF0120BFE71F48A16C52
:1014D00048640120A063E663656405E0E06B4008B2
:1014E000E063A06B4000A063E06BB0F5803FF5D2F5
:1014F000A06B801EA063A06B2064E06B042101FB45
:101500000058E06B0090226802F1280143462A4609
:10151000A06C00F0D1F858B14020E064012084F8BC
:10152000350000BF002084F8340000BF01208DE7A3
:101530002068006840F001002168086000BF0020BA
:1015400084F8340000BF00BF80E70000B90700083E
:101550009507000870B5044621480068C0084FF49C
:101560007A71B0FBF1F000FB01F5002600BF94F8A2
:101570003400012801D1022070BD012084F834001C
:1015800000BF022084F835002068006820F00100C8
:101590002168086000BF6D1E2DB9E06C40F020008E
:1015A000E064032605E02068006800F001000028E0
:1015B000F1D100BF2068006820F4804021680860F5
:1015C000A06C00F015FBE06CE064012084F83500AD
:1015D00000BF002084F8340000BF3046CCE7000094
:1015E000040000247047000010B50346304C186812
:1015F000A04249D02E4C18341868A04244D02C4C3C
:1016000030341868A0423FD0294C48341868A042B2
:101610003AD0274C60341868A04235D0244C783436
:101620001868A04230D0224C90341868A0422BD0C9
:101630001F4CA8341868A04226D01E4C1868A0423F
:1016400022D01C4C18341868A0421DD0194C3034DC
:101650001868A04218D0174C48341868A04213D01C
:10166000144C60341868A0420ED0124C78341868BC
:10167000A04209D00F4C90341868A04204D00D4C01
:10168000A8341868A04201D1012000E0002030B148
:1016900012B91868C16008E01868016105E012B964
:1016A0001868C16001E018680161002010BD0000E9
:1016B00010000240100402402DE9F04704460F4696
:1016C00090461E46DDF820904FF0000AA068802862
:1016D00004D1400060650120BDE8F08700BF94F8A8
:1016E0003400012801D10220F6E7012084F83400FB
:1016F00000BF94F8350001287ED1022084F835001F
:1017000000206065F9492068884249D0F7491831BE
:101710002068884244D0F5493031206888423FD063
:10172000F2494831206888423AD0F0496031206857
:10173000884235D0ED4978312068884230D0EB4975
:101740009031206888422BD0E849A831206888422F
:1017500026D0E7492068884222D0E5491831206820
:1017600088421DD0E24930312068884218D0E049D3
:1017700048312068884213D0DD49603120688842B2
:101780000ED0DB4978312068884209D0D8499031A1
:101790002068884204D0D649A8312068884201D107
:1017A000012000E0002090B12068006840F4802013
:1017B0002168086020680661A06D00F1080594F8B2
:1017C0005C0000F01F013F208840286011E0206885
:1017D000006848F22001084321680860206806611B
:1017E000A06D051D94F85C0000F01F0101208840E9
:1017F00028604B46424600E0EFE139462046FFF7BD
:10180000D7F9BA492068884270D0B84918312068A1
:1018100088426BD0B54930312068884266D0B349E0
:1018200048312068884261D0B049603120688842E0
:101830005CD0AE4978312068884257D0AB499031AE
:101840002068884252D0A949A831206888424DD0EA
:10185000A7492068884249D0A549183120688842A4
:1018600044D0A3493031206888423FD0A049483154
:10187000206888423AD09E4960312068884235D03D
:101880009B4978312068884230D09949903120684E
:1018900088422BD09649A8312068884226D09549A5
:1018A0002068884222D093491431206888421DD094
:1018B000904928312068884218D08E493C312068F0
:1018C000884213D08B495031206888420ED0894914
:1018D00064312068884209D086497831206888427E
:1018E00004D084498C312068884201D1012000E075
:1018F000002038B1D4E919104860E06E10B1D4E985
:101900001C10486079492068884249D077491831CD
:101910002068884244D075493031206888423FD0E1
:1019200072494831206888423AD070496031206855
:10193000884235D06D4978312068884230D06B4973
:101940009031206888422BD06849A83120688842AD
:1019500026D067492068884222D06549183120681E
:1019600088421DD0624930312068884218D06049D1
:1019700048312068884213D05D4960312068884230
:101980000ED05B4978312068884209D0584990319F
:101990002068884204D05649A8312068884201D185
:1019A000012000E00020C0B12068006820F01E0087
:1019B00040F01600216808602068406940F080000F
:1019C00021684861206C08B9A06CC0B1206800682B
:1019D00040F008002168086011E02068006820F0ED
:1019E0000E0040F00A0021680860206C08B9A06C65
:1019F00028B12068006840F00400216808603B4975
:101A00002068884270D039491831206888426BD0EC
:101A1000364930312068884266D0344948312068E0
:101A2000884261D031496031206888425CD02F49BA
:101A300078312068884257D02C49903120688842FC
:101A400052D02A49A831206888424DD028492068C0
:101A5000884249D0264918312068884244D0244918
:101A60003031206888423FD021494831206888427F
:101A70003AD01F4960312068884235D01C497831FE
:101A80002068884230D01A499031206888422BD093
:101A90001749A8312068884226D016492068884214
:101AA00022D014491431206888421DD011492831B0
:101AB0002068884218D00F493C312068884213D0F2
:101AC0000C495031206888420ED00A4964312068A0
:101AD000884209D0074978312068884204D00549F6
:101AE0008C312068884207D1012006E010000240B6
:101AF0001004024008540258002090B1206E006883
:101B000000F4803028B1206E006840F48070216EAF
:101B10000860E06E28B1E06E006840F48070E16E0D
:101B2000086031492068884249D02F49183120681F
:101B3000884244D02C493031206888423FD02A491D
:101B40004831206888423AD027496031206888426D
:101B500035D0254978312068884230D022499031EB
:101B6000206888422BD02049A8312068884226D09E
:101B70001E492068884222D01C49183120688842BA
:101B80001DD01A4930312068884218D01749483191
:101B90002068884213D015496031206888420ED0F1
:101BA000124978312068884209D010499031206864
:101BB000884204D00D49A8312068884206D12068A7
:101BC000006840F00100216808600BE020680068B0
:101BD00040F001002168086004E04FF40060606597
:101BE0004FF0010A504677E5100002401004024011
:101BF0002DE9F041044602F00DF8804614B90120A9
:101C0000BDE8F08194F83500022808D08020606596
:101C100000BF002084F8340000BF0120F0E7FE4937
:101C20002068884249D0FC4918312068884244D055
:101C3000F9493031206888423FD0F749483120685F
:101C400088423AD0F44960312068884235D0F24960
:101C500078312068884230D0EF499031206888423E
:101C60002BD0ED49A8312068884226D0EB49206866
:101C7000884222D0E9491831206888421DD0E749BE
:101C800030312068884218D0E449483120688842C1
:101C900013D0E2496031206888420ED0DF497831A4
:101CA0002068884209D0DD4990312068884204D0FC
:101CB000DA49A8312068884201D1012000E00020E3
:101CC00068B12068006820F01E0021680860206864
:101CD000406920F0800021684861256806E020689E
:101CE000006820F00E00216808602568CA49206855
:101CF000884270D0C8491831206888426BD0C649E4
:101D000030312068884266D0C34948312068884213
:101D100061D0C1496031206888425CD0BE497831C9
:101D20002068884257D0BC4990312068884252D000
:101D3000B949A831206888424DD0B8492068884206
:101D400049D0B64918312068884244D0B34930316F
:101D5000206888423FD0B1494831206888423AD053
:101D6000AE4960312068884235D0AC49783120686E
:101D7000884230D0A9499031206888422BD0A749A9
:101D8000A8312068884226D0A5492068884222D000
:101D9000A3491431206888421DD0A1492831206808
:101DA000884218D09E493C312068884213D09C4913
:101DB0005031206888420ED09949643120688842A9
:101DC00009D0974978312068884204D094498C31F1
:101DD0002068884201D1012000E0002028B1206E57
:101DE000006820F48070216E08608B49206888426A
:101DF00049D0894918312068884244D08649303119
:101E0000206888423FD084494831206888423AD0CF
:101E1000814960312068884235D07F497831206817
:101E2000884230D07C499031206888422BD07A4952
:101E3000A8312068884226D078492068884222D07C
:101E400076491831206888421DD0744930312068A5
:101E5000884218D0714948312068884213D06F49B0
:101E60006031206888420ED06C4978312068884201
:101E700009D06A4990312068884204D06749A83166
:101E80002068884206D12068006820F0010021689F
:101E9000086005E02068006820F001002168086003
:101EA00011E001F0B7FEA0EB080005280BD92020B7
:101EB0006065032084F8350000BF002084F83400FA
:101EC00000BF01209CE6286800F001000028E8D14E
:101ED00051492068884249D04F49183120688842CA
:101EE00044D04D493031206888423FD04A4948317A
:101EF000206888423AD0484960312068884235D00D
:101F0000454978312068884230D043499031206873
:101F100088422BD04049A8312068884226D03F49CA
:101F20002068884222D03D491831206888421DD05F
:101F30003A4930312068884218D038494831206801
:101F4000884213D035496031206888420ED0334929
:101F500078312068884209D0304990312068884221
:101F600004D02E49A8312068884201D1012000E028
:101F7000002040B1A66D94F85C0000F01F013F20E6
:101F80008840B06007E0A76D94F85C0000F01F0186
:101F900001208840786020492068884276D01E4918
:101FA00018312068884271D01B493031206888423E
:101FB0006CD0194948312068884267D01649603191
:101FC0002068884262D014497831206888425DD008
:101FD000114990312068884258D00F49A8312068B3
:101FE000884253D00D49206888424FD00B491831A0
:101FF000206888424AD0094930312068884245D05B
:10200000064948312068884240D004496031206840
:1020100088423BD0014905E0100002401004024014
:10202000085402587831206888422FD0254920680A
:1020300088422BD0234918312068884226D0224973
:102040002068884222D020491431206888421DD05F
:102050001D4928312068884218D01B493C3120682E
:10206000884213D018495031206888420ED0164952
:1020700064312068884209D0134978312068884249
:1020800004D011498C312068884201D1012000E040
:10209000002068B1D4E919104860E06E40B1E06EEC
:1020A000006820F48070E16E0860D4E91C1048607C
:1020B000012084F8350000BF002084F8340000BF00
:1020C00000BF9DE5A00402400854025870B50446C4
:1020D0000CB9012070BD94F83500022803D080208F
:1020E00060650120F6E7DC492068884249D0DA497A
:1020F00018312068884244D0D7493031206888425E
:102100003FD0D5494831206888423AD0D249603121
:102110002068884235D0D04978312068884230D054
:10212000CD499031206888422BD0CB49A831206816
:10213000884226D0C9492068884222D0C749183130
:10214000206888421DD0C54930312068884218D0A7
:10215000C24948312068884213D0C04960312068A4
:1021600088420ED0BD4978312068884209D0BB49E9
:1021700090312068884204D0B849A831206888424C
:1021800001D1012000E00020F0B3042084F83500E4
:10219000B149206888424BD0AF4918312068884245
:1021A00046D0AD4930312068884241D0AA494831F3
:1021B000206888423CD0A84960312068884237D0E6
:1021C000A54978312068884232D0A34990312068EF
:1021D00088422DD0A049A8312068884228D09F4944
:1021E0002068884224D09D491831206888421FD039
:1021F0009A493031206888421AD09849483120687D
:10220000884215D0954900E020E06031206888427E
:102210000ED0924978312068884209D08F49903198
:102220002068884204D08D49A8312068884206D1B0
:102230002068006820F001002168086009E120683A
:10224000006820F001002168086002E12068006851
:1022500020F00E00216808607F492068884249D03C
:102260007D4918312068884244D07B49303120684C
:1022700088423FD078494831206888423AD0764930
:1022800060312068884235D07349783120688842AF
:1022900030D071499031206888422BD06E49A831E6
:1022A0002068884226D06D492068884222D06B4938
:1022B0001831206888421DD0684930312068884232
:1022C00018D0664948312068884213D0634960318C
:1022D000206888420ED0614978312068884209D050
:1022E0005E4990312068884204D05C49A83120685A
:1022F000884206D12068006820F00100216808604B
:1023000005E02068006820F001002168086052495B
:102310002068884270D050491831206888426BD0BC
:102320004D4930312068884266D04B494831206899
:10233000884261D048496031206888425CD0464973
:1023400078312068884257D04349903120688842CC
:1023500052D04149A831206888424DD03F49206879
:10236000884249D03D4918312068884244D03B49D1
:102370003031206888423FD038494831206888424F
:102380003AD0364960312068884235D033497831B7
:102390002068884230D031499031206888422BD063
:1023A0002E49A8312068884226D02D4920688842CD
:1023B00022D02B491431206888421DD02849283169
:1023C0002068884218D026493C312068884213D0C2
:1023D00023495031206888420ED021496431206859
:1023E000884209D01E4978312068884204D01C49AF
:1023F0008C312068884201D1012000E00020D8B152
:10240000206E006820F48070216E0860A56D94F83D
:102410005C0000F01F01012088406860D4E91910B9
:102420004860E06E40B1E06E006820F48070E16EBC
:102430000860D4E91C104860012084F8350000BF12
:10244000002084F8340000BF206D10B12046216DBB
:10245000884700203EE600001000024010040240C1
:10246000085402580146486D704700002DE9F84FA6
:10247000044600200090FE4800684FF41651B0FB5F
:10248000F1FAA66DD4F858803768D8F80090F94969
:102490002068884249D0F74918312068884244D0E2
:1024A000F4493031206888423FD0F24948312068F1
:1024B00088423AD0EF4960312068884235D0ED49F2
:1024C00078312068884230D0EA49903120688842CB
:1024D0002BD0E849A8312068884226D0E6492068F8
:1024E000884222D0E4491831206888421DD0E24950
:1024F00030312068884218D0DF494831206888424E
:1025000013D0DD496031206888420ED0DA49783135
:102510002068884209D0D84990312068884204D088
:10252000D549A8312068884201D1012000E000206F
:1025300000287DD094F85C0000F01F01082088403E
:102540003840002868D0CB492068884249D0C94922
:1025500018312068884244D0C6493031206888420A
:102560003FD0C4494831206888423AD0C1496031DF
:102570002068884235D0BF4978312068884230D001
:10258000BC499031206888422BD0BA49A8312068D4
:10259000884226D0B8492068884222D0B6491831EE
:1025A000206888421DD0B44930312068884218D054
:1025B000B14948312068884213D0AF496031206862
:1025C00088420ED0AC4978312068884209D0AA49A7
:1025D00090312068884204D0A749A83120688842F9
:1025E00004D12068006800F0040003E0206800685F
:1025F00000F0080080B12068006820F00400216825
:10260000086094F85C0000F01F0108208840B0606A
:10261000606D40F00100606594F85C0000F01F01FF
:10262000012088403840E8B392492068884200E0A1
:10263000B7E24BD08F4918312068884246D08D4987
:1026400030312068884241D08A4948312068884228
:102650003CD0884960312068884237D0854978313C
:102660002068884232D083499031206888422DD03A
:102670008049A8312068884228D07F492068884254
:1026800024D07D491831206888421FD07A493031E2
:10269000206888421AD0784948312068884215D08D
:1026A000754900E026E06031206888420ED072490A
:1026B00078312068884209D06F499031206888427B
:1026C00004D06D49A8312068884204D1206840694F
:1026D00000F0800002E020680068002050B194F80B
:1026E0005C0000F01F0101208840B060606D40F088
:1026F0000200606594F85C0000F01F01042088402F
:102700003840E8B35B49206888424BD059491831BA
:102710002068884246D0574930312068884241D0ED
:1027200054494831206888423CD052496031206881
:10273000884237D04F4978312068884232D04D499D
:102740009031206888422DD04A49A83120688842BB
:1027500028D049492068884224D047491831206848
:1027600088421FD044493031206888421AD04249FB
:1027700048312068884215D03F496031206800E028
:1027800024E088420ED03C4978312068884209D044
:10279000394990312068884204D03749A8312068EF
:1027A000884204D12068006800F0020002E020683E
:1027B0000068002050B194F85C0000F01F01042074
:1027C0008840B060606D40F00400606594F85C0083
:1027D00000F01F01102088403840E8B325492068E8
:1027E000884251D023491831206888424CD0214971
:1027F00030312068884247D01E49483120688842DD
:1028000042D01C496031206888423DD01949783156
:102810002068884238D0174990312068884233D0E8
:102820001449A831206888422ED013492068884274
:102830002AD0114918312068884225D00E493031FC
:102840002068884220D00C494831206888421BD03B
:1028500009496031206800E04DE0884214D0064903
:102860007831206888420FD003499031206805E014
:10287000040000241000024010040240884203D0EB
:10288000FE492068884204D12068006800F00800F2
:1028900003E02068006800F0040060B394F85C0076
:1028A00000F01F0110208840B0602068006800F42C
:1028B000802080B12068006800F4002028B9206CD6
:1028C000C8B12046216C884715E0A06C98B120461D
:1028D000A16C88470FE02068006800F4807028B978
:1028E0002068006820F0080021680860206C10B1A2
:1028F0002046216C884794F85C0000F01F012020DE
:102900008840384000287DD0DD492068884249D081
:10291000DB4918312068884244D0D94930312068D9
:1029200088423FD0D6494831206888423AD0D449BD
:1029300060312068884235D0D1497831206888429A
:1029400030D0CF499031206888422BD0CC49A83173
:102950002068884226D0C949A8392068884221D0F9
:10296000C6499039206888421CD0C449783920680B
:10297000884217D0C14960392068884212D0BF49C7
:102980004839206888420DD0BC49303920688842D7
:1029900008D0BA4918392068884203D0B74920685E
:1029A000884204D12068006800F0100003E020682D
:1029B000006800F0020028B394F85C0000F01F01EA
:1029C00020208840B06094F8350004282DD120687C
:1029D000006820F01600216808602068406920F037
:1029E000800021684861206C08B9A06C28B120687B
:1029F000006820F008002168086094F85C0000F08E
:102A00001F0100E03FE03F208840B060012084F8D3
:102A1000350000BF002084F8340000BF206D10B1E5
:102A20002046216D8847BDE8F88F2068006800F4D3
:102A3000802080B12068006800F4002028B9606C14
:102A400008B32046616C88471DE0E06BD8B1204692
:102A5000E16B884717E02068006800F4807068B96F
:102A60002068006820F0100021680860012084F8C8
:102A7000350000BF002084F8340000BFE06B10B1C7
:102A80002046E16B8847606D00287AD0606D00F0C9
:102A90000100E8B3042084F83500794920688842B1
:102AA0004BD0774918312068884246D0744930317C
:102AB0002068884241D072494831206888423CD021
:102AC0006F4960312068884237D06D49783120687D
:102AD000884232D06A499031206888422DD06849B6
:102AE000A8312068884228D06449A83920688842E3
:102AF00023D062499039206888421ED05F497839D6
:102B00002068884219D05D4960392068884200E019
:102B100040E012D059494839206888420DD05749C1
:102B200030392068884208D05449183920688842D2
:102B300003D052492068884206D12068006820F0FE
:102B400001002168086005E02068006820F00100AD
:102B50002168086000BF0098401C0090504500D9D3
:102B600005E02068006800F001000028F3D100BFF4
:102B70002068006800F0010020B1032084F83500CF
:102B800003E00DE0012084F8350000BF002084F848
:102B9000340000BFE06C002802D02046E16C88477A
:102BA000D9E138492068884222D03649143120685A
:102BB00088421DD0334928312068884218D03149D5
:102BC0003C312068884213D02E4950312068884219
:102BD0000ED02C4964312068884209D029497831C7
:102BE0002068884204D027498C312068884201D16E
:102BF000012000E000200028D2D02068056894F869
:102C00005C0000F01F010420884000EA0900D8B3EE
:102C100005F00400C0B394F85C0000F01F0104202C
:102C20008840C8F8040005F4004080B105F4803005
:102C300030B9A06C0028B3D02046A16C88478AE147
:102C4000206C0028ACD02046216C884783E105F039
:102C50002000E8BB0A492068884253D0084918314F
:102C6000206888424ED0064930312068884249D0D9
:102C7000034948312068884244D006E0B804024045
:102C800010000240085402584FE0B44960312068F7
:102C9000884237D0B14978312068884232D0AF4974
:102CA0009031206888422DD0AC49A83120688842F4
:102CB00028D0AB492068884224D0A949183120681F
:102CC00088421FD0A6493031206888421AD000E0DF
:102CD00025E0A34948312068884213D0A0496031DB
:102CE000206888420ED09E4978312068884209D0F9
:102CF0009B4990312068884204D09949A8312068C6
:102D0000884206D12068006820F008002168086029
:102D100005E02068006820F0040021680860206C4D
:102D200010B32046216C884715E194F85C0000F050
:102D30001F010220884000EA0900E8B305F0020004
:102D4000D0B394F85C0000F01F0102208840C8F85E
:102D5000040005F4004070B105F4803028B9606CBF
:102D600010B12046616C8847F5E0E06BF0B3204677
:102D7000E16B8847EFE005F02000C0BB7749206891
:102D800088424ED0754918312068884249D073492D
:102D900030312068884244D07049483120688842E8
:102DA0003FD06E496031206888423AD06B49783113
:102DB0002068884235D000E04EE0684990312068B4
:102DC00088422ED06549A8312068884229D06449BC
:102DD0002068884225D0624918312068884220D076
:102DE0005F493031206888421BD001E06EE02DE061
:102DF0005B4948312068884213D0594960312068C6
:102E000088420ED0564978312068884209D054490A
:102E100090312068884204D05149A8312068884206
:102E200006D12068006820F014002168086005E0E1
:102E30002068006820F00A0021680860012084F8FA
:102E4000350000BF002084F8340000BFE06BE8B319
:102E50002046E16B88477EE094F85C0000F01F019B
:102E60000820884000EA090080B305F0080068B334
:102E70003A49206888424BD0384918312068884246
:102E800046D0364930312068884241D033494831F4
:102E9000206888423CD0314960312068884237D070
:102EA0002E4978312068884232D02C4990312068F0
:102EB00088422DD02949A8312068884228D0284945
:102EC0002068884224D02649183100E043E0206879
:102ED00088421DD0224930312068884218D02049CC
:102EE00048312068884213D01D49603120688842EB
:102EF0000ED01B4978312068884209D0184990319A
:102F00002068884204D01649A8312068884206D13A
:102F10002068006820F01C002168086005E0206837
:102F2000006820F00E002168086094F85C0000F052
:102F30001F0101208840C8F804000120606584F862
:102F4000350000BF002084F8340000BFE06C10B1F1
:102F50002046E16C884700BF65E500001000024094
:102F6000100402402DE9F041044600F053FE804673
:102F700014B90120BDE8F081FE492068884249D09B
:102F8000FC4918312068884244D0FA493031206821
:102F900088423FD0F7494831206888423AD0F54905
:102FA00060312068884235D0F24978312068884203
:102FB00030D0F0499031206888422BD0ED49A831BB
:102FC0002068884226D0EC492068884222D0EA490D
:102FD0001831206888421DD0E74930312068884286
:102FE00018D0E54948312068884213D0E249603161
:102FF000206888420ED0E04978312068884209D0A4
:10300000DD4990312068884204D0DB49A83120682E
:10301000884201D1012000E00020002873D0606ABE
:1030200000B100BF022084F8350000BF002084F802
:10303000340000BFCF492068884249D0CD491831BB
:103040002068884244D0CB493031206888423FD044
:10305000C8494831206888423AD0C6496031206862
:10306000884235D0C34978312068884230D0C14980
:103070009031206888422BD0BE49A8312068884210
:1030800026D0BD492068884222D0BB49183120682B
:1030900088421DD0B84930312068884218D0B649DE
:1030A00048312068884213D0B34960312068884293
:1030B0000ED0B14978312068884209D0AE499031AC
:1030C0002068884204D0AC49A8312068884206D1E3
:1030D0002068006820F001002168086005E0206891
:1030E000006820F00100216808600DE000F092FD0A
:1030F000A0EB0800052807D920206065032084F88C
:103100003500012036E76AE02068006800F0010021
:103110000028EBD12068056898480540D4E90201F1
:1031200008432169084361690843A1690843E169CB
:103130000843216A08430543606A042803D1D4E99F
:103140000B01084305438E4800686FF30F00B0F190
:10315000005F1DD36068292802D360682E2811D92A
:1031600060683F2802D3606842280BD9606847280E
:1031700002D36068482805D960684F2804D3606886
:10318000522801D8012000E0002008B145F4801544
:10319000206805602068456925F00705606A0543D9
:1031A000606A04280DD1A06A0543E06A48B1204650
:1031B000FDF7A6FC28B140206065012084F83500A9
:1031C000D8E6206845612046FDF776FB064694F870
:1031D0005C0000F01F013F208840B0609EE069491C
:1031E0002068884222D067491431206888421DD067
:1031F000644928312068884218D062493C312068EF
:10320000884213D05F495031206888420ED05D4912
:1032100064312068884209D05A4978312068884250
:1032200004D058498C312068884201D1012000E047
:103230000020E0B353492068884222D0514914311C
:10324000206888421DD04F4928312068884218D014
:103250004C493C312068884213D04A49503120689B
:1032600088420ED0474964312068884209D04549D8
:1032700078312068884204D042498C3120688842E5
:1032800001D1012000E0002000B100BF022084F83D
:10329000350000BF002084F8340000BF20680568B6
:1032A00039480540A068402802D1102106E02EE0F0
:1032B000A068802801D1C10100E00021E06841EA56
:1032C000D001206941EAD001606941EAD001A069DA
:1032D00041EAD001E06941EAD001206A41EA1010D8
:1032E00005432068056027492068401A1421B0FB77
:1032F000F1F08000E0652046FDF7DEFA074694F81D
:103300005C0000F01F0101208840786006E040204A
:103310006065032084F8350001202BE615492068FC
:1033200088427FD013491831206888427AD01149E9
:1033300030312068884275D00E4948312068884273
:1033400070D00C496031206888426BD009497831CF
:103350002068884266D0074990312068884261D051
:103360000449A831206888425CD00349206888421B
:1033700058D00BE010000240100402403F8010FEC5
:103380000010005C085402580F00FEFF3B49183142
:103390002068884246D0394930312068884241D07F
:1033A00036494831206888423CD034496031206831
:1033B000884237D0314978312068884232D02F494D
:1033C0009031206888422DD02C49A831206888424D
:1033D00028D02B492068884224D0294914312068FC
:1033E00088421FD026492831206888421AD02449B3
:1033F0003C312068884215D02149503120688842EC
:1034000010D01F496431206888420BD01C497831A4
:103410002068884206D01A498C312068884200E032
:1034200000E001D1012000E0002000B32046FDF7BC
:10343000B9FAA068802801D1002060602079216E4F
:103440000860D4E919104860606860B160680828B5
:1034500009D82046FDF708FB0020E16E0860D4E99A
:103460001C10486003E00020E066206760670020D1
:103470006065012084F8350000207BE510040240DF
:10348000085402582DE9F04104460D4616461F46E1
:103490004FF0000814B90120BDE8F08100BF94F896
:1034A0003400012801D10220F6E7012084F834001D
:1034B00000BF94F8350001287ED1022084F8350041
:1034C00000206065E4492068884249D0E24918310B
:1034D0002068884244D0E0493031206888423FD09B
:1034E000DD494831206888423AD0DB4960312068A4
:1034F000884235D0D84978312068884230D0D649C2
:103500009031206888422BD0D349A8312068884266
:1035100026D0D2492068884222D0D049183120686C
:1035200088421DD0CD4930312068884218D0CB491F
:1035300048312068884213D0C849603120688842E9
:103540000ED0C64978312068884209D0C3499031ED
:103550002068884204D0C149A8312068884206D139
:103560002068006820F001002168086005E02068FC
:10357000006820F00100216808603B463246294679
:103580002046FDF78BFBB449206888424BD0B249F6
:1035900018312068884246D0AF49303120688842CF
:1035A00041D0AD494831206888423CD0AA496031B9
:1035B0002068884237D000E042E1A749783120688E
:1035C000884230D0A4499031206888422BD0A2494B
:1035D000A8312068884226D0A0492068884222D09D
:1035E0009E491831206888421DD09C49303120689E
:1035F000884218D0994948312068884213D09749A9
:103600006031206888420ED0944978312068884221
:1036100009D0924990312068884204D08F49A8315E
:103620002068884201D1012000E0002080B120689C
:10363000006820F01E0040F0160021680860206C31
:10364000B0B12068006840F00800216808600FE011
:103650002068006820F00E0040F00A002168086031
:10366000206C28B12068006840F0040021680860E0
:1036700079492068884270D077491831206888429B
:103680006BD0754930312068884266D07249483124
:103690002068884261D070496031206888425CD0DF
:1036A0006D4978312068884257D06B499031206845
:1036B000884252D06849A831206888424DD0674975
:1036C0002068884249D0654918312068884244D032
:1036D00062493031206888423FD0604948312068D3
:1036E00088423AD05D4960312068884235D05B49D4
:1036F00078312068884230D058499031206888421B
:103700002BD05649A8312068884226D054492068D9
:10371000884222D052491431206888421DD0504935
:1037200028312068884218D04D493C3120688842B1
:1037300013D04B495031206888420ED0484964313B
:103740002068884209D0464978312068884204D0F0
:1037500043498C312068884201D1012000E00020DB
:1037600090B1206E006800F4803028B1206E0068AF
:1037700040F48070216E0860E06E28B1E06E006851
:1037800040F48070E16E086033492068884249D077
:10379000314918312068884244D02F49303120689F
:1037A00088423FD02C494831206888423AD02A4983
:1037B00060312068884235D02749783120688842B6
:1037C00030D025499031206888422BD02249A83139
:1037D0002068884226D021492068884222D01F498B
:1037E0001831206888421DD01C4930312068884239
:1037F00018D01A4948312068884213D017496031DF
:10380000206888420ED0154978312068884209D056
:10381000124990312068884204D01049A8312068AC
:10382000884206D12068006840F0010021680860E5
:1038300010E02068006840F001002168086009E09D
:103840004FF40060606500BF002084F8340000BFC2
:103850004FF0010840461FE61000024010040240ED
:10386000085402580348006840F00100014908600C
:103870007047000020040058F0B50C460021504B62
:1038800098E001268E4006EA0402002A7ED04D4EC2
:103890008F0856F827508E07370F0F26BE40354049
:1038A000494EB04201D100262DE0484EB04201D130
:1038B000012628E0464EB04201D1022623E0454EC3
:1038C000B04201D103261EE0434EB04201D104268E
:1038D00019E0424EB04201D1052614E0404EB042FC
:1038E00001D106260FE03F4EB04201D107260AE083
:1038F0003D4EB04201D1082605E03C4EB04201D118
:10390000092600E00A268F073F0FBE40AE421FD1B6
:103910001E6896431E605E6896435E604FF0B04638
:10392000766896434FF0B0477E603E4636689643D1
:103930003E608E07370F0F2606FA07F5214E8F08D7
:1039400056F82760AE431F4F4FEA910C47F82C60A2
:1039500006684FEA410C032707FA0CF73E4306605E
:10396000CF0800F1200656F827604F074FEAD76CC2
:103970000F2707FA0CF7BE434FEAD10C00F12007DE
:1039800047F82C60C6684FEA410C00E011E00327BD
:1039900007FA0CF7BE43C660476801268E40B7435E
:1039A000476086684FEA410C032707FA0CF7BE43CD
:1039B0008660491C24FA01F6002E7FF462AFF0BD48
:1039C0008000005808040058000002580004025803
:1039D00000080258000C0258001002580014025847
:1039E00000180258001C02580020025800240258F7
:1039F000F8B502460B4600216F4DD7E001278F40F6
:103A00001E6806EA0704002C72D01E7906F0030631
:103A1000012E04D01E7906F00306022E13D1906801
:103A20004F000326BE40B0434F00DE68BE40304327
:103A30009060506801268E40B0431E79C6F3001690
:103A40008E40304350601E7906F00306032E09D0E5
:103A5000D0684F000326BE40B0434F009E68BE4072
:103A60003043D0601E7906F00306022E13D1CF0832
:103A700002F1200656F827004E07F70E0F26BE402B
:103A8000B0434F07FF0E1E69BE403043CF0802F11E
:103A9000200646F8270010684F000326BE40B043BA
:103AA0001E7906F003064F00BE40304310605E688A
:103AB00006F44036002E78D000BF404E366846F0FF
:103AC00002063E4F3E603E46366806F0020600960D
:103AD00000BF00BF3A4E8F0856F827008E07370FF9
:103AE0000F26BE40B043374EB24202D100262EE030
:103AF0005BE0354EB24201D1012628E0334EB2429E
:103B000001D1022623E0324EB24201D103261EE04B
:103B1000304EB24201D1042619E02F4EB24201D1FB
:103B2000052614E02D4EB24201D106260FE02C4EA0
:103B3000B24201D107260AE02A4EB24201D108263C
:103B400005E0294EB24201D1092600E00A268F077E
:103B50003F0FBE4030431A4E8F0846F827004FF003
:103B6000B0463068A0435E6806F4801606B1204374
:103B70004FF0B04630607068A0435E6806F40016EF
:103B800006B120434FF0B04670606868A0435E689D
:103B900006F4003606B1204368602868A0435E68DA
:103BA00006F4803606B120432860491C1E68CE40CA
:103BB000002E7FF423AFF8BD80000058F444025873
:103BC0000804005800000258000402580008025877
:103BD000000C025800100258001402580018025835
:103BE000001C0258002002580024025802461369A3
:103BF0000B400BB1012000E0002070470AB1816149
:103C000001E00B048361704701480068000C7047B5
:103C10000010005C01480068704700001C00002490
:103C2000034800680349097808440149086070475F
:103C30001C0000242400002410B5032000F00EF91D
:103C400001F02CFE10490968C1F303210F4A515CB1
:103C500001F01F0120FA01F40B48006800F00F008A
:103C60001146085C00F01F0024FA00F008490860C3
:103C7000084804600F2000F00FF808B1012010BDC3
:103C800000F09AF80020FAE71844025882B50008BC
:103C9000080000240400002470B504461148007890
:103CA00008B9012070BD0F4800784FF47A71B1FB5C
:103CB000F0F00D490968B1FBF0F5284603F07CF8F7
:103CC00008B10120EEE7102C07D200222146501E39
:103CD00000F087F80548046001E00120E2E70020D9
:103CE000E0E7000024000024040000242000002459
:103CF0004178154A11600178F9B1121D41681160CF
:103D0000017B0907C27A41EA0261827A41EAC24133
:103D1000427B41EA8241827B41EA4241C27B41EAE5
:103D20000241427A41EA0221027A41EA42010278E2
:103D30001143054A0832116005E00021024A121DB4
:103D40001160121D1160704798ED00E000BF00BFC8
:103D500000BFBFF35F8F00BF00BF00BF0548006812
:103D600020F4803003490860002002497031086067
:103D70007047000024ED00E040F001010D4A1160A1
:103D80000C497039096841F480310A4A703A11606F
:103D900000BF00BF00BFBFF34F8F00BF00BF00BF19
:103DA00000BF00BF00BFBFF36F8F00BF00BF00BFE9
:103DB0007047000094ED00E0704701460846002877
:103DC0000DDB00BF00BF00F01F0301229A40430932
:103DD0009B0003F1E023C3F8002100BF00BF00BF38
:103DE00070472DE9F05F80460D46164605F0B8FA9B
:103DF000074639462A46334601F00700C0F1070A54
:103E0000BAF1040F02D94FF0040A01E0C0F1070A29
:103E1000D14600F1040ABAF1070F02D24FF0000AAE
:103E200001E0A0F1030AD4464FF0010A0AFA09FAA8
:103E3000AAF1010A0AEA020A0AFA0CFA4FF0010B87
:103E40000BFA0CFBABF1010B0BEA030B4AEA0B0478
:103E50002146404605F08CFABDE8F09F00BF00F017
:103E60000702064B19684FF6FF031940044B0B433A
:103E700043EA0221014B196000BF70470CED00E0DE
:103E80000000FA0570B5044615480068C0F38000CC
:103E900048B91348006800F00700A04201D0012093
:103EA00070BD0020FCE70E48006820F007002043AA
:103EB0000B490860FFF7AEFE054607E0FFF7AAFED4
:103EC000401BB0F57A7F01D90120E9E704480838A2
:103ED0000068C0F340300028F0D00020E0E7000088
:103EE0000C4802582DE9F84304460E4615469846FC
:103EF000FFF790FE8146B06900B100BFF06900B1E4
:103F000000BF306A00B100BF00BF94F84000012834
:103F100002D10220BDE8F883012084F8400000BFF0
:103F200094F8410001283AD100206064422084F8CE
:103F300041004B46002220212046CDF8008003F0AE
:103F40006BFE074657BB286821688862686821684D
:103F50004862A8682168C8622068006820F44000B0
:103F6000296941F48001084321680860E868B0626B
:103F70004FF000623146204603F05AFD4B460122C5
:103F800008212046CDF8008003F046FE07462FB9F1
:103F900008202168C860012084F8410000E0022761
:103FA00000BF002084F8400000BF3846B2E72DE98A
:103FB000F84304460D461746FFF72CFE8046A869D5
:103FC00000B100BFE86900B100BF286A00B100BFBE
:103FD00000BF94F84000012802D10220BDE8F88318
:103FE000012084F8400000BF94F84100012828D146
:103FF00000206064022084F8410043460022202112
:104000002046009703F008FE0646DEB90022294646
:10401000204603F00DFD686A78B94346012202216B
:104020002046009703F0F8FD06465EB9022021689D
:10403000C860012084F8410004E0012084F84100B8
:1040400000E0022600BF002084F8400000BF304698
:10405000C4E710B504460CB9012010BD2068006803
:1040600020F0010021680860204600F0B5F800202B
:10407000606484F8410000BFEFE70000F8B5044633
:10408000FFF7C8FD06460CB90120F8BD206A40289C
:1040900000D000BF94F8410038B9204600F0B8F8CD
:1040A00041F28831204600F027F92068006820F4AA
:1040B000F851A068401E41EA002021680860A06C09
:1040C0003346002220210090204603F0A5FD05463E
:1040D00035BB2179E06840EA0160E1690843216A63
:1040E0000843216809680F4A1140084321680860A5
:1040F000208A616941EA0040A16908432168496852
:10410000094A11400843216848602068006840F06F
:1041100001002168086000206064012084F84100EB
:104120002846B2E72FFFFF00FEF8E0FF2DE9F84335
:1041300004460D461646FFF76DFD8046A86900B19E
:1041400000BFE86900B100BF286A00B100BF00BF2E
:1041500094F84000012802D10220BDE8F883012034
:1041600084F8400000BF94F8410001282CD10020C1
:104170006064822084F84100A06C43460022202124
:104180000090204603F048FD0746F7B92068006814
:1041900020F00800716808432168086070680828EA
:1041A0000BD130682168086310202168C86020683E
:1041B000006840F48010216808604FF04062294692
:1041C000204603F035FC00E0022700BF002084F801
:1041D000400000BF3846C0E710B5044609492068D2
:1041E00088420ED10848006820F4804006490860E3
:1041F00044210648FFF740FB4FF470710348FFF776
:104200003BFB10BD00500052D44402580004025839
:1042100010B586B0044633492068884260D13248E0
:10422000D0E900104FF0007319432F4AC2E9001083
:1042300000201146C864084600F0A2FA00BF2B48CF
:10424000006840F48040294908600846006800F48E
:104250008040009000BF00BF00BF24480C300068C1
:1042600040F0020021490C3108600846006800F067
:104270000200009000BF00BF00BF0846006840F089
:10428000200008600846006800F02000009000BF91
:1042900000BF4020019002200290032004900120E2
:1042A00003900A20059001A91148FFF7A1FB042003
:1042B00001900920059001A90D48FFF799FBC02046
:1042C00001900920059001A90A48FFF791FB4FF4DE
:1042D000407001900A20059001A90648FFF788FB6D
:1042E00006B010BD0050005228000024D4440258EB
:1042F00000040258001402588164704710B501F0A0
:1043000083FA05490968C1F30211044A515C01F0BE
:104310001F01C84010BD00002044025882B50008AB
:1043200070B50146844D2D6805F00303824D2D685C
:10433000C5F30530804D2D1D2D68C5F300147E4D4D
:1043400014352D68C5F3CC0515FB04F501EE105AA4
:10435000B8EE411AF0EE410A00286FD023B1012BCC
:104360004ED0022B6BD16BE0734D283D2D68C5F309
:1043700040153DB3704D283D2D68C5F3C1066F4D06
:1043800025FA06F201EE102AF8EE411A01EE100AA3
:10439000B8EE411A81EE812A9FED691AC0EE811AAA
:1043A000654D10352D68C5F3080501EE105AB8EEBD
:1043B000411A31EE811AF7EE001A31EE211A22EE7F
:1043C000010A1CE001EE100AB8EE411ADFED5D1A99
:1043D00081EE812A9FED5A1AC0EE811A564D103592
:1043E0002D68C5F3080501EE105AB8EE411A31EEFA
:1043F000811AF7EE001A31EE211A22EE010A5BE073
:1044000001EE100AB8EE411ADFED4F1A81EE812A53
:104410009FED4B1AC0EE811A474D10352D68C5F33C
:10442000080501EE105AB8EE411A31EE811AF7EE86
:10443000001A31EE211A22EE010A3DE077E01DE07C
:1044400001EE100AB8EE411A9FED402AC2EE011AA1
:104450009FED3B1A80EE812A374D10352D68C5F34C
:10446000080501EE105AB8EE411A32EE011AB7EE05
:10447000002A31EE021A21EE810A1DE001EE100A37
:10448000B8EE411ADFED301A81EE812A9FED2C1A29
:10449000C0EE811A284D10352D68C5F3080501EED0
:1044A000105AB8EE411A31EE811AF7EE001A31EEC9
:1044B000211A22EE010A00BF00BF1F4D10352D68E2
:1044C000C5F3462501EE105AB8EE411AF7EE001A70
:1044D00031EE211AC0EE011ABCEEE11A81ED001A8C
:1044E000154D10352D68C5F3064501EE105AB8EE8E
:1044F000411AF7EE001A31EE211AC0EE011ABCEE95
:10450000E11A81ED011A0C4D10352D68C5F30665D1
:1045100001EE105AB8EE411AF7EE001A31EE211AE8
:10452000C0EE011ABCEEE11A81ED021A03E000258B
:104530000D604D608D6070BD284402580090D0031E
:10454000000000460024744C0024744A20BCBE4B7A
:1045500070B50146844D2D6805F00303824D2D682A
:10456000C5F30550804D2D1D2D68C5F300247E4DEB
:104570001C352D68C5F3CC0515FB04F501EE105A6A
:10458000B8EE411AF0EE410A00286FD023B1012B9A
:104590004ED0022B6BD16BE0734D283D2D68C5F3D7
:1045A00040153DB3704D283D2D68C5F3C1066F4DD4
:1045B00025FA06F201EE102AF8EE411A01EE100A71
:1045C000B8EE411A81EE812A9FED691AC0EE811A78
:1045D000654D18352D68C5F3080501EE105AB8EE83
:1045E000411A31EE811AF7EE001A31EE211A22EE4D
:1045F000010A1CE001EE100AB8EE411ADFED5D1A67
:1046000081EE812A9FED5A1AC0EE811A564D183557
:104610002D68C5F3080501EE105AB8EE411A31EEC7
:10462000811AF7EE001A31EE211A22EE010A5BE040
:1046300001EE100AB8EE411ADFED4F1A81EE812A21
:104640009FED4B1AC0EE811A474D18352D68C5F302
:10465000080501EE105AB8EE411A31EE811AF7EE54
:10466000001A31EE211A22EE010A3DE077E01DE04A
:1046700001EE100AB8EE411A9FED402AC2EE011A6F
:104680009FED3B1A80EE812A374D18352D68C5F312
:10469000080501EE105AB8EE411A32EE011AB7EED3
:1046A000002A31EE021A21EE810A1DE001EE100A05
:1046B000B8EE411ADFED301A81EE812A9FED2C1AF7
:1046C000C0EE811A284D18352D68C5F3080501EE96
:1046D000105AB8EE411A31EE811AF7EE001A31EE97
:1046E000211A22EE010A00BF00BF1F4D18352D68A8
:1046F000C5F3462501EE105AB8EE411AF7EE001A3E
:1047000031EE211AC0EE011ABCEEE11A81ED001A59
:10471000154D18352D68C5F3064501EE105AB8EE53
:10472000411AF7EE001A31EE211AC0EE011ABCEE62
:10473000E11A81ED011A0C4D18352D68C5F3066597
:1047400001EE105AB8EE411AF7EE001A31EE211AB6
:10475000C0EE011ABCEEE11A81ED021A03E0002559
:104760000D604D608D6070BD284402580090D003EC
:10477000000000460024744C0024744A20BCBE4B48
:104780002DE9F04104460025A8464FF00062D4E927
:10479000001011400020134659404040014331D1E0
:1047A000A06E48B1B0F5801F0DD0B0F5001F11D03C
:1047B000B0F5401F16D114E0F948006840F400300D
:1047C000F749086010E0022104F1080003F04AFAFA
:1047D000054609E0022104F1280003F0F5FA054638
:1047E00002E001E0012500BF00BF55B9EC482430CC
:1047F000006820F44010A16E0843E94924310860A4
:1048000000E0A8464FF48073D4E90010194000205E
:104810005940404001432ED1A06D05281BD2DFE84E
:1048200000F0030A11181900DD48006840F4003058
:10483000DB49086011E0002104F1080003F012FADE
:1048400005460AE0002104F1280003F0BDFA054600
:1048500003E002E001E0012500BF00BF55B9D048E8
:104860002430006820F00700A16D0843CC492431B2
:10487000086000E0A8464FF40073D4E90010194026
:10488000002059404040014334D1E06D802818D0C9
:1048900003DC40B140281DD10CE0C02818D0B0F591
:1048A000807F17D115E0BE48006840F40030BC4955
:1048B000086011E0002104F1080003F0D3F9054677
:1048C0000AE0002104F1280003F07EFA054603E027
:1048D00002E001E0012500BF00BF55B9B048243017
:1048E000006820F4E070E16D0843AD4924310860B0
:1048F00000E0A8464FF48063D4E90010194000207E
:1049000059404040014339D1D4F8A800B0F5800F98
:104910001AD004DC50B1B0F5001F1ED10DE0B0F587
:10492000C00F18D0B0F5000F17D115E09C480068F3
:1049300040F400309A49086011E0002104F10800B9
:1049400003F090F905460AE0002104F1280003F085
:104950003BFA054603E002E001E0012500BF00BF8D
:104960005DB98F482C30006820F46000D4F8A8109E
:1049700008438B492C31086000E0A8464FF40062E0
:10498000D4E9001011400020134659404040014333
:1049900039D1D4F8AC00B0F1007F1AD004DC50B1AA
:1049A000B0F1807F1ED10DE0B0F1407F18D0B0F1A2
:1049B000806F17D115E07A48006840F400307849DC
:1049C000086011E0002104F1080003F04BF90546EE
:1049D0000AE0002104F1280003F0F6F9054603E09F
:1049E00002E001E0012500BF00BF5DB96C482C303A
:1049F000006820F0E060D4F8AC10084368492C311E
:104A0000086000E0A8464FF00073D4E900011840A8
:104A1000002158404940084328D1E06CA8B1102833
:104A200004D0202809D0302810D10DE05C4800685F
:104A300040F400305A4908600AE0022104F10800FD
:104A400003F010F9054603E002E001E0012500BF94
:104A500000BF55B952482030006820F03000E16CAA
:104A600008434F492031086000E0A8464FF48053C6
:104A7000D4E900101940002059404040014337D18B
:104A8000206EB0F5005F1AD004DC50B1B0F5805F45
:104A90001ED10DE0B0F5405F18D0B0F5804F17D1B2
:104AA00015E03F48006840F400303D49086011E0DF
:104AB000002104F1080003F0D5F805460AE00021C2
:104AC00004F1280003F080F9054603E002E001E06C
:104AD000012500BF00BF55B931482430006820F4DB
:104AE000E040216E08432E492431086000E0A846CA
:104AF0004FF40053D4E900101940002059404040C1
:104B0000014335D1606EB0F5403F1ED007DC68B17F
:104B1000B0F5803F0BD0B0F5003F19D10EE0B0F5F5
:104B2000802F13D0B0F5A02F12D110E012E0012198
:104B300004F1080003F096F805460BE0012104F1AA
:104B4000280003F041F9054604E003E002E001E03B
:104B5000012500BF00BF55B911482430006820F47A
:104B6000E020616E08430E492431086000E0A84649
:104B70004FF48043D4E900011840002158404940D7
:104B8000084337D1D4F8B000B0F1405F20D009DC41
:104B900078B1B0F1805F0DD0B0F1005F1BD110E0B3
:104BA0002C440258B0F1804F13D0B0F1A04F12D175
:104BB00010E012E0012104F1080003F053F805466B
:104BC0000BE0012104F1280003F0FEF8054604E0A3
:104BD00003E002E001E0012500BF00BF4DB9FE483F
:104BE000006820F0E040D4F8B0100843FA490860AB
:104BF00000E0A8464FF40042D4E900101140002024
:104C0000134659404040014329D1206FB0B1B0F163
:104C1000805F03D0B0F1005F11D108E0EE482C387E
:104C2000006840F40030EC492C39086009E00121AB
:104C300004F1080003F016F8054602E001E0012542
:104C400000BF00BF55B9E4480838006820F0405064
:104C5000216F0843E0490839086000E0A8464FF09A
:104C60008072D4E9001011400020134659404040A2
:104C700001432AD1A06CB8B1012804D002280BD07E
:104C8000032812D10FE0D4482C38006840F40030DB
:104C9000D1492C3908600AE0022104F1080002F031
:104CA000E1FF054603E002E001E0012500BF00BF8F
:104CB00055B9C9480C38006820F00300A16C0843BE
:104CC000C5490C39086000E0A8464FF48002D4E9D9
:104CD00000011040002113465840494008437DD14F
:104CE000BE48006840F48070BC490860FEF792FF3F
:104CF000064606E0FEF78EFF801B642801D90325D7
:104D000005E0B648006800F480700028F2D000BFCB
:104D100085BBB1481830006800F44070B4F8B41096
:104D200001F44071884213D0AB481830006820F479
:104D30004077A9481830006840F48030A6491831FF
:104D400008600846006820F4803008600846076064
:104D5000D4F8B400B0F5807F15D1FEF75BFF0646AE
:104D600009E0FEF757FF801B41F28831884202D9E3
:104D7000032507E038E0984818300068C0F3400089
:104D80000028EED000BF55BB00BFB4F8B40000F45B
:104D90004070B0F5407F0ED18F484838006820F44D
:104DA0007C518F4AD4F8B400104041EA10108A496F
:104DB0004839086007E088484838006820F47C508B
:104DC000854948390860844818300068B4F8B41040
:104DD000C1F30B0108438049183101E005E001E00F
:104DE000086002E0A84600E0A8460122D4E90001DC
:104DF00010400021134658404940084330D1E06F2D
:104E000018281AD005DC48B1082808D0102817D176
:104E10000CE0202812D0282812D110E012E0012145
:104E200004F1080002F01EFF05460BE0012104F129
:104E3000280002F0C9FF054604E003E002E001E0BB
:104E4000012500BF00BF55B96348001F006820F06E
:104E50003800E16F08436049091F086000E0A84678
:104E60000222D4E900011040002113465840494075
:104E7000084329D1A06F062816D2DFE800F003040A
:104E80000B12131412E0012104F1080002F0EAFEF3
:104E900005460BE0012104F1280002F095FF0546CC
:104EA00004E003E002E001E0012500BF00BF55B9C6
:104EB0004948001F006820F00700A16F08434649D9
:104EC000091F086000E0A8460423D4E90010194037
:104ED000002059404040014329D1D4F894000628CD
:104EE00016D2DFE800F003040B12131412E00121C4
:104EF00004F1080002F0B6FE05460BE0012104F1C2
:104F0000280002F061FF054604E003E002E001E052
:104F1000012500BF00BF4DB92F48006820F00700F1
:104F2000D4F8941008432C49086000E0A8462023D8
:104F3000D4E900011840002158404940084337D1C6
:104F4000D4F89000B0F1405F1ED007DC68B1B0F13A
:104F5000805F0BD0B0F1005F19D10EE0B0F1804F4F
:104F600013D0B0F1A04F12D110E012E0002104F1F3
:104F7000080002F077FE05460BE0022104F128004C
:104F800002F022FF054604E003E002E001E0012513
:104F900000BF00BF5DB91048001F006820F0E0406E
:104FA000D4F8901008430C49091F086000E0A84697
:104FB0004023D4E9001019400020594040400143EB
:104FC0003CD1D4F89C00B0F5406F25D00EDCA0B1E8
:104FD000B0F5806F12D005E05844025800480258DE
:104FE000FFFCFF0FB0F5006F19D10EE0B0F5805F48
:104FF00013D0B0F5A05F12D110E012E0002104F14F
:10500000080002F02FFE05460BE0022104F1280003
:1050100002F0DAFE054604E003E002E001E00125CB
:1050200000BF00BF4DB9FE48006820F4E050D4F83E
:105030009C100843FA49086000E0A8468023D4E9A0
:1050400000101940002059404040014335D1D4F8A8
:10505000A000B0F5C04F1ED007DC68B1B0F5005F0E
:105060000BD0B0F5804F19D10EE0B0F5004F13D042
:10507000B0F5204F12D110E012E0002104F1080039
:1050800002F0F0FD05460BE0022104F1280002F0D9
:105090009BFE054604E003E002E001E0012500BFBD
:1050A00000BF4DB9DE48006820F46040D4F8A0107D
:1050B0000843DB49086000E0A8460823D4E9001053
:1050C0001940002059404040014317D1D4F88400D2
:1050D000B0F5805F07D1022104F1280002F074FED0
:1050E00008B14FF00108CE48001F006820F440507E
:1050F000D4F884100843CA49091F08601023D4E972
:1051000000101940002059404040014315D1D4F807
:105110009800B0F5807F07D1022104F1280002F049
:1051200053FE08B14FF00108BD48006820F44070FC
:10513000D4F898100843BA4908604FF40022D4E923
:10514000000110400021134658404940084327D130
:10515000D4F8A40030B1B0F5803F0AD0B0F5003FDC
:105160000FD10DE0002104F1080002F07BFD05469F
:1051700009E0022104F1280002F026FE054602E0C3
:1051800001E0012500BF00BF4DB9A548006820F42B
:105190004030D4F8A4100843A149086000E0A846B4
:1051A0004FF48023D4E900011840002158404940C1
:1051B00008432DD1D4F88800B0F5801F06D0B0F593
:1051C000001F0CD0B0F5401F11D10FE094482C38CF
:1051D000006840F4003092492C39086009E0012150
:1051E00004F1280002F0F0FD054602E001E001258F
:1051F00000BF00BF5DB98A48001F006820F440105E
:10520000D4F8881008438649091F086000E0A846C2
:105210004FF48032D4E90001104000211346584079
:105220004940084325D1206D18B1B0F5803F10D119
:1052300008E07B482C38006840F4003078492C396D
:10524000086008E0022104F1080002F00BFD0546A9
:1052500001E0012500BF00BF55B971480C38006856
:1052600020F48030216D08436D490C39086000E05E
:10527000A8464FF00052D4E9001011400020134618
:1052800059404040014307D1022104F1280002F0B7
:105290009BFD08B14FF001084FF40033D4E9000141
:1052A0001840002158404940084329D1D4F88000D3
:1052B000A0B1B0F5807F06D0B0F5007F0CD0B0F57E
:1052C000407F0CD109E056482C38006840F400308B
:1052D00053492C39086004E003E002E001E00125B5
:1052E00000BF00BF5DB94E48001F006820F4407049
:1052F000D4F8801008434A49091F086000E0A84616
:105300004FF48012D4E90010114000201346594098
:105310004040014309D142480838006820F000406D
:10532000616F08433E49083908604FF08052D4E964
:1053300000101140002013465940404001430AD15B
:1053400037484838006820F48040D4F8B810084343
:105350003349483908604FF40012D4E90010114075
:105360000020134659404040014309D12C480838D9
:10537000006820F08070E16E084329490839086010
:105380004FF08042D4E900101140002013465940EC
:105390004040014311D100BF21484838006820F443
:1053A00000401F494839086008460068D4F8BC101E
:1053B00008431B494839086000BF4FF00042D4E958
:1053C000001011400020134659404040014309D1CC
:1053D00013480C38006820F04050616D08431049B4
:1053E0000C3908604FF40002D4E90010114000208D
:1053F00013465940404001430AD10948001F006844
:1054000020F44000D4F88C1008430549091F0860B7
:10541000012300216068184001224940504001E00A
:1054200058440258014306D104F1080002F01AFC66
:10543000054605B1A8460222002160681040494097
:105440005040014307D1012104F1080002F00AFC99
:10545000054605B1A84604230020616819400422CE
:1054600040405140084307D1022104F1080002F0F6
:10547000F9FB054605B1A8460823002160681840DD
:10548000082249405040014306D104F1280002F0AF
:105490009BFC054605B1A84610220021606810401B
:1054A00049405040014307D1012104F1280002F096
:1054B0008BFC054605B1A8462022002061681140FA
:1054C00040405140084307D1022104F1280002F076
:1054D0007BFC054605B1A846B8F1000F02D10020BB
:1054E000BDE8F0810120FBE72DE9F04104460D46BF
:1054F00014B90120BDE8F081BD48006800F00F003C
:10550000A8420ED2BA48006820F00F002843B849DC
:1055100008600846006800F00F00A84201D0012092
:10552000E8E7207800F0040004280ED1B149206992
:10553000096801F07001884207D9AE48006820F080
:10554000700021690843AB490860207800F008002A
:10555000082811D1A749091D6069096801F0700187
:10556000884209D9A348001D006820F070006169D5
:105570000843A049091D0860207800F01000102899
:1055800011D19C49091DA069096801F4E0618842B4
:1055900009D99848001D006820F4E060A16908431B
:1055A0009449091D0860207800F02000202811D1BE
:1055B00090490831E069096801F07001884209D911
:1055C0008C480830006820F07000E1690843894980
:1055D00008310860207800F0020002280ED18549C9
:1055E000E068096801F00F01884207D98148006826
:1055F00020F00F00E16808437E490860207800F041
:105600000100002850D07B48006820F47060A16839
:105610000843784908606068022807D1754818383F
:105620000068C0F34040F8B9012063E760680328D0
:1056300007D1704818380068C0F34060A0B9012055
:1056400058E76068012807D16A4818380068C0F335
:10565000002048B901204DE7664818380068C0F3BB
:10566000800008B9012045E762480838006820F04A
:105670000700616808435F4908390860FEF7CAFA05
:10568000064608E0FEF7C6FA801B41F288318842E0
:1056900001D903202EE757480838006800F0380089
:1056A0006168B0EBC10FEDD1207800F00200022854
:1056B0000ED15049E068096801F00F01884207D215
:1056C0004C48006820F00F00E16808434949086031
:1056D0004748006800F00F00A8420ED9444800680F
:1056E00020F00F002843424908600846006800F097
:1056F0000F00A84201D00120FCE6207800F0040051
:1057000004280ED13B492069096801F070018842E4
:1057100007D23848006820F07000216908433549F5
:105720000860207800F00800082811D13149091DCF
:105730006069096801F07001884209D22D48001D96
:10574000006820F07000616908432A49091D08605B
:10575000207800F01000102811D12649091DA069F9
:10576000096801F4E061884209D22248001D0068FE
:1057700020F4E060A16908431E49091D08602078F3
:1057800000F02000202811D11A490831E069096889
:1057900001F07001884209D216480830006820F0F4
:1057A0007000E169084313490831086000F076F899
:1057B00010490968C1F303210F4A515C01F01F0130
:1057C00020FA01F70B48006800F00F001146085C52
:1057D00000F01F0027FA00F0084908600848076039
:1057E00008480068FEF758FA8046404682E6000006
:1057F000002000521844025882B500080800002416
:10580000040000242000002410B500F047F80D49E2
:105810000968C1F303210C4A515C01F01F0120FA11
:1058200001F40848006800F00F001146085C00F021
:105830001F0024FA00F00549086005480460084686
:10584000006810BD1844025882B500080800002402
:105850000400002400B5FFF7D7FF05490968C1F32C
:105860000211044A515C01F01F01C84000BD000054
:105870001C44025882B5000800B5FFF7C5FF054972
:105880000968C1F30221044A515C01F01F01C840BC
:1058900000BD00001C44025882B50008F0B5824EDD
:1058A000366806F0380636B1082E15D0102E15D001
:1058B000182E7DD114E07C4E103E3668C6F340169B
:1058C00046B1794E103E3668C6F3C107774E26FAC8
:1058D00007F000E07548E5E07548E3E07548E1E071
:1058E000714E1836366806F003046F4E1836366867
:1058F000C6F305116C4E1C36366806F001056A4E7B
:1059000024363668C6F3CC0616FB05F601EE106A9F
:10591000B8EE410A002971D024B1012C50D0022CDC
:105920006DD16DE0604E103E3668C6F340163EB352
:105930005D4E103E3668C6F3C1075C4E26FA07F38B
:1059400001EE103AF8EE411A01EE101AB8EE411AC3
:1059500081EE812A9FED581AC0EE011A524E203670
:105960003668C6F3080601EE106AB8EE411A31EE49
:10597000811AF7EE001A31EE211A62EE010A1EE0DA
:1059800001EE101AB8EE411ADFED4C1A81EE812AB1
:105990009FED491AC0EE011A434E20363668C6F311
:1059A000080601EE106AB8EE411A31EE811A00E0E5
:1059B00076E0F7EE001A31EE211A62EE010A5BE0A2
:1059C00001EE101AB8EE411A9FED3D2AC2EE011AFF
:1059D0009FED391A80EE012A334E20363668C6F321
:1059E000080601EE106AB8EE411A32EE011AB7EE5F
:1059F000002A31EE021A61EE810A3DE04EE01DE020
:105A000001EE101AB8EE411ADFED2E1A81EE812A4E
:105A10009FED291AC0EE011A234E20363668C6F3D0
:105A2000080601EE106AB8EE411A31EE811AF7EE5F
:105A3000001A31EE211A62EE010A1DE001EE101A81
:105A4000B8EE411A9FED1E2AC2EE011A9FED1A1AF6
:105A500080EE012A144E20363668C6F3080601EEA1
:105A6000106AB8EE411A32EE011AB7EE002A31EE92
:105A7000021A61EE810A00BF00BF0B4E2036366865
:105A8000C6F34626721C01EE102AB8EE411AC0EE8B
:105A9000811ABCEEE11A11EE100A00E0002001E0CC
:105AA000034800BF00BFF0BD104402580090D0036F
:105AB00000093D0040787D01000000460024744C40
:105AC0000024744A20BCBE4B2DE9F047044614B9AB
:105AD0000120BDE8F087207800F00100002870D098
:105AE000FA48006800F03808F8481830D0F80090FC
:105AF000B8F1100F06D0B8F1180F0FD109F003005C
:105B000002280BD1F14810380068C0F3404000284B
:105B10006AD06068002867D10120DAE700BF6068BA
:105B2000B0F5803F08D1E9481038006840F4803073
:105B3000E649103908602EE0606868B9E34810381B
:105B4000006820F48030E149103908600846006898
:105B500020F4802008601EE06068B0F5A02F0DD111
:105B6000DA481038006840F48020D84910390860BD
:105B70000846006840F4803008600CE0D3481038D4
:105B8000006820F48030D149103908600846006868
:105B900020F48020086000BF606898B1FEF73AF8F2
:105BA000054606E0FEF736F8401B642801D90320BD
:105BB0008FE7C64810380068C0F340400028F1D095
:105BC00012E012E0FEF726F8054606E0FEF722F89E
:105BD000401B642801D903207BE7BC4810380068CB
:105BE000C0F340400028F1D100BF207800F002004F
:105BF000022874D1B548006800F03808B34818305E
:105C0000D0F80090B8F1000F05D0B8F1180F56D1B8
:105C100009F00300D0BBAD4810380068C0F3800025
:105C200018B1E06808B9012053E7A84810380068A7
:105C300020F01900E1680843A44910390860FDF715
:105C4000E9FF054606E0FDF7E5FF401B022801D904
:105C500003203EE79D4810380068C0F3800000280C
:105C6000F1D000BFFDF7D0FF41F2030188421AD8FE
:105C7000206940280BD195480C38006820F47C300E
:105C800040F4003091490C39086017E017E08F4864
:105C90000C38006820F47C30216940EA01308B49DF
:105CA0000C3908600AE089480C38006820F0FE4092
:105CB000217C40EA016085490C39086066E0E068B3
:105CC00088B382481038006820F01900E168084362
:105CD0007E4910390860FDF79DFF054607E056E054
:105CE000FDF798FF401B022801D90320F1E6774811
:105CF00010380068C0F380000028F1D000BFFDF725
:105D000083FF41F2030188421AD8206940280BD151
:105D10006E480C38006820F47C3040F400306B4949
:105D20000C39086017E017E068480C38006820F468
:105D30007C30216940EA013064490C3908600AE08E
:105D400062480C38006820F0FE40217C40EA016087
:105D50005E490C39086019E05C481038006820F092
:105D600001005A4910390860FDF754FF054606E066
:105D7000FDF750FF401B022801D90320A9E6534834
:105D800010380068C0F380000028F1D100BF2078EF
:105D900000F0100010287CD14C48006800F0380852
:105DA0004A481830D0F80090B8F1080F06D0B8F182
:105DB000180F3DD109F00300012839D143481038AC
:105DC0000068C0F3002020B1E069802801D00120E4
:105DD0007FE600BFFDF718FF41F2030188421AD8A1
:105DE000206A20280AD139480C38006820F0F84091
:105DF00040F0804035490C39086018E033480C38D1
:105E0000006820F0F84094F8201040EA81602F49A3
:105E10000C3908600BE02D48001F006820F07C5012
:105E200094F8201040EA01602849091F086066E0E4
:105E3000E06978B325481038006840F080002349B5
:105E400010390860FDF7E6FE054606E0FDF7E2FEC4
:105E5000401B022801D903203BE61C48103800688B
:105E6000C0F300200028F1D000BFFDF7CDFE41F2C5
:105E7000030188421CD8206A20280CD113480C3812
:105E8000006820F0F84040F0804010490C3908606C
:105E90001AE035E01CE00D480C38006820F0F840AE
:105EA00094F8201040EA816008490C3908600BE042
:105EB0000648001F006820F07C5094F8201040EA4B
:105EC00001600249091F086019E0000010440258EF
:105ED000FA48006820F08000F8490860FDF79AFE53
:105EE000054606E0FDF796FE401B022801D9032077
:105EF000EFE5F2480068C0F300200028F2D100BFAF
:105F0000207800F00800082836D16069D0B1EB484D
:105F10007430006840F00100E84974310860FDF712
:105F200079FE054606E0FDF775FE401B022801D903
:105F30000320CEE5E14874300068C0F3400000283B
:105F4000F1D019E0DD487430006820F00100DB4931
:105F500074310860FDF75EFE054606E0FDF75AFE67
:105F6000401B022801D90320B3E5D44874300068EF
:105F7000C0F340000028F1D1207800F02000202854
:105F800030D1A069B8B1CD48006840F48050CB4909
:105F90000860FDF73FFE054606E0FDF73BFE401BAF
:105FA000022801D9032094E5C4480068C0F34030BA
:105FB0000028F2D016E0C148006820F48050BF49A4
:105FC0000860FDF727FE054606E0FDF723FE401BAF
:105FD000022801D903207CE5B8480068C0F34030AE
:105FE0000028F2D1207800F0040004287DD1B448C4
:105FF000006840F48070B2490860FDF70BFE05466A
:1060000006E0FDF707FE401B642801D9032060E588
:10601000AB48006800F480700028F2D000BFA06890
:10602000012808D1A5487030006840F00100A3495C
:10603000703108602DE0A06868B9A0487030006831
:1060400020F001009D49703108600846006820F08A
:10605000040008601DE0A06805280DD19748703045
:10606000006840F0040095497031086008460068F7
:1060700040F0010008600CE090487030006820F0AB
:1060800001008E49703108600846006820F0040065
:10609000086000BFA068A0B1FDF7BCFD054608E0A0
:1060A000FDF7B8FD401B41F28831884201D9032039
:1060B0000FE5824870300068C0F340000028EFD040
:1060C00013E0FDF7A7FD054608E0FDF7A3FD401B23
:1060D00041F28831884201D90320FAE477487030D0
:1060E0000068C0F340000028EFD1606A00287DD02E
:1060F00072481030006800F03800182877D0606AC5
:10610000022875D16D48006820F080706B490860E6
:10611000FDF780FD054606E0FDF77CFD401B0228EB
:1061200001D90320D5E465480068C0F34060002829
:10613000F2D100BFD4E90A1041EA00105F492831CA
:10614000096840F2F332914308435C492831086002
:10615000208E401EC0F30800616B491E4FF47E4242
:1061600002EA41210843218F491ED20102EA01417E
:1061700008433C21095D491E120202EA01610843FD
:106180004E493031086000BF081F006820F0010050
:10619000091F08604948343000684FF6F871884399
:1061A000A16C40EAC10045493431086043482C30B5
:1061B000006820F00C00216C084340492C31086035
:1061C0000846006820F00200616C08433B492C310E
:1061D00008600846006840F480300860084600689F
:1061E00040F4003008600846006802E093E038E0C0
:1061F0001FE040F4802008600846006840F001007D
:1062000008602E48006840F080702C490860FDF757
:1062100001FD054606E0FDF7FDFC401B022801D903
:10622000032056E425480068C0F340600028F2D0FF
:1062300071E02248006820F0807020490860FDF776
:10624000E9FC054606E0FDF7E5FC401B022801D904
:1062500003203EE419480068C0F340600028F2D1F2
:1062600059E0164828300768144830300668606ADC
:10627000012821D007F00301A06A81421CD1C7F395
:106280000511E06A884217D1C6F30801206B401E51
:10629000814211D1606B401EC6F3462188420BD16A
:1062A000A06B401EC6F30641884205D1E06B401E3C
:1062B000C6F30661884205D001200AE40044025872
:1062C0000048025815480068C0F3CC07A06CB842DB
:1062D00021D012480838006820F001000F49083921
:1062E0000860FDF797FC054600BFFDF793FC401BD7
:1062F000FBD00A4800684FF6F8718843A16C40EA69
:10630000C1000649086005480838006840F00100EF
:1063100002490839086000204AE400003444025869
:1063200038B5044600BF94F88000012801D102204E
:1063300038BD012084F8800000BF072084F8810068
:106340000025554800681821B0FBF1F04FF47A7130
:10635000B0FBF1F06421484300902068006800F42D
:106360000070B0F5007F4FD12068006920F0080070
:106370002168086100BF0098401E0090009830B965
:10638000D4F8840040F04000C4F8840005E02068A0
:10639000006900F008000828EDD000BF2068006800
:1063A00040F480602168086000BF0098401E0090A3
:1063B000009830B9D4F8840040F04000C4F884005C
:1063C00006E02068006800F40070B0F5007FECD0B3
:1063D00000BF2068806940F400602168886100BFC8
:1063E0000098401E0090009830B9D4F8840040F026
:1063F0004000C4F8840006E02068406900F40060B2
:10640000B0F5006FECD000BF2068806800F4004059
:10641000B0F5004F10D1A06F70B10020A16F0865DA
:10642000A06FFBF7E5FB38B1A06FFCF71BF8202845
:1064300002D14020C4F884002068806800F48040C5
:10644000B0F5804F10D1E06F70B10020E16F0865AA
:10645000E06FFBF7CDFB38B1E06FFCF703F82028C5
:1064600002D14020C4F88400204601F05FFDD4F83A
:10647000840000F04000402801D1012502E0002006
:10648000C4F8840000BF002084F8800000BF012011
:1064900084F8810028464BE7040000247047000080
:1064A00070B504460CB9012070BD606A00B900BF28
:1064B000A06AB0F5800F00D100BF9E4920688842D5
:1064C0000CD09D492068884208D09C4920688842A9
:1064D00004D0E0680F2801D90120E5E7204601F04B
:1064E00073FE064693492068884209D09249206885
:1064F000884205D091492068884201D0082E0DD8E5
:106500008C492068884207D08B492068884203D094
:106510008A492068884203D1102E01D90120C3E79F
:10652000A06AB0F5800F1DD18249206888420DD045
:1065300081492068884209D080492068884205D076
:10654000206BB0F5702F01D90120ADE7206B10B999
:10655000A089050400E0256BE068B0EB154F03D976
:106560000120A1E7A089050494F8810028B9002042
:1065700084F88000204600F0E3F8022084F88100CF
:106580002068006820F0010021680860A069B0F16F
:10659000806F11D16068B0F5800F01D1A06B28B178
:1065A000606848B9A06BB0F1805F05D120680068D1
:1065B00040F4805021680860606800F48000B0F505
:1065C000800F0BD1E068072808D32068006820F40A
:1065D0008070216D08432168086005E0206800682C
:1065E00020F4807021680860A16AE06908432843AC
:1065F000E16B0843E168084321688860616A606B69
:106600000843A16B0843A1690843216908436169F4
:106610000843216A084361680843E16C0843A168A4
:106620000843A16C0843A16D08432168C860A06AB3
:10663000B0F5800F4DD1206C012806D1206800688C
:1066400040F400402168086005E02068006820F4FC
:10665000004021680860606C012806D1206800684D
:1066600040F480402168086005E02068006820F45C
:106670008040216808602F49206888420AD02E494E
:106680002068884206D02D492068884202D0B5F59E
:10669000702F0ED027492068884207D026492068ED
:1066A000884203D025492068884209D1B5F5F81FF2
:1066B00006D12068006840F400502168086005E0B9
:1066C0002068006820F40050216808602168E06AB2
:1066D0000864606888B9A06A38B92068806820F4C6
:1066E000C05040F40060216888602068806820F411
:1066F000C06040F48060216888602068006D20F0F0
:10670000010021680865606800F48000B0F5800F22
:1067100007D12068C06820F00040616D08432168FF
:10672000C8600020C4F88400012084F881000020A3
:10673000BAE600000030014000380040003C004054
:1067400010B5B6B00446142101A8F9F73DFF3F4942
:106750002068884278D14FF48053DDE90610194350
:10676000CDE9061000201E9006A8FEF709F800BF2C
:1067700000BF3748006840F480403549086008464B
:10678000006800F48040009000BF00BF00BF00BF61
:1067900000BF2F480838006840F002002C49083933
:1067A00008600846006800F00200009000BF00BFCB
:1067B00000BF00BF00BF0846006840F0020008604C
:1067C0000846006800F00200009000BF00BF00BF54
:1067D00000BF00BF0846006840F00200086008469D
:1067E000006800F00200009000BF00BF00BF4FF43F
:1067F0000050019002200290012003900320049099
:106800000520059001A91348FDF7F2F84FF48040E8
:1068100001900220029001200390032004900520A3
:10682000059001A90B48FDF7E3F84FF400400190F3
:10683000022002900120039003200490052005907F
:1068400001A90448FDF7D4F836B010BD0038004067
:10685000E8440258000402582DE9FC5F04468A46C9
:1068600093461E460C9D0020019000BF94F88000C6
:10687000012802D10220BDE8FC9F012084F880009D
:1068800000BFFDF7C7F981463746B04694F881004E
:10689000012808D00220019000BF002084F8800069
:1068A00000BF0198E7E7BAF1000F03D0BBF1000F7A
:1068B00000D046B90120019000BF002084F880007C
:1068C00000BF0198D7E7052084F881000020C4F8B4
:1068D0008400C4F864B0A4F86A60A4F86860C4F8DE
:1068E0005CA0A4F86260A4F860602067606720681C
:1068F000C06820F4C0202168C860206840686FF339
:106900000F003043216848602068006840F00100B3
:10691000216808606068B0F5800F05D120680068C4
:1069200040F4007021680860E0680F284ED947E005
:106930002068406900F0020002280ED16FB1E06DBE
:10694000006821680862E06D001DE065B4F862002F
:10695000401EA4F86200B4F862702068406948F2F2
:106960000801084080B1B8F1000F0DD02068006B1D
:10697000616E0860606E001D6066B4F86A00401EBB
:10698000A4F86A00B4F86A80FDF744F9A0EB0900A6
:10699000A84201D3681C00B995B9204601F00FFB4D
:1069A00000BF002084F8800000BFD4F8840040F4C9
:1069B0008070C4F88400012084F8810003205AE725
:1069C000002FB5D1B8F1000FB2D19FE0E0680728E1
:1069D0004DD946E02068406900F0020002280ED13F
:1069E0006FB1E06D008821680884E06D801CE0656F
:1069F000B4F86200401EA4F86200B4F86270206827
:106A0000406900F0010080B1B8F1000F0DD020689E
:106A1000008E616E0880606E801C6066B4F86A004B
:106A2000401EA4F86A00B4F86A80FDF7F3F8A0EB02
:106A30000900A84201D3681C00B995B9204601F0AD
:106A4000BEFA00BF002084F8800000BFD4F88400A4
:106A500040F48070C4F88400012084F88100032091
:106A600009E7002FB6D1B8F1000FB3D14EE048E0EE
:106A70002068406900F0020002280FD177B1E06D74
:106A80000078216881F82000E06D401CE065B4F8D2
:106A90006200401EA4F86200B4F862702068406989
:106AA00000F0010088B1B8F1000F0ED0206890F816
:106AB0003000616E0870606E401C6066B4F86A0059
:106AC000401EA4F86A00B4F86A80FDF7A3F8A0EBB2
:106AD0000900A84201D3681C00B995B9204601F00D
:106AE0006EFA00BF002084F8800000BFD4F8840054
:106AF00040F48070C4F88400012084F881000320F1
:106B0000B9E6002FB4D1B8F1000FB1D12B46002265
:106B100008212046CDF8009001F063FB28B1D4F89D
:106B2000840040F02000C4F88400204601F047FAB9
:106B300000BF002084F8800000BF012084F881009D
:106B4000D4F8840008B1012095E6019893E600008E
:106B50002DE9F04104460E461546002700BF94F883
:106B60008000012802D10220BDE8F081012084F8D4
:106B7000800000BF94F88100012807D0022700BFE1
:106B8000002084F8800000BF3846EDE706B13DB92B
:106B9000012700BF002084F8800000BF3846E3E7EB
:106BA00003205C3484F825000020A0622660A580C4
:106BB000E580A060A0616061A081E0815C3CA0688C
:106BC000B0F5C02F06D12068006840F4006021684D
:106BD000086007E02068C06820F4C02040F400305E
:106BE0002168C860E0680F2804D9A06F8069B0F5FB
:106BF000804F0CD1E068072811D9A06F8069B0F5EB
:106C0000005F0CD0A06F8069B0F5804F07D00127DE
:106C100000BF002084F8800000BF3846A4E7E06889
:106C2000072816D8A06F8069B0F5005F05D1B4F8C9
:106C30006200401C4010A4F86200A06F8069B0F5AB
:106C4000804F14D1B4F86200C01C8010A4F8620018
:106C50000DE0E0680F280AD8A06F8069B0F5804F7A
:106C600005D1B4F86200401C4010A4F8620032481C
:106C7000A16F08643148A16FC8633148A16FC8642F
:106C80000020A16F08652068806820F4004021681A
:106C90008860B4F86230D4F800C00CF12002E16DD5
:106CA000A06FFCF7EFFB80B1D4F8840040F0100037
:106CB000C4F8840000BF002084F8800000BF0120D9
:106CC00084F88100012738464EE7A06FC069B0F50F
:106CD000807F06D1206840686FF30F00216848600C
:106CE00006E0206840686FF30F0028432168486081
:106CF0002068806840F4004021688860206800694E
:106D000040F44870216808612068006840F0010084
:106D1000216808606068B0F5800F05D120680068C0
:106D200040F400702168086000BF002084F88000F3
:106D300000BF384618E70000EB800008F980000823
:106D4000BB80000810B504460AA0F9F795FB0B4973
:106D5000206888420CD10120094908700948008840
:106D6000401C084908800846018807A0F9F784FB01
:106D700010BD0000656E7465720A000000380040A6
:106D8000000000240200002473636F756E743A25BE
:106D9000642020202020202020202020200A000005
:106DA000704700000349096821F002010143014ACC
:106DB000116070472004005870B504462546681ECF
:106DC000B0F1807F01D301200FE0681E4FF0E02179
:106DD00048610F214FF0FF3002F0CAFA00204FF057
:106DE000E021886107200861002070BD704770476E
:106DF00070477047704700002DE9F047044620684F
:106E0000C569206806682068876840F60F0005EAB3
:106E10000009B9F1000F0FD105F0200060B106F0B4
:106E2000200010B907F0805030B1606F10B12046DB
:106E3000616F8847BDE8F087B9F1000F7ED0FE484A
:106E4000384018B9FD4830400028F7D005F001005F
:106E500058B106F4807040B1012021680862D4F86E
:106E6000900040F00100C4F8900005F0020058B115
:106E700007F0010040B1022021680862D4F89000B8
:106E800040F00400C4F8900005F0040058B107F089
:106E9000010040B1042021680862D4F8900040F05D
:106EA0000200C4F8900005F0080070B106F0200060
:106EB00010B9E148384040B1082021680862D4F890
:106EC000900040F00800C4F8900005F4006060B144
:106ED00006F0806048B14FF4006021680862D4F881
:106EE000900040F02000C4F89000D4F890000028F2
:106EF00052D005F0200050B106F0200010B907F084
:106F0000805020B1606F10B12046616F8847D4F87F
:106F100090A02068806800F04000402802D00AF06D
:106F2000280070B3204601F0FFFA2068806800F066
:106F30004000402826D100BF00BF00E02DE02168BE
:106F4000083151E8001F21F040002168083141E874
:106F50000002002AF1D100BFD4F8800068B1B8481F
:106F6000D4F880100865D4F88000FBF7AFF898B12A
:106F7000D4F88000016D88470EE02046FFF73AFF05
:106F80000AE003E02046FFF735FF05E02046FFF763
:106F900031FF0020C4F890004CE7E06E01287DD15D
:106FA00005F01000002879D006F010000028FAD073
:106FB0001020216808622068806800F040004028A6
:106FC0006DD1D4F8800000689E4988426BD0D4F817
:106FD000800000689B491831884264D0D4F8800052
:106FE00000689849303188425DD0D4F8800000684C
:106FF00094494831884256D0D4F8800000689149BD
:10700000603188424FD0D4F8800000688D497831D3
:10701000884248D0D4F8800000688A49903188427C
:1070200041D0D4F8800000688649A83188423AD01F
:10703000D4F8800000688449884234D0D4F88000B5
:1070400000688149183188422DD0D4F8800000684A
:107050007D493031884226D0D4F8800000687A49D2
:10706000483188421FD0D4F88000006876496031EA
:10707000884218D0D4F8800000687349783188427B
:1070800011D0D4F8800000686F49903188420AD04E
:10709000D4F8800000686C49A83102E0AEE069E0F5
:1070A00001E0884204D1D4F880000068406803E021
:1070B000D4F88000006840681FFA80F8B8F1000F2B
:1070C00057D0B4F85C00404553DDA4F85E80D4F896
:1070D0008000C069B0F5807F40D000BF00BF21684C
:1070E00051E8001F21F48070226842E80001002965
:1070F000F5D100BF00BF00BF2168083151E8001F73
:1071000021F001002168083141E80002002AF3D192
:1071100000BF00BF00BF2168083151E8001F21F007
:1071200040002168083141E80002002AF3D100BF85
:107130002020C4F88C000020E06600BF00BF21685A
:1071400051E8001F21F01000226842E800010029E8
:10715000F5D100BFD4F88000FAF74AFD022020677D
:10716000B4F85C00B4F85E20801A81B22046FFF7C4
:107170003DFE5FE634F85C0F6188401A1FFA80F824
:1071800060885C3CC8B3B8F1000F36D000BF00BFC8
:10719000216851E8001F21F49070226842E8000144
:1071A0000029F5D100BF00BF00BF2168083151E8B8
:1071B000001F214AD24301EA02002168083141E858
:1071C0000002002AF1D100BF2020C4F88C0000206A
:1071D000E066606700BF00BF216851E8001F21F032
:1071E0001000226842E800010029F5D100BF02200A
:1071F000206741462046FFF7F9FD1BE605F48010A5
:1072000050B107F4800038B14FF480102168086253
:107210002046FFF7EEFD0DE605F08000B0B106F068
:10722000800010B907F4000080B1A06F10B12046B3
:10723000A16F8847FEE50000010000102001000456
:107240000F850008100002401004024005F04000C5
:1072500030B106F0400018B1204601F09BF9E9E595
:1072600005F4000030B106F0804018B12046FFF769
:10727000BFFDDFE505F0807030B106F0004018B1C9
:107280002046FFF7B4FDD5E500BFD3E510B50446B1
:107290000CB9012010BDA06900B100E000BFD4F816
:1072A000880028B9002084F88400204600F02AF8DD
:1072B0002420C4F888002068006820F001002168BC
:1072C0000860204601F07CFC012800D1E2E7A06ABA
:1072D00010B1204601F02AF82068406820F4904060
:1072E000216848602068806820F02A002168886052
:1072F0002068006840F0010021680860204601F025
:1073000091F8C7E710B586B0044632492068884234
:107310005ED13148D0E90010012319432E4AC2E959
:10732000001000201146C8670846FDF729FA00BF83
:1073300000BF2A48006840F010002849086008464D
:10734000006800F01000009000BF00BF00BF00BF49
:1073500000BF22481038006840F001001F49103972
:1073600008600846006800F00100009000BF00BF00
:1073700000BF00BF00BF0846006840F00100086081
:107380000846006800F00100009000BF00BF00BF89
:107390004FF400700190022002900120039002201F
:1073A00004900720059001A90D48FCF721FB4FF43C
:1073B000806001900720059001A90948FCF718FB9F
:1073C0002520FCF7FAFC032211462520FCF709FDD5
:1073D00006B010BD0010014028000024F0440258FF
:1073E0000000025870B504460D461646D4F88C00CD
:1073F000202821D105B10EB9012070BD0020E06622
:107400000E492068884211D02068406800F40000CE
:1074100060B100BF00BF216851E8001F41F08060EB
:10742000226842E800010029F5D100BF3246294612
:10743000204601F08BFEE0E70220DEE7000C00585A
:1074400010B504462049206888423BD11F48008877
:1074500000F4004088BB1D48008800F4804070B1F3
:107460001B4800780A2803D000201849088024E02F
:107470001648008840F40040144908801DE0144874
:1074800000780D2806D11148008840F480400F494B
:10749000088012E00E4800780C490988C1F30D01FC
:1074A0000C4A505409480088401C08490880084686
:1074B0000088C72801DD0020088001220449064811
:1074C000FFF790FF10BD00000010014018000024DD
:1074D0001A000024E8000024B0010024704700BF17
:1074E000FEE7000070B5064616484088401E83B28D
:1074F00014480088401E82B20021084600F0C6F9F8
:1075000000224FF400611048FCF778FB0122910241
:107510000D48FCF773FB00240AE0002503E0304629
:1075200000F066FA6D1C07480088A842F7D8641C72
:1075300004484088A042F0D80122D1020248FCF75A
:107540005DFB70BD00560024000402582DE9F84F81
:1075500006460F4690469946DDF828A000240025EF
:10756000A8EB0600401C1FFA80FBA9EB0700401C9B
:1075700080B200904B4642463946304600F086F9CC
:1075800000BF0FE04FF6FF7000EA44053AF8140020
:10759000001208494855681C85B21AF8140048556D
:1075A000601C84B2B4F5486FECDB0248F9F7B0FC1C
:1075B000BDE8F88F0E56002400B587B000BF0D4817
:1075C000006840F002000B4908600846006800F0BF
:1075D0000200019000BF00BF4FF4E0500290032072
:1075E00005900120039002A90348FCF701FA07B0B7
:1075F00000BD0000E04402580004025810B503F03A
:1076000027FD4FF0805003F075FDFFF7D5FF00F028
:1076100027F9CF2000F07EF9002000F063F9C9209F
:1076200000F060F9302000F05DF9ED2000F072F913
:10763000642000F057F9032000F054F9122000F004
:1076400051F9812000F04EF9E82000F063F985201F
:1076500000F048F9102000F045F97A2000F042F9D6
:10766000CB2000F057F9392000F03CF92C2000F035
:1076700039F9002000F036F9342000F033F9022007
:1076800000F030F9F72000F045F9202000F02AF949
:10769000EA2000F03FF9002000F024F9002000F07B
:1076A00021F9C02000F036F91B2000F01BF9C120A1
:1076B00000F030F9002000F015F9C52000F02AF99B
:1076C000302000F00FF9302000F00CF9C72000F056
:1076D00021F9B72000F006F9362000F01BF9082048
:1076E00000F000F93A2000F015F9552000F0FAF802
:1076F000B12000F00FF9002000F0F4F81A2000F09B
:10770000F1F8B62000F006F90A2000F0EBF8A2200C
:1077100000F0E8F8F22000F0FDF8002000F0E2F8B8
:10772000262000F0F7F8012000F0DCF8E02000F05F
:10773000F1F80F2000F0D6F82A2000F0D3F8282026
:1077400000F0D0F8082000F0CDF80E2000F0CAF8C4
:10775000082000F0C7F8542000F0C4F8A92000F079
:10776000C1F8432000F0BEF80A2000F0BBF80F205B
:1077700000F0B8F8002000F0B5F8002000F0B2F8F2
:10778000002000F0AFF8002000F0ACF8E12000F09D
:10779000C1F8002000F0A6F8152000F0A3F817208B
:1077A00000F0A0F8072000F09DF8112000F09AF8F2
:1077B000062000F097F82B2000F094F8562000F0F7
:1077C00091F83C2000F08EF8052000F08BF8102096
:1077D00000F088F80F2000F085F83F2000F082F8D4
:1077E0003F2000F07FF80F2000F07CF82B2000F005
:1077F00091F8002000F076F8002000F073F80120E6
:1078000000F070F83F2000F06DF82A2000F082F8B8
:10781000002000F067F8002000F064F8002000F07D
:1078200061F8EF2000F05EF8112000F073F8782086
:1078300003F0AEFA292000F06DF8002000F096F871
:1078400003A0F8F719FE4FF6FF70FFF74BFE10BDCF
:10785000626567696E20746F2121210A00000000B3
:1078600010B500224FF480510748FCF7C7F9642097
:1078700003F08EFA012211030348FCF7BFF932200E
:1078800003F086FA10BD0000000402582DE9F04113
:1078900004460D4616461F461149887A00F03AF80C
:1078A000201200F01FF8E0B200F01CF8301200F0D7
:1078B00019F8F0B200F016F80949087B00F02AF830
:1078C000281200F00FF8E8B200F00CF8381200F0BF
:1078D00009F8F8B200F006F800F036F8BDE8F081DB
:1078E0000056002410B5044600224FF400610848F9
:1078F000FCF784F9012291020548FCF77FF9204644
:1079000003F0D6FB0122D1020148FCF777F910BD44
:107910000004025810B5044600224FF400610948E3
:10792000FCF76CF900224FF480610648FCF766F919
:10793000204603F0BDFB0122D1020248FCF75EF9AC
:1079400010BD00000004025810B50249087AFFF784
:10795000E1FF10BD0056002470B505460C462846D0
:10796000FFF7D8FFE0B2FFF7BDFF70BD10B50446CA
:107970002A201E4948812B2088812C20088134B17F
:10798000012C0FD0022C18D0032C2CD120E0F02099
:10799000164908804FF4A070488008213620FFF770
:1079A000DBFF21E04FF4A07010490880F0204880F0
:1079B00068213620FFF7D0FF16E0F0200B49088041
:1079C0004FF4A0704880C8213620FFF7C5FF0BE0B8
:1079D0004FF4A07005490880F0204880A821362087
:1079E000FFF7BAFF00E000BF00BF10BD0056002443
:1079F00010B5044600224FF400610A48FCF7FEF877
:107A0000012291020748FCF7F9F8201203F050FB1D
:107A1000E0B203F04DFB0122D1020248FCF7EEF880
:107A200010BD00000004025800BFFEE77047704719
:107A300010B54B6A33B1B2F1406F03D08B6A5B1E55
:107A4000046823618B69002B76D00B6AE3B38B68E3
:107A50000468E361CB69FBB1D1E90B3423434C6B80
:107A600023434C6A23438C8A43EA84430C692343AF
:107A70000C6A2343CC682343CC6923438C6923439A
:107A80000C682343134304686361B2F1406F02D072
:107A90004B680468A361BEE0D1E90B3423434C6B0F
:107AA00023434C6A23438C8A43EA84430C6923436F
:107AB0000C6A2343CC6923438C6923430C6823431A
:107AC000134304686361A6E0FFE7CB69EBB1D1E93A
:107AD0000B3423434C6B23434C6A23438C8A43EA85
:107AE00084430C6A2343CC682343CC6923438C69C9
:107AF00023430C682343134304686361B2F1406F6E
:107B0000C9D04B680468A36185E0D1E90B342343F5
:107B10004C6B23434C6A23438C8A43EA84430C6AAC
:107B20002343CC6923438C6923430C6823431343C9
:107B3000046863616FE0FFE70B6AC3B38B68046896
:107B4000E361CB69EBB1D1E90B3423434C6B2343A5
:107B50004C6A23438C8A43EA84430C6923430C6AAE
:107B60002343CC682343CC6923438C6923431343C9
:107B700004686361B2F1406F4DD04B680468A36143
:107B800049E0D1E90B3423434C6B23434C6A234334
:107B90008C8A43EA84430C6923430C6A2343CC69EF
:107BA00023438C69234313430468636133E0FFE795
:107BB000CB69DBB1D1E90B3423434C6B23434C6AD3
:107BC00023438C8A43EA84430C6A2343CC682343CF
:107BD000CC6923438C692343134304686361B2F186
:107BE000406F18D04B680468A36114E04B6A93B1EE
:107BF000D1E90B3423434C6B23434C6A23438C8AD7
:107C000043EA84430C6A2343CC6923438C692343AE
:107C100013430468636110BD2DE9F04104460E462C
:107C200017469846069D12E0681C80B1FBF7F2FFEC
:107C3000A0EB0800A84200D84DB9042084F8410008
:107C4000606C40F0010060640120BDE8F0812068B4
:107C50008068304008B1012000E00020B842E3D144
:107C60000020F2E72DE9F04104460E460027554872
:107C7000006800F00300032802D10120BDE8F08174
:107C800050482838006820F080604E492839086044
:107C9000FBF7C0FF054606E0FBF7BCFF401B0228D0
:107CA00001D90320EAE7474828380068C0F3C060DC
:107CB0000028F1D100BF4348006820F47C302168DF
:107CC00040EA01303F490860A088401EC0F3080028
:107CD000A168491E4FF47E4202EA41210843A1896E
:107CE000491ED20102EA01410843217C491E1202C9
:107CF00002EA0161084333491031086000BF31488E
:107D0000001D006820F0C000616908432D49091D6D
:107D100008600846006820F02000A169084329494E
:107D2000091D08600846006820F01000086025481A
:107D3000143000684FF6F8718843E16940EAC100E9
:107D40002049143108601F48001D006840F01000F1
:107D50001C49091D08602EB90846006840F400203F
:107D6000086012E0012E08D11648001D006840F49A
:107D700080101449091D086007E01248001D0068C2
:107D800040F400100F49091D08600E4828380068AB
:107D900040F080600B4928390860FBF73BFF05463F
:107DA00006E0FBF737FF401B022801D9032065E7F7
:107DB000044828380068C0F3C0600028F1D0384675
:107DC0005CE70000284402582DE9F04104460E46C5
:107DD00000275548006800F00300032802D1012065
:107DE000BDE8F08150482838006820F080504E49A6
:107DF00028390860FBF70EFF054606E0FBF70AFF8F
:107E0000401B022801D90320EAE7474828380068C8
:107E1000C0F340700028F1D100BF4348006820F053
:107E20007C70218840EA01503F490860A088401ECC
:107E3000C0F30800A168491E4FF47E4202EA4121C6
:107E40000843A189491ED20102EA01410843217C6D
:107E5000491E120202EA01610843334918310860E1
:107E600000BF3148001D006820F44060616908438C
:107E70002D49091D08600846006820F40070A169BA
:107E800008432949091D08600846006820F48070ED
:107E9000086025481C3000684FF6F8718843E16996
:107EA00040EAC10020491C3108601F48001D0068DD
:107EB00040F480701C49091D08602EB9084600680E
:107EC00040F48000086012E0012E08D11648001D21
:107ED000006840F400001449091D086007E01248DA
:107EE000001D006840F080700F49091D08600E48B1
:107EF0002838006840F080500B4928390860FBF7AB
:107F000089FE054606E0FBF785FE401B022801D9E5
:107F1000032065E7044828380068C0F34070002853
:107F2000F1D038465CE7000028440258016809682F
:107F300021F00101026811600168096940F26F32A5
:107F40009143026811610168896941F00801026882
:107F500091610168896941F01001026891610168CD
:107F6000896821F44041026891600168896941F0A3
:107F70004001026891610168896941F0200102684D
:107F800091610168896941F48071026891610168B9
:107F9000896941F40071026891610168896941F45D
:107FA0000061026891610168896941F0800102689D
:107FB00091610021A0F86210A0F86A107047026871
:107FC00051690268926942F0080203689A61026886
:107FD000926942F0100203689A610268126822F006
:107FE000010203681A600268126940F26F339A4313
:107FF00003681A610268926822F4404203689A603A
:1080000090F88120042A0ED001F020025AB1D0F855
:10801000842042F08002C0F884200268926942F015
:10802000200203689A6190F88120032A21D001F090
:1080300040025AB1D0F8842042F00402C0F88420F3
:108040000268926942F0400203689A61826AB2F55E
:10805000800F0ED101F080025AB1D0F8842042F096
:108060000202C0F884200268926942F0800203682C
:108070009A6101F400725AB1D0F8842042F00102F2
:10808000C0F884200268926942F4007203689A6121
:1080900001F480725AB1D0F8842042F00802C0F88E
:1080A00084200268926942F4807203689A61002217
:1080B000A0F86220A0F86A20704770B50546AC6B46
:1080C0002846FAF7CFF902280ED02046FFF777FFAF
:1080D000D4F8840040F01000C4F88400012084F833
:1080E00081002046FEF7DAF970BD70B50446A56B35
:1080F0002846FEF755FE70BD70B50546AC6B94F88A
:10810000810007280ED0A06FC069B0F5807F03D131
:108110002046FEF717FE05E02068006940F00800E1
:108120002168086170BD000008B500BF1F480068E5
:1081300040F002001D4908600846006800F0020097
:10814000009000BF00BF1A481A4908602820486004
:108150004021184881600021C1604FF480610161B5
:10816000002141618161C1614FF440310162002110
:10817000416281624FF08071C1620163FAF7F2FEE1
:1081800010B10DA0F8F778F900BF0A480D498867CB
:1081900008460849886300BF002211463B20FBF7D0
:1081A00020FE3B20FBF709FE08BD0000D844025822
:1081B00058040240106F00246572726F72727272FE
:1081C00072720A004402002410B501460124C86BF3
:1081D00004EB5013C868421CD01DC20802FB03F018
:1081E00010BD2DE9F04106460D4617461C46DDF848
:1081F00018800BE0FBF70EFDA0EB0800A04201D3B6
:10820000601C00B914B90320BDE8F08130684069F2
:108210002840A84201D1012000E00020B842E9D066
:108220000020F1E7704710B5FBF7FAFC10BD000025
:108230003448006840F470003249086032480068F1
:1082400000F00F00072806D22F48006820F00F002A
:10825000C01D2D4908602D48006840F001002B49E1
:108260000860002029491031086028480068284922
:108270000840264908602448006800F00F000728DD
:1082800006D92148006820F00F00C01D1E49086073
:1082900000201E4918310860091D0860091D08608A
:1082A0001C481A49283108601B48091D08601B48F2
:1082B000091D08600020091D08601848091D086094
:1082C0000020091D08601548091D08600020091DCF
:1082D00008600E48006820F480200C4908600020E7
:1082E0000A49603108600E4800686FF30F00B0F172
:1082F000005F02D201200B49086043F2D2000A4914
:108300000860704788ED00E00020005200440258E9
:108310007FEDF6EA000202020000FF018002010187
:108320000010005C088100510040005290F82810B5
:1083300001F0010139B10168496821F40031C26AD4
:1083400011430268516090F8281001F002010229DF
:1083500007D10168496821F48031026B114302683A
:10836000516090F8281001F00401042907D1016838
:10837000496821F48021426B11430268516090F8F2
:10838000281001F00801082907D10168496821F483
:108390000041826B11430268516090F8281001F08F
:1083A0001001102907D10168896821F48051C26B3E
:1083B00011430268916090F8281001F020012029F3
:1083C00007D10168896821F40051026C11430268E9
:1083D000916090F8281001F04001402913D1016804
:1083E000496821F48011426C114302685160416C6C
:1083F000B1F5801F07D10168496821F4C001826C82
:1084000011430268516090F8281001F08001802922
:1084100007D10168496821F40021C26C1143026848
:108420005160704738B504460020C4F89000FBF74F
:10843000F1FB05462068006800F00800082821D1FB
:108440006FF07E402B4600224FF400110090204632
:1084500000F02AFFB0B100BF00BF216851E8001F43
:1084600021F08000226842E800010029F5D100BF18
:108470002020C4F8880000BF002084F8840000BFDA
:10848000032038BD2068006800F00400042830D1C3
:108490006FF07E402B4600224FF480010090204672
:1084A00000F002FF28B300BF00BF216851E8001FA1
:1084B00021F49070226842E800010029F5D100BF44
:1084C00000BF00BF2168083151E8001F21F0010002
:1084D0002168083141E80002002AF3D100BF2020C2
:1084E000C4F88C0000BF002084F8840000BF032083
:1084F000C7E72020C4F88800C4F88C000020E0669C
:10850000206700BF84F8840000BF00BFB9E770B5E2
:108510000546AC6B0020A4F85E00A4F85600204687
:10852000FEF768FC70BD000000BF00BF026852E8A3
:10853000002F22F49071036843E80012002AF5D15D
:1085400000BF00BF00BF0268083252E8002F104B86
:1085500002EA03010268083242E80013002BF2D15C
:1085600000BFC16E01290CD100BF00BF026852E8F4
:10857000002F22F01001036843E80012002AF5D111
:1085800000BF2021C0F88C100021C16641677047F0
:10859000FEFFFFEF10B5044600BF00BF216851E8A1
:1085A000001F21F04000226842E800010029F5D1B7
:1085B00000BF2020C4F888000020A0672046FEF7F6
:1085C0008DFF10BD2DE9F0410446B4F86070D4F879
:1085D0008C0022286ED12068406A86B2A56D06EA1A
:1085E00007002880A06D801CA065B4F85E00401EC6
:1085F000A4F85E00B4F85E00002861D100BF00BF9F
:10860000216851E8001F21F49070226842E80001BF
:108610000029F5D100BF00BF00BF2168083151E833
:10862000001F21F001002168083141E80002002A02
:10863000F3D100BF2020C4F88C00002060672067C1
:1086400020492068884211D02068406800F400006A
:1086500060B100BF00BF216851E8001F21F08060B9
:10866000226842E800010029F5D100BFE06E012830
:108670001CD10020E06600BF00BF216851E8001F48
:1086800021F01000226842E800010029F5D100BF66
:108690002068C069C0F3001010B110202168086282
:1086A000B4F85C102046FEF7A1FB09E02046FEF777
:1086B000C7FE05E02068806940F0080021688861F5
:1086C000BDE8F081000C00582DE9F84F0446B4F8DD
:1086D00060B02068C5692068006800902068D0F804
:1086E00008A0D4F88C0022287ED1B4F86890ADE0C0
:1086F0002068406A1FFA80F8A76D08EA0B003880EE
:10870000A06D801CA065B4F85E00401EA4F85E0059
:108710002068C56905F00700B0B305F0010060B13D
:10872000009800F4807040B1012021680862D4F8FC
:10873000900040F00100C4F8900005F0020058B12C
:108740000AF0010040B1022021680862D4F89000CC
:1087500040F00400C4F8900005F0040058B10AF09D
:10876000010040B1042021680862D4F8900040F074
:108770000200C4F89000D4F8900028B12046FEF71B
:1087800039FB0020C4F89000B4F85E0000285DD1E9
:1087900000BF00BF216851E8001F21F480702268EB
:1087A00042E800010029F5D100BF00BF00BF2168E9
:1087B000083151E8001F404A01EA020021680831EF
:1087C00041E80002002AF2D100BF2020C4F88C004A
:1087D00000206067206739492068884213D02068EC
:1087E000406800F4000000E05DE060B100BF00BF41
:1087F000216851E8001F21F08060226842E80001F2
:108800000029F5D100BFE06E01281CD10020E066F0
:1088100000BF00BF216851E8001F21F0100022684E
:1088200042E800010029F5D100BF2068C069C0F30B
:10883000001010B1102021680862B4F85C102046C6
:10884000FEF7D4FA02E02046FEF7FAFDB9F1000F78
:1088500004D005F0200000287FF44AAFB4F85E6031
:1088600006B3B4F86800B04223DD00BF00BF216842
:10887000083151E8001F21F080502168083141E89B
:108880000002002AF3D100BF0D48606700BF00BF9F
:10889000216851E8001F41F02000226842E80001F1
:1088A0000029F5D105E02068806940F008002168C2
:1088B0008861BDE8F88F0000FEFFFFEF000C005854
:1088C000C585000870B50446B4F86060D4F88C0023
:1088D00022286FD12068406A85B2F0B22840A16D8D
:1088E0000870A06D401CA065B4F85E00401EA4F89E
:1088F0005E00B4F85E00002862D100BF00BF2168AE
:1089000051E8001F21F49070226842E8000100291C
:10891000F5D100BF00BF00BF2168083151E8001F3A
:1089200021F001002168083141E80002002AF3D15A
:1089300000BF2020C4F88C00002060672067214918
:108940002068884211D02068406800F4000060B1BF
:1089500000BF00BF216851E8001F21F0806022683D
:1089600042E800010029F5D100BFE06E01281CD1CA
:108970000020E06600BF00BF216851E8001F21F021
:108980001000226842E800010029F5D100BF2068EC
:10899000C069C0F3001010B1102021680862B4F85B
:1089A0005C102046FEF722FA0AE02046FEF748FD5A
:1089B00006E0FFE72068806940F0080021688861D0
:1089C00070BD0000000C00582DE9F05F0446B4F8BB
:1089D00060A02068C5692068D0F800B02068D0F891
:1089E0000890D4F88C0022287ED1B4F86880ACE0DE
:1089F0002068406A87B20AF0FF003840A16D087015
:108A0000A06D401CA065B4F85E00401EA4F85E0096
:108A10002068C56905F00700A8B305F0010058B14A
:108A20000BF4807040B1012021680862D4F89000F6
:108A300040F00100C4F8900005F0020058B109F0C0
:108A4000010040B1022021680862D4F8900040F093
:108A50000400C4F8900005F0040058B109F00100CA
:108A600040B1042021680862D4F8900040F0020070
:108A7000C4F89000D4F8900028B12046FEF7BAF967
:108A80000020C4F89000B4F85E0000285DD100BF5B
:108A900000BF216851E8001F21F48070226842E87D
:108AA00000010029F5D100BF00BF00BF21680831D7
:108AB00051E8001F3F4A01EA02002168083141E8FD
:108AC0000002002AF2D100BF2020C4F88C00002050
:108AD0006067206738492068884213D02068406862
:108AE00000F4000070B100E05CE000BF00BF21684E
:108AF00051E8001F21F08060226842E8000100294F
:108B0000F5D100BFE06E01281CD10020E06600BF57
:108B100000BF216851E8001F21F01000226842E8E0
:108B200000010029F5D100BF2068C069C0F3001022
:108B300010B1102021680862B4F85C102046FEF7DE
:108B400055F902E02046FEF77BFCB8F1000F04D097
:108B500005F0200000287FF44BAFB4F85E6006B348
:108B6000B4F86800B04223DD00BF00BF21680831BF
:108B700051E8001F21F080502168083141E80002CF
:108B8000002AF3D100BF0D48606700BF00BF216815
:108B900051E8001F41F02000226842E8000100294E
:108BA000F5D105E02068806940F0080021688861FF
:108BB000BDE8F09FFEFFFFEF000C0058C5880008DD
:108BC0002DE9F04F89B0054600200890F849286843
:108BD000884200D100E000BF2969A868084369699C
:108BE0000843E96940EA010828680068F14908403B
:108BF00040EA0800296808602868406820F440506E
:108C0000E968084329684860D5F81880E849286869
:108C1000884202D0286A40EA080828688068E64945
:108C2000084040EA0800296888602868C06A20F087
:108C30000F00696A08432968C86200BFDF492868D5
:108C4000884220D1DE48006800F03800182811D092
:108C500005DC48B1082809D0102811D108E02028E7
:108C60000AD028280CD109E001240BE0042409E0F3
:108C7000082407E0102405E0202403E0402401E05C
:108C8000802400BFF8E0CF492868884219D1CC4839
:108C9000006800F00700062810D2DFE800F00305A6
:108CA00007090B0D00240BE0042409E0082407E069
:108CB000102405E0202403E0402401E0802400BFCC
:108CC000DAE0C1492868884219D1BD48006800F03F
:108CD0000700062810D2DFE800F0030507090B0D96
:108CE00000240BE0042409E0082407E0102405E038
:108CF000202403E0402401E0802400BFBCE0B3490D
:108D00002868884219D1AE48006800F0070006289C
:108D100010D2DFE800F0030507090B0D00240BE07B
:108D2000042409E0082407E0102405E0202403E0DF
:108D3000402401E0802400BF9EE0A54928688842C5
:108D400019D19F48006800F00700062810D2DFE81C
:108D500000F0030507090B0D00240BE0042409E0D3
:108D6000082407E0102405E0202403E0402401E06B
:108D7000802400BF80E097492868884220D190482D
:108D8000006800F03800182811D005DC48B1082828
:108D900009D0102811D108E020280AD028280CD1A9
:108DA00009E001240BE0042409E0082407E0102472
:108DB00005E0202403E0402401E0802400BF5BE0C4
:108DC00085492868884219D17D48006800F007006D
:108DD000062810D2DFE800F0030507090B0D002478
:108DE0000BE0042409E0082407E0102405E0202417
:108DF00003E0402401E0802400BF3DE0774928687B
:108E0000884219D16E48006800F00700062810D289
:108E1000DFE800F0030507090B0D00240BE0042434
:108E200009E0082407E0102405E0202403E04024A2
:108E300001E0802400BF1FE05D49286888421AD104
:108E40005F48001D006800F00700062810D2DFE828
:108E500000F0030507090B0D02240BE0042409E0D0
:108E6000082407E0102405E0202403E0402401E06A
:108E7000802400BF00E0802400BF4D49286888425C
:108E80007DD1102C1AD006DC022C09D0042C0BD07A
:108E9000082C29D10DE0202C21D0402C24D120E019
:108EA000FBF72CFA064623E005A8FBF739FA069EE5
:108EB0001EE002A8FBF74CFB039E19E04048543823
:108EC0000068C0F3401040B13D4854380068C0F31A
:108ED000C101434820FA01F600E0414E08E0414E4E
:108EE00006E04FF4004603E000260120089000BF92
:108EF00000BF002E10D03C49686A31F81000B6FB64
:108F0000F0F9686800EB4000484503D86868000342
:108F1000484502D20120089003E13349686A31F8DC
:108F200010C06246002330461946F7F72EFA4FF478
:108F3000807300228446ACFB030B01FB03B10CFBE6
:108F4000021C69684908034659184CEB0200CDE938
:108F50000010D5F804C06246002308460199F7F7CF
:108F600014FA0746B7F5407F06D3B7F5801F03D242
:108F70002868C760D5E002E001200890D1E0E869E8
:108F8000B0F5004F7BD1082C39D005DC5CB1012C49
:108F90002CD0042C4CD12DE0102C35D0202C42D0DC
:108FA000402C45D141E0FCF755FC064644E000006A
:108FB000000C0058F369FFCFFFF4FF1100100140CF
:108FC000544402580044004000480040004C004017
:108FD000005000400014014000780040007C004038
:108FE0000090D00300093D009AB50008FCF744FC4E
:108FF000064621E005A8FBF793F9069E1CE002A8AF
:10900000FBF7A6FA039E17E04C480068C0F3401037
:1090100038B14A480068C0F3C101494820FA01F656
:1090200000E0474E08E0474E06E04FF4004603E0FC
:1090300000260120089000BF00BFFEB14249686AC7
:1090400031F81000B6FBF0F04000696800EB510009
:10905000B0FBF1F7102F0FD3B7F5803F0CD24FF6CE
:10906000F07007EA000AC7F342004AEA000A2868DB
:10907000C0F80CA055E002E00120089051E0082C57
:109080001AD005DC5CB1012C0DD0042C2DD10EE0E2
:10909000102C16D0202C23D0402C26D122E0FCF717
:1090A000D9FB064625E0FCF7E7FB064621E005A8CC
:1090B000FBF736F9069E1CE002A8FBF749FA039E6F
:1090C00017E01E480068C0F3401038B11B48006824
:1090D000C0F3C1011A4820FA01F600E0184E08E07A
:1090E000184E06E04FF4004603E0002601200890E9
:1090F00000BF00BFAEB11449686A31F81000B6FB7A
:10910000F0F0696800EB5100B0FBF1F7102F06D3C7
:10911000B7F5803F03D2B8B22968C86001E00120EA
:1091200008900120A5F86A00A5F86800002068678B
:10913000A867089809B0BDE8F08F00000044025805
:109140000090D00300093D009AB5000830B50346F1
:109150009965A3F85C20A3F85E200020586700BF43
:109160009868B0F5805F0AD1186920B940F2FF1005
:10917000A3F8600020E0FF20A3F860001CE09868DE
:1091800048B9186918B9FF20A3F8600014E07F20DF
:10919000A3F8600010E09868B0F1805F09D1186909
:1091A00018B97F20A3F8600006E03F20A3F8600014
:1091B00002E00020A3F8600000BF0020C3F8900088
:1091C0002220C3F88C0000BF00BF1C68083454E89C
:1091D000004F44F001001C68083444E80005002DED
:1091E000F3D100BF586EB0F1005F2CD1B3F8680026
:1091F000904228DC9868B0F5805F04D1186910B9F6
:109200002548586701E025485867186960B100BFD4
:1092100000BF1C6854E8004F44F480701D6845E8A6
:109220000004002CF5D100BF00BF00BF1C6808344B
:1092300054E8004F44F080501C68083444E80005AE
:10924000002DF3D126E09868B0F5805F04D118694D
:1092500010B91348586701E012485867186960B19F
:1092600000BF00BF1C6854E8004F44F490701D68B4
:1092700045E80004002CF5D10CE000BF00BF1C68DD
:1092800054E8004F44F020001D6845E80004002C1D
:10929000F5D100BF002030BDC9860008C98900088B
:1092A000C5850008C58800082DE9F04104460D4633
:1092B00017469846069E3CE0701CC8B3FAF7AAFC15
:1092C000A0EB0800B04200D816B90320BDE8F08139
:1092D0002068006800F0040050B32068C069C0F343
:1092E000C00078B10820216808622046FFF71CF909
:1092F0000820C4F8900000BF002084F8840000BF5C
:109300000120E3E72068C069C0F3C02080B14FF4BA
:109310000060216808622046FFF706F92020C4F8A3
:10932000900000BF002084F8840000BF0320CDE738
:10933000FFE72068C0692840A84201D1012000E071
:109340000020B842B8D00020C0E7000010B50248A5
:10935000FDF752FD10BD0000B001002400BFFEE784
:1093600002480068C0F30220704700000CED00E0E6
:1093700010B5002804DB0A07130E054A135406E053
:109380000A07140E034A00F00F031B1FD45410BD2C
:1093900000E400E018ED00E000BF704770B5FF2466
:1093A0000025012143F2230001F0E2FC082143F2F1
:1093B000220001F0DDFC09E0012001F0E9FC43F2AC
:1093C000230000F023FA0446681C85B21CB141F268
:1093D00088308542F0DB0CB1052070BDFF240025EC
:1093E000012143F2230001F0C3FC042143F22200D7
:1093F00001F0BEFC09E0012001F0CAFC43F22300A9
:1094000000F004FA0446681C85B21CB141F28830B1
:109410008542F0DB0CB10520DFE70020DDE700002E
:109420002DE9F0410026002720214FF4405001F0A3
:109430009FFC4FF40045002407E02848015D2846C2
:1094400001F096FC681C85B2641C40F6ED70844205
:10945000F3D3002143F2220001F08AFC002143F201
:10946000230001F085FC002143F2240001F080FC80
:10947000002143F2250001F07BFC002143F226008D
:1094800001F076FC002143F2270001F071FC00217D
:1094900043F2280001F06CFC7F2143F2290001F027
:1094A00067FC00214FF4405001F062FC09E001200C
:1094B00001F06EFC43F2290000F0A8F90646781C82
:1094C00087B2702E03D041F288308742EFDB702ED6
:1094D00002D00520BDE8F0810020FBE746BA000875
:1094E00010B5084808490860002048602021064857
:1094F00081600021C1600161416181610162F7F712
:1095000091FD10BD00000248D80200242DE9F04171
:1095100004460D4616461F461248806C05611148E8
:10952000806C86610F49886CF9F71CFD00200D499D
:1095300081F8500008460068C06840F001000968E2
:10954000C8603B46224602210648F7F773FF00BF7A
:10955000044890F850000028FAD00248F7F7FAFFC4
:10956000BDE8F081D802002410B500BF00228021A0
:109570000D48FAF743FB00BF142001F009FC00BFBF
:10958000002210210948FAF739FB00BF052001F03D
:10959000FFFB00BF012280210348FAF72FFB00BF29
:1095A000142001F0F5FB10BD00000258000802581D
:1095B00010B543F20A0000F029F9040243F20B004F
:1095C00000F024F90443204610BD00002DE9F047C7
:1095D00081460F469046062F3FD2DFE807F0030C86
:1095E00016202A340024002524480089234949896B
:1095F00000FB01F634E04FF4806400251F48008929
:109600001E49498900FB01F62AE000244FF4005569
:109610001A480089194949894843460820E04FF40F
:109620008064E50015480089144949894843460883
:1096300016E000244FF48045104800890F494989FD
:10964000484386080CE04FF4806425010B480089EC
:109650000A4949894843860802E00220BDE8F087AC
:1096600000BFB8F1000F00D0C0474FF496332A4630
:1096700021464846FFF74AFF0020EFE7CC020024CE
:109680002DE9F047642001F083FB43F6080000F069
:10969000BDF8044643F6090000F0B8F8054643F665
:1096A0000A0000F0B3F8064643F60B0000F0AEF8EF
:1096B000074604F00F0045EA002806F0070047EAD5
:1096C00000290348A0F80880A0F80A90BDE8F087B8
:1096D000CC02002400B587B0142102A8F6F774FF6D
:1096E00000BF00BF2148006840F001001F4908602A
:1096F0000846006800F00100019000BF00BF00BFF5
:1097000000BF00BF0846006840F00400086008463B
:10971000006800F00400019000BF00BF00BF80207F
:1097200002900120039004900220059002A91048A5
:10973000FAF75EF9102002900120039004900220B5
:10974000059002A90B48FAF753F900BF01228021C6
:109750000748FAF753FA00BF00BF0122102105485D
:10976000FAF74CFA00BF07B000BD0000E044025811
:10977000000002580008025810B500BF00228021E6
:109780000848FAF73BFA00BF142001F001FB00BFC4
:10979000012280210348FAF731FA00BF142001F0BA
:1097A000F7FA10BD0000025810B5FFF793FFFFF75E
:1097B000DBFEFFF7E1FF00F07BF801F0C3FAFFF7F3
:1097C000F7FE0446214607A0F6F756FE45F2406034
:1097D000844201D0012010BD00F006F8FFF780FEA2
:1097E0000020F8E725780A0010B5002409E0064AB1
:1097F00002EB84029178044A32F8240001F0B8FAAE
:10980000641CCF2CF3D310BDB2B5000838B50446A4
:109810000020009021463C2000F018F869463C20CA
:1098200000F003F89DF8000038BD70B504460D4601
:1098300000F0FEF8012101EB4401C8B200F03EF94E
:10984000284600F07BF800F019F970BD70B50546A8
:109850000C4600F0EDF8002141EA4501C8B200F0E5
:109860002DF9200A00F02AF9E0B200F027F900F003
:1098700005F970BD70B505460C46164600F0D8F8DF
:10988000002141EA4501C8B200F018F9200A00F0B1
:1098900015F9E0B200F012F9304600F00FF900F0CF
:1098A000EDF870BD10B5052001F07CFA10BD000088
:1098B00000B587B0142102A8F6F786FE00BF00BFEE
:1098C0001C48006840F002001A4908600846006819
:1098D00000F00200019000BF00BF00BF00BF00BF4A
:1098E0000846006840F0020008600846006800F082
:1098F0000200019000BF00BF00BF4FF480600290E3
:109900000120039004900220059002A90A48FAF76A
:109910006FF84FF400600290012003900490022041
:10992000059002A90448FAF763F800F0A7F807B019
:1099300000BD0000E04402580004025870B504461F
:1099400000F048F807251FE0FFF7ACFF00BF012239
:1099500091021F48FAF752F900BF4FF400611C480A
:10996000FAF744F90646207806FA05F10843207014
:10997000FFF798FF00BF00224FF480611448FAF708
:109980003DF900BF681E45B2002DDDDAFFF78AFF02
:1099900000BF012291020E48FAF730F900BFFFF72D
:1099A00081FF00BF00224FF480610948FAF726F9D1
:1099B00000BFFFF777FF00BF00224FF400610448AB
:1099C000FAF71CF900BFFFF76DFF00F01BF870BD40
:1099D0000004025800B585B014216846F6F7F4FD7E
:1099E0004FF40060009000200190012002900220BE
:1099F000039069460248F9F7FBFF05B000BD00007F
:109A00000004025800B585B014216846F6F7DCFD65
:109A10004FF400600090012001900290022003901A
:109A200069460248F9F7E4FF05B000BD000402589A
:109A300010B500BF0122D1020F48FAF7DFF800BFCE
:109A400000BF012291020C48FAF7D8F800BFFFF7D7
:109A500029FF00BF00224FF400610748FAF7CEF853
:109A600000BFFFF71FFF00BF00224FF480610248D4
:109A7000FAF7C4F800BF10BD0004025810B500BFCB
:109A800000224FF400610C48FAF7B8F800BFFFF766
:109A900009FF00BF012291020748FAF7AFF800BFA3
:109AA000FFF700FF00BF0122D1020348FAF7A6F832
:109AB00000BFFFF7F7FE10BD0004025870B5064660
:109AC000072427E046FA04F000F0010500BF2DB19D
:109AD0000122D1021E48FAF791F805E000224FF466
:109AE00000611B48FAF78AF800BFFFF7DBFE00BFF2
:109AF000012291021648FAF781F800BFFFF7D2FE63
:109B000000BF00224FF480611148FAF777F800BFD8
:109B1000601E44B2002CD5DA00BF0122D1020C48ED
:109B2000FAF76CF800BFFFF7BDFE00BF01229102FB
:109B30000748FAF763F800BFFFF7B4FE00BF002242
:109B40004FF480610248FAF759F800BF70BD000079
:109B50000004025810B50446092C6FD2DFE804F067
:109B6000051A2F44596F8499AE00FF2145F2010078
:109B700001F0FEF8402145F2875001F0F9F8042188
:109B80004FF4AB4001F0F4F8012145F2885001F0A8
:109B9000EFF8AAE0FF2145F2010001F0E9F83021D9
:109BA00045F2875001F0E4F804214FF4AB4001F096
:109BB000DFF8012145F2885001F0DAF895E0FF2145
:109BC00045F2010001F0D4F8202145F2875001F060
:109BD000CFF804214FF4AB4001F0CAF8012145F25F
:109BE000885001F0C5F880E0FF2145F2010001F046
:109BF000BFF8102145F2875001F0BAF804214FF464
:109C0000AB4001F0B5F8012145F2885001F0B0F801
:109C10006BE0FF2145F2010001F0AAF8002145F2B6
:109C2000875001F0A5F804214FF4AB4001F0A0F8F3
:109C3000012145F2885001F09BF856E053E0FF21E6
:109C400045F2010001F094F8102145F2875001F02F
:109C50008FF804214FF4AB4001F08AF8092145F256
:109C6000885001F085F840E0FF2145F2010001F045
:109C70007FF8202145F2875001F07AF804214FF453
:109C8000AB4001F075F8092145F2885001F070F8F9
:109C90002BE0FF2145F2010001F06AF8302145F286
:109CA000875001F065F804214FF4AB4001F060F8F3
:109CB000092145F2885001F05BF816E0FF2145F2DA
:109CC000010001F055F8402145F2875001F050F8AD
:109CD00004214FF4AB4001F04BF8092145F28850C4
:109CE00001F046F801E0022010BD00BF0020FBE7B4
:109CF00010B50446092C6ED2DFE804F0051F395375
:109D00006E88A2BCD600FF2145F2010001F030F8B8
:109D1000802145F2835001F02BF8802145F28450D8
:109D200001F026F802214FF4AB4001F021F8412167
:109D300045F2885001F01CF8D2E0FF2145F2010005
:109D400001F016F8702145F2835001F011F87021EE
:109D500045F2845001F00CF802214FF4AB4001F0C1
:109D600007F8412145F2885001F002F8B8E0FF21E0
:109D700045F2010000F0FCFF602145F2835000F045
:109D8000F7FF602145F2845000F0F2FF02214FF40A
:109D9000AB4000F0EDFF412145F2885000F0E8FFB4
:109DA0009EE0FF2145F2010000F0E2FF502145F264
:109DB000835000F0DDFF502145F2845000F0D8FFC1
:109DC00002214FF4AB4000F0D3FF412145F288500F
:109DD00000F0CEFF84E081E0FF2145F2010000F0B9
:109DE000C7FF402145F2835000F0C2FF402145F2F9
:109DF000845000F0BDFF02214FF4AB4000F0B8FFEB
:109E0000412145F2885000F0B3FF69E0FF2145F29F
:109E1000010000F0ADFF302145F2835000F0A8FFB3
:109E2000302145F2845000F0A3FF02214FF4AB40F3
:109E300000F09EFF412145F2885000F099FF4FE06D
:109E4000FF2145F2010000F093FF202145F28350ED
:109E500000F08EFF202145F2845000F089FF02219E
:109E60004FF4AB4000F084FF412145F2885000F0F0
:109E70007FFF35E0FF2145F2010000F079FF10215E
:109E800045F2835000F074FF102145F2845000F039
:109E90006FFF02214FF4AB4000F06AFF412145F211
:109EA000885000F065FF1BE0FF2145F2010000F043
:109EB0005FFF002145F2835000F05AFF002145F278
:109EC000845000F055FF02214FF4AB4000F050FFEA
:109ED000412145F2885000F04BFF01E0022010BD07
:109EE00000BF0020FBE710B50446092C6ED2DFE866
:109EF00004F0051F39536E88A2BCD600FF2145F23D
:109F0000010000F035FF04214FF4AB4000F030FFBA
:109F1000302145F2865000F02BFF302145F285506C
:109F200000F026FF412145F2885000F021FFD2E0E9
:109F3000FF2145F2010000F01BFF04214FF4AB406C
:109F400000F016FF2C2145F2865000F011FF2C2165
:109F500045F2855000F00CFF412145F2885000F099
:109F600007FFB8E0FF2145F2010000F001FF0421E6
:109F70004FF4AB4000F0FCFE282145F2865000F083
:109F8000F7FE282145F2855000F0F2FE412145F20E
:109F9000885000F0EDFE9EE0FF2145F2010000F048
:109FA000E7FE04214FF4AB4000F0E2FE242145F22D
:109FB000865000F0DDFE242145F2855000F0D8FEE9
:109FC000412145F2885000F0D3FE84E081E0FF217A
:109FD00045F2010000F0CCFE04214FF4AB4000F04C
:109FE000C7FE202145F2865000F0C2FE202145F236
:109FF000855000F0BDFE412145F2885000F0B8FECA
:10A0000069E0FF2145F2010000F0B2FE04214FF4A7
:10A01000AB4000F0ADFE1C2145F2865000F0A8FEDA
:10A020001C2145F2855000F0A3FE412145F28850E5
:10A0300000F09EFE4FE0FF2145F2010000F098FE87
:10A0400004214FF4AB4000F093FE182145F28650F6
:10A0500000F08EFE182145F2855000F089FE412166
:10A0600045F2885000F084FE35E0FF2145F2010002
:10A0700000F07EFE04214FF4AB4000F079FE142185
:10A0800045F2865000F074FE142145F2855000F030
:10A090006FFE412145F2885000F06AFE1BE0FF216F
:10A0A00045F2010000F064FE04214FF4AB4000F0E3
:10A0B0005FFE102145F2865000F05AFE102145F255
:10A0C000855000F055FE412145F2885000F050FEC9
:10A0D00001E0022010BD00BF0020FBE710B50446E0
:10A0E0000B2C7CD2DFE804F00625446384A3C2E194
:10A0F000FEFDFC00102143F60F2000F039FE082180
:10A1000043F6102000F034FE102143F61B2000F02F
:10A110002FFE082143F61E2000F02AFE202143F6E0
:10A12000112000F025FE102143F61F2000F020FE34
:10A130003DE1182143F60F2000F01AFE102143F6EE
:10A14000102000F015FE182143F61B2000F010FE31
:10A15000102143F61E2000F00BFE302143F61120A3
:10A1600000F006FE102143F61F2000F001FE1EE164
:10A17000202143F60F2000F0FBFD182143F61020AC
:10A1800000F0F6FD412143F6112000F0F1FD202101
:10A1900043F61B2000F0ECFD182143F61E2000F0D2
:10A1A000E7FD102143F61F2000F0E2FDFFE028212B
:10A1B00043F60F2000F0DCFD202143F6102000F0D4
:10A1C000D7FD512143F6112000F0D2FD282143F69E
:10A1D0001B2000F0CDFD202143F61E2000E0E4E02E
:10A1E00000F0C6FD102143F61F2000F0C1FDDEE0A7
:10A1F000302143F60F2000F0BBFD282143F610204C
:10A2000000F0B6FD612143F6112000F0B1FD3021D0
:10A2100043F61B2000F0ACFD282143F61E2000F081
:10A22000A7FD102143F61F2000F0A2FDBFE038215A
:10A2300043F60F2000F09CFD302143F6102000F083
:10A2400097FD612143F6112000F092FD382143F67D
:10A250001B2000F08DFD302143F61E2000F088FD0C
:10A26000102143F61F2000F083FDA0E0402143F6BB
:10A270000F2000F07DFD382143F6102000F078FD1E
:10A28000712143F6112000F073FD402143F61B209D
:10A2900000F06EFD382143F61E2000F069FD10210C
:10A2A00043F61F2000F064FD81E0482143F60F20B3
:10A2B00000F05EFD402143F6102000F059FD8021A2
:10A2C00043F6112000F054FD482143F61B2000F016
:10A2D0004FFD402143F61E2000F04AFD202102E000
:10A2E00044E024E004E043F61F2000F041FD5EE07E
:10A2F000502143F60F2000F03BFD482143F610208B
:10A3000000F036FD902143F6112000F031FD502180
:10A3100043F61B2000F02CFD482143F61E2000F0E0
:10A3200027FD202143F61F2000F022FD3FE05821A9
:10A3300043F60F2000F01CFD502143F6102000F0E2
:10A3400017FD912143F6112000F012FD582143F62C
:10A350001B2000F00DFD502143F61E2000F008FDEB
:10A36000202143F61F2000F003FD20E0602143F68A
:10A370000F2000F0FDFC582143F6102000F0F8FCFF
:10A38000A02143F6112000F0F3FC602143F61B20CE
:10A3900000F0EEFC582143F61E2000F0E9FC2021DD
:10A3A00043F61F2000F0E4FC01E0022010BD00BFD6
:10A3B0000020FBE710B504460C2C6FD2DFE804F058
:10A3C00006203A546F89A3BDD7F4F2F1FF2145F27C
:10A3D000010000F0CDFC01214FF4AB4000F0C8FCBF
:10A3E000802145F2815000F0C3FC002145F28250EB
:10A3F00000F0BEFC322145F2885000F0B9FC23E1A8
:10A40000FF2145F2010000F0B3FC01214FF4AB4005
:10A4100000F0AEFC6F2145F2815000F0A9FC402114
:10A4200045F2825000F0A4FC322145F2885000F041
:10A430009FFC09E1FF2145F2010000F099FC012198
:10A440004FF4AB4000F094FC402145F2815000F005
:10A450008FFC6F2145F2825000F08AFC322145F2D8
:10A46000885000F085FCEFE0FF2145F2010000F08C
:10A470007FFC01214FF4AB4000F07AFC002145F253
:10A48000815000F075FC802145F2825000F070FC94
:10A49000022145F2885000F06BFCD5E0D2E0FF21AC
:10A4A00045F2010000F064FC01214FF4AB4000F0E4
:10A4B0005FFC402145F2815000F05AFC6F2145F2CB
:10A4C000825000F055FC022145F2885000F050FC0B
:10A4D000BAE0FF2145F2010000F04AFC01214FF4EF
:10A4E000AB4000F045FC6F2145F2815000F040FC8C
:10A4F000402145F2825000F03BFC022145F2885099
:10A5000000F036FCA0E0FF2145F2010000F030FC35
:10A5100001214FF4AB4000F02BFC802145F281502B
:10A5200000F026FC002145F2825000F021FC0121C0
:10A5300045F2885000F01CFC86E0FF2145F2010046
:10A5400000F016FC01214FF4AB4000F011FC6F212C
:10A5500045F2815000F00CFC402145F2825000F0A1
:10A5600007FC012145F2885000F002FC6CE0FF215D
:10A5700045F2010000F0FCFB01214FF4AB4000F07C
:10A58000F7FB402145F2815000F0F2FB6F2145F2CC
:10A59000825000F0EDFB012145F2885000F0E8FB0D
:10A5A00052E035E01AE0FFE7FF2145F2010000F03C
:10A5B000DFFB01214FF4AB4000F0DAFB002145F254
:10A5C000815000F0D5FB802145F2825000F0D0FB95
:10A5D000312145F2885000F0CBFB35E0FF2145F2F8
:10A5E000010000F0C5FB01214FF4AB4000F0C0FBBF
:10A5F000402145F2815000F0BBFB6F2145F28250B3
:10A6000000F0B6FB312145F2885000F0B1FB1BE0B1
:10A61000FF2145F2010000F0ABFB01214FF4AB40FC
:10A6200000F0A6FB6F2145F2815000F0A1FB402114
:10A6300045F2825000F09CFB312145F2885000F039
:10A6400097FB01E0022010BD00BF0020FBE710B522
:10A650000446062C78D2DFE804F003788DB1D5FAF1
:10A66000002143F2064000F083FB042145F29210E2
:10A6700000F07EFBF82145F2911000F079FB70218B
:10A6800045F2931000F074FBF02145F2941000F0B5
:10A690006FFBF02145F2951000F06AFB3D2145F279
:10A6A0008D1000F065FB542145F28F1000F060FB27
:10A6B0003D2145F28E1000F05BFB542145F29010D5
:10A6C00000F056FBA82145F28B1000F051FBA821A9
:10A6D00045F28C1000F04CFB182145F2871000F079
:10A6E00047FB182145F2881000F042FB6E2145F22D
:10A6F000891000F03DFB682145F28A1000F038FB1C
:10A700001C2145F2861000F033FB502145F28110E8
:10A7100000F02EFB252145F2841000F029FB1121C9
:10A7200045F2821000F024FB142145F2831000F062
:10A730001FFB252145F2841000F01AFB242145F26D
:10A74000851000F015FBA8E0A5E0002143F20640CB
:10A7500000F00EFB942145F2831000F009FBFF216D
:10A7600045F2911000F004FB002145F2921000F038
:10A77000FFFA92E0012143F2064000F0F9FA0621C7
:10A780004FF4505000F0F4FA1C2143F2014000F065
:10A79000EFFA042143F2024000F0EAFA002143F20A
:10A7A000034000F0E5FA042143F2044000F0E0FA2F
:10A7B000F32143F2054000F0DBFA6EE0012143F2A1
:10A7C000064000F0D5FA04214FF4505000F0D0FAC2
:10A7D000102143F2014000F0CBFA042143F2024081
:10A7E00000F0C6FA002143F2034000F0C1FA08214C
:10A7F00043F2044000F0BCFAB62143F2054000F0F9
:10A80000B7FA4AE0012143F2064000F0B1FA05210F
:10A810004FF4505000F0ACFA482143F2014000F0F0
:10A82000A7FA042143F2024000F0A2FA002143F209
:10A83000034000F09DFA072143F2044000F098FA2B
:10A84000CF2143F2054000F093FA26E0FFE7012113
:10A8500043F2064000F08CFA06214FF4505000F00D
:10A8600087FA482143F2014000F082FA042143F2C2
:10A87000024000F07DFA002143F2034000F078FA34
:10A88000042143F2044000F073FAD32143F205405F
:10A8900000F06EFA01E0022010BD00BF0020FBE7CF
:10A8A00070B5064636B1012E20D0022E3AD0032EC6
:10A8B00071D154E043F62000FEF7A8FF044604F0EF
:10A8C000F90400BF214643F6200000F051FA43F698
:10A8D0002100FEF79BFF054605F0F90545F006054A
:10A8E000294643F6210000F043FA56E043F62000E3
:10A8F000FEF78CFF044604F0F90444F006042146F8
:10A9000043F6200000F034FA43F62100FEF77EFF04
:10A91000054605F0F90500BF294643F6210000F081
:10A9200027FA3AE043F62000FEF770FF044604F0F1
:10A93000F90444F00604214643F6200000F018FA1A
:10A9400043F62100FEF762FF054605F0F90545F0E4
:10A950000605294643F6210000F00AFA1DE043F6F9
:10A960002000FEF753FF044604F0F90400BF21461F
:10A9700043F6200000F0FCF943F62100FEF746FF05
:10A98000054605F0F90500BF294643F6210000F011
:10A99000EFF902E0FFE7022070BD00BF0020FBE7F7
:10A9A00070B5054615B1012D1ED10EE0002409E059
:10A9B000104A02EB840291780E4A32F8240000F02B
:10A9C000D7F9641C2D2CF3D310E0002409E00A4AC7
:10A9D00002EB84029178084A32F8240000F0C8F9AA
:10A9E000641C292CF3D301E0022070BD00BF0020BD
:10A9F000FBE70000EEB80008A2B900082DE9F04717
:10AA000004460D4643F60800FEF700FF064643F6EF
:10AA10000A00FEF7FBFE074626F00F06C4F30320EC
:10AA2000064304F0FF0827F00707C5F30220074399
:10AA300005F0FF09032143F2122000F099F9314695
:10AA400043F6080000F094F9414643F6090000F08F
:10AA50008FF9394643F60A0000F08AF9494643F671
:10AA60000B0000F085F9132143F2122000F080F969
:10AA7000A32143F2122000F07BF9FEF701FE002033
:10AA8000BDE8F08710B504460A2C7CD2DFE804F05C
:10AA900005101B26313C47525D68652145F20830A0
:10AAA00000F066F9002145F2023000F061F989E01A
:10AAB000652145F2083000F05BF9022145F20230D1
:10AAC00000F056F97EE0652145F2083000F050F9BB
:10AAD000042145F2023000F04BF973E0652145F2A4
:10AAE000083000F045F9082145F2023000F040F945
:10AAF00068E0652145F2083000F03AF90C2145F292
:10AB0000023000F035F95DE0652145F2083000F0D3
:10AB10002FF9102145F2023000F02AF952E06521A8
:10AB200045F2083000F024F9142145F2023000F01B
:10AB30001FF947E0652145F2083000F019F91821A6
:10AB400045F2023000F014F93CE0652145F208308E
:10AB500000F00EF9202145F2023000F009F931E051
:10AB6000252145F2083000F003F908214FF4A640F2
:10AB700000F0FEF8302145F2013000F0F9F8102124
:10AB800045F2023000E01BE000F0F2F8002145F24F
:10AB9000033000F0EDF8082145F2093000F0E8F844
:10ABA000302145F20A3000F0E3F8042145F20B3081
:10ABB00000F0DEF8062145F20C3000F0D9F801E093
:10ABC000022010BD00BF0020FBE710B50446072C93
:10ABD00079D2DFE804F0040F24394E6379007F2135
:10ABE00045F2010000F0C4F800214FF4AB4000F042
:10ABF000BFF876E0FF2145F2010000F0B9F8182116
:10AC00004FF4AB4000F0B4F8802145F2835000F0DF
:10AC1000AFF8802145F2845000F0AAF861E0FF21EE
:10AC200045F2010000F0A4F818214FF4AB4000F009
:10AC30009FF8A02145F2835000F09AF8402145F298
:10AC4000845000F095F84CE0FF2145F2010000F03F
:10AC50008FF818214FF4AB4000F08AF8402145F2FC
:10AC6000835000F085F8A02145F2845000F080F870
:10AC700037E0FF2145F2010000F07AF818214FF487
:10AC8000AB4000F075F8802145F2835000F070F879
:10AC9000C02145F2845000F06BF822E0FF2145F21C
:10ACA000010000F065F818214FF4AB4000F060F8A7
:10ACB000602145F2835000F05BF8602145F284503A
:10ACC00000F056F80DE00AE0FF2145F2010000F027
:10ACD0004FF840214FF4AB4000F04AF801E0022069
:10ACE00010BD00BF0020FBE710B5044624B1012CC5
:10ACF0000DD0022C21D115E0002145F23D0000F0DD
:10AD000037F8002144F2417000F032F817E080215A
:10AD100045F23D0000F02CF8002144F2417000F0B3
:10AD200027F80CE0822145F23D0000F021F80021D7
:10AD300044F2417000F01CF801E0022010BD00BF99
:10AD40000020FBE710B543F20310FEF75FFD044659
:10AD500024F00204214643F2031000F009F8822196
:10AD600043F2080000F004F80A2000F011F810BDCA
:10AD700070B504460D462A4621463C20FEF77AFD72
:10AD800070BD0000014908607047000010000024F9
:10AD900010B504464FF47A7104FB01F000F002F89C
:10ADA00010BD000070B5034600224FF0E026756923
:10ADB0000D4E366803FB06F44FF0E026B16910E053
:10ADC0004FF0E026B06988420BD0884202D20E1ABA
:10ADD000324402E02E1A0E4432440146A24200D30D
:10ADE00000E0EDE700BF70BD1000002410B502A028
:10ADF000F5F742FB10BD00007965737373737373CD
:10AE00007373730A0000000008B5FEF7CDFC04461A
:10AE1000214657A0F5F730FB0020FFF7C1FD204485
:10AE2000C4B2FEF7FDFA2044C4B2FEF7B7FA2044DC
:10AE3000C4B20020FFF70BFC2044C4B20420FEF78C
:10AE400057FF2044C4B20420FEF784FE2044C4B25D
:10AE50000420FFF748F82044C4B20620FFF7AAFAFE
:10AE60002044C4B20020FFF7B0FE2044C4B2052045
:10AE7000FFF734F92044C4B20020FFF703FE20445A
:10AE8000C4B20120FFF70CFD2044C4B2214638A013
:10AE9000F5F7F2FA0020FFF727FF2044C4B2364846
:10AEA0000088B0F5F07F02D14FF4207501E0324800
:10AEB0004588314908882946FFF7A0FD2044C4B2DF
:10AEC00054B12EA0F5F7D8FA05E033A0F5F7D4FA7F
:10AED000C820FFF75DFFF8E734A0F5F7CDFA3A4A4E
:10AEE00003213A48FEF772FB41E000203849088010
:10AEF00039E000203749088014E03648008834499A
:10AF000009884FF4486202FB0100304931F8101003
:10AF10003148304A128820F812102E480088401C10
:10AF20002C4908802B480088B0F5486FE5DB2A489B
:10AF300000902748008800EB80004000093083B271
:10AF40002348008800EB80004004010C40F23F12CF
:10AF50000020FCF7FBFA0520FFF71AFF1C480088C9
:10AF6000401C1B4908801A4800881828C1DBBCE730
:10AF700025640D0A000000000056002441544B2DAA
:10AF80004D433536343020696E6974206661696CD2
:10AF90006564210D0A0000006E6F6E6F6E6F6F6E3C
:10AFA0006F6E6F6E6F6E6F6E6F0A000041544B2DA7
:10AFB0004D433536343020696E6974206F6B6B6B8E
:10AFC0006B6B6B6B210D0A00EDAD000800000030CB
:10AFD0000E0000240C000024003D002400BF054AA0
:10AFE000D26902F04002002AF9D0C2B2014B9A6243
:10AFF000704700000010014000BF002406E04FF63B
:10B00000E070124921F81400601C84B2B4F5C85FE6
:10B01000F5DB00F091F8F8F70FFE0423022205217A
:10B02000C02000F0D1F94FF4F070FFF7ABFE4FF401
:10B03000E13000F085FAFCF7E1FAFDF775F803203E
:10B04000FCF794FC01E0FFF7DFFEFCE7000B0024B7
:10B0500010B51548FBF774FB1448134908604FF40A
:10B06000800048604111104881600721C1600021C3
:10B07000016141614FF0806181610021C161016224
:10B0800041628162C162016341638163C1630164A2
:10B0900041648164C16401654FF000414165002154
:10B0A0008165FBF7FDF910BD440200240038004023
:10B0B00001B582B04FF47A70012301AA02A9009071
:10B0C0000548FBF7C9FB20B104A0F5F7D5F900202E
:10B0D0000EBD9DF80400FBE7440200247370695F15
:10B0E00077726974655F7265616420656F6F657200
:10B0F000210A00000F490968096821F001010D4A81
:10B10000126811600B490968896821F0E041094A19
:10B11000126891600749096889680143054A126805
:10B12000916004490968096841F00101014A126807
:10B13000116070474402002410B500BF4C480068FD
:10B1400000F4003000B139E000BF00BF00BFBFF322
:10B150004F8F00BF00BF00BF00BF00BF00BFBFF3E5
:10B160006F8F00BF00BF00BF00204249086000BFD2
:10B1700000BF00BFBFF34F8F00BF00BF00BF00BFC5
:10B1800000BF00BFBFF36F8F00BF00BF00BF3848D4
:10B19000006840F400303649086000BF00BF00BFBF
:10B1A000BFF34F8F00BF00BF00BF00BF00BF00BF95
:10B1B000BFF36F8F00BF00BF00BF00BF00BF2C4BAD
:10B1C0001B6803F4803303B148E00023284C70343B
:10B1D000236000BF00BF00BFBFF34F8F00BF00BFA1
:10B1E00000BF231F1868C0F34E3100BFC0F3C9026F
:10B1F00000BF43F6E07303EA41134FF0404404EA12
:10B20000827423431B4C1034236000BF00BF131E05
:10B21000A2F10102EDD10B1EA1F10101E6D100BFA7
:10B2200000BF00BFBFF34F8F00BF00BF00BF104B78
:10B230001B6843F480330E4C236000BF00BF00BF87
:10B24000BFF34F8F00BF00BF00BF00BF00BF00BFF4
:10B25000BFF36F8F00BF00BF00BF00BF05484C3079
:10B26000006840F0040003494C31086010BD000044
:10B2700014ED00E050EF00E000B5ADB04C211AA88D
:10B28000F5F7A2F938210CA8F5F79EF9182106A8C0
:10B29000F5F79AF900200490059000900190029033
:10B2A000039048481A9001201B9020211C911021E6
:10B2B0001D9117211E914FF4A0611F9100211AA822
:10B2C0008161C1610162F8F7C4FE1AA8F8F7D6FEE1
:10B2D0004FF48070129006200C9000201390149070
:10B2E0001190159017901890199041F288320CA97E
:10B2F0001AA8F8F75CFE4FF48070129005200C90AD
:10B3000000201390149011904FF080701590002041
:10B31000179018901990022006900790102008901E
:10B320000120099000200A904FF480000B9041F218
:10B33000883306AA0CA91AA8F8F7D4FD01208DF8C5
:10B34000000000208DF801004FF0104001901B20FC
:10B350008DF8080000208DF809008DF80A00032000
:10B360008DF80B0000208DF80C008DF80D000120E9
:10B370008DF80E008DF80F00F8F7E8FC6846F8F736
:10B38000B7FC0420F8F7F8FC4FF480701290EB2023
:10B390000C904FF4406013904FF400500F90002039
:10B3A000149006201190C005159000201790189059
:10B3B0001990059004AA0CA91AA8F8F7B7FE2DB0A9
:10B3C00000BD000000500052F0B59DB004460F468D
:10B3D00015461E464C210AA8F5F7F6F8202102A8CA
:10B3E000F5F7F2F80220F8F74DFD00BF00200190BC
:10B3F0004F48006820F001004D4908600846006889
:10B4000000F0010001904B48006840F44040494979
:10B4100008600846006800F44040019000BF00BF8B
:10B4200000BF4448006800F40050B0F5005FF8D158
:10B4300000BF4148006840F002003F4908600846EC
:10B44000006800F00200019000BF00BF00BF0020B4
:10B4500001903848006840F440403649086008468A
:10B46000006800F4404001903148006840F001005D
:10B470002F4908600846006800F00100019000BFF5
:10B4800000BF00BF2B48006800F40050B0F5005F1B
:10B49000F8D121200A904FF480300B9001201090B9
:10B4A000022013900221149115971694179518965F
:10B4B000199108211A9100211B911C910AA8FAF7F1
:10B4C00003FB10B101201DB0F0BD3F20029003200E
:10B4D00003900020049008200590402006900790DB
:10B4E0000001089040200990042102A8F9F7FCFF10
:10B4F00000200721114A03C2052010498860C0219D
:10B500000E48C1600C2101610221416181618021ED
:10B51000C161002101624162F9F732F9FFF7ACFE27
:10B520000020FBF73FFCF8F79DF90020CBE7000077
:10B530002C04005818480258F444025828000024EB
:10B5400010B5044609480A490860084644600021CD
:10B550008160C160016181610C214161FBF796FE50
:10B56000012204490248FBF73DFF10BD00100140D5
:10B57000B00100241A0000244FF04070E1EE100AE0
:10B5800070470000000001020304010203040607E3
:10B59000080900061016000610160100020004003B
:10B5A000060008000A000C00100020004000800087
:10B5B000000108304200033103001730FF0018304B
:10B5C000FF0034301A0037301300083101003036E4
:10B5D000360031360E003236E200333612002136A4
:10B5E000E0000437A00003375A00153778001737FA
:10B5F00001000B37600005371A00053902000639D3
:10B60000100001390A0031371200003608000136F7
:10B6100033002D306000203652001B3720001C47BD
:10B620005000133A4300183A0000193AF800353632
:10B630001300363603003436400022360100013C48
:10B640003400043C2800053C9800063C0000073C00
:10B650000800083C0000093C1C000A3C9C000B3C14
:10B660004000103800001138100012380000083770
:10B6700064000140020005401A0000300000043060
:10B68000FF000E3058002E300000004330001F50E5
:10B6900000000E4400000050A7000F3A3000103A9E
:10B6A00028001B3A30001E3A2600113A60001F3A6B
:10B6B0001400005823000158140002580F000358CA
:10B6C0000F00045812000558260006580C000758B1
:10B6D000080008580500095805000A5808000B58CA
:10B6E0000D000C5808000D5803000E5800000F58AC
:10B6F0000000105803001158090012580700135891
:10B70000030014580000155801001658030017587C
:10B71000080018580D00195808001A5805001B5841
:10B7200006001C5808001D580E001E5829001F58FE
:10B7300017002058110021581100225815002358D5
:10B740002800245846002558260026580800275867
:10B75000260028586400295826002A5824002B580F
:10B7600022002C5824002D5824002E5806002F5853
:10B7700022003058400031584200325824003358DB
:10B7800026003458240035582200365822003758F5
:10B79000260038584400395824003A5826003B58AF
:10B7A00028003C5842003D58CE008051FF00815196
:10B7B000F20082510000835114008451250085510C
:10B7C00024008651090087510900885109008951D8
:10B7D00075008A5154008B51E0008C51B2008D519C
:10B7E00042008E513D008F515600905146009151BC
:10B7F000F80092510400935170009451F00095515B
:10B80000F00096510300975101009851040099519E
:10B8100012009A5104009B5100009C5106009D515A
:10B8200082009E51380080540100815408008254E7
:10B8300014008354280084545100855465008654B4
:10B84000710087547D0088548700895491008A5480
:10B850009A008B54AA008C54B8008D54CD008E549D
:10B86000DD008F54EA0090541D0081531E00825366
:10B870005B008353080084530A0085537E0086537F
:10B88000880087537C0088536C00895310008A53CA
:10B8900001008B5398008055060083554000845565
:10B8A0001000895510008A5500008B55F8001D5076
:10B8B00040000053080001533000025310000353AE
:10B8C00000000453080005533000065308000753D6
:10B8D0001600095308000A5330000B5304000C53A0
:10B8E00006002550000008300200404721000043B8
:10B8F0006F001F5001003530410036306900073CB1
:10B90000070020384600213800001438310015386F
:10B910003100003800000138000002380000033810
:10B92000000004380A0005383F00063806000738D2
:10B93000A90008380500093800000A3802000B3851
:10B94000D0000C3805000D38F8000E3803000F3811
:10B950008400133804001836000012362900093715
:10B9600052000C370300023A0200033AE000143A96
:10B970000200153AE0000440020002301C000630CC
:10B98000C30013470300074404000B4637000C466E
:10B99000200037481600243804000150A300033566
:10B9A0000000004330001F500000353021003630C9
:10B9B0006900073C07002038460021382000143871
:10B9C000110015381100003800000138000002385D
:10B9D00000000338000004380A0005383F0006382C
:10B9E000070007389F0008380200093880000A382D
:10B9F00001000B38E0000C380B000D381C000E382D
:10BA000007000F38B000133804001836040012364F
:10BA10002B00093712000C370000044006000230EA
:10BA200000000630FF0013470300074401000B46E7
:10BA300035000C4622003748160024380200015019
:10BA4000A30003350000020FD6020A39C2012222E8
:10BA500000020FB2E51F7072F51ED235FFEF25E030
:10BA6000244EF8E4F608F60FBF34F2900E93E493F8
:10BA7000FFE54BC39F50047F0580027FFB78BDA686
:10BA800007120F0440047F0380027F3078BCA607B2
:10BA9000E618F608E678B9F678BCE678BAF678BF24
:10BAA0007633E408F678B87601754A0278B6F60877
:10BAB000F674FF78C1F608F6751F0178BCE675F0DC
:10BAC00005A4F54B120AFFC2372278B8E6D39400DA
:10BAD00040021622E51FB40523E4F51FC20178B623
:10BAE000E6FE08E6FF784EA60608A607A237E4336E
:10BAF000F53C903028F0751E10D23522E54B75F0DC
:10BB0000058478BCF6900E8CE493FF25E0240AF8B7
:10BB1000E6FC08E6FD78BCE625E0244EF8A604081D
:10BB2000A605EF120F0BD378B796EE1896400D7856
:10BB3000BCE678B9F678B6A60608A607900E8CE49F
:10BB400093120F0BC378C296EE1896500D78BCE690
:10BB500078BAF678C1A60608A60778B6E6FE08E623
:10BB6000C378C296FFEE189678C3F608A607900E23
:10BB700095E418120EE94002D23778BCE608260890
:10BB8000F6E51F6401704AE6C378C0120EDF400577
:10BB9000120EDA4039120F0240047FFE80027F024B
:10BBA00078BDA60778B9E6240378BFF678B9E6240D
:10BBB000FD78C0F6120F02400678C0E6FF800478D8
:10BBC000BFE6FF78BEA607751F0278B876010202AD
:10BBD0004AE51F6402600302022A78BEE6FFC378CA
:10BBE000C0120EE04008120EDA5003020228120FB3
:10BBF0000240047FFF80027F0178BDA60778B9E686
:10BC00000478BFF678B9E61478C0F618120F04402D
:10BC100004E6FF80027F0078BFA607D308E66480B1
:10BC200094804004E6FF80027F0078C0A607C31816
:10BC3000E6648094B35004E6FF80027F3378BFA6A9
:10BC400007C308E6648094B35004E6FF80027F33A4
:10BC500078C0A607120F02400678C0E6FF8004787D
:10BC6000BFE6FF78BEA607751F0378B8760180206F
:10BC7000E51F6403702678BEE6FFC378C0120EE0AD
:10BC80004005120EDA400978B9E678BEF6751F0451
:10BC900078BEE675F005A4F54B020AFFE51FB40473
:10BCA00010900E94E478C3120EE94002D237751F4B
:10BCB00005223001030204C03002030204C0905187
:10BCC000A5E07893F6A3E008F6A3E008F6E51F7078
:10BCD0003C751E20D235120C7A787EA60608A6077F
:10BCE000788BA609187601120C5B784EA60608A67A
:10BCF00007788BE6786EF6751F017893E67890F6F4
:10BD00007894E67891F67895E67892F6227990E73D
:10BD1000D37893964005E796FF8008C37993E77838
:10BD20009096FF7888760008A6077991E7D37894F3
:10BD3000964005E796FF8008C37994E7789196FFCF
:10BD4000120C8E7992E7D37895964005E796FF809E
:10BD500008C37995E7789296FF120C8E120C5B78E7
:10BD60008AE625E0244EF8A60608A607788AE62487
:10BD70006EF8A609788AE62401FFE433FED3EF9437
:10BD80000FEE6480948040047F008005788AE6048A
:10BD9000FF788AA607E51FB4010AE660030204C023
:10BDA000751F0222120C7A7880A60608A607120CCC
:10BDB0007A7882A60608A607786EE6788CF6786E02
:10BDC000E6788DF67F01EF25E0244FF9C37881E610
:10BDD0009718E61997500A120C827880A60408A6D4
:10BDE00005746E2FF9788CE6C3975008746E2FF89F
:10BDF000E6788CF6EF25E0244FF9D37883E69718A0
:10BE0000E61997400A120C827882A60408A60574E7
:10BE10006E2FF9788DE6D3974008746E2FF8E67888
:10BE20008DF60FEF6410709EC37981E7788396FFDB
:10BE300019E718967884F608A607C3798CE7788DF9
:10BE40009608F6D37981E7787F9619E7189640052A
:10BE500009E7088006C3797FE7788196FF19E7181C
:10BE600096FE7886A60608A607798CE7D3788B9687
:10BE70004005E796FF8008C3798BE7788C96FF78BA
:10BE80008FA607E51F64027069900E9193FF18E674
:10BE9000C39F5072120C4A120C2F900E8E120C3847
:10BEA0007880120C6B7B04120C1DC3120645505691
:10BEB000900E92E493FF788FE69F40028011900EDF
:10BEC00090E493FFD37889E69F18E69400400375C9
:10BED0001F05120C4A120C2F900E8F120C38787E10
:10BEE000120C6B7B40120C1DD31206454018751FB7
:10BEF0000522E51FB4050FD201C202E4F51FF51EAD
:10BF0000D235D233D23622EF8DF0A4A8F0CF8CF008
:10BF1000A428CE8DF0A42EFE22BC000BBE0029EF7B
:10BF20008DF084FFADF022E4CCF875F008EF2FFF20
:10BF3000EE33FEEC33FCEE9DEC984005FCEE9DFEEE
:10BF40000FD5F0E9E4CEFD22EDF8F5F0EE8420D235
:10BF50001CFEADF075F008EF2FFFED33FD400798A4
:10BF60005006D5F0F222C398FD0FD5F0EA22E88FF3
:10BF7000F0A4CC8BF0A42CFCE98EF0A42CFC8AF06D
:10BF8000EDA42CFCEA8EF0A4CDA8F08BF0A42DCC6F
:10BF90003825F0FDE98FF0A42CCD35F0FCEB8EF0C8
:10BFA000A4FEA9F0EB8FF0A4CFC5F02ECD39FEE4AE
:10BFB0003CFCEAA42DCE35F0FDE43CFC2275F008F3
:10BFC000758200EF2FFFEE33FECD33CDCC33CCC5E1
:10BFD0008233C5829BED9AEC99E58298400CF582FC
:10BFE000EE9BFEED9AFDEC99FC0FD5F0D6E4CEFB6E
:10BFF000E4CDFAE4CCF9A88222B800C1B90059BA5C
:10C00000002DEC8BF084CFCECDFCE5F0CBF9781889
:10C01000EF2FFFEE33FEED33FDEC33FCEB33FB1083
:10C02000D703994004EB99FB0FD8E5E4F9FA22789D
:10C0300018EF2FFFEE33FEED33FDEC33FCC933C9AF
:10C0400010D7059BE99A4007EC9BFCE99AF90FD8B9
:10C05000E0E4C9FAE4CCFB2275F010EF2FFFEE33D9
:10C06000FEED33FDCC33CCC833C810D7079BEC9A18
:10C07000E899400AED9BFDEC9AFCE899F80FD5F0A1
:10C08000DAE4CDFBE4CCFAE4C8F922EB9FF5F0EA60
:10C090009E42F0E99D42F0E89C45F022E8600FECFA
:10C0A000C313FCED13FDEE13FEEF13FFD8F122E8EE
:10C0B000600FEFC333FFEE33FEED33FDEC33FCD8FE
:10C0C000F122E493FC740193FD740293FE740393D4
:10C0D000FF22E6FB08E6F908E6FA08E6CBF822ECD0
:10C0E000F608EDF608EEF608EFF622A42582F582B2
:10C0F000E5F03583F58322D083D082F8E493701283
:10C10000740193700DA3A393F8740193F58288834F
:10C11000E4737402936860EFA3A3A380DF903804F4
:10C120007852120BFD903800E0FEA3E0FDEDFFC356
:10C13000120B9E903810120B929038067854120B06
:10C14000FD903802E0FEA3E0FDEDFFC3120B9E90D0
:10C150003812120B92A3E0B4310778527952120CC4
:10C1600013903814E0B471157852E6FE08E67802B0
:10C17000CEC313CE13D8F97953F7EE19F7903815CB
:10C18000E0B4310778547954120C13903815E0B4A8
:10C1900071157854E6FE08E67802CEC313CE13D8A4
:10C1A000F97955F7EE19F77952120BD909120BD913
:10C1B000AF47120BB2E544FB7A00FD7C001204D3BA
:10C1C000785AA60608A607AF45120BB2AD037C004D
:10C1D0001204D37856A60608A607AF487854120B67
:10C1E000B4E543FBFD7C001204D3785CA60608A6E8
:10C1F00007AF467E007854120BB6AD037C001204E4
:10C20000D37858A60608A607C3785BE6940818E614
:10C21000940050057600087608C3785DE694081807
:10C22000E6940050057600087608785A120BC6FF8F
:10C23000D37857E69F18E69E400E785AE613FE081C
:10C24000E67857120C0880047E007F00785E120B9F
:10C25000BEFFD37859E69F18E69E400E785CE61341
:10C26000FE08E67859120C0880047E007F00E4FC8A
:10C27000FD7862120699785A120BC6785726FFEE9F
:10C280001836FE7866120BBE785926FFEE1836FE79
:10C29000E4FCFD786A120699120BCE786612068CC1
:10C2A000D31206454008120BCE78661206997854D0
:10C2B000120BD0786A12068CD3120645400A7854C5
:10C2C000120BD0786A1206997861E6906001F078D6
:10C2D00065E6A3F07869E6A3F07855E6A3F07D0162
:10C2E0007861120BE92401120BA67865120BE92480
:10C2F00002120BA67869120BE92403120BA6786DC3
:10C30000120BE92404120BA60DBD05D4C20EC20601
:10C3100022850841903024E0F53DA3E0F53EA3E0FE
:10C32000F53FA3E0F540A3E0F53CD234E541120629
:10C33000B1093103093504093B05093E06094107E6
:10C34000094A08095B12097318098919095E1A0953
:10C350006A1B09AD8009B2810A1D8F0A09900A1D66
:10C36000910A1D920A1D930A1D940A1D980A179F8F
:10C370000A1AEC00000A38120F7422120F74D2034A
:10C3800022D20322C20322A237E433F53C020A1D63
:10C39000C201C202C203120D0D751E70D235020A0F
:10C3A0001D020A0485404A853C4B120AFF020A1D01
:10C3B000854A40854B3C020A1DE4F522F523854061
:10C3C00031853F30853E2F853D2E120F46801F75EB
:10C3D000220075230174FFF52DF52CF52BF52A129B
:10C3E0000F46852D40852C3F852B3E852A3DE4F563
:10C3F0003C8070120F16806B853D45853E46E547B3
:10C40000C313FFE545C39F50028F45E548C313FFA3
:10C41000E546C39F50028F46E547C313FFFDE54540
:10C420002DFDE433FCE544120F904005E5449FF5F3
:10C4300045E548C313FFFDE5462DFDE433FCE54328
:10C44000120F904005E5439FF5461206D7801485EC
:10C450004048853F47853E46853D4580060206D7D4
:10C46000120D7E903024E53DF0A3E53EF0A3E53FBC
:10C47000F0A3E540F0A3E53CF0903023E4F022C0C7
:10C48000E0C083C082C0D0903F0CE0F532E532308E
:10C49000E374303666906019E0F50AA3E0F50B907E
:10C4A000601DE0F514A3E0F515906021E0F50CA304
:10C4B000E0F50D906029E0F50EA3E0F50F906031F6
:10C4C000E0F510A3E0F511906039E0F512A3E0F576
:10C4D00013300106303303D38001C39209300206C2
:10C4E000303303D38001C3920A30330C3003092068
:10C4F0000206200103D38001C3920B903001E04477
:10C5000040F0E054BFF0E53230E1143034119030A7
:10C5100022E0F508E4F0300003D38001C39208E57F
:10C520003230E5129056A1E0F509303109300503AB
:10C53000D38001C3920D903F0CE532F0D0D0D08271
:10C54000D083D0E032900E7EE493FE740193FFC35B
:10C55000900E7C7401939FFFE4939EFEE48F3B8ECC
:10C560003AF539F538AB3BAA3AA939A838AF4BFCB4
:10C57000FDFE120528120DE1E47BFFFAF9F8120521
:10C58000B3120DE1900E69E4120DF6120DE1E4858F
:10C590004A37F536F535F534AF37AE36AD35AC3410
:10C5A000A3120DF68F378E368D358C34E53B45372B
:10C5B000F53BE53A4536F53AE5394535F539E5389F
:10C5C0004534F538E4F522F523853B31853A30854D
:10C5D000392F85382E020F46E0A3E075F002A4FF44
:10C5E000AEF0C308E69FF618E69EF622FFE5F034AB
:10C5F000608F82F583ECF02278527E00E6FC08E63C
:10C60000FD0204C1E4FCFD120699785CE6C313FE4A
:10C6100008E613227852E6FE08E6FFE4FCFD22E776
:10C62000C4F854F0C868F709E7C4540F48F722E685
:10C63000FCED75F004A42212067C8F488E478D46CF
:10C640008C4522E0FEA3E0FDEEF6ED08F62213FF96
:10C65000C3E69FFF18E69EFE22E6C313F708E61323
:10C6600009F722AD39AC38FAF9F81205288F3B8E5C
:10C670003A8D398C38AB37AA36A935A8342293FFC6
:10C68000E4FCFDFE1205288F378E368D358C342262
:10C690007884E6FE08E6FFE48F378E36F535F5340C
:10C6A00022900E8CE49325E0240AF8E6FE08E6FFCB
:10C6B00022E6FE08E6FFE48F3B8E3AF539F5382294
:10C6C000784EE6FE08E6FF22EF25E0244EF8E6FC71
:10C6D00008E6FD227889EF26F618E436F6227589F9
:10C6E0000375A80175B8047534FF75350E753615D8
:10C6F00075370D120E9A120009120F16120006D28B
:10C7000000D234D2AF7534FF75350E7536497537A2
:10C7100003120E9A300809C2341208CBC208D23470
:10C72000300B09C23612026CC20BD236300909C274
:10C730003612000EC209D236300E031206D730353B
:10C74000D3903029E51EF0B41005903023E4F0C2F8
:10C750003580C1E4F54B900E7A93FFE48F37F536C0
:10C76000F535F534AF37AE36AD35AC34900E6A12D0
:10C770000DF68F378E368D358C34900E7212067C06
:10C78000EF4537F537EE4536F536ED4535F535EC01
:10C790004534F534E4F522F5238537318536308587
:10C7A000352F85342E120F46E4F522F523900E72B4
:10C7B000120DEA120F46E4F522F523900E6E120DCB
:10C7C000EA020F46E54024F2F537E53F3443F536FB
:10C7D000E53E34A2F535E53D3428F534E537FFE490
:10C7E000FEFDFC78181206698F408E3F8D3E8C3D11
:10C7F000E53754A0FFE536FEE4FDFC780712065647
:10C800007810120F9AE4FFFEE535FDE4FC780E1275
:10C810000656120F9DE4FFFEFDE534FC7818120663
:10C82000567808120F9A228F3B8E3A8D398C382217
:10C8300012067C8F318E308D2F8C2E2293F9F802C8
:10C8400006690000000012011708311553544420F6
:10C85000202020201301100156401A30297E00307C
:10C860000420DF300540BF500300FD502701FE606B
:10C870000011003F0530003F0622003F012A003F23
:10C88000020000360607003F0B0FF00000000030EA
:10C890000140BF300100BF302970003A0000FF3A6C
:10C8A0000000FF360336024144582018100A0404E1
:10C8B0000003FF6400008000000000000002040686
:10C8C00006000351007A503C281E1010502D2816E7
:10C8D00010100200100C10040C6E060500A55A0082
:10C8E000AE35AF36E4FDEDC395375033120FE2E4B9
:10C8F00093F538740193F53945386023853982857D
:10C900003883E0FC120FE27403935204120FE274B6
:10C9100002934204853982853883ECF00D80C7226A
:10C9200078BEE6D308FFE66480F8EF64809822932F
:10C93000FF7E00E6FC08E6FD1204C178C1E6FC08B3
:10C94000E6FDD3EF9DEE9C2278BDD3E66480948013
:10C950002225E0240AF8E6FE08E6FF22E53CD3940F
:10C9600000400B900E88120BF1900E868009900EFD
:10C9700082120BF1900E80E493F544A3E493F54307
:10C98000D206300603D38001C3920E22A2AF9232A8
:10C99000C2AFE5234522900E5D600E120FCBE0F58D
:10C9A0002C120FC8E0F52D800C120FCBE530F012E1
:10C9B0000FC8E531F0A23292AF22D201C202E4F5F3
:10C9C0001FF51ED235D233D236D201C202F51FF581
:10C9D0001ED235D23322FBD3ED9B7480F86C9822A3
:10C9E000120669E5402FF540E53F3EF53FE53E3D47
:10C9F000F53EE53D3CF53D22C0E0C083C082903F5E
:10CA00000DE0F533E533F0D082D083D0E032900EE4
:10CA10005FE493FE740193F5828E8322787FE4F6BF
:10CA2000D8FD7581CD020C988F828E8375F004ED50
:10CA30000206A53031323334353637383941424376
:10CA4000444546403058003031323334353637387B
:10CA50003961626364656640307800007CCA000812
:10CA60000000002428000000D4020008A4CA000826
:10CA700028000024D0FF0000F002000800000000A1
:10CA80000090D0030090D0030500000000000000DB
:10CA90000000000000000000000000001000000086
:04CAA0000100000091
:040000050800029954
:00000001FF
