:020000040800F2
:1000000048080220990200083F46000827440008DB
:100010003B46000891050008C54E0008000000009E
:100020000000000000000000000000005D47000824
:10003000CB07000800000000414600085F470008A9
:10004000BF020008BF020008BF020008BF0200088C
:10005000BF020008BF020008BF020008BF0200087C
:10006000BF020008BF020008BF020008BF0200086C
:10007000BF020008BF020008BF020008BF0200085C
:10008000BF020008BF020008BF020008BF0200084C
:10009000BF020008BF020008BF020008BF0200083C
:1000A000BF020008BF020008BF020008BF0200082C
:1000B000BF020008BF020008BF020008BF0200081C
:1000C000BF020008BF020008BF020008BF0200080C
:1000D000BF020008754E0008BF020008BF020008FA
:1000E000BF020008BF020008BF020008BF020008EC
:1000F000BF020008BF020008BF020008BF020008DC
:10010000BF020008BF020008BF020008BF020008CB
:10011000BF020008BF020008BF020008BF020008BB
:10012000BF02000891060008BF020008BF020008D5
:10013000BF020008BF020008BF020008BF0200089B
:10014000BF020008BF020008BF020008BF0200088B
:10015000BF020008BF020008BF020008BF0200087B
:10016000BF020008BF020008BF020008BF0200086B
:10017000BF020008BF02000881060008000000005E
:10018000BF020008BF020008BF020008BF0200084B
:10019000BF020008BF020008BF020008BF0200083B
:1001A000BF020008BF020008BF020008BF0200082B
:1001B000BF020008BF020008BF020008BF0200081B
:1001C000BF020008BF02000800000000BF020008D4
:1001D000BF020008BF020008BF020008BF020008FB
:1001E000BF020008BF020008BF020008BF020008EB
:1001F000BF020008BF02000800F002F800F03CF85F
:100200000AA090E8000C82448344AAF10107DA4571
:1002100001D100F031F8AFF2090EBAE80F0013F087
:10022000010F18BFFB1A43F0010318478CF00000C0
:10023000ACF00000103A24BF78C878C1FAD8520751
:1002400024BF30C830C144BF04680C607047000050
:100250000023002400250026103A28BF78C1FBD8CF
:10026000520728BF30C148BF0B6070471FB50AF066
:100270000DFE1FBD10B510BD00F044F91146FFF78B
:10028000F5FF0AF0EFFB00F076F903B4FFF7F2FF99
:1002900003BC04F035FE0000DFF83000016841F4D3
:1002A000700101600A4880470A480047FEE7FEE700
:1002B000FEE7FEE7FEE7FEE7FEE7FEE7FEE7FEE716
:1002C00005480649044A064B7047000088ED00E0E7
:1002D00069470008F9010008480402204808022084
:1002E00048040220704753EA020C00F069802DE9AF
:1002F000F04B4FF00006002B1FBFB3FA83F503FA53
:1003000005F424FA05F65E4012BF1643B2FA82F5F0
:1003100002FA05F4C5F120051EBF22FA05FC44EAE5
:100320000C04203556EA044C4FEA144418BF641CF0
:100330004FF000084FF00009904271EB030C39D3E5
:10034000002919BFB1FA81F701FA07F6B0FA80F770
:1003500000FA07F6C7F120071EBF20FA07FC46EA9D
:100360000C062037B6FBF4FCA7EB0507103F07F09F
:100370001F0BCBF120060CFA0BFB2CFA06F644BF40
:10038000B3460026202FA4BF5E464FF0000B5BEA69
:10039000060C08BF4FF0010B19EB0B09ABFB027CFD
:1003A00048EB0608C01B06FB02CC0BFB03CC71EB31
:1003B0000C01C1E70B46024641464846BDE8F08BBA
:1003C00013B54FF000004FF00001AFF30080BDE81F
:1003D0001C4070470FB4044910B503AA029800F0FE
:1003E00063F810BC5DF814FB0800022010B5203A39
:1003F000C0F00B80B1E81850203AA0E81850B1E8DE
:100400001850A0E81850BFF4F5AF5FEA027C24BF93
:10041000B1E81850A0E8185044BF18C918C0BDE88A
:1004200010405FEA827C24BF51F8043B40F8043B53
:1004300008BF7047D20728BF31F8023B48BF11F808
:10044000012B28BF20F8023B48BF00F8012B704762
:100450004FF0000200B5134694469646203922BF5D
:10046000A0E80C50A0E80C50B1F12001BFF4F7AFA8
:10047000090728BFA0E80C5048BF0CC05DF804EB8A
:10048000890028BF40F8042B08BF704748BF20F8F8
:10049000022B11F0804F18BF00F8012B70477047F6
:1004A0007047704770470000074B70B50D467B449E
:1004B00000F011F80446284600F020F810B14FF083
:1004C000FF3070BD204670BD7F65000001694A1C89
:1004D00002610878704700B58FB0CDE90131002185
:1004E000059105497944CDE903101146684600F0AD
:1004F0002EF80FB000BD0000E5FFFFFF007B00F00D
:1005000080007047754600F03FF8AE46050069462A
:10051000534620F00700854618B020B5FFF7D0FEFF
:10052000BDE820404FF000064FF000074FF00008F4
:100530004FF0000B21F00701AC46ACE8C009ACE875
:10054000C009ACE8C009ACE8C0098D4670472DE988
:10055000F04106460024D6E90170F5688046304631
:1005600003E04146B847641C3046A8470028F8D14C
:100570002046BDE8F08110B50446AFF30080204668
:10058000BDE81040FFF781BE00487047E403022039
:1005900000BFFEE770B50546AC6BA06C406D02284D
:1005A00006D0012084F83500E06C40F04000E064A3
:1005B000204600F043FA70BD70B506460025B46BC6
:1005C000A06B68B3A06C0068006800F40025A06B05
:1005D00000F0010078B975B1A06C0068C568E26BE5
:1005E000082303FB02510022A06C00F060FDA06B09
:1005F000401EA0632FE0A06C0068006800F400209B
:1006000048BBA06C00680569E26B082303FB02513C
:100610000122A06C00F04BFDA06B401EA0631AE00D
:10062000A06C0068006800F4002020B1D4E911013A
:100630000968C8600FE0A06C0068006800F4002042
:1006400048B9656CE06B042101FB0050A16C09689E
:100650000861206CA063A06B216C88420ED12068D9
:10066000C06840F001002168C8602068006800F0A0
:100670000200022802D1012084F8350070BD00007C
:1006800010B5024800F0E6F910BD0000300302206A
:1006900010B50249886C01F05FFD10BD30030220E7
:1006A0000146087810381823B0FBF3F20848805C44
:1006B000C865032A05D908686FF30900001D88651D
:1006C00003E008686FF309008865886D70470000D3
:1006D000AEAE0008014600208A6A8B69CBB932B100
:1006E000012A0DD0022A03D0032A10D10EE000BF48
:1006F000CB6A03F08073B3F1807F00D1012007E063
:10070000CB6AB3F1C07F00D1012001E000E000BF5F
:1007100034E08B69B3F5005F1AD132B1012A07D0FA
:10072000022A03D0032A11D10AE000BF01200EE003
:10073000CB6A03F08073B3F1807F00D1012006E023
:10074000CB6AB3F1C07F00D1012000E000BF15E00B
:1007500032B1012A05D0022A04D0032A0CD103E0C9
:1007600000BF00BF012008E0CB6A03F08073B3F143
:10077000807F00D1012000E000BF00BF704710B5AE
:10078000046863608468402C04D10468A260046833
:10079000E16003E00468A1600468E26010BD30B568
:1007A0000468246824F4802405682C60046863606D
:1007B0008468402C04D10468A2600468E16003E00E
:1007C0000468A1600468E26030BD704770B50446FB
:1007D0001D460023B5F5804F13D154F822300C4844
:1007E0000340D1E9000640EA06108E6840EA062080
:1007F0008E8940EA06408E693043034344F8223034
:1008000003E06FF0704044F82200002070BD00004B
:100810000000F0CF10B502460023086852F82030DF
:100820001B480340D1E901042043CC6820430C69F4
:1008300020434C6920438C692043CC6920430C6AD7
:1008400020434C6A20438C6A2043CC6A20430C6BC3
:1008500020438C6B20434C6B20430343886808285B
:1008600001D143F04003086842F82030086BB0F52E
:10087000801F05D1086818B110680C6B2043106008
:10088000086818B110684C6B20431060002010BD40
:100890008004C0FF30B5034614460022601C53F8A4
:1008A000202002F04042D1E9000540EA05108D68A1
:1008B00040EA05208D8940EA0545088A401E45EA40
:1008C0000055087D801E45EA00608D69284302437B
:1008D000601C43F82020186800F48010B0F5801FD9
:1008E00007D1586820F47002088A401E42EA00527C
:1008F0005A60002030BD30B502460023002408684D
:10090000012816D013686FF30E03D1E901052843BF
:10091000CD6828430D6928434D6928438D692843D4
:10092000CD6928430D6A28434D6A28430343136069
:1009300019E0136823F4F843D1E9070528434D6A09
:100940002843034354686FF30E04D1E9010528439B
:10095000CD6828430D6928434D6928438D69284394
:10096000044313605460002030BD0246506940EAE1
:10097000410050610020704718B5034600200090E8
:10098000D1E9000420438C68641E40EA4410CC681E
:1009900040EA4420009000981861002018BD000033
:1009A00070B50346154600220024012D1FD09A6819
:1009B00002F070420868401E4E68761E40EA061635
:1009C0008868401E46EA0026C868401E46EA00368F
:1009D000088A401E46EA0046888A401E46EA0056BB
:1009E000087E401E46EA006002439A6022E09A6850
:1009F00011480240C868401E0603888A401E46EA25
:100A000000500243DC6804F070440868401E4E68E1
:100A1000761E40EA06168868401E46EA0026088AC6
:100A2000401E46EA0046087E401E46EA0060044337
:100A30009A60DC60002070BDFF0F0FFF7047000060
:100A40000349884203D10121014A82F850107047BE
:100A50003003022070B504462068056905F00400E3
:100A600004280ED121684861E06C40F00200E06487
:100A7000042084F835002548A16C0865A06C01F0BD
:100A800056FB05F00200022812D121684861E06C93
:100A900040F00100E064042084F835001B48A16C9C
:100AA0000865A06C01F043FB10B1A06CFFF772FD6C
:100AB00005F01000102804D121684861204600F09C
:100AC00077F805F00800082804D12168486120461D
:100AD00000F0ECFA05F00100B8B12068006800F001
:100AE0000200022805D12068C06820F01E0021689D
:100AF000C8602068C06820F001002168C86001203B
:100B0000216848612046FFF79BFF70BD95050008EE
:100B100010B504460CB9012010BD94F8350010B989
:100B2000204600F047F8022084F83500A06908B19B
:100B300000216162206800681C4908402168086043
:100B4000616960680843E168084321690843A16856
:100B50000843A1690843216A0843616A0843A16AFE
:100B60000843E16A0843216B084321680968084388
:100B700021680860606810280BD1217F607F41EAFE
:100B80000021A07F41EA0041E07F41EA0060216846
:100B900088612068C06840F01E002168C86000209D
:100BA000E064012084F835000020B5E707F0E0FF9D
:100BB0007047000010B586B00446142101A8FFF765
:100BC00047FCCE4884427DD100BF00BFCC480068BE
:100BD00040F00100CA4908600846006800F00100C2
:100BE000009000BF00BF00BF00BF00BF081F00682B
:100BF00040F48000091F08600846006800F4800087
:100C0000009000BF00BF00BF00BF00BF08460068E3
:100C100040F0020008600846006800F00200009002
:100C200000BF00BF00BF00BF00BF0846006840F023
:100C3000800008600846006800F08000009000BF57
:100C400000BF00BF00BF00BF0846006840F00100C1
:100C500008600846006800F00100009000BF00BF77
:100C600000BF00BF00BF0846006840F004000860F5
:100C70000846006800F00400009000BF00BF00BFFD
:100C800000BF00BF0846006840F004000860084646
:100C9000006800F00400009000BF00BF00BF00BF6C
:100CA00000BF0846006840F004000860084600687D
:100CB00000F00400009000BF00BF00BF00BF00BFF5
:100CC000084600E018E1006840F0040008600846AB
:100CD000006800F00400009000BF00BF00BF00BF2C
:100CE00000BF0846006840F004000860084600683D
:100CF00000F00400009000BF00BF00BF00BF00BFB5
:100D00000846006840F0080008600846006800F0E7
:100D10000800009000BF00BF00BF00BF00BF084632
:100D2000006840F0020008600846006800F0020019
:100D3000009000BF00BF00BF00BF00BF08460068B2
:100D400040F0020008600846006800F002000090D1
:100D500000BF00BF00BF8020019002200290012050
:100D60000390022004900D20059001A9654801F030
:100D7000D9FB4FF480700190022002900120039073
:100D8000022004900D20059001A95F4801F0CAFBE4
:100D90004020019002200290012003900220049044
:100DA0000D20059001A9594801F0BCFB402001909D
:100DB0000220029001200390022004900D20059053
:100DC00001A9534801F0AEFB80200190022002905F
:100DD00001200390022004900D20059001A94C48A9
:100DE00001F0A0FB4FF480700190022002900120DE
:100DF0000390022004900D20059001A9444801F0C1
:100E000091FB4FF4007001900220029001200390AA
:100E1000022004900D20059001A93D4801F082FBBD
:100E20004FF4006001900220029001200390022004
:100E300004900D20059001A9354801F073FB0820AE
:100E400001900220029001200390022004900D20C6
:100E5000059001A92F4801F065FB4FF480700190C7
:100E60000220029001200390022004900D200590A2
:100E700001A9244801F056FB4FF4007001900220B4
:100E8000029001200390022004900D20059001A9FA
:100E90001C4801F047FB2048204908604FF00070D3
:100EA000486000211D488160C16001614FF480519C
:100EB0004161490081614911C16149020162042116
:100EC0004162012181620021C162016300BFA0640F
:100ED000846300BF01F060FA022211464E2001F047
:100EE000D0FE4E2001F0BDFE03220221392001F088
:100EF000C8FE392001F0B5FE06B010BD3003022057
:100F00003438024000040240001C0240000002404D
:100F100000080240000C02402864024084030220C2
:100F20002DE9F84304460F4615461E464FF00008CB
:100F300000BF94F83400012802D10220BDE8F883F4
:100F4000012084F8340000BF022084F835002068B6
:100F5000006840F48040216808602068006820F044
:100F60000200216808602068006838432168086032
:100F70002748A16CC8632748A16CC8640020A16CF5
:100F80000865A0632064E0636064B6F5803F0AD220
:100F9000226802F1280133462A46A06C01F072FA59
:100FA00048B30120CAE71A48A16C48640120A06335
:100FB000E663656405E0E06B4008E063A06B400019
:100FC000A063E06BB0F5803FF5D2A06B801EA063FC
:100FD000A06B2064E06B042101FB0058E06B0090E3
:100FE000226802F1280143462A46A06C00F068F806
:100FF00008B10120A2E72068006840F001002168E4
:10100000086000BF002084F8340000BF00BF95E7EF
:10101000B90500089505000870B504462248006827
:10102000C0084FF47A71B0FBF1F000FB01F5002627
:1010300000BF94F83400012801D1022070BD0120C6
:1010400084F8340000BF022084F83500206800686E
:1010500020F001002168086000BF281EA5F10105ED
:1010600005D1E06C40F02000E064032605E0206834
:10107000006800F001000028EFD100BF2068006880
:1010800020F4804021680860A06C00F0FBFFE06C59
:10109000E064012084F8350000BF002084F83400AB
:1010A00000BF3046CAE70000000002207047034638
:1010B00012B91868C16001E018680161002070472A
:1010C0002DE9F04704460E4617461D46DDF8208000
:1010D0004FF00009A068802804D14000606501201D
:1010E000BDE8F08700BF94F83400012801D1022048
:1010F000F6E7012084F8340000BF94F83500012899
:1011000073D1022084F835000020606520680068F3
:1011100040F48020216808602068056143463A4613
:1011200031462046FFF72BFBFA49206888425DD9FB
:10113000F9492068884201D1202052E0F549483918
:101140002068884201D120204BE0F34960312068BB
:10115000884201D1202044E0EE49183120688842BD
:1011600001D120203DE0EC4918312068884201D1AE
:10117000C01436E0E74930392068884201D1C014F4
:101180002FE0E54978312068884201D1C01428E079
:10119000E04930312068884201D1C01421E0DE49A5
:1011A00030312068884202D14FF4001019E0D9494B
:1011B00018392068884202D14FF4001011E0D64956
:1011C00090312068884202D14FF4001009E0D149E3
:1011D00048312068884202D14FF4001001E04FF0FE
:1011E0000060CC494C39086020E1EFE3CA49A831DE
:1011F000206888425CD9C8492068884201D12020F3
:1012000052E0C44948392068884201D120204BE08F
:10121000C14960312068884201D1202044E0BD49A5
:1012200018312068884201D120203DE0BA491831A8
:101230002068884201D1C01436E0B64930392068B0
:10124000884201D1C0142FE0B34978312068884228
:1012500001D1C01428E0AF4930312068884201D163
:10126000C01421E0AC4930312068884202D14FF4EB
:10127000001019E0A74918392068884202D14FF4BC
:10128000001011E0A44990312068884202D14FF447
:10129000001009E09F4948312068884202D14FF48C
:1012A000001001E04FF000609A4950390860BDE03D
:1012B00099494831206888425CD99749206888421A
:1012C00001D1202052E0934948392068884201D159
:1012D00020204BE0904960312068884201D12020D5
:1012E00044E08C4918312068884201D120203DE03B
:1012F000894918312068884201D1C01436E08549F7
:1013000030392068884201D1C0142FE082497831F9
:101310002068884201D1C01428E07E49303120681D
:10132000884201D1C01421E07B49303120688842D5
:1013300002D14FF4001019E076491839206888422C
:1013400002D14FF4001011E07349903120688842B7
:1013500002D14FF4001009E06E49483120688842FC
:1013600002D14FF4001001E04FF000606A491039DB
:10137000C8605BE068492068884201D1202052E0C3
:10138000644948392068884201D120204BE06249F5
:1013900060312068884201D1202044E05D49183145
:1013A0002068884201D120203DE05B491831206847
:1013B000884201D1C01436E056493039206888424D
:1013C00001D1C0142FE0544978312068884201D1FE
:1013D000C01428E04F4930312068884201D1C01440
:1013E00021E04D4930312068884202D14FF400108D
:1013F00019E0484918392068884202D14FF400109A
:1014000011E0454990312068884202D14FF4001024
:1014100009E0404948312068884202D14FF4001069
:1014200001E04FF000603C4910398860394920687C
:1014300088425CD938492068884201D1102052E0A6
:10144000344948392068884201D110204BE03249A4
:1014500060312068884201D1102044E02D491831C4
:101460002068884201D110203DE02B4918312068C6
:10147000884201D1001536E026493039206888427B
:1014800001D100152FE0244978312068884201D12C
:10149000001528E01F4930312068884201D100152D
:1014A00021E01D4930312068884202D14FF480107C
:1014B00019E0184918392068884202D14FF4801089
:1014C00011E0154990312068884202D14FF4801014
:1014D00009E0104948312068884202D14FF4801059
:1014E00001E04FF080600B494C39086020E10A4967
:1014F000A831206888425FD907492068884201D115
:10150000102055E0034948392068884206D1102050
:101510004EE000005864024010600240F849206824
:10152000884201D1102043E0F6492068884201D169
:1015300010203DE0F24948392068884201D1001569
:1015400036E0F04948392068884201D100152FE083
:10155000EB4918312068884201D1001528E0E9499B
:1015600018312068884201D1001521E0E449303962
:101570002068884202D14FF4801019E0E1493039E7
:101580002068884202D14FF4801011E0DC493031EC
:101590002068884202D14FF4801009E0D9493031E7
:1015A0002068884202D14FF4801001E04FF0806043
:1015B000D44968390860BBE0D149183920688842AD
:1015C0005BD9CF4960392068884201D1102050E0B2
:1015D000CC4960392068884201D1102049E0C849CF
:1015E0002068884201D1102043E0C6492068884223
:1015F00001D110203DE0C24948392068884201D11C
:10160000001536E0BF4948392068884201D10015ED
:101610002FE0BB4918312068884201D1001528E02D
:10162000B84918312068884201D1001521E0B44939
:1016300030392068884202D14FF4801019E0B14956
:1016400030392068884202D14FF4801011E0AC4953
:1016500030312068884202D14FF4801009E0A94956
:1016600030312068884202D14FF4801001E04FF001
:101670008060A3497039C8605AE0A1496039206888
:10168000884201D1102050E09E496039206888428C
:1016900001D1102049E09A492068884201D11020E8
:1016A00043E098492068884201D110203DE09449E8
:1016B00048392068884201D1001536E091494839FF
:1016C0002068884201D100152FE08D49183120682B
:1016D000884201D1001528E08A49183120688842E3
:1016E00001D1001521E0864930392068884202D1B5
:1016F0004FF4801019E0834930392068884202D1C4
:101700004FF4801011E07E4930312068884202D1C8
:101710004FF4801009E07B4930312068884202D1C3
:101720004FF4801001E04FF0806075497039886097
:1017300074491839206888425BD97149603920683A
:10174000884201D1082050E06E4960392068884203
:1017500001D1082049E06A492068884201D1082067
:1017600043E068492068884201D108203DE064498F
:1017700048392068884201D1401536E0614948392E
:101780002068884201D140152FE05D49183120685A
:10179000884201D1401528E05A4918312068884212
:1017A00001D1401521E0564930392068884202D1E4
:1017B0004FF4002019E0534930392068884202D1A3
:1017C0004FF4002011E04E4930312068884202D1A8
:1017D0004FF4002009E04B4930312068884202D1A3
:1017E0004FF4002001E04FF0007046496439086072
:1017F0001FE143494831206888425BD9404960393C
:101800002068884201D1082050E03E4960392068B4
:10181000884201D1082049E039492068884201D135
:10182000082043E037492068884201D108203DE084
:10183000334948392068884201D1401536E03149A2
:1018400048392068884201D140152FE02C491831D1
:101850002068884201D1401528E02A4918312068C3
:10186000884201D1401521E025493039206888425D
:1018700002D14FF4002019E0224930392068884213
:1018800002D14FF4002011E01D4930312068884218
:1018900002D14FF4002009E01A4930312068884213
:1018A00002D14FF4002001E04FF000701549683973
:1018B0000860BEE012491839206888425DD9104995
:1018C00060392068884201D1082052E00D49603912
:1018D0002068884201D108204BE0094920688842ED
:1018E00001D1082045E007492068884201D108203D
:1018F0003FE0034948392068884205D1401538E067
:101900007060024070640240FA492068884201D148
:1019100040152EE0F8492068884201D1401528E0A2
:10192000F44960312068884201D1401521E0F24934
:1019300048392068884202D14FF4002019E0ED496F
:1019400018312068884202D14FF4002011E0EA49A2
:1019500018312068884202D14FF4002009E0E5499F
:1019600078312068884202D14FF4002001E04FF026
:101970000070E1498839C8605BE0DF497839206848
:10198000884201D1082051E0DA491839206888429C
:1019900001D108204AE0D84918392068884201D18D
:1019A000082043E0D34948312068884201D108200B
:1019B0003CE0D14960392068884201D1401535E0CA
:1019C000CC492068884202D140152FE04CE3CA4937
:1019D0002068884201D1401528E0C649603120685E
:1019E000884201D1401521E0C34948392068884226
:1019F00002D14FF4002019E0BE4918312068884216
:101A000002D14FF4002011E0BB4918312068884210
:101A100002D14FF4002009E0B649783120688842AD
:101A200002D14FF4002001E04FF00070B249883934
:101A30008860B0493031206888425BD9AE49783936
:101A40002068884201D1042050E0AA491839206852
:101A5000884201D1042049E0A7491839206888420A
:101A600001D1042042E0A34948312068884201D1D5
:101A700004203BE0A04960392068884201D18015EC
:101A800034E09C492068884201D180152EE09A49B3
:101A90002068884201D1801528E09649603120688D
:101AA000884201D1801521E0934948392068884255
:101AB00002D14FF4802019E08E4918312068884205
:101AC00002D14FF4802011E08B4918312068884200
:101AD00002D14FF4802009E086497831206888429D
:101AE00002D14FF4802001E04FF0807081491C3911
:101AF00008601EE180493031206888425BD97E4908
:101B000078392068884201D1042050E07949183999
:101B10002068884201D1042049E0774918392068BB
:101B2000884201D1042042E072494831206888424D
:101B300001D104203BE0704960392068884201D11E
:101B4000801534E06B492068884201D180152EE071
:101B500069492068884201D1801528E065496031D3
:101B60002068884201D1801521E063494839206806
:101B7000884202D14FF4802019E05E491831206874
:101B8000884202D14FF4802011E05B49183120686F
:101B9000884202D14FF4802009E05649783120680C
:101BA000884202D14FF4802001E04FF0807051490B
:101BB00020390860BDE050493039206888425BD93F
:101BC0004D4978392068884201D1042050E04949C4
:101BD00018392068884201D1042049E04649183963
:101BE0002068884201D1042042E0424948312068FF
:101BF000884201D104203BE03F4960392068884297
:101C000001D1801534E03B492068884201D180151C
:101C10002EE039492068884201D1801528E03549F5
:101C200060312068884201D1801521E0324948396D
:101C30002068884202D14FF4802019E02D491831E4
:101C40002068884202D14FF4802011E02A491831DF
:101C50002068884202D14FF4802009E0254978317C
:101C60002068884202D14FF4802001E04FF080705C
:101C700021498839C8605CE01F497839206888426A
:101C800001D1042052E01B4918392068884201D153
:101C900004204BE0184918392068884201D10420FB
:101CA00044E0144948312068884201D104203DE0D5
:101CB000114960392068884201D1801536E00D490C
:101CC0002068884201D1801530E00B4920688842A5
:101CD00001D180152AE0074960312068884201D18E
:101CE000801523E0044948392068884206D14FF422
:101CF00080201BE02864024088600240DF492068A1
:101D0000884202D14FF4802010E0DD4920688842EB
:101D100002D14FF4802009E0D84960312068884220
:101D200002D14FF4802001E04FF08070D449A039F7
:101D30008860D2491831206888425BD9D0499039EF
:101D40002068884201D1012050E0CC493039206818
:101D5000884201D1012049E0C949303920688842D0
:101D600001D1012042E0C54930312068884201D1CB
:101D700001203BE0C24978392068884201D14020E7
:101D800034E0BE4918392068884201D140202DE056
:101D9000BB4918392068884201D1402026E0B74964
:101DA00048312068884201D140201FE0B4496039A1
:101DB0002068884202D14FF4803017E0AF49206894
:101DC000884202D14FF4803010E0AD49206888424B
:101DD00002D14FF4803009E0A84960312068884280
:101DE00002D14FF4803001E04FF48000A349343930
:101DF00008601CE1A2491831206888425BD9A049DB
:101E000090392068884201D1012050E09B49303947
:101E10002068884201D1012049E099493039206881
:101E2000884201D1012042E0944930312068884243
:101E300001D101203BE0924978392068884201D1E4
:101E4000402034E08D4918392068884201D1402073
:101E50002DE08B4918392068884201D1402026E0C6
:101E6000864948312068884201D140201FE08449DA
:101E700060392068884202D14FF4803017E07F49F2
:101E80002068884202D14FF4803010E07C492068FD
:101E9000884202D14FF4803009E0784960312068EF
:101EA000884202D14FF4803001E04FF48000734942
:101EB00038390860BBE072494839206888425BD9EC
:101EC0006F4990392068884201D1012050E06B4968
:101ED00030392068884201D1012049E06849303911
:101EE0002068884201D1012042E0644930312068F5
:101EF000884201D101203BE061497839206888425D
:101F000001D1402034E05D4918392068884201D170
:101F100040202DE05A4918392068884201D14020DC
:101F200026E0564948312068884201D140201FE010
:101F3000534960392068884202D14FF4803017E05D
:101F40004E492068884202D14FF4803010E04C495D
:101F50002068884202D14FF4803009E0474960315F
:101F60002068884202D14FF4803001E04FF48000B5
:101F70004349A039C8605AE04149903920688842F5
:101F800001D1012050E03D4930392068884201D11B
:101F9000012049E03A4930392068884201D10120C6
:101FA00042E0364930312068884201D101203BE0CF
:101FB000334978392068884201D1402034E02F49E4
:101FC00018392068884201D140202DE02C49183969
:101FD0002068884201D1402026E028494831206805
:101FE000884201D140201FE025496039206888429D
:101FF00002D14FF4803017E020492068884202D196
:102000004FF4803010E01E492068884202D14FF41E
:10201000803009E0194960312068884202D14FF4CC
:10202000803001E04FF480001549A03988602068B5
:10203000006840F01600216808602068406940F0A0
:10204000800021684861206C08B9A06C28B1206824
:10205000006840F00800216808602068006840F0CF
:1020600001002168086006E000BF002084F8340009
:1020700000BF4FF002094846FFF732B84064024003
:10208000A060024070B50446A56D00F06DFB0646E9
:1020900094F83500022808D08020606500BF002039
:1020A00084F8340000BF012070BD2068006820F073
:1020B0001600216808602068406920F080002168CF
:1020C0004861206C08B9A06C28B12068006820F035
:1020D0000800216808602068006820F0010021687D
:1020E00008600FE000F040FB801B05280AD9202083
:1020F000606500BF002084F8340000BF032084F82E
:102100003500D1E72068006800F001000028E9D11F
:1021100094F85C103F208840A86000BF002084F83D
:10212000340000BF012084F835000020BCE70146E0
:1021300091F83500022803D08020486501207047BF
:10214000052081F835000868006820F001000A6861
:1021500010600020F3E70000F8B50446002000906E
:102160008C4800684FF41651B0FBF1F7A56D2E684E
:1021700094F85C1008208840304098B120680068CE
:1021800000F0040070B12068006820F004002168AD
:10219000086094F85C1008208840A860606D40F0EA
:1021A0000100606594F85C1001208840304068B1FF
:1021B0002068406900F0800040B194F85C10012074
:1021C0008840A860606D40F00200606594F85C1083
:1021D00004208840304068B12068006800F00200A8
:1021E00040B194F85C1004208840A860606D40F015
:1021F0000400606594F85C1010208840304078B38B
:102200002068006800F0080050B394F85C101020BB
:102210008840A8602068006800F4802080B12068B1
:10222000006800F4002028B9206CC8B12046216C59
:10223000884715E0A06C98B12046A16C88470FE054
:102240002068006800F4807028B92068006820F0D9
:10225000080021680860206C10B12046216C884776
:1022600094F85C10202088403040002865D0206819
:10227000006800F0100000285FD094F85C10202067
:102280008840A86094F83500052828D120680068A7
:1022900020F01600216808602068406920F0800066
:1022A00021684861206C08B9A06C28B120680068DA
:1022B00020F008002168086094F85C103F208840F6
:1022C000A86000BF002084F8340000BF012084F81B
:1022D0003500206D10B12046216D8847F8BD20687B
:1022E000006800F4802080B12068006800F40020BD
:1022F00028B9606C10B12046616C88471DE0E06B26
:10230000D8B12046E16B884717E02068006800F4E8
:10231000807068B92068006820F0100021680860AB
:1023200000BF002084F8340000BF012084F835008D
:10233000E06B10B12046E16B8847606D38B3606D8B
:1023400000F00100F0B1052084F835002068006835
:1023500020F001002168086000BF0098401C009038
:10236000B84200D905E02068006800F001000028AC
:10237000F3D100BF00BF002084F8340000BF01206B
:1023800084F83500E06C10B12046E16C884700BF4E
:10239000A4E70000000002202DE9F04104460025DA
:1023A00000F0E2F9074614B90120BDE8F081606A47
:1023B00000B100BF00BF002084F8340000BF02203D
:1023C00084F835002068006820F00100216808606A
:1023D0000AE000F0C9F9C01B052805D92020606576
:1023E000032084F83500E0E72068006800F0010071
:1023F0000028EED12068056821480540D4E9010194
:102400000843E16808432169084361690843A169F9
:102410000843E1690843216A08430543606A0428C8
:1024200003D1D4E90B010843054320680560206807
:10243000456925F00705606A0543606A04280DD1E7
:10244000A06A0543E06A48B12046FEF743F928B187
:1024500040206065012084F83500A6E720684561CA
:102460002046FEF71DF9064694F85C103F20884090
:10247000B06000206065012084F83500002094E7FA
:102480003F8010E02DE9F04704460D4616461F46F2
:102490004FF00008D4F8589000BF94F83400012899
:1024A00002D10220BDE8F087012084F8340000BF8B
:1024B00094F8350001282BD1022084F83500002043
:1024C00060653B46324629462046FEF768F994F897
:1024D0005C103F208840C9F808002068006840F080
:1024E0001600216808602068406940F0800021687B
:1024F0004861206C28B12068006840F0080021681D
:1025000008602068006840F001002168086006E06B
:1025100000BF002084F8340000BF4FF0020840469E
:10252000C0E70000F8B502460B4600210025002454
:10253000002000BFE4E0012606FA01F51E6806EA65
:102540000504AC4271D15E68012E08D05E68022E8F
:1025500005D05E68112E02D05E68122E13D19068ED
:102560004F000326BE40B0434F00DE68BE403043FC
:102570009060506801268E40B0431E79C6F3001665
:102580008E4030435060D0684F000326BE40B043B9
:102590004F009E68BE403043D0605E68022E02D07D
:1025A0005E68122E13D1CF0802F1200656F82700DC
:1025B0004E07F70E0F26BE40B0434F07FF0E1E69B1
:1025C000BE403043CF0802F1200646F827001068CD
:1025D0004F000326BE40B0431E7906F003064F00AD
:1025E000BE40304310605E6806F08056B6F1805FF2
:1025F000A8D100BF444E366846F48046424F3E6044
:102600003E46366806F48046009600BF00BF3F4E47
:102610008F0856F827008E07370F0F26BE40B043AD
:102620003B4EB24202D100262EE068E0394EB24263
:1026300001D1012628E0384EB24201D1022623E022
:10264000364EB24201D103261EE0354EB24201D1D0
:10265000042619E0334EB24201D1052614E0324E71
:10266000B24201D106260FE0304EB24201D1072618
:102670000AE02F4EB24201D1082605E02D4EB242AB
:1026800001D1092600E00A268F073F0FBE403043E4
:102690001E4E8F0846F82700274E3068A0435E681C
:1026A00006F48036B6F5803F00D12043224E3060DC
:1026B000361D3068A0435E6806F40036B6F5003F6C
:1026C00000D120431C4E361D3060361D3068A043BB
:1026D0005E6806F48016B6F5801F00D12043164EC2
:1026E00008363060361D3068A0435E6806F4001678
:1026F000B6F5001F00D120430F4E0C363060491C48
:102700001029FFF418AFF8BD4438024008380140E2
:10271000000002400004024000080240000C024099
:10272000001002400014024000180240001C024049
:102730000020024000240240003C01400246136990
:102740000B400BB1012000E00020704742690A40B5
:1027500012B10A04826100E0816170470AB18161AF
:1027600001E00B0483617047014800687047000076
:102770001000022003480068034909780844014911
:1027800008607047100002201800022010B50A48A7
:10279000006840F40070084908600846006840F48A
:1027A00080700860052000F0ABFA0F2000F006F8FA
:1027B00000F056FA002010BD003C024070B50446FF
:1027C0000E4800784FF47A71B1FBF0F00C490968BB
:1027D000B1FBF0F5284601F0D9FB08B1012070BD2E
:1027E000102C07D200222146501E00F04AFA05485C
:1027F000046001E00120F2E70020F0E71800022069
:10280000000002201400022070B504460E46154652
:1028100000BF94F8A000012801D1022070BD012062
:1028200084F8A00000BF022084F8A10005EB850118
:1028300001EBC50204F1380101EB8200342231467C
:10284000FDF7D4FD2A463146204601F0EEFD012079
:102850002168486284F8A10000BF002084F8A0002D
:1028600000BF00BFDAE7000070B504460CB90120D4
:1028700070BD94F8A10028B9002084F8A00020467B
:1028800000F07EF8022084F8A1002068806920F022
:10289000704021688861D4E901010843E168084378
:1028A0002169084321688969084321688861206893
:1028B00080683249084021688860A08A0504206841
:1028C0008068A16929430843216888602068C0683E
:1028D0002A4908402168C860A08B05042068C068A8
:1028E000216A294308432168C86020680069234998
:1028F000084021680861A08C050420680069A16A6D
:102900002943084321680861206840691B49084041
:1029100021684861A08D050420684069216B294326
:1029200008432168486194F83500050294F83600A0
:1029300006042068C06A00F07F402168C86246EA49
:10294000050094F8341008432168C96A08432168D7
:10295000C8622068406B40F0060021684863206828
:10296000806940F00100216888610020C4F8A4005B
:10297000012084F8A10000207AE7000000F800F0B0
:1029800010B586B0044600BF4748006840F080603C
:10299000454908600846006800F08060009000BF6C
:1029A00000BF00BF40481438006840F400003E49B2
:1029B000143908600846006800F40000009000BF69
:1029C00000BF00BF0846006840F0020008600846EB
:1029D000006800F00200009000BF00BF00BF084682
:1029E000006840F0200008600846006800F0200001
:1029F000009000BF00BF00BF0846006840F04000E4
:102A000008600846006800F04000009000BF00BF6A
:102A100000BF0846006840F0800008600846006873
:102A200000F08000009000BF00BF00BF08460068B3
:102A300040F4807008600846006800F480700090E0
:102A400000BF00BF202001900120029003900320CE
:102A5000049001A91548FFF765FD4FF480600190CF
:102A60000220029000200390032004900E20059085
:102A700001A90F48FFF756FD4FF40C60019001A922
:102A80000C48FFF74FFD4FF47E40019001A90A4822
:102A9000FFF748FD40F2F760019001A90748FFF7F2
:102AA00041FD06B010BD0000443802400004024061
:102AB0000014024000180240001C024000200240A6
:102AC0002DE9F04104460E461746984600BF94F89B
:102AD000A000012802D10220BDE8F081012084F885
:102AE000A00000BF022084F8A10008EB880000EBE2
:102AF000C80104F1380000EB81052E60A86A30445B
:102B00006860AF60E86A3844E8604246294620467B
:102B100001F08BFC01202168486284F8A10000BF0D
:102B2000002084F8A00000BF00BFD5E72DE9F041E8
:102B300004460E461746984600BF94F8A0000128A8
:102B400002D10220BDE8F081012084F8A00000BF7E
:102B5000022084F8A10008EB880000EBC80104F112
:102B6000380000EB8105286830446860A868384464
:102B7000E860AE62EF6242462946204601F055FC0D
:102B800001202168486284F8A10000BF002084F879
:102B9000A00000BF00BFD5E74178154A1160017859
:102BA000F9B1121D41681160017B0907C27A41EA3F
:102BB0000261827A41EAC241427B41EA8241827BE0
:102BC00041EA4241C27B41EA0241427A41EA0221A2
:102BD000027A41EA420102781143054A0832116043
:102BE00005E00021024A121D1160121D116070479C
:102BF00098ED00E000BF00BF00BFBFF35F8F00BFD4
:102C000000BF00BF0548006820F480300349086019
:102C100000200249703108607047000024ED00E098
:102C200040F001010D4A11600C497039096841F406
:102C300080310A4A703A116000BF00BF00BFBFF385
:102C40004F8F00BF00BF00BF00BF00BF00BFBFF37A
:102C50006F8F00BF00BF00BF7047000094ED00E021
:102C6000704701460846002809DB00F01F030122D7
:102C70009A4043099B0003F1E023C3F8002100BF01
:102C800070472DE9F05F80460D461646002702F09A
:102C90001BF9074639462A46334601F00700C0F1C2
:102CA000070ABAF1040F02D94FF0040A01E0C0F19B
:102CB000070AD14600F1040ABAF1070F02D24FF019
:102CC000000A01E0A0F1030AD4464FF0010A0AFA13
:102CD00009FAAAF1010A0AEA020A0AFA0CFA4FF002
:102CE000010B0BFA0CFBABF1010B0BEA030B4AEAED
:102CF0000B042146404602F0EFF8BDE8F09F0000CB
:102D000000BF00F00702064B19684FF6FF03194099
:102D1000044B0B4343EA0221014B196000BF70478B
:102D20000CED00E00000FA0538B5002400BF204893
:102D3000006840F080501E4908600846006800F0B6
:102D40008050009000BF00BF1A48006840F48030F7
:102D500018490860FFF708FD044607E0FFF704FD87
:102D6000001BB0F57A7F01D9032038BD11484068B7
:102D700000F48030B0F5803FF0D10E48006840F498
:102D800000300C490860FFF7EFFC044607E0FFF74E
:102D9000EBFC001BB0F57A7F01D90320E5E705487D
:102DA000406800F40030B0F5003FF0D10020DCE7CF
:102DB00040380240007000402DE9F84304460026E8
:102DC00000250027A846A946207800F0010088B118
:102DD00000BFFE48006820F40000FC490860084677
:102DE0000068616B0843F949086000BF606B08B96F
:102DF0004FF00108206800F40020B0F5002F13D137
:102E0000F2488430006820F44010E16B0843EF4939
:102E100084310860E06BB0F5801F01D14FF00108EC
:102E2000E06B08B94FF00109206800F48010B0F59C
:102E3000801F13D1E5488430006820F44000216CE5
:102E40000843E24984310860206CB0F5800F01D15D
:102E50004FF00108206C08B94FF00109206800F01C
:102E60008070B0F1807F01D14FF00108207800F030
:102E70002000202870D100BFD4483830006840F0CE
:102E80008050D249383108600846006800F0805010
:102E9000009000BF00BFCE48006840F48070CC496D
:102EA0000860FFF761FC064607E0FFF75DFC801B4A
:102EB000642802D90320BDE8F883C548006800F4FF
:102EC00080700028F1D0C1486830006800F4407577
:102ED00085B3208E00F44070A8422BD0BB486830E8
:102EE000006820F44075B9486830006840F48030CC
:102EF000B649683108600846006820F480300860F0
:102F000008460560006800F0010098B1FFF72CFC4E
:102F1000064608E0FFF728FC801B41F28831884212
:102F200001D90320C7E7A94868300068C0F3400012
:102F30000028EFD000BF208E00F44070B0F5407F35
:102F40000BD1A248006820F4F810A24A216B11406E
:102F500008439E49086006E010E09C48006820F4A1
:102F6000F8109A490860994868300068218EC1F3CA
:102F70000B01084395496831086000BF207800F0D4
:102F80001000102810D100BF90488430006820F055
:102F900080708E498431086008460068A16B084340
:102FA0008A498431086000BF208800F48040B0F571
:102FB000804F09D185488830006820F44030616E28
:102FC0000843824988310860208800F40040B0F549
:102FD000004F09D17D488830006820F44020A16E60
:102FE00008437A4988310860206800F48030B0F5E1
:102FF000803F09D175488830006820F44010E16EA8
:103000000843724988310860206800F40030B0F548
:10301000003F09D16D488830006820F44000216FDE
:1030200008436A4988310860207800F04000402851
:1030300009D166488830006820F00300616C0843BD
:10304000624988310860207800F08000802809D12A
:103050005E488830006820F00C00A16C08435B4992
:1030600088310860208800F48070B0F5807F09D135
:1030700056488830006820F03000E16C084353491E
:1030800088310860208800F40070B0F5007F09D115
:103090004E488830006820F0C000216D08434B493D
:1030A00088310860208800F48060B0F5806F09D115
:1030B00046488830006820F44070616D08434349F9
:1030C00088310860208800F40060B0F5006F09D1F5
:1030D0003E488830006820F44060A16D08433B49B9
:1030E00088310860208800F48050B0F5805F09D1F5
:1030F00036488830006820F44050E16D0843334979
:1031000088310860208800F40050B0F5005F09D1D4
:103110002E488830006820F44040216E08432B4937
:1031200088310860206800F48000B0F5800F09D174
:1031300026488830006820F08060A16F084323494A
:1031400088310860206800F40010B0F5001F0FD12E
:103150001E488830006820F00060E16F08431B497A
:1031600088310860E06FB0F1006F01D14FF00109C4
:10317000207800F00800082801D14FF001092068EC
:1031800000F48020B0F5802F09D110488830006805
:1031900020F04070616F08430C4988310860206856
:1031A00000F40000B0F5000F0AD10848883000682C
:1031B00020F08050D4F8801008430449883108601A
:1031C000206800F08060B0F1806F05E008380240B0
:1031D00000700040FFFCFF0F08D1CC48006820F0D1
:1031E0000050D4F884100843C8490860206800F0F3
:1031F0000060B0F1006F0AD1C448001F006820F0E1
:103200000070D4F888100843C049091F086020687E
:1032100000F08050B0F1805F0AD1BC48001F006808
:1032200020F08060D4F88C100843B849091F08606A
:10323000B8F1010F03D02068B0F1007F7ED1B34810
:103240009038006820F08060B04990390860FFF73E
:103250008BFA064606E0FFF787FA801B642801D93F
:10326000032028E6A94890380068C0F3C060002811
:10327000F1D1207800F00100B8B1606BA8B9A34883
:103280000C380068C0F30145A0480C380068C0F352
:1032900003676068800140EA054040EA0761207AE0
:1032A00041EA007099490C390860206800F4002058
:1032B000B0F5002F03D1E06BB0F5801F09D0206876
:1032C00000F48010B0F5801F24D1206CB0F5800F81
:1032D00020D18E480C380068C0F301458B480C386B
:1032E0000068C0F302776068800140EA0541207BF6
:1032F00041EA006040EA077084490C39086083485D
:10330000001F006820F01F00616A491E08437F49C2
:10331000091F0860206800F08070B0F1807F17D12D
:103320007A480C380068C0F3036578480C380068A8
:10333000C0F3027760688101208A00E036E041EA4C
:10334000004040EA056040EA077070490C390860A7
:10335000206800F00070B0F1007F0DD1606881013D
:10336000208A41EA0041207B41EA0061207A41EA5B
:10337000007066490C39086064489038006840F075
:103380008060624990390860FFF7EEF9064606E072
:10339000FFF7EAF9801B642801D903208BE55B481D
:1033A00090380068C0F3C0600028F1D0B9F1010F77
:1033B0007ED156489038006820F0805053499039AB
:1033C0000860FFF7D1F9064606E0FFF7CDF9801B4C
:1033D000642801D903206EE54C4890380068C0F39A
:1033E00040700028F1D1206800F40020B0F5002FD3
:1033F00001D1E06B38B1206800F48010B0F5801F77
:1034000022D1206C00BB414808380068C0F3014558
:103410003E4808380068C0F302776069800140EADE
:103420000541207E41EA006040EA077037490839CB
:103430000860081D006820F4F851A06A401E41EAA7
:1034400000203249091F0860206800F40010B0F520
:10345000001F19D1E06FB0F1006F15D12B4808386B
:103460000068C0F30365294808380068C0F3027794
:1034700060698101208C41EA004040EA056040EA31
:103480000770224908390860207800F008000828F1
:1034900020D11E4808380068C0F303651B4808386F
:1034A0000068C0F301476069800140EA074000E01E
:1034B0002AE040EA0561207F41EA0070134908399B
:1034C0000860081D006820F44030E16A08430F4995
:1034D000091F08600D489038006840F080500B4983
:1034E00090390860FFF740F9064606E0FFF73CF91F
:1034F000801B642801D90320DDE40448903800686B
:10350000C0F340700028F1D00020D4E4903802408D
:1035100070B504460D4600260CB9012070BD5C480C
:10352000006800F00F00A8420ED25948006820F051
:103530000F002843564908600846006800F00F0055
:10354000A84201D00120E9E7207800F0020002281B
:103550001DD1207800F00400042805D14D480068F2
:1035600040F4E0504B490860207800F0080008283B
:1035700005D14848006840F4604046490860454825
:10358000006820F0F000A1680843424908602078F4
:1035900000F0010090B36068012807D13D48083869
:1035A0000068C0F34040A0B90120B7E76068022876
:1035B00007D1384808380068C0F3406048B9012096
:1035C000ACE7344808380068C0F3400008B901206F
:1035D000A4E73048006820F00300616808432D49E3
:1035E0000860FFF7C1F8064609E0FFF7BDF8801B49
:1035F00041F28831884202D903208FE707E025484D
:10360000006800F00C006168B0EB810FEDD120483C
:10361000006800F00F00A8420ED91D48006820F095
:103620000F0028431A4908600846006800F00F00A0
:10363000A84201D0012071E7207800F0040004289E
:1036400007D11448006820F4E050E16808431149AC
:103650000860207800F00800082808D10D480068AC
:1036600020F46040216940EAC1000A49086000F086
:103670003FF808490968C1F30311074A515CC84083
:103680000649086006480068FFF798F8002045E7FB
:10369000003C02400838024096AE000800000220BC
:1036A000140002200148006870470000000002205A
:1036B00000B5FFF7F7FF04490968C1F38221034A07
:1036C000515CC84000BD000008380240A6AE0008AA
:1036D00000B5FFF7E7FF04490968C1F34231034A27
:1036E000515CC84000BD000008380240A6AE00088A
:1036F0002DE9F047002400250026A1462548006852
:1037000000F00C0020B1042805D008283AD105E0CB
:10371000DFF8849039E0DFF8849036E01D48001F20
:10372000006800F03F041B48001F006800F48000A0
:1037300078B11A481749091F0968C1F38811A0FB1D
:1037400001700146224600233846FCF7CCFD0546B1
:103750000EE011480F49091F0968C1F38811A0FB49
:1037600001700146224600233846FCF7BCFD0546A1
:103770000848001F0068C0F30140401C4600B5FB2C
:10378000F6F902E0DFF8109000BF00BF4846BDE840
:10379000F0870000083802400024F40040787D01E2
:1037A000F8B5044600270CB90120F8BD207800F0D8
:1037B0000100002871D0F948006800F00C000428CE
:1037C0000DD0F648006800F00C00082813D1F3482B
:1037D000001F006800F48000B0F5800F0BD1EF48A7
:1037E00008380068C0F34040002869D060680028AD
:1037F00066D10120D9E700BF6068B0F5803F08D1ED
:10380000E6480838006840F48030E4490839086028
:103810002EE0606868B9E1480838006820F480301C
:10382000DE49083908600846006820F480200860F6
:103830001EE06068B0F5A02F0DD1D84808380068A8
:1038400040F48020D549083908600846006840F4F3
:10385000803008600CE0D1480838006820F48030DF
:10386000CE49083908600846006820F480200860C6
:1038700000BF606890B1FEF777FF054606E0FEF7EF
:1038800073FF401B642801D903208EE7C348083822
:103890000068C0F340400028F1D011E0FEF764FF5B
:1038A000054606E0FEF760FF401B642801D90320AF
:1038B0007BE7BA4808380068C0F340400028F1D1DF
:1038C000207800F00200022869D1B448006800F0B6
:1038D0000C0058B1B148006800F00C0008281CD159
:1038E000AE48001F006800F48000B0B9AB4808384B
:1038F0000068C0F3400020B1E068012801D0012039
:1039000053E7A6480838006820F0F800216940EA2B
:10391000C100A2490839086041E0E06828B39F4827
:103920000838006840F001009C4908390860FEF73B
:103930001BFF054606E0FEF717FF401B022801D9D2
:10394000032032E7954808380068C0F3400000289B
:10395000F1D092480838006820F0F800216940EA68
:10396000C1008E490839086019E08C4808380068A1
:1039700020F00100894908390860FEF7F5FE054688
:1039800006E0FEF7F1FE401B022801D903200CE7F8
:10399000824808380068C0F340000028F1D1207840
:1039A00000F00800082836D16069D0B17B486C303F
:1039B000006840F0010079496C310860FEF7D4FEE0
:1039C000054606E0FEF7D0FE401B022801D9032081
:1039D000EBE672486C300068C0F340000028F1D07C
:1039E00019E06E486C30006820F001006B496C31C2
:1039F0000860FEF7B9FE054606E0FEF7B5FE401B7F
:103A0000022801D90320D0E664486C300068C0F376
:103A100040000028F1D1207800F00400042874D17F
:103A20005E483830006800F0805080B900BF5B48C5
:103A30003830006840F080505849383108600846F6
:103A4000006800F08050009000BF00BF012754487C
:103A5000006800F48070B0B95148006840F480708C
:103A60004F490860FEF780FE054606E0FEF77CFE43
:103A7000401B642801D9032097E64948006800F4F8
:103A800080700028F2D000BFA068012808D1434808
:103A90006830006840F001004049683108602DE05E
:103AA000A06868B93D486830006820F001003B49D3
:103AB000683108600846006820F0040008601DE0D6
:103AC000A06805280DD135486830006840F0040032
:103AD0003249683108600846006840F0010008601B
:103AE0000CE02E486830006820F001002B49683156
:103AF00008600846006820F00400086000BFA06865
:103B0000A8B1FEF731FE054609E02EE0FEF72CFED7
:103B1000401B41F28831884201D9032045E61F4805
:103B200068300068C0F340000028EFD013E0FEF7D3
:103B30001BFE054608E0FEF717FE401B41F28831E8
:103B4000884201D9032030E6144868300068C0F389
:103B500040000028EFD1012F07D11048383000680D
:103B600020F080500D4938310860A069002854D0F9
:103B70000A48006800F00C00082867D0A0690228F5
:103B80004CD106480838006820F080700349083995
:103B90000860FEF7E9FD05460BE00000083802402A
:103BA00000700040FEF7E0FD401B022801D9032011
:103BB000FBE53F480068C0F340600028F2D1D4E93B
:103BC00007010843616A40EA81110122A06AC2EB41
:103BD000500041EA00412C20005D41EA00613020A4
:103BE000005D41EA00703249091D0860081F006845
:103BF00040F08070091F0860FEF7B6FD054606E03C
:103C0000FEF7B2FD401B022801D90320CDE528486C
:103C10000068C0F340600028F2D047E02448006804
:103C200020F0807022490860FEF79EFD054606E000
:103C3000FEF79AFD401B022801D90320B5E51C4878
:103C40000068C0F340600028F2D12FE01848001D42
:103C50000668A069012827D006F48001E069814246
:103C600022D106F03F01206A81421DD147F6C07083
:103C70003040616AB0EB811F16D106F44031012259
:103C8000A06AC2EB5000B1EB004F0DD106F070619D
:103C90002C20005DB1EB006F06D106F0E041302032
:103CA000005DB1EB007F01D001207EE500207CE5C6
:103CB0000038024070B504460D460CB9012070BDB5
:103CC00094F82C0028B9002084F82D00204600F03C
:103CD00011F8022084F82C00211D2068FCF70BFE4F
:103CE0002946D4E90002FCF75BFE012084F82C0091
:103CF0000020E4E710B586B0044600BF3E480068E7
:103D000040F001003C4908600846006800F00100EE
:103D1000009000BF00BF00BF37480838006840F07F
:103D200004003549083908600846006800F00400BE
:103D3000009000BF00BF00BF0846006840F00800C8
:103D400008600846006800F00800009000BF00BF4F
:103D500000BF0846006840F0100008600846006890
:103D600000F01000009000BF00BF00BF08460068D0
:103D700040F0200008600846006800F02000009035
:103D800000BF00BF00BF0846006840F04000086068
:103D90000846006800F04000009000BF00BF0D2002
:103DA00001900220029001200390032004900C2037
:103DB000059001A91148FEF7B5FB4CF20370019084
:103DC00001A90F48FEF7AEFB4FF68370019001A9E1
:103DD0000C48FEF7A7FB4FF63F00019001A90A48E7
:103DE000FEF7A0FB48F23710019001A90748FEF743
:103DF00099FB06B010BD00003838024000080240B0
:103E0000000C024000100240001402400018024062
:103E100070B504460D4694F82C00022800D170BD00
:103E2000022084F82C0029462068FCF79EFD012022
:103E300084F82C000020F2E770B504460D461646C3
:103E400094F82C00022800D170BD022084F82C00C8
:103E5000324629462068FCF78FFD2868022803D1E6
:103E6000052084F82C0002E0012084F82C000020BA
:103E7000EAE770B504460E4615460CB9012070BD40
:103E800094F8450028B9002084F84400204600F04A
:103E90001DF804F108012068FCF7BCFC3146A2685B
:103EA0002068FCF7F7FC2946E36AD4E90102FCF735
:103EB0008DFCA168206850F8210040F00100A26844
:103EC000216841F822000020D9E7000010B586B033
:103ED000044600BF2048006840F001001E49086009
:103EE0000846006800F00100009000BF00BF00BF5E
:103EF00019480838006840F0080017490839086078
:103F00000846006800F00800009000BF00BF00BF36
:103F10000846006840F0100008600846006800F09D
:103F20001000009000BF00BF4EF2B370019002205D
:103F3000029001200390022004900C20059001A91A
:103F40000648FEF7EFFA4FF68070019001A9044889
:103F5000FEF7E8FA06B010BD38380240000C024007
:103F600000100240042808D14FF0E021096941F017
:103F700004014FF0E022116107E04FF0E0210969F0
:103F800021F004014FF0E0221161704770B5044642
:103F90002546681EB0F1807F01D301200FE0681E26
:103FA0004FF0E02148610F214FF0FF3000F094FF07
:103FB00000204FF0E021886107200861002070BDDB
:103FC0007047704701464B6F8A6F43EA02007047A3
:103FD0002DE9F04704462068C56920680668206816
:103FE000876840F60F0005EA0008B8F1000F0CD111
:103FF00005F0200048B106F0200030B1206E10B16D
:104000002046216E8847BDE8F087B8F1000F7DD0CB
:1040100007F0010018B906F490700028F7D005F0F9
:10402000010048B106F4807030B1012021680862B7
:10403000E06F40F00100E06705F0020048B107F0D2
:10404000010030B1022021680862E06F40F00400F6
:10405000E06705F0040048B107F0010030B104202A
:1040600021680862E06F40F00200E06705F0080098
:1040700060B106F0200010B907F0010030B108204F
:1040800021680862E06F40F00800E06705F4006016
:1040900050B106F0806038B14FF4006021680862CA
:1040A000E06F40F02000E067E06F80B305F0200093
:1040B00038B106F0200020B1206E10B12046216EEC
:1040C0008847D4F87C902068806800F04000402841
:1040D00002D009F0280030B3204600F012FC20681E
:1040E000806800F04000402819D12068806820F0E6
:1040F000400021688860E06E68B12148E16E086583
:10410000E06EFEF714F810B1E06E01E011E00FE090
:10411000016D88470CE02046FFF753FF08E020467A
:10412000FFF74FFF04E02046FFF74BFF0020E0675A
:1041300069E705F4801050B107F4800038B14FF4FE
:104140008010216808622046FFF73AFF5BE705F020
:10415000800040B106F0800028B1606E10B12046AA
:10416000616E88474FE705F0400030B106F040002F
:1041700018B1204600F0D6FB45E700BF43E700003A
:10418000EB48000810B504460CB9012010BDA06929
:1041900000B100E000BF606F28B9002084F8700013
:1041A000204600F029F8242060672068006820F08D
:1041B000010021680860204600F02EFC012800D193
:1041C000E4E7606A10B1204600F0DCFA206840683D
:1041D00020F49040216848602068806820F02A0020
:1041E000216888602068006840F00100216808604C
:1041F000204600F043FBC9E710B586B004462B49C2
:10420000206888424FD100BF00BF2948006840F0B5
:104210001000274908600846006800F01000009070
:1042200000BF00BF00BF00BF00BF214814380068B6
:1042300040F001001E49143908600846006800F08B
:104240000100009000BF00BF00BF00BF00BF0846D4
:10425000006840F0010008600846006800F00100B6
:10426000009000BF00BF00BF4815019002200290DF
:1042700001200390022004900720059001A90D4819
:10428000FEF750F94FF4806001900720059001A9D6
:104290000848FEF747F92520FEF7E3FC0322114604
:1042A0002520FEF7EEFC06B010BD00000010014016
:1042B000443802400000024010B50346986F2028A1
:1042C00065D101B10AB9012010BD00BF93F870009B
:1042D000012801D10220F7E7012083F8700000BF18
:1042E0005965A3F85820A3F85A200020186600BF8B
:1042F0009868B0F5805F0AD1186920B940F2FF10C4
:10430000A3F85C0020E0FF20A3F85C001CE09868A4
:1043100048B9186918B9FF20A3F85C0014E07F20A1
:10432000A3F85C0010E09868B0F1805F09D11869CB
:1043300018B97F20A3F85C0006E03F20A3F85C00DA
:1043400002E00020A3F85C0000BF0020D867222014
:1043500098671868806840F001001C68A060986841
:10436000B0F5805F04D1186910B90A48186601E0F9
:104370000948186600BF002083F8700000BF186865
:10438000006840F490701C68206000209CE70220C8
:104390009AE7000045490008B14900081D4A016834
:1043A000914236D11C49098801F4004189BB1A4960
:1043B000098801F4804171B1184909780A2903D0AC
:1043C0000021154A118024E01349098841F4004175
:1043D000114A11801DE0114909780D2906D10E49B5
:1043E000098841F480410C4A118012E00B49097898
:1043F000094A1288C2F30D02094B995406490988EB
:10440000491C054A118011460988C72901DD002190
:1044100011807047001001400C0002200E000220A5
:104420002C000220704700BFFEE7F0B58E880768B9
:10443000FF68C7F30B473E44330406688436802781
:1044400007FB0266766806F47047066884364FF00C
:10445000800C0CFB026677600E680768FF68C7F384
:104460000B473E44761C1E43076884370CFB0277DB
:104470007E608E890768FF68C7F30A073E443304ED
:1044800006688436802707FB0266B66806F4704724
:10449000066884360CFB0266B7608E680768FF68A2
:1044A000C7F30A073E44761C46EA030706688436CB
:1044B0000CFB0266B76006688436802707FB02663D
:1044C000366926F00707066884360CFB02663761FA
:1044D0000F69066884360CFB026637613126765C0C
:1044E00033023226765C34040E7E35060668843646
:1044F000802707FB0266B6690027066884360CFB36
:104500000266B76191F830601E43264346EA05070C
:10451000066884360CFB0266B7610668843680271D
:1045200007FB0266766926F0FF07066884360CFBF7
:10453000026677614F69066884360CFB0266776114
:1045400006688436802707FB0266F66940F2077723
:10455000BE43076884370CFB0277FE61D1E907761A
:104560003743066884360CFB0266F76106688436BA
:10457000802707FB0266B66A0027066884360CFBB4
:104580000266B7624F6A066884360CFB0266B76241
:104590000E690EB9042313E00E69012E01D1032325
:1045A0000EE00E69042E08D00E69022E05D00E69A9
:1045B000032E02D00E69072E01D1022300E0012351
:1045C00006688436802707FB0266F66A06F0E02755
:1045D000066884364FF0800C0CFB0266F762D1E966
:1045E0000076F61B5E43F61C0F8D5F4346EA0747D5
:1045F000066884360CFB0266F762066884368027FC
:1046000007FB0266366BF70AFF02066884360CFB6E
:1046100002663763CF6A066884360CFB026637632E
:1046200006688436D701F65946F0010706688436D5
:104630004FEAC21C46F80C70F0BD00BFFEE77047A1
:104640007047000010B50023234C236000BF00BF5B
:1046500000BFBFF34F8F00BF00BF00BF231F18680C
:10466000C0F34E3100BFC0F3C90200BF43F6E07390
:1046700003EA41134FF0404404EA82742343174C89
:10468000236000BF00BF131EA2F10102EED10B1E7A
:10469000A1F10101E7D100BF00BF00BFBFF34F8F01
:1046A00000BF00BF00BF0C4B703B1B6843F480335E
:1046B000094C703C236000BF00BF00BFBFF34F8FA9
:1046C00000BF00BF00BF00BF00BF00BFBFF36F8FC0
:1046D00000BF00BF00BF10BD84ED00E060EF00E050
:1046E00000BF00BF00BFBFF34F8F00BF00BF00BFC0
:1046F00000BF00BF00BFBFF36F8F00BF00BF00BF90
:1047000000201449086000BF00BF00BFBFF34F8FF7
:1047100000BF00BF00BF00BF00BF00BFBFF36F8F6F
:1047200000BF00BF00BF0C48006840F400300A49D9
:10473000086000BF00BF00BFBFF34F8F00BF00BFC6
:1047400000BF00BF00BF00BFBFF36F8F00BF00BF3F
:1047500000BF704750EF00E014ED00E0704710B567
:10476000FEF708F810BD00000548006840F470002E
:10477000034908604FF000600149803908607047C4
:1047800088ED00E090F8241001F0010139B10168D2
:10479000496821F40031826A11430268516090F83F
:1047A000241001F00201022907D10168496821F4AF
:1047B0008031C26A11430268516090F8241001F000
:1047C0000401042907D10168496821F48021026BA2
:1047D00011430268516090F8241001F00801082983
:1047E00007D10168496821F40041426B1143026816
:1047F000516090F8241001F01001102907D10168D0
:10480000896821F48051826B11430268916090F8AD
:10481000241001F02001202907D10168896821F4C2
:104820000051C26B11430268916090F8241001F0AE
:104830004001402913D10168496821F48011026CBC
:10484000114302685160016CB1F5801F07D1016806
:10485000496821F4C001426C11430268516090F82C
:10486000241001F08001802907D10168496821F4F2
:104870000021826C114302685160704738B50446CC
:104880000020E067FDF770FF05462068006800F033
:10489000080008280CD16FF07E402B4600224FF410
:1048A00000110090204600F08BFA08B1032038BDBB
:1048B0002068006800F0040004280CD16FF07E40EE
:1048C0002B4600224FF480010090204600F078FA39
:1048D00008B10320EBE720206067A06700BF00203D
:1048E00084F8700000BF00BFE1E770B50546AC6B0F
:1048F0000020A4F85A00A4F852002046FFF761FBFC
:1049000070BD0168096821F4907102681160016846
:10491000896821F0010102689160202181670021EE
:104920000166704710B504462068006820F040001A
:104930002168086020206067002060662046FFF73D
:1049400071FD10BD2DE9F0410446B4F85C70A06F14
:10495000222825D12068406A86B2656D06EA0700E4
:104960002880606D801C6065B4F85A00401EA4F871
:104970005A00B4F85A00C8B92068006820F4907052
:10498000216808602068806820F001002168886044
:104990002020A067002020662046FFF7FFFC05E0EE
:1049A0002068806940F0080021688861BDE8F081D6
:1049B00070B50446B4F85C60A06F222825D1206849
:1049C000406A85B2F0B22840616D0870606D401C8D
:1049D0006065B4F85A00401EA4F85A00B4F85A00B2
:1049E000C8B92068006820F49070216808602068C9
:1049F000806820F00100216888602020A0670020E6
:104A000020662046FFF7CAFC05E02068806940F078
:104A100008002168886170BD2DE9F0470446002731
:104A2000BA462169A068084361690843E16940EA20
:104A3000010820680068D649084040EA080021685B
:104A400008602068406820F44050E168084321680D
:104A50004860D4F81880206A40EA08082068806816
:104A600020F4306040EA08002168886000BFC9492E
:104A70002068884216D1C848006800F0030030B1B1
:104A8000012808D0022804D0032808D105E0012518
:104A900007E0022505E0042503E0082501E01025D4
:104AA00000BFC9E0BD492068884216D1BA480068F5
:104AB00000F00C0030B1042808D0082804D00C28DD
:104AC00008D105E0002507E0022505E0042503E004
:104AD000082501E0102500BFAEE0B14920688842FA
:104AE00016D1AD48006800F0300030B1102808D071
:104AF000202804D0302808D105E0002507E0022551
:104B000005E0042503E0082501E0102500BF93E03F
:104B1000A4492068884216D19F48006800F0C00070
:104B200030B1402808D0802804D0C02808D105E042
:104B3000002507E0022505E0042503E0082501E043
:104B4000102500BF78E098492068884219D1924822
:104B5000006800F4407048B1B0F5807F0AD0B0F52D
:104B6000007F05D0B0F5407F08D105E0002507E0C3
:104B7000022505E0042503E0082501E0102500BF1B
:104B80005AE08A492068884219D18348006800F4B5
:104B9000406048B1B0F5806F0AD0B0F5006F05D025
:104BA000B0F5406F08D105E0012507E0022505E0DA
:104BB000042503E0082501E0102500BF3CE07C4906
:104BC0002068884219D17448006800F4405048B108
:104BD000B0F5805F0AD0B0F5005F05D0B0F5405F5A
:104BE00008D105E0002507E0022505E0042503E0E3
:104BF000082501E0102500BF1EE06E4920688842AC
:104C000019D16548006800F4404048B1B0F5804FC4
:104C10000AD0B0F5004F05D0B0F5404F08D105E0FF
:104C2000002507E0022505E0042503E0082501E052
:104C3000102500BF00E0102500BFE069B0F5004F6F
:104C400054D1092D3AD2DFE805F005101B3924397B
:104C500039392F00FEF72CFD06467000616800EB25
:104C60005100B0FBF1F087B22BE0FEF731FD0646B4
:104C70007000616800EB5100B0FBF1F087B220E0FA
:104C80004D49606801EB50006168B0FBF1F087B2FC
:104C900017E0FEF72DFD06467000616800EB51003D
:104CA000B0FBF1F087B20CE04FF48031606801EBAB
:104CB00050006168B0FBF1F087B202E04FF0010AEA
:104CC00000BF00BF102F0ED3B7F5803F0BD24FF6B9
:104CD000F07007EA0009C7F3420049EA00092068BA
:104CE000C0F80C904DE04FF0010A4AE0092D3AD28D
:104CF000DFE805F005101B39243939392F00FEF79C
:104D0000D7FC0646606806EB50006168B0FBF1F026
:104D100087B22BE0FEF7DCFC0646606806EB50002D
:104D20006168B0FBF1F087B220E02449606801EBD4
:104D300050006168B0FBF1F087B217E0FEF7D8FCD5
:104D40000646606806EB50006168B0FBF1F087B280
:104D50000CE04FF40041606801EB50006168B0FB6B
:104D6000F1F087B202E04FF0010A00BF00BF102F40
:104D700005D3B7F5803F02D22068C76001E04FF04D
:104D8000010A0020206660665046BDE8F0870000FA
:104D9000F369FFEF001001409038024000440040EA
:104DA00000480040004C004000500040001401400A
:104DB00000780040007C00400048E8010024F40036
:104DC0002DE9F04104460D4617469846069E45E0FB
:104DD000701C002842D0FDF7C7FCA0EB0800B042D1
:104DE00000D8B6B92068006820F4D0702168086047
:104DF0002068806820F001002168886020206067BA
:104E0000A06700BF002084F8700000BF0320BDE849
:104E1000F0812068006800F00400F8B12068C069E3
:104E2000C0F3C020D0B14FF4006021680862206850
:104E3000006820F4D070216808602068806820F045
:104E400001002168886020206067A067E06700BFDC
:104E5000002084F8700000BF0320D8E72068C069F4
:104E60002840A84201D1012000E00020B842AFD084
:104E70000020CCE770B500240F4D1048FFF7A8F8CC
:104E800000BF03E0641CAC4200D904E00B48FFF70C
:104E900099F82028F6D100BF002403E0641CAC423E
:104EA00000D906E0012206490448FFF705FA002868
:104EB000F4D100BF70BD0000FFFF0100F40002202C
:104EC0000E00022000BFFEE702480068C0F3022087
:104ED000704700000CED00E010B5002804DB0A0765
:104EE000130E054A135406E00A07140E034A00F095
:104EF0000F031B1FD45410BD00E400E018ED00E0C8
:104F000000BF704770B5FF240025012143F2230044
:104F100001F0B2FC082143F2220001F0ADFC09E0EF
:104F2000012001F0BDFC43F2230000F001FA044629
:104F3000681C85B21CB141F288308542F0DB0CB1AF
:104F4000052070BDFF240025012143F2230001F05C
:104F500093FC042143F2220001F08EFC09E00120C1
:104F600001F09EFC43F2230000F0E2F90446681CC5
:104F700085B21CB141F288308542F0DB0CB10520CE
:104F8000DFE70020DDE700002DE9F04100260027E3
:104F900020214FF4405001F06FFC4FF400450024F5
:104FA00007E02848015D284601F066FC681C85B2D0
:104FB000641C40F6ED708442F3D3002143F22200DA
:104FC00001F05AFC002143F2230001F055FC0021BE
:104FD00043F2240001F050FC002143F2250001F0CF
:104FE0004BFC002143F2260001F046FC002143F275
:104FF000270001F041FC002143F2280001F03CFCB5
:105000007F2143F2290001F037FC00214FF440508A
:1050100001F032FC09E0012001F042FC43F22900DA
:1050200000F086F90646781C87B2702E03D041F254
:1050300088308742EFDB702E02D00520BDE8F0817A
:105040000020FBE7CAE2000810B5084808490860DC
:10505000002048602021064881600021C160016174
:10506000416181610162FBF753FD10BD00000550F5
:10507000300302202DE9F04104460D4616461F4636
:105080001248806C05611148806C86610F49886CFC
:10509000FDF782F900200D4981F8500008460068AC
:1050A000C06840F001000968C8603B462246022102
:1050B0000648FBF735FF00BF044890F85000002871
:1050C000FAD00248FBF7A8FFBDE8F08130030220C8
:1050D00010B500BF00224FF400410D48FDF73EFB24
:1050E00000BF142001F0DCFB00BF0021022005F00E
:1050F00024FD00BF052001F0D3FB00BF0122D10336
:105100000348FDF72BFB00BF142001F0C9FB10BDC5
:105110000000024010B543F20A0000F009F9040251
:1051200043F20B0000F004F90443204610BD0000D8
:105130002DE9F04781460F469046062F3FD2DFE823
:1051400007F0030C16202A34002400252448008987
:105150002349498900FB01F634E04FF480640025BF
:105160001F4800891E49498900FB01F62AE00024F6
:105170004FF400551A48008919494989484346089F
:1051800020E04FF48064E5001548008914494989FE
:105190004843460816E000244FF480451048008933
:1051A0000F494989484386080CE04FF48064250183
:1051B0000B4800890A4949894843860802E00220D1
:1051C000BDE8F08700BFB8F1000F00D0C0473346FC
:1051D0002A4621464846FFF74DFF0020F0E7000031
:1051E000240302202DE9F047642001F059FB43F627
:1051F000080000F09DF8044643F6090000F098F816
:10520000054643F60A0000F093F8064643F60B0005
:1052100000F08EF8074604F00F0045EA002806F07B
:10522000070047EA00290348A0F80880A0F80A9080
:10523000BDE8F0872403022000B587B0142102A83E
:10524000FBF706F900BF00BF1448006840F00100FA
:10525000124908600846006800F00100019000BF94
:1052600000BF00BF4FF40040029001200390049063
:105270000220059002A90A48FDF754F900BF012257
:10528000D1030748FDF76AFA00BF00BF01210220E1
:1052900005F053FC00BF07B000BD000030380240ED
:1052A0000000024010B500BF00224FF40041094841
:1052B000FDF754FA00BF142001F0F2FA00BF0122FA
:1052C000D1030448FDF74AFA00BF142001F0E8FAC0
:1052D00010BD00000000024010B5FFF7ADFFFFF762
:1052E000F7FEFFF7DFFF00F075F801F0AFFAFFF708
:1052F00011FF044645F24060844201D0012010BDF8
:1053000000F004F8FFF7A0FE0020F8E710B5002435
:1053100009E0064A02EB84029178044A32F824003C
:1053200001F0AAFA641CCF2CF3D310BD36DE0008BE
:1053300038B504460020009021463C2000F018F8C3
:1053400069463C2000F003F89DF8000038BD70B5B8
:1053500004460D4600F0F6F8012101EB4401C8B205
:1053600000F034F9284600F079F800F00FF970BD2C
:1053700070B505460C4600F0E5F8002141EA45010C
:10538000C8B200F023F9200A00F020F9E0B200F0E2
:105390001DF900F0FBF870BD70B505460C461646C9
:1053A00000F0D0F8002141EA4501C8B200F00EF942
:1053B000200A00F00BF9E0B200F008F9304600F0E6
:1053C00005F900F0E3F870BD10B5052001F082FA90
:1053D00010BD000000B587B0142102A8FBF738F813
:1053E00000BF00BF1B48006840F002001949086078
:1053F0000846006800F00200019000BF00BF00BF37
:1054000000BF00BF0846006840F002000860084680
:10541000006800F00200019000BF00BF00BF102034
:1054200002900120039004900220059002A90A48EE
:10543000FDF778F8082002900120039004900220E4
:10544000059002A90448FDF76DF800F09FF807B039
:1054500000BD0000303802400004024070B5044630
:1054600000F044F807251DE0FFF7AEFF00BF012262
:1054700010211D48FDF772F900BF08211A48FDF7F9
:105480005DF90646207806FA05F108432070FFF71B
:105490009BFF00BF002210211348FDF75FF900BFFA
:1054A000681E45B2002DDFDAFFF78EFF00BF012234
:1054B00010210D48FDF752F900BFFFF785FF00BF2F
:1054C000002210210848FDF749F900BFFFF77CFFD3
:1054D00000BF002208210448FDF740F900BFFFF794
:1054E00073FF00F019F870BD0004024000B585B0EC
:1054F00014216846FAF7ACFF0820009000200190C4
:10550000012002900220039069460248FDF70AF844
:1055100005B000BD0004024000B585B01421684606
:10552000FAF796FF082000900120019002900220D7
:10553000039069460248FCF7F5FF05B000BD000086
:105540000004024010B500BF012208210E48FDF7FB
:1055500005F900BF00BF012210210B48FDF7FEF83E
:1055600000BFFFF731FF00BF002208210648FDF70A
:10557000F5F800BFFFF728FF00BF00221021024806
:10558000FDF7ECF800BF10BD0004024010B500BFED
:10559000002208210C48FDF7E1F800BFFFF714FFD7
:1055A00000BF012210210848FDF7D8F800BFFFF71F
:1055B0000BFF00BF012208210348FDF7CFF800BF11
:1055C000FFF702FF10BD00000004024070B5064660
:1055D000072425E046FA04F000F0010500BF2DB1D4
:1055E000012208211C48FDF7B9F804E00022082137
:1055F0001948FDF7B3F800BFFFF7E6FE00BF012230
:1056000010211548FDF7AAF800BFFFF7DDFE00BF27
:10561000002210211048FDF7A1F800BF601E44B21F
:10562000002CD7DA00BF012208210B48FDF796F8BD
:1056300000BFFFF7C9FE00BF012210210648FDF799
:105640008DF800BFFFF7C0FE00BF00221021024806
:10565000FDF784F800BF70BD0004024010B5044699
:10566000092C6FD2DFE804F0051A2F44596F849992
:10567000AE00FF2145F2010001F0FEF8402145F2A5
:10568000875001F0F9F804214FF4AB4001F0F4F831
:10569000012145F2885001F0EFF8AAE0FF2145F220
:1056A000010001F0E9F8302145F2875001F0E4F8FB
:1056B00004214FF4AB4001F0DFF8012145F288509E
:1056C00001F0DAF895E0FF2145F2010001F0D4F88D
:1056D000202145F2875001F0CFF804214FF4AB4070
:1056E00001F0CAF8012145F2885001F0C5F880E0C8
:1056F000FF2145F2010001F0BFF8102145F287506B
:1057000001F0BAF804214FF4AB4001F0B5F80121E3
:1057100045F2885001F0B0F86BE0FF2145F201003E
:1057200001F0AAF8002145F2875001F0A5F8042104
:105730004FF4AB4001F0A0F8012145F2885001F090
:105740009BF856E053E0FF2145F2010001F094F888
:10575000102145F2875001F08FF804214FF4AB403F
:1057600001F08AF8092145F2885001F085F840E0FF
:10577000FF2145F2010001F07FF8202145F287501A
:1057800001F07AF804214FF4AB4001F075F80921DB
:1057900045F2885001F070F82BE0FF2145F201003E
:1057A00001F06AF8302145F2875001F065F80421D4
:1057B0004FF4AB4001F060F8092145F2885001F048
:1057C0005BF816E0FF2145F2010001F055F8402199
:1057D00045F2875001F050F804214FF4AB4001F03E
:1057E0004BF8092145F2885001F046F801E002200B
:1057F00010BD00BF0020FBE710B50446092C6ED297
:10580000DFE804F0051F39536E88A2BCD600FF21E3
:1058100045F2010001F030F8802145F2835001F09B
:105820002BF8802145F2845001F026F802214FF434
:10583000AB4001F021F8412145F2885001F01CF8FD
:10584000D2E0FF2145F2010001F016F8702145F287
:10585000835001F011F8702145F2845001F00CF8EA
:1058600002214FF4AB4001F007F8412145F2885086
:1058700001F002F8B8E0FF2145F2010000F0FCFF62
:10588000602145F2835000F0F7FF602145F284501B
:1058900000F0F2FF02214FF4AB4000F0EDFF412198
:1058A00045F2885000F0E8FF9EE0FF2145F201003C
:1058B00000F0E2FF502145F2835000F0DDFF50215F
:1058C00045F2845000F0D8FF02214FF4AB4000F0C5
:1058D000D3FF412145F2885000F0CEFF84E081E003
:1058E000FF2145F2010000F0C7FF402145F283503F
:1058F00000F0C2FF402145F2845000F0BDFF0221BC
:105900004FF4AB4000F0B8FF412145F2885000F061
:10591000B3FF69E0FF2145F2010000F0ADFF302147
:1059200045F2835000F0A8FF302145F2845000F08A
:10593000A3FF02214FF4AB4000F09EFF412145F24E
:10594000885000F099FF4FE0FF2145F2010000F080
:1059500093FF202145F2835000F08EFF202145F275
:10596000845000F089FF02214FF4AB4000F084FF27
:10597000412145F2885000F07FFF35E0FF2145F2DC
:10598000010000F079FF102145F2835000F074FF10
:10599000102145F2845000F06FFF02214FF4AB401C
:1059A00000F06AFF412145F2885000F065FF1BE0DE
:1059B000FF2145F2010000F05FFF002145F2835016
:1059C00000F05AFF002145F2845000F055FF0221FB
:1059D0004FF4AB4000F050FF412145F2885000F0F9
:1059E0004BFF01E0022010BD00BF0020FBE710B517
:1059F0000446092C6ED2DFE804F0051F39536E8887
:105A0000A2BCD600FF2145F2010000F035FF0421C1
:105A10004FF4AB4000F030FF302145F2865000F0EB
:105A20002BFF302145F2855000F026FF412145F241
:105A3000885000F021FFD2E0FF2145F2010000F084
:105A40001BFF04214FF4AB4000F016FF2C2145F260
:105A5000865000F011FF2C2145F2855000F00CFF1C
:105A6000412145F2885000F007FFB8E0FF2145F2E0
:105A7000010000F001FF04214FF4AB4000F0FCFEF8
:105A8000282145F2865000F0F7FE282145F2855086
:105A900000F0F2FE412145F2885000F0EDFE9EE05C
:105AA000FF2145F2010000F0E7FE04214FF4AB4076
:105AB00000F0E2FE242145F2865000F0DDFE2421B4
:105AC00045F2855000F0D8FE412145F2885000F0A3
:105AD000D3FE84E081E0FF2145F2010000F0CCFE1E
:105AE00004214FF4AB4000F0C7FE202145F2865060
:105AF00000F0C2FE202145F2855000F0BDFE41219C
:105B000045F2885000F0B8FE69E0FF2145F201003F
:105B100000F0B2FE04214FF4AB4000F0ADFE1C21BA
:105B200045F2865000F0A8FE1C2145F2855000F099
:105B3000A3FE412145F2885000F09EFE4FE0FF2178
:105B400045F2010000F098FE04214FF4AB4000F054
:105B500093FE182145F2865000F08EFE182145F282
:105B6000855000F089FE412145F2885000F084FE06
:105B700035E0FF2145F2010000F07EFE04214FF4E4
:105B8000AB4000F079FE142145F2865000F074FE1F
:105B9000142145F2855000F06FFE412145F28850F6
:105BA00000F06AFE1BE0FF2145F2010000F064FEF8
:105BB00004214FF4AB4000F05FFE102145F2865007
:105BC00000F05AFE102145F2855000F055FE4121AB
:105BD00045F2885000F050FE01E0022010BD00BFE9
:105BE0000020FBE710B504460B2C7CD2DFE804F064
:105BF0000625446384A3C2E1FEFDFC00102143F6A8
:105C00000F2000F039FE082143F6102000F034FE8A
:105C1000102143F61B2000F02FFE082143F61E2022
:105C200000F02AFE202143F6112000F025FE10216D
:105C300043F61F2000F020FE3DE1182143F60F201F
:105C400000F01AFE102143F6102000F015FE182176
:105C500043F61B2000F010FE102143F61E2000F03A
:105C60000BFE302143F6112000F006FE102143F612
:105C70001F2000F001FE1EE1202143F60F2000F05E
:105C8000FBFD182143F6102000F0F6FD412143F6FC
:105C9000112000F0F1FD202143F61B2000F0ECFD67
:105CA000182143F61E2000F0E7FD102143F61F20C7
:105CB00000F0E2FDFFE0282143F60F2000F0DCFDBC
:105CC000202143F6102000F0D7FD512143F611208A
:105CD00000F0D2FD282143F61B2000F0CDFD20214D
:105CE00043F61E2000E0E4E000F0C6FD102143F67C
:105CF0001F2000F0C1FDDEE0302143F60F2000F050
:105D0000BBFD282143F6102000F0B6FD612143F6CB
:105D1000112000F0B1FD302143F61B2000F0ACFD56
:105D2000282143F61E2000F0A7FD102143F61F2076
:105D300000F0A2FDBFE0382143F60F2000F09CFDEB
:105D4000302143F6102000F097FD612143F6112029
:105D500000F092FD382143F61B2000F08DFD30212C
:105D600043F61E2000F088FD102143F61F2000F0AE
:105D700083FDA0E0402143F60F2000F07DFD382197
:105D800043F6102000F078FD712143F6112000F059
:105D900073FD402143F61B2000F06EFD382143F6D1
:105DA0001E2000F069FD102143F61F2000F064FD65
:105DB00081E0482143F60F2000F05EFD402143F6CC
:105DC000102000F059FD802143F6112000F054FD11
:105DD000482143F61B2000F04FFD402143F61E20D2
:105DE00000F04AFD202102E044E024E004E043F614
:105DF0001F2000F041FD5EE0502143F60F2000F02F
:105E00003BFD482143F6102000F036FD902143F67B
:105E1000112000F031FD502143F61B2000F02CFD35
:105E2000482143F61E2000F027FD202143F61F20C5
:105E300000F022FD3FE0582143F60F2000F01CFD4A
:105E4000502143F6102000F017FD912143F6112058
:105E500000F012FD582143F61B2000F00DFD5021EB
:105E600043F61E2000F008FD202143F61F2000F01D
:105E700003FD20E0602143F60F2000F0FDFC5821D7
:105E800043F6102000F0F8FCA02143F6112000F0AA
:105E9000F3FC602143F61B2000F0EEFC582143F692
:105EA0001E2000F0E9FC202143F61F2000F0E4FC56
:105EB00001E0022010BD00BF0020FBE710B5044642
:105EC0000C2C6FD2DFE804F006203A546F89A3BD92
:105ED000D7F4F2F1FF2145F2010000F0CDFC0121E1
:105EE0004FF4AB4000F0C8FC802145F2815000F037
:105EF000C3FC002145F2825000F0BEFC322145F285
:105F0000885000F0B9FC23E1FF2145F2010000F0C8
:105F1000B3FC01214FF4AB4000F0AEFC6F2145F221
:105F2000815000F0A9FC402145F2825000F0A4FC11
:105F3000322145F2885000F09FFC09E1FF2145F233
:105F4000010000F099FC01214FF4AB4000F094FCFB
:105F5000402145F2815000F08FFC6F2145F28250C4
:105F600000F08AFC322145F2885000F085FCEFE019
:105F7000FF2145F2010000F07FFC01214FF4AB400E
:105F800000F07AFC002145F2815000F075FC802180
:105F900045F2825000F070FC022145F2885000F07A
:105FA0006BFCD5E0D2E0FF2145F2010000F064FC7B
:105FB00001214FF4AB4000F05FFC402145F28150DD
:105FC00000F05AFC6F2145F2825000F055FC02218E
:105FD00045F2885000F050FCBAE0FF2145F2010084
:105FE00000F04AFC01214FF4AB4000F045FC6F216A
:105FF00045F2815000F040FC402145F2825000F013
:106000003BFC022145F2885000F036FCA0E0FF2165
:1060100045F2010000F030FC01214FF4AB4000F0EC
:106020002BFC802145F2815000F026FC002145F236
:10603000825000F021FC012145F2885000F01CFC48
:1060400086E0FF2145F2010000F016FC01214FF42B
:10605000AB4000F011FC6F2145F2815000F00CFCC8
:10606000402145F2825000F007FC012145F28850A2
:1060700000F002FC6CE0FF2145F2010000F0FCFBA7
:1060800001214FF4AB4000F0F7FB402145F2815075
:1060900000F0F2FB6F2145F2825000F0EDFB012190
:1060A00045F2885000F0E8FB52E035E01AE0FFE7E7
:1060B000FF2145F2010000F0DFFB01214FF4AB406E
:1060C00000F0DAFB002145F2815000F0D5FB802181
:1060D00045F2825000F0D0FB312145F2885000F0AB
:1060E000CBFB35E0FF2145F2010000F0C5FB0121AB
:1060F0004FF4AB4000F0C0FB402145F2815000F06E
:10610000BBFB6F2145F2825000F0B6FB312145F216
:10611000885000F0B1FB1BE0FF2145F2010000F0C8
:10612000ABFB01214FF4AB4000F0A6FB6F2145F221
:10613000815000F0A1FB402145F2825000F09CFB11
:10614000312145F2885000F097FB01E0022010BD9C
:1061500000BF0020FBE710B50446062C78D2DFE82C
:1061600004F003788DB1D5FA002143F2064000F027
:1061700083FB042145F2921000F07EFBF82145F2EA
:10618000911000F079FB702145F2931000F074FB40
:10619000F02145F2941000F06FFBF02145F29510CC
:1061A00000F06AFB3D2145F28D1000F065FB5421A3
:1061B00045F28F1000F060FB3D2145F28E1000F09B
:1061C0005BFB542145F2901000F056FBA82145F2EC
:1061D0008B1000F051FBA82145F28C1000F04CFB15
:1061E000182145F2871000F047FB182145F288106E
:1061F00000F042FB6E2145F2891000F03DFB682162
:1062000045F28A1000F038FB1C2145F2861000F0A0
:1062100033FB502145F2811000F02EFB252145F281
:10622000841000F029FB112145F2821000F024FBBC
:10623000142145F2831000F01FFB252145F2841044
:1062400000F01AFB242145F2851000F015FBA8E0B0
:10625000A5E0002143F2064000F00EFB942145F238
:10626000831000F009FBFF2145F2911000F004FBC0
:10627000002145F2921000F0FFFA92E0012143F272
:10628000064000F0F9FA06214FF4505000F0F4FAFD
:106290001C2143F2014000F0EFFA042143F20240D6
:1062A00000F0EAFA002143F2034000F0E5FA04218D
:1062B00043F2044000F0E0FAF32143F2054000F01D
:1062C000DBFA6EE0012143F2064000F0D5FA04212A
:1062D0004FF4505000F0D0FA102143F2014000F08A
:1062E000CBFA042143F2024000F0C6FA002143F247
:1062F000034000F0C1FA082143F2044000F0BCFA68
:10630000B62143F2054000F0B7FA4AE0012143F21A
:10631000064000F0B1FA05214FF4505000F0ACFAFD
:10632000482143F2014000F0A7FA042143F2024061
:1063300000F0A2FA002143F2034000F09DFA072189
:1063400043F2044000F098FACF2143F2054000F0F8
:1063500093FA26E0FFE7012143F2064000F08CFAB1
:1063600006214FF4505000F087FA482143F20140D3
:1063700000F082FA042143F2024000F07DFA00218D
:1063800043F2034000F078FA042143F2044000F0A5
:1063900073FAD32143F2054000F06EFA01E00220C7
:1063A00010BD00BF0020FBE770B5064636B1012ED8
:1063B00020D0022E3AD0032E71D154E043F62000B3
:1063C000FEF7B6FF044604F0F90400BF214643F689
:1063D000200000F051FA43F62100FEF7A9FF054620
:1063E00005F0F90545F00605294643F6210000F0C1
:1063F00043FA56E043F62000FEF79AFF044604F005
:10640000F90444F00604214643F6200000F034FA73
:1064100043F62100FEF78CFF054605F0F90500BFA5
:10642000294643F6210000F027FA3AE043F620001F
:10643000FEF77EFF044604F0F90444F0060421460A
:1064400043F6200000F018FA43F62100FEF770FF33
:10645000054605F0F90545F00605294643F62100F5
:1064600000F00AFA1DE043F62000FEF761FF044643
:1064700004F0F90400BF214643F6200000F0FCF9C7
:1064800043F62100FEF754FF054605F0F90500BF6D
:10649000294643F6210000F0EFF902E0FFE7022071
:1064A00070BD00BF0020FBE770B5054615B1012D9A
:1064B0001ED10EE0002409E0104A02EB840291781C
:1064C0000E4A32F8240000F0D7F9641C2D2CF3D3C7
:1064D00010E0002409E00A4A02EB84029178084A9D
:1064E00032F8240000F0C8F9641C292CF3D301E031
:1064F000022070BD00BF0020FBE7000072E1000831
:1065000026E200082DE9F04704460D4643F6080050
:10651000FEF70EFF064643F60A00FEF709FF0746A0
:1065200026F00F06C4F30320064304F0FF0827F00B
:106530000707C5F30220074305F0FF09032143F2D3
:10654000122000F099F9314643F6080000F094F962
:10655000414643F6090000F08FF9394643F60A0038
:1065600000F08AF9494643F60B0000F085F9132143
:1065700043F2122000F080F9A32143F2122000F030
:106580007BF9FEF72FFE0020BDE8F08710B504462A
:106590000A2C7CD2DFE804F005101B26313C475260
:1065A0005D68652145F2083000F066F9002145F28A
:1065B000023000F061F989E0652145F2083000F011
:1065C0005BF9022145F2023000F056F97EE06521C8
:1065D00045F2083000F050F9042145F2023000F095
:1065E0004BF973E0652145F2083000F045F90821C8
:1065F00045F2023000F040F968E0652145F20830CC
:1066000000F03AF90C2145F2023000F035F95DE076
:10661000652145F2083000F02FF9102145F20230D3
:1066200000F02AF952E0652145F2083000F024F923
:10663000142145F2023000F01FF947E0652145F2D0
:10664000083000F019F9182145F2023000F014F971
:106650003CE0652145F2083000F00EF9202145F2BA
:10666000023000F009F931E0252145F2083000F050
:1066700003F908214FF4A64000F0FEF8302145F25E
:10668000013000F0F9F8102145F2023000E01BE083
:1066900000F0F2F8002145F2033000F0EDF8082197
:1066A00045F2093000F0E8F8302145F20A3000F0F8
:1066B000E3F8042145F20B3000F0DEF8062145F244
:1066C0000C3000F0D9F801E0022010BD00BF00201E
:1066D000FBE710B50446072C79D2DFE804F0040F7D
:1066E00024394E6379007F2145F2010000F0C4F89F
:1066F00000214FF4AB4000F0BFF876E0FF2145F2F7
:10670000010000F0B9F818214FF4AB4000F0B4F8E4
:10671000802145F2835000F0AFF8802145F284508B
:1067200000F0AAF861E0FF2145F2010000F0A4F8B2
:1067300018214FF4AB4000F09FF8A02145F28350A0
:1067400000F09AF8402145F2845000F095F84CE0B2
:10675000FF2145F2010000F08FF818214FF4AB4003
:1067600000F08AF8402145F2835000F085F8A0211E
:1067700045F2845000F080F837E0FF2145F2010037
:1067800000F07AF818214FF4AB4000F075F8802142
:1067900045F2835000F070F8C02145F2845000F0BB
:1067A0006BF822E0FF2145F2010000F065F81821A6
:1067B0004FF4AB4000F060F8602145F2835000F0E8
:1067C0005BF8602145F2845000F056F80DE00AE0D5
:1067D000FF2145F2010000F04FF840214FF4AB409B
:1067E00000F04AF801E0022010BD00BF0020FBE7E6
:1067F00010B5044624B1012C0DD0022C21D115E096
:10680000002145F23D0000F037F8002144F24170CC
:1068100000F032F817E0802145F23D0000F02CF83E
:10682000002144F2417000F027F80CE0822145F28B
:106830003D0000F021F8002144F2417000F01CF806
:1068400001E0022010BD00BF0020FBE710B543F2BD
:106850000310FEF76DFD044624F00204214643F2C6
:10686000031000F009F8822143F2080000F004F858
:106870000A2000F015F810BD70B504460D462A46F2
:1068800021463C20FEF788FD70BD000010B504468F
:106890000420FDF767FB0148046010BD04000220DE
:1068A00070B50446412094FBF0F594FBF0F100FB39
:1068B000114604E04FF6E85000F00CF86D1E002D74
:1068C000F8D12EB14FF47A7106FB01F000F002F816
:1068D00070BD000070B5034600224FF0E0267569D8
:1068E0000D4E366803FB06F44FF0E026B16910E068
:1068F0004FF0E026B06988420BD0884202D20E1ACF
:10690000324402E02E1A0E4432440146A24200D321
:1069100000E0EDE700BF70BD04000220FEF7DCFCE4
:1069200004460020FFF7C0FD2044C4B2FEF72CFB54
:106930002044C4B2FEF7E6FA2044C4B20020FFF7B8
:106940000AFC2044C4B20420FEF756FF2044C4B21F
:106950000420FEF783FE2044C4B20420FFF747F86A
:106960002044C4B20620FFF7A9FA2044C4B2002094
:10697000FFF7AFFE2044C4B20520FFF733F92044EF
:10698000C4B20020FFF702FE2044C4B20120FFF78A
:106990000BFD2044C4B20020FFF72AFF2044C4B2FC
:1069A0004FF4A071F020FFF7ADFD2044C4B26CB1EC
:1069B00016A0F9F70FFD08E000BF02211A48FBF707
:1069C000C5FE00BFC820FFF76BFFF5E71CE0002203
:1069D00003211648FEF7ACFB002512E000260CE070
:1069E000C5EB051006EB0010104931F810202946C0
:1069F000304600F0F7FA701C86B2F02EF0DB681C0F
:106A000085B2B5F5A07FE9DBE1E7000041544B2DED
:106A10004D433536343020696E6974206661696C87
:106A20006564210D0A0000000004024000803EC0A1
:106A300000BF054AD26902F04002002AF9D0C2B272
:106A4000014B9A62704700000010014010B500BF72
:106A5000002220211048FBF781FE00BF00F01EF845
:106A600000BF012210210C48FBF778FE00BF00F0A8
:106A700015F800BF002210210748FBF76FFE00BF8A
:106A800000F00CF800BF012220210348FBF766FE4E
:106A900000BF00F003F810BD001C024010B502203A
:106AA000FFF718FF10BD000000B587B000BF00BFA2
:106AB0001948006840F080001749086008460068DF
:106AC00000F08000019000BF00BF00BF00BF00BF0A
:106AD0000846006840F0800008600846006800F042
:106AE0008000019000BF00BF00BF10200290012075
:106AF000039004900320059002A90848FBF712FDBB
:106B0000202002901120039002A90448FBF70AFDFF
:106B100000F0B0F807B000BD30380240001C024061
:106B200010B500BF012220210C48FBF717FE00BF63
:106B3000FFF7B4FF00BF012210210848FBF70EFE4B
:106B400000BFFFF7ABFF00BF002210210348FBF797
:106B500005FE00BFFFF7A2FF10BD0000001C0240B1
:106B600070B50546002400261CE06006040E00BF38
:106B7000012210211048FBF7F1FD00BFFFF78EFF47
:106B800020210D48FBF7DAFD08B1601CC4B200BF3C
:106B9000002210210848FBF7E1FD00BFFFF77EFF50
:106BA000701CC6B2082EE0DB15B9FFF7B9FF01E093
:106BB000FFF74CFF204670BD001C024070B5044634
:106BC000002524E000BFE00928B10122202115485A
:106BD000FBF7C4FD04E0002220211248FBF7BEFDB4
:106BE00000BFFFF75BFF00BF012210210D48FBF73C
:106BF000B5FD00BFFFF752FF00BF0022102109487A
:106C0000FBF7ACFD00BF6006040E681CC5B2082D82
:106C1000D8DB00BF012220210248FBF79FFD00BF07
:106C200070BD0000001C024010B500BF01222021F1
:106C30000F48FBF793FD00BF00BF012210210C4855
:106C4000FBF78CFD00BFFFF729FF00BF00222021CA
:106C50000748FBF783FD00BFFFF720FF00BF0022BE
:106C600010210348FBF77AFD00BFFFF717FF10BDA7
:106C7000001C024010B500BF002220210C48FBF789
:106C80006DFD00BFFFF70AFF00BF01221021084879
:106C9000FBF764FD00BFFFF701FF00BF01222021C9
:106CA0000348FBF75BFD00BFFFF7F8FE10BD0000D7
:106CB000001C024070B50024002500BF01222021E5
:106CC0001448FBF74BFD00BFFFF7E8FE00BF0122B1
:106CD00010211048FBF742FD00BFFFF7DFFE07E081
:106CE000601CC4B2FA2C03DDFFF7C4FF012505E0E8
:106CF00020210848FBF722FD0028F1D100BF00BF8A
:106D0000002210210348FBF729FD00BFFFF7C6FE54
:106D1000284670BD001C024000B587B000BF00BF10
:106D20003648006840F08000344908600846006832
:106D300000F08000019000BF00BF00BF00BF00BF97
:106D40000846006840F0800008600846006800F0CF
:106D50008000019000BF00BF00BF00BF00BF084619
:106D6000006840F0040008600846006800F0040075
:106D7000019000BF00BF00BF00BF00BF0846006811
:106D800040F0010008600846006800F00100019032
:106D900000BF00BF00BF0820029000200390012028
:106DA00004900220059002A91548FBF7BBFB0420C4
:106DB000029000200390012004900220059002A977
:106DC0000F48FBF7AFFB4FF40050029000200390F8
:106DD000012004900220059002A90A48FBF7A2FBBB
:106DE000012002900020039002200490059002A947
:106DF0000548FBF797FB07B000BD000030380240A4
:106E0000001C0240000802400000024070B5044629
:106E100000260D4805880D48006818B1204603F08B
:106E2000E5FA0FE00848408845430021084603F092
:106E3000DFF803F083FA002602E005480480761CA0
:106E4000AE42FAD370BD0000C0010220040302204C
:106E50000000086010B5044660488471604800680E
:106E600050B1204603F0E8FA5D48C08A5B490880CB
:106E70005B48008B488010BD002C58D1F02057494A
:106E800008804FF4A07048800846808845F2105171
:106E9000884210D14FF43050504908814FF42850A7
:106EA00048814FF42C5088814FF4F07008804FF4E3
:106EB000487048801AE04948808841F6631188424A
:106EC0000DD12C20454908812B2048812A2088811A
:106ED0004FF4F07008804FF44870488006E02C2092
:106EE0003E4908812A2048812B2088813B488088A0
:106EF00045F21031884205D03848808847F29671B3
:106F0000884206D14FF4A070344908804FF4F070E5
:106F100048803248808849F60601884258D14FF4AB
:106F2000F0702E4908804FF44870488050E04FF4CC
:106F3000A0702A490880F02048800846808845F2E1
:106F40001051884210D14FF43050244908814FF439
:106F5000285048814FF42C5088814FF448700880A5
:106F60004FF4F070488020E01C48808841F663119F
:106F7000884205D01948808849F6060188420DD11B
:106F80002C20164908812A2048812B2088814FF423
:106F9000487008804FF4F070488006E02C200F49BC
:106FA00008812A2048812B2088810C48808845F25E
:106FB0001031884205D00948808847F2967188428E
:106FC00006D14FF4F070054908804FF4A070488056
:106FD000002002F0EFFE00BF4DE70000C0010220DC
:106FE0000403022070B505460E46144608480068A2
:106FF00028B122463146284603F034FA07E03146EC
:10700000284602F0F5FF03F099F902490C8070BDA3
:10701000040302200000086010B5CF2003F082F9BD
:10702000002003F073F9C12003F070F9302003F061
:107030006DF9ED2003F076F9642003F067F9032081
:1070400003F064F9122003F061F9812003F05EF986
:10705000E82003F067F9852003F058F9102003F0C9
:1070600055F97A2003F052F9CB2003F05BF939206F
:1070700003F04CF92C2003F049F9002003F046F905
:10708000342003F043F9022003F040F9F72003F025
:1070900049F9202003F03AF9EA2003F043F90020EF
:1070A00003F034F9002003F031F9C02003F03AF97D
:1070B0001B2003F02BF9C12003F034F9012003F069
:1070C00025F9C52003F02EF9302003F01FF93020F8
:1070D00003F01CF9C72003F025F9B72003F016F9D7
:1070E000362003F01FF9482003F010F93A2003F08E
:1070F00019F9552003F00AF9B12003F013F9002023
:1071000003F004F91A2003F001F9B62003F00AF99C
:107110000A2003F0FBF8A22003F0F8F8F22003F0B5
:1071200001F9002003F0F2F8262003F0FBF801201B
:1071300003F0ECF8E02003F0F5F80F2003F0E6F898
:107140002A2003F0E3F8282003F0E0F8082003F0F9
:10715000DDF80E2003F0DAF8082003F0D7F8542009
:1071600003F0D4F8A92003F0D1F8432003F0CEF8BF
:107170000A2003F0CBF80F2003F0C8F8002003F03A
:10718000C5F8002003F0C2F8002003F0BFF800208B
:1071900003F0BCF8E12003F0C5F8002003F0B6F8D6
:1071A000152003F0B3F8172003F0B0F8072003F020
:1071B000ADF8112003F0AAF8062003F0A7F82B2061
:1071C00003F0A4F8562003F0A1F83C2003F09EF849
:1071D000052003F09BF8102003F098F80F2003F02F
:1071E00095F83F2003F092F83F2003F08FF80F202E
:1071F00003F08CF82B2003F095F8002003F086F8BC
:10720000002003F083F8012003F080F83F2003F012
:107210007DF82A2003F086F8002003F077F800209C
:1072200003F074F8002003F071F8EF2003F06EF81B
:10723000112003F077F87820FFF732FB292003F0C4
:1072400071F810BD10B5FF2003F06CF8FF2003F0BB
:107250005DF8982003F05AF8062003F057F8BC2098
:1072600003F060F8012003F051F80F2003F04EF80E
:10727000612003F04BF8FF2003F048F8012003F0F1
:1072800045F8012003F042F80B2003F03FF81020EE
:1072900003F03CF8372003F039F8632003F036F8A8
:1072A000FF2003F033F8FF2003F030F8012003F053
:1072B0002DF8012003F02AF8002003F027F8002021
:1072C00003F024F8FF2003F021F8522003F01EF809
:1072D000012003F01BF8002003F018F8402003F011
:1072E00015F8BD2003F01EF8012003F00FF823204D
:1072F00003F00CF8452003F009F8672003F006F8C6
:10730000012003F003F8232003F000F8452002F0E9
:10731000FDFF672002F0FAFFBE2003F003F8002013
:1073200002F0F4FF012002F0F1FFAB2002F0EEFFCB
:10733000602002F0EBFF222002F0E8FF222002F0A2
:10734000E5FF222002F0E2FF222002F0DFFF2220F0
:1073500002F0DCFFC72002F0E5FF362002F0D6FF86
:10736000ED2002F0DFFF7F2002F0D0FF0F2002F0BF
:10737000CDFFC02002F0D6FF0F2002F0C7FF0B2088
:1073800002F0C4FF0A2002F0C1FFFC2002F0CAFF95
:10739000082002F0BBFFDF2002F0C4FF002002F053
:1073A000B5FF002002F0B2FF002002F0AFFF002086
:1073B00002F0ACFF002002F0A9FF202002F0A6FF9F
:1073C000F32002F0AFFF742002F0A0FFB42002F01F
:1073D000A9FF002002F09AFF002002F097FF002092
:1073E00002F094FFF72002F09DFF822002F08EFF52
:1073F000B12002F097FF002002F088FF132002F076
:1074000085FF132002F082FFF22002F08BFF802024
:1074100002F07CFF042002F079FF402002F076FFAA
:10742000282002F073FFC12002F07CFF172002F039
:107430006DFF882002F06AFF882002F067FF20209D
:1074400002F064FFE02002F06DFF002002F05EFF1A
:107450000A2002F05BFF122002F058FF102002F019
:1074600055FF0E2002F052FF202002F04FFFCC20EB
:1074700002F04CFF072002F049FF062002F046FF11
:107480000B2002F043FF0E2002F040FF0F2002F01D
:107490003DFF0D2002F03AFF152002F037FF1020CB
:1074A00002F034FF002002F031FFE12002F03AFF49
:1074B000002002F02BFF0B2002F028FF132002F027
:1074C00025FF0D2002F022FF0E2002F01FFF1B20DF
:1074D00002F01CFF712002F019FF062002F016FFD7
:1074E000062002F013FF0A2002F010FF0F2002F026
:1074F0000DFF0E2002F00AFF0F2002F007FF1520FB
:1075000002F004FF0C2002F001FF002002F0FEFE5A
:107510002A2002F007FF002002F0F8FE002002F00F
:10752000F5FE012002F0F2FEDF2002F0EFFE2B203C
:1075300002F0F8FE002002F0E9FE002002F0E6FE74
:10754000032002F0E3FE1F2002F0E0FE3A2002F0EA
:10755000E9FE552002F0DAFE362002F0E3FE0020BC
:1075600002F0D4FE112002F0DDFE7820FFF798F93A
:10757000292002F0D7FE1420FFF792F92C2002F008
:10758000D1FE10BD10B5ED2002F0CCFE012002F0BE
:10759000BDFEFE2002F0BAFEEE2002F0C3FEDE20A9
:1075A00002F0B4FE212002F0B1FEF12002F0BAFE9A
:1075B000012002F0ABFEDF2002F0B4FE102002F04A
:1075C000A5FEC42002F0AEFE8F2002F09FFEC62072
:1075D00002F0A8FE002002F099FEE22002F096FEE2
:1075E000E22002F093FEE22002F090FEBF2002F0C3
:1075F00099FEAA2002F08AFEB02002F093FE0D2030
:1076000002F084FE002002F081FE0D2002F07EFEDA
:10761000002002F07BFE112002F078FE002002F034
:1076200075FE192002F072FE002002F06FFE21208C
:1076300002F06CFE002002F069FE2D2002F066FED2
:10764000002002F063FE3D2002F060FE002002F008
:107650005DFE5D2002F05AFE002002F057FE5D2024
:1076600002F054FE002002F051FEB12002F05AFE5A
:10767000802002F04BFE002002F048FE8B2002F03A
:1076800045FE002002F042FE962002F03FFE002060
:1076900002F03CFEB22002F045FE002002F036FE71
:1076A000002002F033FE022002F030FE002002F043
:1076B0002DFE032002F02AFE002002F027FEB32058
:1076C00002F030FE002002F021FE002002F01EFE3B
:1076D000002002F01BFE002002F018FE002002F045
:1076E00015FE002002F012FE002002F00FFE002026
:1076F00002F00CFE002002F009FE002002F006FE5F
:10770000002002F003FE002002F000FE002002F044
:10771000FDFD002002F0FAFD002002F0F7FD002040
:1077200002F0F4FD002002F0F1FD002002F0EEFD79
:10773000002002F0EBFD002002F0E8FD002002F046
:10774000E5FD002002F0E2FD002002F0DFFD002058
:1077500002F0DCFDB42002F0E5FD8B2002F0D6FD46
:10776000002002F0D3FD962002F0D0FD002002F0B0
:10777000CDFDA12002F0CAFD002002F0C7FDB5201A
:1077800002F0D0FD022002F0C1FD002002F0BEFD9B
:10779000032002F0BBFD002002F0B8FD042002F03F
:1077A000B5FD002002F0B2FDB62002F0BBFD0020C6
:1077B00002F0ACFD002002F0A9FDB72002F0B2FDFE
:1077C000002002F0A3FD002002F0A0FD3F2002F007
:1077D0009DFD002002F09AFD5E2002F097FD002042
:1077E00002F094FD642002F091FD002002F08EFD75
:1077F0008C2002F08BFD002002F088FDAC2002F00E
:1078000085FD002002F082FDDC2002F07FFD0020DB
:1078100002F07CFD702002F079FD002002F076FD80
:10782000902002F073FD002002F070FDEB2002F0CA
:107830006DFD002002F06AFDDC2002F067FD0020F3
:1078400002F064FDB82002F06DFD002002F05EFD44
:10785000002002F05BFD002002F058FD002002F045
:1078600055FD002002F052FD002002F04FFD0020E7
:1078700002F04CFD002002F049FDBA2002F052FD5A
:10788000242002F043FD002002F040FD002002F021
:107890003DFD002002F03AFDC12002F043FD202012
:1078A00002F034FD002002F031FD542002F02EFDE4
:1078B000002002F02BFDFF2002F028FD002002F046
:1078C00025FDC22002F02EFD0A2002F01FFD00203F
:1078D00002F01CFD042002F019FD002002F016FD4C
:1078E000C32002F01FFD3C2002F010FD002002F03A
:1078F0000DFD3A2002F00AFD002002F007FD3920BC
:1079000002F004FD002002F001FD372002F0FEFC31
:10791000002002F0FBFC3C2002F0F8FC002002F00A
:10792000F5FC362002F0F2FC002002F0EFFC3220E1
:1079300002F0ECFC002002F0E9FC2F2002F0E6FC53
:10794000002002F0E3FC2C2002F0E0FC002002F01A
:10795000DDFC292002F0DAFC002002F0D7FC262012
:1079600002F0D4FC002002F0D1FC242002F0CEFC76
:10797000002002F0CBFC242002F0C8FC002002F022
:10798000C5FC232002F0C2FC002002F0BFFC3C201A
:1079900002F0BCFC002002F0B9FC362002F0B6FC7C
:1079A000002002F0B3FC322002F0B0FC002002F014
:1079B000ADFC2F2002F0AAFC002002F0A7FC2C2036
:1079C00002F0A4FC002002F0A1FC292002F09EFCA1
:1079D000002002F09BFC262002F098FC002002F020
:1079E00095FC242002F092FC002002F08FFC242061
:1079F00002F08CFC002002F089FC232002F086FCBF
:107A0000002002F083FCC42002F08CFC622002F013
:107A10007DFC002002F07AFC052002F077FC0020BB
:107A200002F074FC842002F071FC002002F06EFC75
:107A3000F02002F06BFC002002F068FC182002F03D
:107A400065FC002002F062FCA42002F05FFC002034
:107A500002F05CFC182002F059FC002002F056FCF9
:107A6000502002F053FC002002F050FC0C2002F0E9
:107A70004DFC002002F04AFC172002F047FC0020D9
:107A800002F044FC952002F041FC002002F03EFC94
:107A9000F32002F03BFC002002F038FCE62002F06C
:107AA00035FC002002F032FCC52002F03BFC322005
:107AB00002F02CFC002002F029FC442002F026FCFD
:107AC000002002F023FC652002F020FC002002F0E0
:107AD0001DFC762002F01AFC002002F017FC882022
:107AE00002F014FC002002F011FCC62002F01AFC87
:107AF000202002F00BFC002002F008FC172002F00E
:107B000005FC002002F002FC012002F0FFFB002037
:107B100002F0FCFBC72002F005FC002002F0F6FB9F
:107B2000002002F0F3FB002002F0F0FB002002F046
:107B3000EDFBC82002F0F6FB002002F0E7FB00207E
:107B400002F0E4FB002002F0E1FB002002F0DEFB8B
:107B5000C92002F0E7FB002002F0D8FB002002F071
:107B6000D5FB002002F0D2FB002002F0CFFB00206A
:107B700002F0CCFB002002F0C9FB002002F0C6FBA3
:107B8000002002F0C3FB002002F0C0FB002002F046
:107B9000BDFB002002F0BAFB002002F0B7FB002082
:107BA00002F0B4FB002002F0B1FB002002F0AEFBBB
:107BB000002002F0ABFBE02002F0B4FB162002F044
:107BC000A5FB002002F0A2FB1C2002F09FFB00207E
:107BD00002F09CFB212002F099FB002002F096FBB2
:107BE000362002F093FB002002F090FB462002F0CA
:107BF0008DFB002002F08AFB522002F087FB002060
:107C000002F084FB642002F081FB002002F07EFB86
:107C10007A2002F07BFB002002F078FB8B2002F040
:107C200075FB002002F072FB992002F06FFB002030
:107C300002F06CFBA82002F069FB002002F066FB5A
:107C4000B92002F063FB002002F060FBC42002F0C8
:107C50005DFB002002F05AFBCA2002F057FB002017
:107C600002F054FBD22002F051FB002002F04EFB48
:107C7000D92002F04BFB002002F048FBE02002F08C
:107C800045FB002002F042FBF32002F03FFB002006
:107C900002F03CFBE12002F045FB162002F036FB2F
:107CA000002002F033FB1C2002F030FB002002F029
:107CB0002DFB222002F02AFB002002F027FB3620B9
:107CC00002F024FB002002F021FB452002F01EFB05
:107CD000002002F01BFB522002F018FB002002F0F3
:107CE00015FB642002F012FB002002F00FFB7A204B
:107CF00002F00CFB002002F009FB8B2002F006FBD7
:107D0000002002F003FB992002F000FB002002F0AB
:107D1000FDFAA82002F0FAFA002002F0F7FAB920E2
:107D200002F0F4FA002002F0F1FAC42002F0EEFAB8
:107D3000002002F0EBFACA2002F0E8FA002002F07C
:107D4000E5FAD22002F0E2FA002002F0DFFAD820B1
:107D500002F0DCFA002002F0D9FAE02002F0D6FAB4
:107D6000002002F0D3FAF32002F0D0FA002002F053
:107D7000CDFAE22002F0D6FA052002F0C7FA002080
:107D800002F0C4FA0B2002F0C1FA002002F0BEFAA1
:107D90001B2002F0BBFA002002F0B8FA342002F0F7
:107DA000B5FA002002F0B2FA442002F0AFFA002047
:107DB00002F0ACFA4F2002F0A9FA002002F0A6FA75
:107DC000612002F0A3FA002002F0A0FA792002F06C
:107DD0009DFA002002F09AFA882002F097FA00201B
:107DE00002F094FA972002F091FA002002F08EFA45
:107DF000A62002F08BFA002002F088FAB72002F0E9
:107E000085FA002002F082FAC22002F07FFA0020F8
:107E100002F07CFAC72002F079FA002002F076FA2C
:107E2000D12002F073FA002002F070FAD62002F09E
:107E30006DFA002002F06AFADD2002F067FA0020F5
:107E400002F064FAF32002F061FA002002F05EFA18
:107E5000E32002F067FA052002F058FA002002F051
:107E600055FA0A2002F052FA002002F04FFA1C20C4
:107E700002F04CFA002002F049FA332002F046FAF0
:107E8000002002F043FA442002F040FA002002F001
:107E90003DFA502002F03AFA002002F037FA622050
:107EA00002F034FA002002F031FA782002F02EFAC3
:107EB000002002F02BFA882002F028FA002002F0BD
:107EC00025FA972002F022FA002002F01FFAA620DD
:107ED00002F01CFA002002F019FAB72002F016FA9C
:107EE000002002F013FAC22002F010FA002002F083
:107EF0000DFAC72002F00AFA002002F007FAD1209A
:107F000002F004FA002002F001FAD52002F0FEF996
:107F1000002002F0FBF9DD2002F0F8F9002002F069
:107F2000F5F9F32002F0F2F9002002F0EFF9E42075
:107F300002F0F8F9012002F0E9F9002002F0E6F978
:107F4000012002F0E3F9002002F0E0F9022002F043
:107F5000DDF9002002F0DAF92A2002F0D7F900203A
:107F600002F0D4F93C2002F0D1F9002002F0CEF961
:107F70004B2002F0CBF9002002F0C8F95D2002F09E
:107F8000C5F9002002F0C2F9742002F0BFF9002008
:107F900002F0BCF9842002F0B9F9002002F0B6F931
:107FA000932002F0B3F9002002F0B0F9A22002F011
:107FB000ADF9002002F0AAF9B32002F0A7F90020E1
:107FC00002F0A4F9BE2002F0A1F9002002F09EF90F
:107FD000C42002F09BF9002002F098F9CD2002F0B5
:107FE00095F9002002F092F9D32002F08FF90020D9
:107FF00002F08CF9DD2002F089F9002002F086F908
:10800000F32002F083F9002002F080F9E52002F06D
:1080100089F9002002F07AF9002002F077F90020B7
:1080200002F074F9002002F071F9022002F06EF9FA
:10803000002002F06BF9292002F068F9002002F01C
:1080400065F93C2002F062F9002002F05FF94B2054
:1080500002F05CF9002002F059F95D2002F056F9B7
:10806000002002F053F9742002F050F9002002F0D1
:108070004DF9842002F04AF9002002F047F99320DC
:1080800002F044F9002002F041F9A22002F03EF98A
:10809000002002F03BF9B32002F038F9002002F092
:1080A00035F9BE2002F032F9002002F02FF9C42089
:1080B00002F02CF9002002F029F9CD2002F026F977
:1080C000002002F023F9D32002F020F9002002F072
:1080D0001DF9DC2002F01AF9002002F017F9F32054
:1080E00002F014F9002002F011F9E62002F01AF96A
:1080F000112002F00BF9002002F008F9342002F000
:1081000005F9002002F002F9562002F0FFF80020E5
:1081100002F0FCF8762002F0F9F8002002F0F6F800
:10812000772002F0F3F8002002F0F0F8662002F069
:10813000EDF8002002F0EAF8882002F0E7F80020CD
:1081400002F0E4F8992002F0E1F8002002F0DEF8F5
:10815000BB2002F0DBF8002002F0D8F8992002F0F2
:10816000D5F8002002F0D2F8662002F0CFF8002007
:1081700002F0CCF8552002F0C9F8002002F0C6F851
:10818000552002F0C3F8002002F0C0F8452002F0AC
:10819000BDF8002002F0BAF8432002F0B7F8002042
:1081A00002F0B4F8442002F0B1F8002002F0AEF87A
:1081B000E72002F0B7F8322002F0A8F8002002F021
:1081C000A5F8552002F0A2F8002002F09FF87620D2
:1081D00002F09CF8002002F099F8662002F096F870
:1081E000002002F093F8672002F090F8002002F0DF
:1081F0008DF8672002F08AF8002002F087F88720C7
:1082000002F084F8002002F081F8992002F07EF854
:10821000002002F07BF8BB2002F078F8002002F08A
:1082200075F8992002F072F8002002F06FF87720BC
:1082300002F06CF8002002F069F8442002F066F8C1
:10824000002002F063F8562002F060F8002002F0EF
:108250005DF8232002F05AF8002002F057F833208E
:1082600002F054F8002002F051F8452002F04EF8D8
:10827000002002F04BF8E82002F054F8002002F051
:1082800045F8002002F042F8992002F03FF8002063
:1082900002F03CF8872002F039F8002002F036F8AE
:1082A000882002F033F8002002F030F8772002F046
:1082B0002DF8002002F02AF8662002F027F80020AE
:1082C00002F024F8882002F021F8002002F01EF8C5
:1082D000AA2002F01BF8002002F018F8BB2002F0E0
:1082E00015F8002002F012F8992002F00FF8002093
:1082F00002F00CF8662002F009F8002002F006F8FF
:10830000552002F003F8002002F000F8552001F09B
:10831000FDFF002001F0FAFF442001F0F7FF0020EC
:1083200001F0F4FF442001F0F1FF002001F0EEFF26
:10833000552001F0EBFF002001F0E8FFE92001F0FB
:10834000F1FFAA2001F0E2FF002001F0DFFF002092
:1083500001F0DCFF002001F0D9FF002001F0E2FF76
:10836000AA2001F0D3FFCF2001F0DCFF002001F0B4
:10837000CDFF002001F0CAFF002001F0C7FF002060
:1083800001F0C4FF002001F0C1FF002001F0BEFF9A
:10839000002001F0BBFF002001F0B8FF002001F039
:1083A000B5FF002001F0B2FF002001F0AFFF002078
:1083B00001F0ACFF002001F0A9FF002001F0A6FFB2
:1083C000002001F0A3FF002001F0A0FF002001F039
:1083D0009DFFF02001F0A6FF002001F097FF502044
:1083E00001F094FF002001F091FF002001F08EFFCA
:1083F000002001F08BFFF32001F094FF002001F03A
:1084000085FFF92001F08EFF062001F07FFF10208C
:1084100001F07CFF292001F079FF002001F076FFB8
:108420003A2001F07FFF552001F070FF112001F08C
:1084300079FF6420FEF734FA292001F073FF35201C
:1084400001F070FF002001F061FF512001F06AFF90
:10845000FF2001F05BFF532001F064FF2C2001F0AE
:1084600055FF552001F05EFF822001F04FFF2C20C8
:1084700001F058FF10BD10B555214FF4704001F0C8
:1084800067FFAA214FF2010001F062FF52214FF273
:10849000020001F05DFF08214FF2030001F058FFD8
:1084A00001214FF2040001F053FF0D214FF4304041
:1084B00001F04EFF0D214BF2010001F049FF0D21AB
:1084C0004BF2020001F044FF34214FF4364001F03A
:1084D0003FFF34214BF2016001F03AFF34214BF2AF
:1084E000026001F035FF0D214FF4314001F030FF03
:1084F0000D214BF2011001F02BFF0D214BF2021068
:1085000001F026FF34214FF4374001F021FF3421E0
:108510004BF2017001F01CFF34214BF2027001F0AC
:1085200017FF00214FF4324001F012FF00214BF2FF
:10853000012001F00DFF00214BF2022001F008FFA5
:1085400024214FF4384001F003FF24214BF60100B1
:1085500001F0FEFE24214BF6020001F0F9FE01219C
:108560004FF43F4001F0F4FE0F214FF4334001F08F
:10857000EFFE0F214BF2013001F0EAFE0F214BF22A
:10858000023001F0E5FE34214FF4394001F0E0FE05
:1085900034214BF6011001F0DBFE34214BF60210C2
:1085A00001F0D6FE08214FF4354001F0D1FE08213C
:1085B0004BF2015001F0CCFE08214BF2025001F0C9
:1085C000C7FE03214FF4424001F0C2FE24214FF4C4
:1085D0003A4001F0BDFE24214BF6012001F0B8FE27
:1085E00024214BF6022001F0B3FE00214FF43C4061
:1085F00001F0AEFE78214BF6014001F0A9FE00210A
:108600004BF6024001F0A4FE00214FF43D4001F082
:108610009FFE78214BF6015001F09AFE00214BF6A7
:10862000025001F095FE00214FF43E4001F090FE13
:1086300064214BF6016001F08BFE00214FF45140A4
:1086400001F086FE33214DF2011001F081FE002180
:108650004DF2021001F07CFE34214DF2031001F0C6
:1086600077FE00214DF2041001F072FE3A214DF226
:10867000051001F06DFE00214DF2061001F068FEBC
:108680004A214DF2071001F063FE00214DF208105F
:1086900001F05EFE5C214DF2091001F059FE00214F
:1086A0004DF20A1001F054FE81214DF20B1001F041
:1086B0004FFE00214DF20C1001F04AFEA6214DF2B2
:1086C0000D1001F045FE00214DF20E1001F040FEAC
:1086D000E5214DF20F1001F03BFE01214DF210108B
:1086E00001F036FE13214DF2111001F031FE01218F
:1086F0004DF2121001F02CFE54214DF2131001F036
:1087000027FE01214DF2141001F022FE82214DF2CC
:10871000151001F01DFE01214DF2161001F018FE9A
:10872000CA214DF2171001F013FE02214DF218106C
:1087300001F00EFE00214DF2191001F009FE022198
:108740004DF21A1001F004FE01214DF21B1001F050
:10875000FFFD02214DF21C1001F0FAFD34214DF213
:108760001D1001F0F5FD02214DF21E1001F0F0FD8B
:1087700067214DF21F1001F0EBFD02214DF2201098
:1087800001F0E6FD84214DF2211001F0E1FD02210E
:108790004DF2221001F0DCFDA4214DF2231001F076
:1087A000D7FD02214DF2241001F0D2FDB7214DF288
:1087B000251001F0CDFD02214DF2261001F0C8FD7B
:1087C000CF214DF2271001F0C3FD02214DF22810F8
:1087D00001F0BEFDDE214DF2291001F0B9FD0221AC
:1087E0004DF22A1001F0B4FDF2214DF22B1001F0F0
:1087F000AFFD02214DF22C1001F0AAFDFE214DF239
:108800002D1001F0A5FD03214DF22E1001F0A0FD69
:1088100010214DF22F1001F09BFD03214DF230107D
:1088200001F096FD33214DF2311001F091FD03214D
:108830004DF2321001F08CFD6D214DF2331001F03C
:1088400087FD00214FF4524001F082FD33214DF2AB
:10885000012001F07DFD00214DF2022001F078FDA4
:1088600034214DF2032001F073FD00214DF204206C
:1088700001F06EFD3A214DF2052001F069FD002165
:108880004DF2062001F064FD4A214DF2072001F06F
:108890005FFD00214DF2082001F05AFD5C214DF2F0
:1088A000092001F055FD00214DF20A2001F050FD94
:1088B00081214DF20B2001F04BFD00214DF20C20E7
:1088C00001F046FDA6214DF20D2001F041FD0021F1
:1088D0004DF20E2001F03CFDE5214DF20F2001F09C
:1088E00037FD01214DF2102001F032FD13214DF230
:1088F000112001F02DFD01214DF2122001F028FD83
:1089000054214DF2132001F023FD01214DF21420DA
:1089100001F01EFD82214DF2152001F019FD01210B
:108920004DF2162001F014FDCA214DF2172001F07E
:108930000FFD02214DF2182001F00AFD00214DF239
:10894000192001F005FD02214DF21A2001F000FD71
:1089500001214DF21B2001F0FBFC02214DF21C20F5
:1089600001F0F6FC34214DF21D2001F0F1FC022152
:108970004DF21E2001F0ECFC67214DF21F2001F0AA
:10898000E7FC02214DF2202001F0E2FC84214DF2AF
:10899000212001F0DDFC02214DF2222001F0D8FC63
:1089A000A4214DF2232001F0D3FC02214DF224201A
:1089B00001F0CEFCB7214DF2252001F0C9FC0221C7
:1089C0004DF2262001F0C4FCCF214DF2272001F00A
:1089D000BFFC02214DF2282001F0BAFCDE214DF24D
:1089E000292001F0B5FC02214DF22A2001F0B0FC53
:1089F000F2214DF22B2001F0ABFC02214DF22C2094
:108A000001F0A6FCFE214DF22D2001F0A1FC032176
:108A10004DF22E2001F09CFC10214DF22F2001F090
:108A200097FC03214DF2302001F092FC33214DF2EE
:108A3000312001F08DFC03214DF2322001F088FC41
:108A40006D214DF2332001F083FC00214FF453409F
:108A500001F07EFC33214DF2013001F079FC002160
:108A60004DF2023001F074FC34214DF2033001F07C
:108A70006FFC00214DF2043001F06AFC3A214DF206
:108A8000053001F065FC00214DF2063001F060FC7C
:108A90004A214DF2073001F05BFC00214DF2083015
:108AA00001F056FC5C214DF2093001F051FC00212F
:108AB0004DF20A3001F04CFC81214DF20B3001F0F7
:108AC00047FC00214DF20C3001F042FCA6214DF292
:108AD0000D3001F03DFC00214DF20E3001F038FC6C
:108AE000E5214DF20F3001F033FC01214DF2103041
:108AF00001F02EFC13214DF2113001F029FC01216F
:108B00004DF2123001F024FC54214DF2133001F0EB
:108B10001FFC01214DF2143001F01AFC82214DF2AC
:108B2000153001F015FC01214DF2163001F010FC5A
:108B3000CA214DF2173001F00BFC02214DF2183022
:108B400001F006FC00214DF2193001F001FC022178
:108B50004DF21A3001F0FCFB01214DF21B3001F007
:108B6000F7FB02214DF21C3001F0F2FB34214DF2F3
:108B70001D3001F0EDFB02214DF21E3001F0E8FB4B
:108B800067214DF21F3001F0E3FB02214DF220304E
:108B900001F0DEFB84214DF2213001F0D9FB0221EE
:108BA0004DF2223001F0D4FBA4214DF2233001F02C
:108BB000CFFB02214DF2243001F0CAFBB7214DF268
:108BC000253001F0C5FB02214DF2263001F0C0FB3B
:108BD000CF214DF2273001F0BBFB02214DF22830AE
:108BE00001F0B6FBDE214DF2293001F0B1FB02218C
:108BF0004DF22A3001F0ACFBF2214DF22B3001F0A6
:108C0000A7FB02214DF22C3001F0A2FBFE214DF218
:108C10002D3001F09DFB03214DF22E3001F098FB29
:108C200010214DF22F3001F093FB03214DF2303033
:108C300001F08EFB33214DF2313001F089FB03212D
:108C40004DF2323001F084FB6D214DF2333001F0F2
:108C50007FFB00214FF4544001F07AFB33214DF2A9
:108C6000014001F075FB00214DF2024001F070FB64
:108C700034214DF2034001F06BFB00214DF2044022
:108C800001F066FB3A214DF2054001F061FB002145
:108C90004DF2064001F05CFB4A214DF2074001F025
:108CA00057FB00214DF2084001F052FB5C214DF2D0
:108CB000094001F04DFB00214DF20A4001F048FB54
:108CC00081214DF20B4001F043FB00214DF20C409D
:108CD00001F03EFBA6214DF20D4001F039FB0021D1
:108CE0004DF20E4001F034FBE5214DF20F4001F052
:108CF0002FFB01214DF2104001F02AFB13214DF210
:108D0000114001F025FB01214DF2124001F020FB42
:108D100054214DF2134001F01BFB01214DF2144090
:108D200001F016FB82214DF2154001F011FB0121EB
:108D30004DF2164001F00CFBCA214DF2174001F034
:108D400007FB02214DF2184001F002FB00214DF219
:108D5000194001F0FDFA02214DF21A4001F0F8FA33
:108D600001214DF21B4001F0F3FA02214DF21C40AB
:108D700001F0EEFA34214DF21D4001F0E9FA022132
:108D80004DF21E4001F0E4FA67214DF21F4001F060
:108D9000DFFA02214DF2204001F0DAFA84214DF28F
:108DA000214001F0D5FA02214DF2224001F0D0FA23
:108DB000A4214DF2234001F0CBFA02214DF22440D0
:108DC00001F0C6FAB7214DF2254001F0C1FA0221A7
:108DD0004DF2264001F0BCFACF214DF2274001F0C0
:108DE000B7FA02214DF2284001F0B2FADE214DF22D
:108DF000294001F0ADFA02214DF22A4001F0A8FA13
:108E0000F2214DF22B4001F0A3FA02214DF22C4049
:108E100001F09EFAFE214DF22D4001F099FA032156
:108E20004DF22E4001F094FA10214DF22F4001F046
:108E30008FFA03214DF2304001F08AFA33214DF2CE
:108E4000314001F085FA03214DF2324001F080FA01
:108E50006D214DF2334001F07BFA00214FF4554073
:108E600001F076FA33214DF2015001F071FA002140
:108E70004DF2025001F06CFA34214DF2035001F032
:108E800067FA00214DF2045001F062FA3A214DF2E6
:108E9000055001F05DFA00214DF2065001F058FA3C
:108EA0004A214DF2075001F053FA00214DF20850CB
:108EB00001F04EFA5C214DF2095001F049FA00210F
:108EC0004DF20A5001F044FA81214DF20B5001F0AD
:108ED0003FFA00214DF20C5001F03AFAA6214DF272
:108EE0000D5001F035FA00214DF20E5001F030FA2C
:108EF000E5214DF20F5001F02BFA01214DF21050F7
:108F000001F026FA13214DF2115001F021FA01214E
:108F10004DF2125001F01CFA54214DF2135001F0A1
:108F200017FA01214DF2145001F012FA82214DF28C
:108F3000155001F00DFA01214DF2165001F008FA1A
:108F4000CA214DF2175001F003FA02214DF21850D8
:108F500001F0FEF900214DF2195001F0F9F902215A
:108F60004DF21A5001F0F4F901214DF21B5001F0BD
:108F7000EFF902214DF21C5001F0EAF934214DF2D3
:108F80001D5001F0E5F902214DF21E5001F0E0F90B
:108F900067214DF21F5001F0DBF902214DF2205004
:108FA00001F0D6F984214DF2215001F0D1F90221CE
:108FB0004DF2225001F0CCF9A4214DF2235001F0E2
:108FC000C7F902214DF2245001F0C2F9B7214DF248
:108FD000255001F0BDF902214DF2265001F0B8F9FB
:108FE000CF214DF2275001F0B3F902214DF2285064
:108FF00001F0AEF9DE214DF2295001F0A9F902216C
:109000004DF22A5001F0A4F9F2214DF22B5001F05B
:109010009FF902214DF22C5001F09AF9FE214DF2F8
:109020002D5001F095F903214DF22E5001F090F9E9
:1090300010214DF22F5001F08BF903214DF23050E9
:1090400001F086F933214DF2315001F081F903210D
:109050004DF2325001F07CF96D214DF2335001F0A8
:1090600077F900214FF4564001F072F933214DF2A7
:10907000016001F06DF900214DF2026001F068F924
:1090800034214DF2036001F063F900214DF20460D8
:1090900001F05EF93A214DF2056001F059F9002125
:1090A0004DF2066001F054F94A214DF2076001F0DB
:1090B0004FF900214DF2086001F04AF95C214DF2B0
:1090C000096001F045F900214DF20A6001F040F914
:1090D00081214DF20B6001F03BF900214DF20C6053
:1090E00001F036F9A6214DF20D6001F031F90021B1
:1090F0004DF20E6001F02CF9E5214DF20F6001F008
:1091000027F901214DF2106001F022F913214DF2EF
:10911000116001F01DF901214DF2126001F018F902
:1091200054214DF2136001F013F901214DF2146046
:1091300001F00EF982214DF2156001F009F90121CB
:109140004DF2166001F004F9CA214DF2176001F0EA
:10915000FFF802214DF2186001F0FAF800214DF2FB
:10916000196001F0F5F802214DF21A6001F0F0F8F3
:1091700001214DF21B6001F0EBF802214DF21C6061
:1091800001F0E6F834214DF21D6001F0E1F8022112
:109190004DF21E6001F0DCF867214DF21F6001F016
:1091A000D7F802214DF2206001F0D2F884214DF26F
:1091B000216001F0CDF802214DF2226001F0C8F8E3
:1091C000A4214DF2236001F0C3F802214DF2246086
:1091D00001F0BEF8B7214DF2256001F0B9F8022187
:1091E0004DF2266001F0B4F8CF214DF2276001F076
:1091F000AFF802214DF2286001F0AAF8DE214DF20D
:10920000296001F0A5F802214DF22A6001F0A0F8D2
:10921000F2214DF22B6001F09BF802214DF22C60FF
:1092200001F096F8FE214DF22D6001F091F8032136
:109230004DF22E6001F08CF810214DF22F6001F0FC
:1092400087F803214DF2306001F082F833214DF2AE
:10925000316001F07DF803214DF2326001F078F8C1
:109260006D214DF2336001F073F855214FF47040D9
:1092700001F06EF8AA214FF2010001F069F85221C5
:109280004FF2020001F064F808214FF2030001F0F0
:109290005FF800214FF2040001F05AF8CC214FF49E
:1092A000314001F055F800214BF2011001F050F867
:1092B00005214FF4364001F04BF870214FF4374050
:1092C00001F046F870214BF2017001F041F80121E4
:1092D0004FF4384001F03CF803214BF6010001F057
:1092E00037F803214BF6020001F032F803214BF668
:1092F000030001F02DF802214FF43C4001F028F862
:1093000000214BF6014001F023F800214BF602400A
:1093100001F01EF8D0214FF4494001F019F8022164
:109320004CF6011001F014F850214CF6021001F037
:109330000FF850214CF6031001F00AF850214CF6BA
:10934000041001F005F800214FF4545001F000F82A
:1093500055214FF4685000F0FBFF4FF4885000F0A7
:10936000E1FF7820FDF7B6FA4FF4245000F0DAFF61
:1093700010BD10B5E22000F0D5FF1D2000F0C6FFA3
:10938000022000F0C3FF042000F0C0FF6420FDF7BE
:10939000A1FAE02000F0C6FF012000F0B7FF0A208C
:1093A000FDF77EFAE02000F0BDFF032000F0AEFFE5
:1093B0000C20FDF775FA012000F0B4FF0A20FDF73C
:1093C0006FFAE62000F0AEFF2F2000F09FFFFF2095
:1093D00000F09CFFFF2000F099FFB02000F0A2FFFA
:1093E000202000F093FF002000F090FF032000F009
:1093F0008DFF40F21F3000F089FF012000F086FF52
:1094000040F2DF1000F082FF002000F07FFFB42068
:1094100000F088FF042000F079FF40F21F4000F0C8
:1094200075FF002000F072FF2E2000F06FFF00207B
:1094300000F06CFF002000F069FF002000F066FFE4
:10944000002000F063FFB62000F06CFF022000F067
:109450005DFF4FF4037000F059FF002000F056FF4D
:10946000172000F053FF152000F050FF002000F0FF
:109470004DFF002000F04AFFF02000F053FF0320D2
:1094800000F044FF292000F04DFFD02000F04AFFFB
:10949000002000F03BFFBE2000F044FF052000F05C
:1094A00035FFFE2000F032FF012000F02FFF0020EA
:1094B00000F02CFF002000F029FF002000F026FF24
:1094C000B82000F02FFF032000F020FF012000F063
:1094D0001DFFBA2000F026FF012000F017FF10BD8D
:1094E00010B5112000F01EFF7820FDF7D9F93620C5
:1094F00000F018FF002000F009FF3A2000F012FFF2
:10950000052000F003FFB22000F00CFF0C2000F05B
:10951000FDFE0C2000F0FAFE002000F0F7FE3320E4
:1095200000F0F4FE332000F0F1FEB72000F0FAFE68
:10953000352000F0EBFEBB2000F0F4FE322000F0FE
:10954000E5FEC02000F0EEFE0C2000F0DFFEC220A1
:1095500000F0E8FE012000F0D9FEC32000F0E2FE9A
:10956000102000F0D3FEC42000F0DCFE202000F02C
:10957000CDFEC62000F0D6FE0F2000F0C7FED020A2
:1095800000F0D0FEA42000F0C1FEA12000F0BEFE3D
:10959000E02000F0C7FED02000F0B8FE002000F070
:1095A000B5FE022000F0B2FE072000F0AFFE0A2058
:1095B00000F0ACFE282000F0A9FE322000F0A6FE4C
:1095C000442000F0A3FE422000F0A0FE062000F0A0
:1095D0009DFE0E2000F09AFE122000F097FE14204F
:1095E00000F094FE172000F091FEE12000F09AFEBA
:1095F000D02000F08BFE002000F088FE022000F05A
:1096000085FE072000F082FE0A2000F07FFE282061
:1096100000F07CFE312000F079FE542000F076FE50
:10962000472000F073FE0E2000F070FE1C2000F0BA
:109630006DFE172000F06AFE1B2000F067FE1E2062
:1096400000F064FE2A2000F06DFE002000F05EFEB7
:10965000002000F05BFE002000F058FEEF2000F03C
:1096600055FE2B2000F05EFE002000F04FFE002093
:1096700000F04CFE012000F049FE3F2000F046FEC5
:10968000292000F04FFE10BD10B5112000F04AFE59
:109690007820FDF705F9362000F044FE482000F060
:1096A00035FE3A2000F03EFE552000F02FFEF0205F
:1096B00000F038FEC32000F029FEF02000F032FE5A
:1096C000962000F023FEB42000F02CFE012000F0D4
:1096D0001DFEB62000F026FE0A2000F017FEA22094
:1096E00000F014FEB72000F01DFEC62000F00EFEB4
:1096F000B92000F017FE022000F008FEE02000F084
:1097000005FEC02000F00EFE802000F0FFFD1620B8
:1097100000F0FCFDC12000F005FE192000F0F6FD70
:10972000C22000F0FFFDA72000F0F0FDC52000F0F2
:10973000F9FD162000F0EAFDE82000F0F3FD4020DE
:1097400000F0E4FD8A2000F0E1FD002000F0DEFDE5
:10975000002000F0DBFD292000F0D8FD192000F0EA
:10976000D5FDA52000F0D2FD332000F0CFFDE02094
:1097700000F0D8FDF02000F0C9FD072000F0C6FD84
:109780000D2000F0C3FD042000F0C0FD052000F016
:10979000BDFD142000F0BAFD362000F0B7FD5420C6
:1097A00000F0B4FD4C2000F0B1FD382000F0AEFD1B
:1097B000132000F0ABFD142000F0A8FD2E2000F0D7
:1097C000A5FD342000F0A2FDE12000F0ABFDF0206B
:1097D00000F09CFD102000F099FD142000F096FD93
:1097E0000E2000F093FD0C2000F090FD082000F00A
:1097F0008DFD352000F08AFD442000F087FD4C20CF
:1098000000F084FD262000F081FD102000F07EFD98
:10981000122000F07BFD2C2000F078FD322000F0BB
:1098200075FDF02000F07EFD3C2000F06FFDF02083
:1098300000F078FD692000F069FD7820FDF730F830
:10984000212000F06FFD292000F06CFD10BD00000C
:1098500000B595B001F098F8F849888008468088EE
:1098600010B100F0E7FE12E200BF00BFF44800684C
:1098700040F00800F24908600846006800F008005F
:10988000019000BF00BF00BF00BF00BF08460068D6
:1098900040F0080008600846006800F008000190E9
:1098A00000BF00BF00BF00BF00BF0846006840F017
:1098B000080008600846006800F00800019000BF3A
:1098C00000BF00BF00BF00BF0846006840F00800AE
:1098D00008600846006800F00800019000BF00BF63
:1098E00000BF00BF00BF0846006840F002000860EB
:1098F0000846006800F00200019000BF00BF00BFF2
:1099000080201090022011900120129002201390CC
:109910000C20149010A9CB48F8F704FE20201090DA
:1099200010A9C848F8F7FEFD1020109010A9C548EE
:10993000F8F7F8FD4FF40050109010A9C148F8F75F
:10994000F1FD20201090012011901290032013901F
:1099500010A9BD48F8F7E6FD00F0FAF94FF02040F5
:10996000BA490860BA484860002088600021B748BA
:10997000C160016110214161090241628900C16237
:109980000F20099000200A9050200B9000200F908B
:109990000F200290002003900F20049000200890D8
:1099A00002AA09A9A948FAF764FA3220FCF778FF5D
:1099B000D32000F0B7FC00F0F3F9A049888000F054
:1099C000EFF99E49888000F0EBF99C4988800846B1
:1099D00080884FF6FF7101EA00209849888000F0E6
:1099E000DFF9964989880843944988800846808829
:1099F00049F2413188427CD0042000F093FC00F011
:109A0000CFF98E49888000F0CBF98C49888000F02E
:109A1000C7F98A498880084680884FF6FF7101EAB5
:109A200000208649888000F0BBF984498988084372
:109A3000824988800846808848F25251884203D182
:109A400047F289707D4988807C48808847F2897117
:109A50008842D0D0D42000F065FC00F0A1F977490D
:109A6000888000F09DF97549888000F099F9734964
:109A70008880084680884FF6FF7101EA00206F4910
:109A8000888000F08DF96D49898808436B4988808A
:109A90000846808845F210318842ACD0D32000F0CF
:109AA00041FC00F07DF96549888000F079F963494F
:109AB000888000F075F961498880084680884FF6F3
:109AC000FF7101EA00205D49888000F069F95B4977
:109AD00089880843594988800846808847F29671EA
:109AE000884288D055214FF4704000F031FCAA2103
:109AF00000E07EE04FF2010000F02AFC52214FF21C
:109B0000020000F025FC08214FF2030000F020FCC9
:109B100001214FF2040000F01BFC4FF4454000F01F
:109B200001FC00F03DF945498880084680884FF6E1
:109B3000FF7101EA0020414988804CF2015000F099
:109B4000F1FB00F02DF93D49898808433B498880A5
:109B50000520FCF7A5FE3948808845F2105188425F
:109B600047D0D32000F0DEFB00F01AF9334988809B
:109B700000F016F93149888000F012F92F498880E9
:109B8000084680884FF6FF7101EA00202B49888043
:109B900000F006F929498988084328498880084641
:109BA000808849F60601884223D0A12000F0BAFB44
:109BB00000F0F6F82149888000F0F2F81F4988800B
:109BC000084680884FF6FF7101EA00201B49888013
:109BD00000F0E6F819498988084318498880084642
:109BE000808845F26171884203D141F663101349C0
:109BF00088801248808847F28971884202D1FFF735
:109C00006FFC44E00D48808849F24131884202D11E
:109C1000FDF702FA3BE00948808845F2103188429E
:109C200002D1FDF7AFFC32E00448808847F296711C
:109C300088420FD1FFF728FD29E00000C001022073
:109C400030380240000C024000040240740102203F
:109C5000040100A03B48808845F21051884202D19F
:109C6000FEF709FC13E03748808849F60601884270
:109C700002D1FDF7E7FA0AE03248808841F6631125
:109C8000884204D1FFF775FB642000F017FB2D48D4
:109C9000808845F21031884211D02A48808847F2E6
:109CA000967188420BD02748808845F2105188422F
:109CB00005D02448808849F6060188420AD102204E
:109CC000029004902049CB6A8A68486802A9F6F796
:109CD0007DFD26E01B48808849F24131884205D04D
:109CE0001848808847F2897188420AD1052002907D
:109CF00004901549CB6A8A68486802A9F6F766FDA0
:109D00000FE01048808841F66311884209D10F2086
:109D1000029004900C49CB6A8A68486802A9F6F759
:109D200055FD0020FDF796F800BF012220210748CD
:109D3000F8F714FD00BF4FF6FF70FDF767F815B098
:109D400000BD0000C0010220740102200004024096
:109D50001FB5F8F74FFF01208DF8000000208DF8A7
:109D600001004FF0C04001901B208DF8080000203A
:109D70008DF809008DF80A0003208DF80B000020F3
:109D80008DF80C008DF80D008DF80E0001208DF877
:109D90000F006846F8F700FF0420F8F741FF1FBDE9
:109DA00008B5034800880090BDF8000008BD000019
:109DB00000000860F0B50546002400278B48807934
:109DC000012805D18948808841F66311884208D16D
:109DD00086488079F0B98548808841F663118842C9
:109DE00018D1082D15D2DFE805F00406080A0C0E7C
:109DF000101206250DE007250BE0042509E00525D6
:109E000007E0012505E0002503E0032501E0022528
:109E100000BF00BF082D1CD2DFE805F00406090CC6
:109E20000F12151800BF14E044F0800411E044F054
:109E300040040EE044F0C0040BE044F0200408E0CD
:109E400044F0600405E044F0A00402E044F0E004C3
:109E500000BF00BF36276548808845F21051884210
:109E600000D13F026148808849F2413188420BD0DD
:109E70005E48808847F28971884205D05B488088B7
:109E800047F29671884201D144F0080421463846D1
:109E900000F05EFA5548808841F6631188421DD073
:109EA00004F0200068B15148008850494988884230
:109EB00014DA4E48068840884C4908800846468097
:109EC0000CE04A48008849494988884206DD4748ED
:109ED000068840884549088008464680434880886F
:109EE00045F21051884252D14049488900F01AFA8F
:109EF000002000F00BFA3D494989491C88B200F066
:109F000011FA002000F002FA38494989891C88B208
:109F100000F008FA35490988491EC1F30F2000F006
:109F2000F5F932494989C91C88B200F0FBF92F497B
:109F30000978491EC8B200F0E9F92C49888900F077
:109F4000F1F9002000F0E2F928498989491C88B21A
:109F500000F0E8F9002000F0D9F924498989891C2A
:109F600088B200F0DFF921494988491EC1F30F206A
:109F700000F0CCF91D498989C91C88B200F0D2F9DA
:109F80001A498978491EC8B200F0C0F92DE0174976
:109F9000488900F0C7F9002000F0B8F9002000F06F
:109FA000B5F912490988491EC1F30F2000F0AEF936
:109FB0000E490978491EC8B200F0A8F90B498889F2
:109FC00000F0B0F9002000F0A1F9002000F09EF9A7
:109FD00006494988491EC1F30F2000F097F903494B
:109FE0008978491EC8B200F091F9F0BDC001022085
:109FF00010B502460C464548808841F663118842F8
:10A0000047D142488079A8B940480088401E801A4C
:10A0100082B23E49488900F085F9002000F076F9C7
:10A02000002000F073F9101200F070F9D0B200F0C7
:10A030006DF916E03549488900F074F9101200F006
:10A0400065F9D0B200F062F930490988491EC1F3C0
:10A050000F2000F05BF92D490978491EC8B200F0C5
:10A0600055F92A49888900F05DF9201200F04EF96F
:10A07000E0B200F04BF925494988491EC1F30F2091
:10A0800000F044F921498978491EC8B200F03EF930
:10A090003AE01E48808845F21051884220D11B4981
:10A0A000488900F03FF9101200F030F9174949894A
:10A0B000491C88B200F036F9D0B200F027F91349F4
:10A0C000888900F02FF9201200F020F90F498989C2
:10A0D000491C88B200F026F9E0B200F017F913E04D
:10A0E0000A49488900F01EF9101200F00FF9D0B2A9
:10A0F00000F00CF90549888900F014F9201200F0ED
:10A1000005F9E0B200F002F910BD0000C001022024
:10A110002DE9FC5F80460E4615461C46B3460020DE
:10A12000019000902046E31704EB5373DB102146A7
:10A130004FEAE47C04EB5C7C4FEAEC0CA4EBCC0C27
:10A14000BCF1000F02D04FF0010C01E04FF0000C09
:10A150006344224604EBD27C4FEA6C0C03FB0CF305
:10A16000DBB20193A5F12000C5B20C2C06D0102C57
:10A170000BD0182C0ED0202C18D112E005EB450086
:10A180002D4901EB8000009012E02C4800EB0510F7
:10A1900000900DE005EBC500294901EB800000901F
:10A1A00006E0284800EB8510009001E0BDE8FC9F28
:10A1B00000BF00273AE0009810F807904FF0000A1F
:10A1C0002EE009F0800028B1314640460D9AFCF798
:10A1D00009FF07E00C9828B91B4831460268404641
:10A1E000FCF700FF4FEA49604FEA1069701C86B225
:10A1F00016484088B04200DCD8E7A6EB0B00A0422E
:10A200000AD15E4608F101001FFA80F80F48008865
:10A21000404500DCCAE706E00AF1010000F0FF0A51
:10A22000BAF1080FCDDB00BF781CC7B20198874296
:10A23000C1DB00BFBAE70000B6AE00082AB30008D1
:10A240001AB9000876C6000820000220C0010220CA
:10A250002DE9FC5F04460D4690469946DDE90D7AEE
:10A260000C9E04F0FF0B08EB04001FFA80F809EBCA
:10A2700005001FFA80F917E0444502DB5C46A81987
:10A2800085B24D4500DB15E00020CDE9000A3A78A3
:10A29000334629462046FFF73BFF304606EBD07198
:10A2A00004EB61018CB27F1C38787E2802DC3878A0
:10A2B0002028E1DA00BFBDE8FC9F000000B502469F
:10A2C000BE2000F02FF8052000F020F800EE102A44
:10A2D000B8EE400B9FED0B1B20EE010BBCEEC00B4C
:10A2E00010EE101A88B200F011F8012000F00EF8FC
:10A2F000FF2000F00BF8002000F008F8002000F02C
:10A3000005F800BD666666666666044001B5BDF880
:10A3100000000090BDF800000149088008BD000061
:10A320000000086001B5BDF800000090BDF8000015
:10A330000149088008BD0000FEFF0760024800894F
:10A340000249088070470000C0010220FEFF07603C
:10A35000024A1080921C118070470000FEFF0760C7
:10A3600000B587B000BF00BF1E48006840F0020083
:10A370001C4908600846006800F00200019000BF18
:10A3800000BF00BF00BF00BF0846006840F00200E9
:10A3900008600846006800F00200019000BF00BF9E
:10A3A00000BF02200290012003900490022005903B
:10A3B00002A90D48F8F7B6F80120029002A90A4850
:10A3C000F8F7B0F800BF012202210748F8F7C6F9F4
:10A3D00000BF00BF012211460348F8F7BFF900BFD4
:10A3E00007B000BD303802400004024018B50446F2
:10A3F00006480094008B401E83B20448C08A401E69
:10A4000082B20021084600F055F818BD040302206E
:10A4100070B5A4B004460E46154608200090059479
:10A4200007960B956846F8F7C7FC10B9002024B0D2
:10A4300070BD0120FBE700000949487530B98988E3
:10A44000074AD18211460988118308E0012806D104
:10A4500003490988024AD1821146898811837047CD
:10A460000403022070B5114B5B7D6BB10F4BDB69B0
:10A470000E4D2D6805FB01056B430C4D2D7D0C4EDB
:10A4800056F82550EA520FE0084B1D685B681B1A0E
:10A490005B1E05FB0313054DED696B43034D2D7DDD
:10A4A000034E56F82550EA5270BD00000403022006
:10A4B000240002202DE9F04F04460D461E464FF0C1
:10A4C000000CDFF8609199F81590B9F1000F04D0F5
:10A4D00020462946134637462DE0DFF84891D9F843
:10A4E0000490914507D8DFF83C91B9F80490A9F1A0
:10A4F00001091FFA89F2DFF82C91D9F80490A145DF
:10A5000007D8DFF82091B9F80490A9F101091FFAE2
:10A5100089F42846DFF80C91D9F80490A9EB0209D8
:10A52000A9F101013346DFF8FC90D9F80490A9EBBA
:10A530000409A9F10107DFF8EC90B9F80090A3EB4A
:10A54000000A0AF1010AA9EB0A091FFA89F8DFF8E3
:10A55000D49099F81490DFF8D0A05AF82990DFF839
:10A56000C4A0DAF81CA0DFF8BCB0DBF800B00BFB2D
:10A57000010B0AFB0B9EDFF8B490D9F8009049F468
:10A580000009DFF8A8A0CAF800904FF44039DFF8BE
:10A59000A0A0CAF800904FF00209CAF83490D14642
:10A5A000C9F84080D9F8009029F00109CAF8009054
:10A5B000D146C9F83CE0A7EB010909F10109A3EB79
:10A5C000000A0AF1010A49EA0A49DFF864A0CAF858
:10A5D0004490DDF82490CAF83890D146D9F800901C
:10A5E00049F00109CAF8009005E00CF1010CBCF536
:10A5F000001F00D308E0DFF83890D9F8049009F084
:10A600000209B9F1000FF0D000BFDFF82490D9F8AB
:10A61000089049F00209DFF818A0CAF80890BDE8D0
:10A62000F08F000004030220240002203038024092
:10A6300000B002401FB5002400F0A6F9044644F221
:10A640004230844218D14FF4F0709E4908604FF4B4
:10A65000887048600120088148812820888108206E
:10A66000C8810520088208204882820304214FF413
:10A670009070FFF7CDFE82E047F28400844219D14A
:10A680004FF448708F4908604FF4F0704860012023
:10A69000088148812E2088811720C881D220088215
:10A6A000162048824FF4803203214FF4C670FFF722
:10A6B000AFFE64E047F2160084421AD14FF4806086
:10A6C000804908604FF41670486014200881032008
:10A6D00048818C2088811420C881A02008820C2009
:10A6E00048824FF4803202214FF4B470FFF790FE9D
:10A6F00045E047F21800844207D14FF4A060714949
:10A7000008604FF44870486039E044F28430844275
:10A710001AD14FF448706B4908604FF4F0704860EC
:10A720005820888128200882302008812020C88174
:10A730000D204882032048814FF4803203214FF4DA
:10A74000C670FFF765FE1AE041F21800844216D188
:10A750004FF4A0605B4908604FF4487048608C205B
:10A7600088810A2008820881C881488203204881A4
:10A770004FF4803202214FF4B470FFF749FE514884
:10A780000088514908804F488088488002204D4900
:10A79000C8614E484E4908604E484F490860002045
:10A7A000486000214C488160C16000204A4981F81E
:10A7B000A10041F21800844204D14FF08051464874
:10A7C000016102E00021444801613E480089401EC9
:10A7D000414948613B484089401E886139480089A9
:10A7E000384989890844401E3B49C8613548408939
:10A7F0003449C9890844401E3749086231480089F4
:10A800003049898908442F4909680844401E324963
:10A8100048622C4840892B49C9890844294949681C
:10A820000844401E2C4988622648008925498989A8
:10A8300008442449096808442249098A0844401EFA
:10A840002549C8621F4840891E49C98908441D49D5
:10A85000496808441B49498A0844401E1E49086348
:10A8600000211D4880F8361080F8351080F834102B
:10A87000F7F7FAFF002007210622CDE90002CDE913
:10A8800002101348FF2302220168002000F028F87C
:10A890000C48808880B200900A48008883B2002269
:10A8A0001146104600F058F8002000F0D5F80122BB
:10A8B00020210A48F7F752FF4FF0FF30FFF796FDCF
:10A8C0001FBD000004030220C0010220000000C0E0
:10A8D000240002200068014004020220000402401B
:10A8E0002DE9F04F8DB005460E4617469846DDE936
:10A8F00017ABDDF85890199C002000900290144886
:10A90000006801901248406803900497CDF81480C5
:10A91000CDF818904FEA0A200790CDF820B009969C
:10A920000B4800680A900A4840680B900020011408
:10A930008DF8321001128DF83110E0B28DF8300030
:10A940002A4669460348F7F75FFF0DB0BDE8F08F70
:10A9500004030220040202202DE9F04104460E46C1
:10A9600017461D46DDF8188023463A46314605480D
:10A97000F8F7A6F82346424629460248F8F7D6F8E3
:10A98000BDE8F0810402022010B586B0002400BFAB
:10A990002E48006840F040002C49086008460068D6
:10A9A00000F04000009000BF00BF00BF08460068F4
:10A9B00040F4807008600846006800F480700090E1
:10A9C00000BF00BF402001900020029001200390B2
:10A9D0000320049001A91E48F7F7A4FD84200190EC
:10A9E00001A91C48F7F79EFD0220FBF773FF4021E9
:10A9F0001748F7F7A3FE044604211648F7F79EFE12
:10AA000044EA4000C4B280211248F7F797FE44EAB6
:10AA10008000C4B2062C17D2DFE804F003070A0D49
:10AA2000101344F2423006B010BD47F28400FAE73A
:10AA300047F21600F7E747F21800F4E744F28430D3
:10AA4000F1E741F21800EEE70020ECE73038024071
:10AA500000180240002002400149087570470000BC
:10AA60000403022010B500F085F9F7F78FFE0923E3
:10AA7000022219214FF4D87000F08AF9D820FBF790
:10AA800005FF4FF4E13000F0E5F9FFF769FCFCF752
:10AA900043F900F079F8FEF7DBFE00F007F800F06C
:10AAA000F1F8FBF73BFF002010BD000010B586B0A9
:10AAB000002400BF00BF1648006840F0020014499F
:10AAC00008600846006800F00200009000BF00BF68
:10AAD00000BF881401900020029001200390032001
:10AAE000049001A90B48F7F71DFDFBF7DDFFFCF70C
:10AAF0009BF84020FCF762F8FCF7DCF80446FCF712
:10AB0000B9F8FF2000F02CF8204606B010BD000078
:10AB1000303802400004024010B50024FCF784F8ED
:10AB20004120FCF74BF8FCF7C5F80020FCF718F8BB
:10AB30000446FCF79FF8204610BD70B504460E464B
:10AB4000FFF7EAFF05461EB90120A040854303E058
:10AB50000120A0402843C5B2284600F001F870BD8E
:10AB600010B50446FCF760F84020FCF727F8FCF726
:10AB7000A1F82046FCF722F8FCF79CF8FCF77AF8DD
:10AB80000A20FBF78DFE10BD00B587B018481949A3
:10AB90000860002048600121164881600821C160DA
:10ABA00010210161402141614FF4C0718161002198
:10ABB000C1614FF400610162490041624900816254
:10ABC00002200090082001900620029003900220AD
:10ABD00004900590069069460648F9F76BF800F076
:10ABE0000BF840F237310348F9F712F907B000BD0E
:10ABF000400100A0D001022010B500240023012252
:10AC00001146184600F01AF84FF4FA70FBF762FE8E
:10AC1000002301220221184600F010F80023082228
:10AC20000321184600F00AF84FF40C742346012261
:10AC30000421002000F002F810BD00002DE9FF41C2
:10AC400004460D4616461F464FF0000814B94FF053
:10AC5000100803E0012C01D14FF008080095CDF851
:10AC60000480029603974FF4805269460448F9F72E
:10AC7000E3F818B9002004B0BDE8F0810120FAE73C
:10AC8000D00102200EB54FF478401DA120221346BA
:10AC9000CDE900210290DC220A210846FFF7D8FA0C
:10ACA0004FF4784018A118221346CDE900210290F4
:10ACB000DC222F210A20FFF7CBFA4FF4784015A1B0
:10ACC00010221346CDE900210290DC224C210A20FB
:10ACD000FFF7BEFA13A0F5F77DFB13A0F5F77AFB9B
:10ACE0001AA0F5F777FB1BA0F5F774FB1DA0F5F78D
:10ACF00071FB0DA0F5F76EFB13A0F5F76BFB0EBD16
:10AD000053544D333200000041544B2D4D433536E2
:10AD10003430000041544F4D40414C49454E54455C
:10AD20004B0000000A0000002A2A2A2A2A2A2A2A7E
:10AD30002A2A2A2A2A2A2A2A2A2A2A2A2A2A2A2A73
:10AD40002A2A2A2A2A2A2A2A0D0A000053544D3375
:10AD5000320D0A0041544B2D4D43353634300D0A27
:10AD60000000000041544F4D40414C49454E544570
:10AD70004B0D0A0010B5F9F7B3FCF9F763FC034873
:10AD8000006840F004000149086010BD9CEF00E03D
:10AD90002DE9F04194B080460D4616461F4600242A
:10ADA000342107A8F5F754FB142102A8F5F750FB4E
:10ADB00000BF2648006840F08050244908600846DB
:10ADC000006800F08050019000BF00BF00BF204825
:10ADD000006840F440401E4908600846006800F4DE
:10ADE0004040019000BF00BF012007900004089080
:10ADF00002200D9041050E91CDF840800F951196DF
:10AE0000129707A8F8F7CCFC04461CB1012014B037
:10AE1000BDE8F081F7F788FF04460CB10120F6E7A2
:10AE20000F20029002200390002004904FF4A050C5
:10AE300005904FF480500690072102A8F8F768FBB0
:10AE400004460CB10120E2E70020E0E74038024070
:10AE50000070004010B5044609480A4908600846D9
:10AE6000446000218160C160016181610C21416108
:10AE7000F9F788F9012204490248F9F71DFA10BDD3
:10AE800000100140F40002200E0002204FF040703C
:10AE9000E1EE100A7047000000000000000001020F
:10AEA000030406070809000000000102030400066D
:10AEB0001016000610160000000000000000000040
:10AEC0000000000000003F40000000000000000003
:10AED0003000400030004000000009000BC03D0081
:10AEE0000BC03D00090018C024407FE022403180A3
:10AEF0000000180024C01B000D8032400180038038
:10AF00001C4027401C8007400040100060000000EB
:10AF10000000000000000000000000001F80204032
:10AF200040200000402020401F8000000000090059
:10AF300006001F80060009000000040004003F8096
:10AF40000400040000000010006000000000000089
:10AF500000000400040004000400040000000000DD
:10AF600000400000000000000000002001C00600BA
:10AF70003800400000001F802040204020401F80FB
:10AF80000000000010403FC000400000000018C05A
:10AF900021402240244018400000108020402440DE
:10AFA00024401B80000002000D0011003FC0014042
:10AFB00000003C80244024402440238000001F8067
:10AFC000244024403440038000003000200027C08B
:10AFD0003800200000001B802440244024401B80B7
:10AFE00000001C0022C0224022401F800000000000
:10AFF00000000840000000000000000000000460A5
:10B00000000000000000000004000A001100208081
:10B010004040090009000900090009000000000083
:10B020004040208011000A00040018002000234046
:10B030002400180000001F802040274029401F40A6
:10B040000000004007C039000F0001C00040204050
:10B050003FC0244024401B8000001F80204020402F
:10B0600020403080000020403FC0204020401F8012
:10B07000000020403FC024402E4030C0000020404F
:10B080003FC024402E00300000000F001080204000
:10B0900022403380020020403FC0040004003FC033
:10B0A0002040204020403FC0204020400000006061
:10B0B000202020203FC02000200020403FC024400E
:10B0C0000B0030C0204020403FC0204000400040E6
:10B0D00000C03FC03C0003C03C003FC00000204017
:10B0E0003FC00C4023003FC020001F802040204074
:10B0F00020401F80000020403FC024402400180052
:10B1000000001F802140214020E01FA000002040BF
:10B110003FC02440260019C0004018C024402440ED
:10B12000224031800000300020403FC020403000ED
:10B13000000020003F80004000403F8020002000B1
:10B140003E0001C0070038002000380007C03C0066
:10B1500007C038000000204039C0060039C0204038
:10B1600000002000384007C0384020000000304078
:10B1700021C02640384020C00000000000007FE0D1
:10B18000402040200000000070000C0003800040C0
:10B1900000000000402040207FE000000000000090
:10B1A00020004000200000000000001000100010EF
:10B1B000001000100010000000004000000000001F
:10B1C0000000000002800540054003C00040200050
:10B1D0003FC004400440038000000000038004409E
:10B1E00004400640000000000380044024403FC0AB
:10B1F00000400000038005400540034000000000BF
:10B2000004401FC0244024402000000002E00550FC
:10B2100005500650042020403FC00440040003C0F5
:10B2200000400000044027C0004000000000001063
:10B230000010041027E00000000020403FC0014043
:10B24000070004C00440204020403FC000400040B0
:10B25000000007C0040007C0040003C00000044051
:10B2600007C00440040003C0004000000380044005
:10B27000044003800000041007F0045004400380E1
:10B280000000000003800440045007F00010044058
:10B2900007C0024004000400000000000640054012
:10B2A000054004C00000000004001F80044000406E
:10B2B0000000040007800040044007C00040040074
:10B2C000070004C0018006000400060001C007005A
:10B2D00001C006000000044006C0010006C0044092
:10B2E00000000410071004E00180060004000000C4
:10B2F000044005C0064004400000000000000400B7
:10B300007BE040200000000000000000FFF0000093
:10B310000000000040207BE004000000000040002E
:10B3200080004000200020004000000000000000DD
:10B33000000000000000000000000000000000000D
:10B340001FCC000C000000000000000008003000CE
:10B3500060000800300060000000022003FC1E2096
:10B36000022003FC1E200220000000000E18110421
:10B370003FFF10840C78000000000F0010840F388D
:10B3800000C0077818840078000000780F8410C48B
:10B3900011240E9800E40084000808006800700082
:10B3A000000000000000000000000000000000009D
:10B3B00007E01818200440020000000040022004AA
:10B3C000181807E000000000000002400240018061
:10B3D0000FF00180024002400000008000800080E9
:10B3E0000FF800800080008000000001000D000EBA
:10B3F000000000000000000000000000008000804D
:10B40000008000800080008000800000000C000CA4
:10B41000000000000000000000000000000600180E
:10B4200000600180060018002000000007F00808F6
:10B4300010041004080807F00000000008040804C5
:10B440001FFC000400040000000000000E0C10149B
:10B450001024104411840E0C000000000C1810047D
:10B460001104110412880C700000000000E0032099
:10B47000042408241FFC0024000000001F981084EE
:10B4800011041104108810700000000007F00888F3
:10B490001104110418880070000000001C00100046
:10B4A00010FC13001C001000000000000E381144B6
:10B4B0001084108411440E38000000000700088C2E
:10B4C00010441044088807F000000000000000004D
:10B4D000030C030C0000000000000000000000014D
:10B4E0000106000000000000000000000080014094
:10B4F000022004100808100400000220022002208C
:10B50000022002200220022000000000100408088F
:10B510000410022001400080000000000E00120014
:10B52000100C106C10800F00000003E00C1813E4E6
:10B53000142417C4082807D000000004003C03C4EA
:10B540001C40074000E4001C000410041FFC110410
:10B55000110411040E880070000003E00C181004A0
:10B560001004100410081C10000010041FFC10042C
:10B5700010041004080807F0000010041FFC110458
:10B58000110417C410040818000010041FFC110453
:10B59000110017C010000800000003E00C18100490
:10B5A000100410441C780040000010041FFC10849C
:10B5B0000080008010841FFC1004000010041004A0
:10B5C0001FFC100410040000000000030001100123
:10B5D00010011FFE10001000000010041FFC1104D9
:10B5E00003801464181C1004000010041FFC1004D5
:10B5F000000400040004000C000010041FFC1F00E5
:10B6000000FC1F001FFC1004000010041FFC0C04B1
:10B61000030000E010181FFC100007F008081004D9
:10B6200010041004080807F0000010041FFC108428
:10B630001080108010800F00000007F00818102400
:10B640001024101C080A07F2000010041FFC11044B
:10B65000110011C011300E0C000400000E1C11046A
:10B660001084108410441C380000180010001004CE
:10B670001FFC100410001800000010001FF8100438
:10B680000004000410041FF8100010001E0011E058
:10B69000001C007013801C0010001FC0103C00E054
:10B6A0001F0000E0103C1FC000001004180C1634EE
:10B6B00001C001C01634180C100410001C00130443
:10B6C00000FC13041C00100000000804101C10648F
:10B6D000108413041C041018000000000000000077
:10B6E0007FFE4002400240020000000030000C00DB
:10B6F00003800060001C00030000000040024002C4
:10B7000040027FFE0000000000000000000020005A
:10B710004000400040002000000000010001000146
:10B720000001000100010001000100004000400094
:10B73000200000000000000000000000009801242C
:10B7400001440144014400FC000410001FFC008877
:10B7500001040104008800700000000000700088EF
:10B76000010401040104008800000000007000884A
:10B770000104010411081FFC0004000000F801444A
:10B7800001440144014400C8000000000104010418
:10B790000FFC1104110411001800000000D601294B
:10B7A0000129012901C90106000010041FFC0084C1
:10B7B00001000100010400FC000400000104190460
:10B7C00019FC000400040000000000000003000158
:10B7D0000101190119FE0000000010041FFC0024E3
:10B7E000004001B4010C010400000000100410042A
:10B7F0001FFC0004000400000000010401FC01041F
:10B80000010001FC0104010000FC010401FC0084B2
:10B8100001000100010400FC0004000000F8010424
:10B8200001040104010400F80000010101FF00858A
:10B83000010401040088007000000000007000880E
:10B8400001040104010501FF00010104010401FCE0
:10B8500000840104010001800000000000CC0124EC
:10B8600001240124012401980000000001000100CE
:10B8700007F80104010400000000010001F80004C1
:10B8800000040004010801FC0004010001800170B3
:10B89000000C001001600180010001F0010C00307B
:10B8A00001C00030010C01F0010000000104018C16
:10B8B00000740170018C010400000101018101711B
:10B8C000000E001801600180010000000184010CDD
:10B8D000013401440184010C00000000000000005C
:10B8E000000001003EFC4002400200000000000099
:10B8F0000000FFFF000000000000000040024002C6
:10B900003EFC01000000000000000000600080001C
:10B9100080004000400020002000000000000000E7
:10B920000000000000000000000000000000000017
:10B930000000000000000000000000000000000007
:10B94000000000000000000000000000000F803830
:10B950000FFE380F803800000000000000000000DB
:10B9600000000000000000000100000600000C00C4
:10B97000003800003100000600000C000038000014
:10B980003000000000000000000061800067F80740
:10B99000F980006180006180006180006180006743
:10B9A000F807F9800061800000000000000000003E
:10B9B00001C0E003E0F00630080418081FFFFE0491
:10B9C0000E080787F00381E000000000000001F08E
:10B9D00000060C00040408060C7001F9C0000E00FB
:10B9E000003BE000EC18070808040C180003E00016
:10B9F00000000001E00007F003F818041C08041719
:10BA00000807E1D003C0E00023B0003C0800200894
:10BA100000001000000000000001000031000032B2
:10BA200000001C00000000000000000000000000FA
:10BA30000000000000000000000000000000000006
:10BA4000000000000000000000007F0001FFC007B0
:10BA500080F00C001810000420000200000000001C
:10BA6000002000021000040C00180780F001FFC045
:10BA7000007F000000000000000000000000000047
:10BA80000000000000004200006600006600003C6C
:10BA90000000180003FFC0001800003C0000660012
:10BAA00000660000420000000000080000080000DE
:10BAB000080000080000080001FFC000080000089E
:10BAC000000008000008000008000000000000015D
:10BAD00000003100003200001C00000000000000E7
:10BAE0000000000000000000000000000000000056
:10BAF000000008000008000008000008000008001E
:10BB0000000800000800000800000800000800000D
:10BB100000000000000000000000380000380000B5
:10BB200038000000000000000000000000000000DD
:10BB300000000000000000000000000600001C00E3
:10BB40000070000180000E0000380000C0000700F7
:10BB5000001C0000300000000000000000007F809A
:10BB600001FFE003807006001804000804000806C6
:10BB7000001803807001FFE0007F800000000000DB
:10BB80000000000001000801000801000803FFF8A0
:10BB900007FFF8000008000008000008000000008F
:10BBA000000000000001C03802C0580400980401E1
:10BBB00018040218040418061C1803F81801E0F809
:10BBC00000000000000000000001C0E003C0F0041D
:10BBD000000804080804080806180803F41801E718
:10BBE000F00001E000000000000000000000030081
:10BBF000000D00001100006100008108030108072A
:10BC0000FFF80FFFF8000108000108000000000025
:10BC1000000000E007FCD00608080610080610081F
:10BC2000061008061838060FF00607C000000000CE
:10BC30000000000000003F8001FFE00384300208A4
:10BC400018041008041008041008071810030FF057
:10BC50000007C000000000000000000003C0000753
:10BC600000000600000600F80607F806180006E0C7
:10BC70000007000006000000000000000001E1E0F5
:10BC800003F7F0063410041808041808040C08041C
:10BC90000C0806161803F3F001C1E00000000000D4
:10BCA0000000F80003FC3003063804020804020810
:10BCB0000402080404100308F001FFC0007F000024
:10BCC0000000000000000000000000000000000074
:10BCD000000070380070380070380000000000006C
:10BCE0000000000000000000000000000000000054
:10BCF000000000000000301A00301C0000000000AE
:10BD00000000000000000000000000000000000033
:10BD100000080000140000220000410000808001A3
:10BD2000004002002004001008000800000000008D
:10BD3000000021000021000021000021000021005E
:10BD4000002100002100002100002100002100004E
:10BD500000000000000000000800080400100200BD
:10BD600020010040008080004100002200001400FB
:10BD700000080000000000000003C00004C0000430
:10BD80000000080038080F380808380810000C3088
:10BD90000007E00003C000000000000000003F803A
:10BDA00000FFE0038070020F1006708804C0880452
:10BDB0008308047F8802C09003012000FE40000039
:10BDC000080000180001F8003E0801C20007020048
:10BDD00007E20000FE00001FC80001F80000380064
:10BDE000000804000807FFF807FFF8040808040823
:10BDF0000804080804080806180803F41801E7F006
:10BE00000001E0000000000000003F8001FFE003AF
:10BE100080700200180400080400080400080400F0
:10BE2000100600200780C000000004000807FFF88B
:10BE300007FFF804000804000804000804001802C2
:10BE4000001003807001FFE0007F8000000004000C
:10BE50000807FFF807FFF8040808040808040808A2
:10BE6000040808043E0804000806001801006000E9
:10BE7000000004000807FFF807FFF804080804089A
:10BE800000040800040800043E000600000600004C
:10BE9000018000000000000000003F8001FFE0037F
:10BEA0008070060018040008040208040208020357
:10BEB000F00783F000020000020004000807FFF80A
:10BEC00007FFF80408080008000008000008000048
:10BED000080004080807FFF807FFF804000800003E
:10BEE0000000000004000804000804000807FFF830
:10BEF00007FFF80400080400080400080000000020
:10BF0000000000000000000600000700000104001F
:10BF10000104000104000307FFFE07FFFC0400000A
:10BF200004000004000004000807FFF807FFF804FD
:10BF30000C08001800003E0004C7800503C8060076
:10BF4000F804003804001800000804000807FFF88F
:10BF500007FFF804000800000800000800000800BF
:10BF60000008000008000018000060000000040045
:10BF70000807FFF807800807FC00007FC00003F8EF
:10BF80000007C000780007800807FFF807FFF804E3
:10BF9000000804000807FFF807000803C00000E0DD
:10BFA00000003800001E000007000001C00400F07F
:10BFB00007FFF8040000000000007F8001FFE0039D
:10BFC000807006001804000804000806001803002A
:10BFD0003001FFE0007F8000000004000807FFF848
:10BFE00007FFF80404080404000404000404000427
:10BFF0000400060C0003F80001F00000000000003F
:10C0000000007F8001FFE003807006008804008844
:10C010000400C806003C03003E01FFE6007F8400E8
:10C02000000004000807FFF807FFF80408080408E8
:10C0300000040C00040F00040BC00610F003F038DD
:10C0400001E00800000800000001E0F803F03006FD
:10C050003010041808041808040C08040C08020620
:10C06000180207F00781E0000000018000060000D0
:10C0700004000004000004000807FFF807FFF804AC
:10C080000008040000040000060000018000040015
:10C090000007FFE007FFF004001800000800000898
:10C0A00000000800000800000804001007FFE0047A
:10C0B000000004000006000007E00007FE00041F67
:10C0C000E00001F80000380001E0043E0007C00075
:10C0D00006000004000004000007E00007FFC004A1
:10C0E0001FF80007C007F80007FF80043FF80007AB
:10C0F000C004F8000700000400000000000400086D
:10C1000006001807C07805F1C8003E00001F800433
:10C1100063E80780F8060018040008000000040027
:10C120000006000007800007E008047C08001FF8F4
:10C130000007F800180804E00807000006000004E3
:10C1400000000000000100080600380400F80403A5
:10C15000E8040F08047C0805F00807C00807001869
:10C16000040060000000000000000000000000006B
:10C1700000000000003FFFFE20000220000220001F
:10C180000220000220000200000000000000000069
:10C1900008000007000000C0000038000006000092
:10C1A00001C000003000000E00000100000000008F
:10C1B00000000000200002200002200002200002F7
:10C1C0002000023FFFFE0000000000000000000011
:10C1D0000000000000000000000000080000100047
:10C1E00000300000200000300000100000080000B7
:10C1F000000000000000000001000001000001003C
:10C200000001000001000001000001000001000029
:10C21000010000010000010000010000000000001A
:10C2200000000020000020000010000010000000AE
:10C2300000000000000000000000000000000000FE
:10C24000000000F00019F8001B1800220800260862
:10C25000002408002410003FF8001FF80000080028
:10C26000001800000004000007FFF80FFFF000189E
:10C2700018001008002008002008003018001FF0E7
:10C28000000FC00000000000000007C0001FF00009
:10C290001830002008002008002008003C08001C7E
:10C2A000100000600000000000000000000007C057
:10C2B000001FF000381800200800200800200804A3
:10C2C000101007FFF80FFFF0000010000000000042
:10C2D000000000000007C0001FF00012300022180C
:10C2E000002208002208003208001E10000E200064
:10C2F000000000000000200000200800200801FFCE
:10C30000F803FFF80620080420080420080720008E
:10C3100003000000000000000000000E000E6E0090
:10C320001FF30031B10020B10020B1003191001F96
:10C3300013002E1E00200E00300000000004000834
:10C3400007FFF80FFFF80010080020000020000091
:10C350002008003FF8001FF800000800000000005F
:10C3600000000000002008002008002008063FF818
:10C37000063FF80000080000080000080000000068
:10C380000000000000000000000003000003002087
:10C3900001002001002003063FFE063FFC000000D4
:10C3A00000000000000000000004000807FFF80F74
:10C3B000FFF8000188000300002FC00038F80020BB
:10C3C0003800200800000800000000000000000005
:10C3D00004000804000804000807FFF80FFFF80035
:10C3E0000008000008000008000000000000002015
:10C3F00008003FF8003FF8001008002000003FF858
:10C40000003FF8001008002000003FF8003FF8004F
:10C410000008000000002008003FF8003FF800106E
:10C4200008001000002000002008003FF8001FF85E
:10C430000000080000000000000007C0000FF0002E
:10C4400018300030080020080020080030080018CC
:10C4500030000FF00007C0000000000000002001C5
:10C46000003FFF003FFF00101100200900200800DE
:10C470002008003038001FF0000FC000000000004E
:10C48000000007C0001FF000381800200800200836
:10C49000002009001011001FFF003FFF00000100F5
:10C4A0000000002008002008002008003FF8003F9E
:10C4B000F8000808001008002008002000003000E4
:10C4C000003000000000000000000000000C7800B8
:10C4D0001E180033080023080021080021880021CD
:10C4E000980030F0003860000000000000002000DC
:10C4F00000200000200000FFF003FFF800200800EB
:10C5000020080020080000300000000000000000AB
:10C5100000002000003FF0007FF800001800000835
:10C52000000008002010003FF8007FF0000010001D
:10C530000000000000002000003000003C00003F30
:10C54000800023F0000078000070002380003C0091
:10C55000003000002000002000003C00003FE00010
:10C5600023F80000E0002700003E00003FE000212B
:10C57000F80001E0003E000020000000000020085C
:10C58000002008003838003E680027800003C800FB
:10C590002CF80038380020180020080000000000A7
:10C5A00000002000003003003C01003F830023EC2A
:10C5B000000070002380003C0000200000200000EC
:10C5C00000000000000000000038080020380020B3
:10C5D000F80023E8002F88003E08003808002018E3
:10C5E00000007000000000000000000000000000DB
:10C5F00000000000000008000014001FF7FC3000DD
:10C600000620000200000000000000000000000002
:10C61000000000000000000000000000FFFFFF001D
:10C62000000000000000000000000000000000000A
:10C63000000000002000023000061FF7FC0014007C
:10C6400000080000000000000000000000000000E2
:10C6500000000000001800006000004000004000E2
:10C66000002000001000000800000400000400008A
:10C670000C0000100000000000000000000000009E
:10C6800000000000000000000000000000000000AA
:10C69000000000000000000000000000000000009A
:10C6A000000000000000000000000000000000008A
:10C6B000000000000000000000000000000000007A
:10C6C000000000000000000000000000000007F073
:10C6D00000C007FFE1E007F001E0000000C000003B
:10C6E000000000000000000000000000000000004A
:10C6F000000000000000000000000000000000201A
:10C70000000001C00000078000001F0000001E00A4
:10C7100000001C20000001C00000078000001F0076
:10C7200000001E0000001C000000000000000000CF
:10C730000000000000000000000000180C000018BD
:10C740000C0000180FE0001FFC0003F80C0000189C
:10C750000C0000180C0000180C0000180C00001849
:10C760000FE0001FFC0003F80C0000180C0000187C
:10C770000C000000000000000000000000000000AD
:10C780000780007807C000FC0640010E0020030768
:10C790000020020380200FFFFFFC0201C0200200E6
:10C7A000E0600130704001F03F8000F01F000000A9
:10C7B00000000000000000FE000001FF0000030177
:10C7C000800002008060030181C001FF070000FEBD
:10C7D00018000000E0000003BF00000CFFC0007163
:10C7E000806001C10020030180600000FFC00000E4
:10C7F0003F000000000000001F0000007FC000FCA0
:10C80000C0C001FF80600303E0200202782002061E
:10C810001E2003FC074001F00380000103C000015B
:10C820001C600001E0200001002000010040000029
:10C8300001800000000000000000002000001C60DB
:10C8400000001C4000001F8000000F0000000000DE
:10C8500000000000000000000000000000000000D8
:10C8600000000000000000000000000000000000C8
:10C8700000000000000000000000000000000000B8
:10C8800000000000000000000000000000000000A8
:10C8900000000007F800003FFF00007807C001C05B
:10C8A00000E003000030040000080800000410004D
:10C8B000000200000000000000001000000208005C
:10C8C0000004040000080300003001C000E000780C
:10C8D00007C0003FFF000007F80000000000000054
:10C8E0000000000000000000000000000000000048
:10C8F0000000000000000000000000000000000C2C
:10C900001800000E3800000E38000006300000034A
:10C9100060000061438000FFFF800061430000036E
:10C92000600000063000000E3800000E3800000CD9
:10C9300018000000000000000000000000000000DF
:10C9400080000000800000008000000080000000E7
:10C95000800000008000007FFF00000080000000D9
:10C9600080000000800000008000000080000000C7
:10C970008000000000000000000000000001000036
:10C9800000E3000000E2000000FC0000007800006E
:10C990000000000000000000000000000000000097
:10C9A0000000000000000000000000000000000087
:10C9B00000000000000000000000000080000000F7
:10C9C0008000000080000000800000008000000067
:10C9D0008000000080000000800000008000000057
:10C9E0008000000080000000800000008000000047
:10C9F00080000000000000000000000000000000B7
:10CA000000C0000001E0000001E0000000C00000E4
:10CA10000000000000000000000000000000000016
:10CA20000000000000000000000000000000000006
:10CA3000000000000000000000000000000C0000EA
:10CA40000038000000E00000038000000E0000003D
:10CA500038000000E00000038000000E00000038F5
:10CA6000000000E00000038000000E00000018003D
:10CA70000000000000000000000000000000000FA7
:10CA8000F800007FFF0000F00780018000C0030075
:10CA900000600200002002000020020000200300CD
:10CAA0000060018000C000E00380007FFF00000FF5
:10CAB000F80000000000000000000000000000007E
:10CAC0000000008000200080002000800020008006
:10CAD000006001FFFFE003FFFFE0000000600000D6
:10CAE00000200000002000000020000000000000E6
:10CAF00000000000000000000000000000000078BE
:10CB000000E0009801600100026002000460020081
:10CB10000860020010600200206002004060030014
:10CB200080600183006001FE00E0007C078000005F
:10CB3000000000000000000000000000000000F005
:10CB4000078001F007C00100004002000020020140
:10CB50000020020100200201002003038020018642
:10CB6000804001FCC0C000787F8000001E000000F3
:10CB700000000000000000000000000008000000AD
:10CB80003800000048000001880000060800000C82
:10CB90000810003008100040081001FFFFF003FFEC
:10CBA000FFF003FFFFF00000081000000810000075
:10CBB000081000000000000000000000000000005D
:10CBC0000780001F864003E10020030200200304C9
:10CBD00000200304002003040020030400200306B7
:10CBE0000040030301C00301FF8003007E0000003A
:10CBF000000000000000000000000000000000072E
:10CC0000FC00003FFF000070C380008180C0010174
:10CC10000060030200200202002002020020020243
:10CC200000200203004001C180C000C0FF8000005E
:10CC30007E0000000000000000000000000000F086
:10CC4000000003C000000380000003000000030098
:10CC500007E003003FE00301C000030600000318E3
:10CC600000000360000003800000030000000000DB
:10CC70000000000000000000000000001F0000781D
:10CC80003F8000FC60C0018EC0400307802002038B
:10CC9000002002018020020180200201C020030147
:10CCA000E040018670C000FC3F8000781F0000005B
:10CCB00000000000000000000000003F000000FF36
:10CCC00081C001C0C1C0010060200200202002001C
:10CCD00020200200202002002060020040C001004D
:10CCE000C18000C18F00007FFE00001FF000000027
:10CCF0000000000000000000000000000000000034
:10CD00000000000000000000000000000000000320
:10CD100000C0000781E0000781E0000300C00000C0
:10CD20000000000000000000000000000000000003
:10CD300000000000000000000000000000000000F3
:10CD400000000000000000000000000000000006DD
:10CD500000660006007800000000000000000000EF
:10CD600000000000000000000000000000000000C3
:10CD700000000000000000000000000000000000B3
:10CD800080000001C0000003600000063000000CBD
:10CD9000180000180C00003006000060030000C0FE
:10CDA000018001000040020000200400001000008B
:10CDB000000000000000000000000004100000045B
:10CDC0001000000410000004100000041000000413
:10CDD0001000000410000004100000041000000403
:10CDE00010000004100000041000000410000004F3
:10CDF000100000000000000000000000000004001F
:10CE00000010020000200100004000C0018000600E
:10CE100003000030060000180C00000C180000068B
:10CE20003000000360000001C0000000800000002E
:10CE3000000000000000000000000000000000787A
:10CE4000000001F8000002380000020000000400A9
:10CE500000C0040079E0040081E0040100C0040384
:10CE60000000020200000306000001FC000000F8C0
:10CE700000000000000000000000000FF800003F6C
:10CE8000FE000070078000C000C00101F8400307E9
:10CE9000FC20021E04200230082002203020023F25
:10CEA000FC20013F044001800CC000E03180001FE5
:10CEB000C200000000000000002000000060000030
:10CEC00003E000003E200003E020003E200003E0DD
:10CED00020000380200007FC2000003FE00000034A
:10CEE000FE2000003FE0000001E000000020000004
:10CEF00000200000000000000000020000200200EE
:10CF0000002003FFFFE003FFFFE002010020020119
:10CF10000020020100200201002002010020030382
:10CF200000200186806001FCC0C000F87F80000006
:10CF30001F0000000000000000000007F800003F94
:10CF4000FF000070078000C000C001000040030027
:10CF50000020020000200200002002000020020049
:10CF6000002001000040018000C003C001800030AB
:10CF70000600000000000000000002000020020087
:10CF8000002003FFFFE003FFFFE00200002002009B
:10CF900000200200002002000020030000600100C9
:10CFA0000040018000C000F00780007FFE00000FFD
:10CFB000F800000000000000000002000020020055
:10CFC000002003FFFFE003FFFFE002010020020159
:10CFD00000200201002002010020020100200203C3
:10CFE0008020020FE0200300006003C000E000602A
:10CFF000030000000000000000000200002002000A
:10D00000002003FFFFE003FFFFE002010020020118
:10D0100000200201000002010000020100000201E4
:10D02000000002038000030FE0000300000003C0C3
:10D03000000000600000000000000007F800003F52
:10D04000FE000070078001C001C001000040030025
:10D050000020020000200200002002000020010049
:10D0600020200100204003C03F8000303F800000AE
:10D07000200000002000020000200200002003FF2A
:10D08000FFE003FFFFE0020080200200802000009C
:10D09000800000008000000080000200802002006C
:10D0A000802003FFFFE003FFFFE0020000200200FA
:10D0B0000020000000000000000000000000000050
:10D0C00000000200002002000020020000200200F8
:10D0D000002003FFFFE003FFFFE00200002002004A
:10D0E00000200200002002000020000000000000DC
:10D0F000000000000000000000000000000E000022
:10D10000000F0000000F00000001020000010200FB
:10D110000001020000030200000603FFFFFC03FF02
:10D12000FFF8020000000200000002000000020000
:10D1300000000000000000000000020000200200CB
:10D14000002003FFFFE003FFFFE00200C020020118
:10D15000002000078000000FE0000030F8000260AF
:10D160003E2003800F20030003E0020000E00200E5
:10D17000002000000020000000000200002002004B
:10D18000002003FFFFE003FFFFE002000020020099
:10D19000002000000020000000200000002000000F
:10D1A00000200000002000000060000000E00000FF
:10D1B000030000000000020000200200002003FF26
:10D1C000FFE003E0002003FF0020001FF00000014B
:10D1D000FF8000000FE000001E000003E000003EA2
:10D1E000002003E0002003FFFFE003FFFFE0020058
:10D1F000002002000020020000200200002003FFA7
:10D20000FFE00380002003F0002000FC0000001F6E
:10D2100000000007C0000001F00000007C000200D8
:10D220001F80020007E003FFFFE002000000020091
:10D2300000000000000000000000000FF800003FA8
:10D24000FE0000F00780018000C0010000400200E5
:10D250000020020000200200002002000020010047
:10D260000040018000C000F00380003FFE00000F7E
:10D27000F800000000000000000002000020020092
:10D28000002003FFFFE003FFFFE002008020020018
:10D290008020020080000200800002008000020066
:10D2A0008000030180000183000000FE0000007C7C
:10D2B00000000000000000000000000FF800007FE8
:10D2C000FF0000F00380018001C001000640020061
:10D2D00004200200042002000620020003E00100F6
:10D2E00000F80180005C00E0038C003FFF0C000FA1
:10D2F000FC180000000000000000020000200200F6
:10D30000002003FFFFE003FFFFE002010020020115
:10D310000020020180000201E0000201FC00030382
:10D320003F80018607E001FC00E000F800200000DB
:10D330000020000000000000000000000000007855
:10D34000060000FE01E0018600C003030040020366
:10D35000002002018020020180200201C020020082
:10D36000C0200100E060018070C003E03F80000049
:10D370001F000000000000000000006000000380AB
:10D380000000030000000200000002000020020074
:10D39000002003FFFFE003FFFFE002000020020087
:10D3A000002002000000020000000380000000E0F6
:10D3B000000000000000020000000200000003FF67
:10D3C000FF0003FFFFC002000040020000600000F9
:10D3D00000200000002000000020000000200200CB
:10D3E00000400200008003FFFF0002000000020076
:10D3F0000000000000000000000002000000020029
:10D40000000003C0000003FC0000023FC000000356
:10D41000F80000007F80000007E0000007800000A7
:10D4200078000203C000023C000003C000000200BC
:10D430000000020000000200000003C0000003FF23
:10D440008000023FFE0002007FE000000F000200AB
:10D45000F00003EF000003FF8000020FFE00000059
:10D460003FE000001F000207E00003F80000030097
:10D470000000020000000000000002000020020086
:10D480000020038000E003F0032002FC0C20021FB8
:10D4900030000007C0000007F00002187C000260A6
:10D4A0001F20038003E0020000E0020000200000D3
:10D4B0000020000000000000000002000000030047
:10D4C000000003C0000003F80000023E0020020F2D
:10D4D000C0200001FFE000007FE000038020021C6C
:10D4E0000020027000000380000002000000020023
:10D4F00000000000000000000000000000200060AC
:10D5000000E0038003E003000FA002003E200200C1
:10D51000F8200203E020020F8020023E0020027863
:10D52000002003E00060038000E002000300000030
:10D5300000000000000000000000000000000000EB
:10D5400000000000000000000000000000001FFFBD
:10D55000FFFC100000041000000410000004100084
:10D56000000410000004100000041000000400007B
:10D5700000000000000000000000000000000000AB
:10D5800000000700000003C0000000780000001E3B
:10D5900000000003C0000000F00000001E000000BA
:10D5A0000780000000F00000003C000000060000C2
:10D5B000000000000000000000000000000010005B
:10D5C000000410000004100000041000000410000B
:10D5D000000410000004100000041FFFFFFC000006
:10D5E000000000000000000000000000000000003B
:10D5F000000000000000000000000000000000002B
:10D60000000000000000020000000400000008000C
:10D6100000001800000010000000180000001800B2
:10D6200000000400000002000000000000000000F4
:10D6300000000000000000000001000000010000E8
:10D6400000010000000100000001000000010000D6
:10D6500000010000000100000001000000010000C6
:10D6600000010000000100000001000000010000B6
:10D6700000010000000100000000000000000000A8
:10D680000000100000001000000010000000180052
:10D69000000008000000040000000000000000007E
:10D6A000000000000000000000000000000000007A
:10D6B00000000000000000000000000003800001E6
:10D6C0008FC000038C6000061820000410200004A6
:10D6D0001020000420200004204000062040000309
:10D6E000FFC00001FFE0000000200000002000005B
:10D6F00000C0000000000000000002000000020066
:10D70000000003FFFFE007FFFFC0000180C0000230
:10D71000006000020020000400200004002000043B
:10D72000002000060040000300C00001FF80000050
:10D73000FE000000000000000000000000000000EB
:10D740007E000001FF80000381C00002004000064F
:10D750000020000400200004002000040020000637
:10D7600000200003C0400001C08000000300000052
:10D7700000000000000000000000000000000000A9
:10D780007E000001FF80000380C0000600600004EE
:10D7900000200004002000040020020400400202D7
:10D7A000008003FFFFE007FFFFC000000040000013
:10D7B0000040000000000000000000000000000029
:10D7C0007E000001FF80000311C000021040000431
:10D7D0001060000410200004102000041020000637
:10D7E0001020000310400001F0C000007100000094
:10D7F0000000000000000000000000000000000425
:10D800000000000400200004002000040020007F2D
:10D81000FFE001FFFFE001040020030400200204F8
:10D82000002002040020020400000200000001C0E9
:10D83000000001C000000000000000000000000027
:10D84000001C0000E33E0003FFC200020CC3000402
:10D8500004C1000404C1000404C1000404C10006A2
:10D860000CC10003F8C30005F0620006007E00064C
:10D87000003C000000000000000002000020020048
:10D88000002003FFFFE007FFFFE00001002000028F
:10D890000020000600000004000000040000000456
:10D8A0000020000600200003FFE00001FFE0000070
:10D8B0000020000000200000000000000000000028
:10D8C00000000004002000040020000400200004E8
:10D8D00000200387FFE0038FFFE0038000200000AB
:10D8E00000200000002000000020000000000000D8
:10D8F0000000000000000000000000000000000028
:10D900000000000000060000000700000001000009
:10D9100000010004000100040001000400030004F1
:10D9200000060387FFFC038FFFF803800000000060
:10D9300000000000000000000000020000200200C3
:10D94000002003FFFFE007FFFFE0000008200000C9
:10D950001020000030000000FC0000058E000007D1
:10D9600007A0000601E0000400E000040020000021
:10D970000020000000000000000000000000000087
:10D98000000002000020020000200200002002002F
:10D99000002003FFFFE007FFFFE000000020000081
:10D9A0000020000000200000002000000000000017
:10D9B000000000000000000000000004002000073C
:10D9C000FFE0000FFFE00002002000040000000460
:10D9D00000200007FFE00003FFE000020020000439
:10D9E0000000000400200007FFE00003FFE000004B
:10D9F00000200000000000000000000400200004DF
:10DA000000200007FFE0000FFFE0000100200002FF
:10DA100000200002000000040000000400000004D8
:10DA20000020000600200003FFE00001FFE00000EE
:10DA300000200000002000000000000000000000A6
:10DA40007E000000FF80000381C00002004000064D
:10DA50000020000400200004002000040020000634
:10DA6000002000020040000381C00001FF80000090
:10DA70007E0000000000000000000004000100041F
:10DA800000010007FFFF000FFFFF000100C10002BF
:10DA900000410004002000040020000400200004D5
:10DAA000002000060040000301C00001FF800000CC
:10DAB0007E000000000000000000000000000000E8
:10DAC0007E000001FF80000380C0000200600004AF
:10DAD00000200004002000040020000400200002B8
:10DAE0000041000300C10003FFFF0007FFFF00002B
:10DAF00000010000000100000000000400200004FC
:10DB000000200004002000040020000FFFE0000FB0
:10DB1000FFE00000C02000010020000200200006FD
:10DB200000200004000000040000000700000003C3
:10DB300000000000000000000000000000000000E5
:10DB400003E00001C0E00003E040000630200004D4
:10DB500030200004182000041820000418200004BD
:10DB60000C2000020C60000307C000078380000047
:10DB700000000000000000000000000000000004A1
:10DB800000000004000000040000000C0000001F62
:10DB9000FF8000FFFFC000040060000400200004BC
:10DBA000002000040020000400400000018000006C
:10DBB000000000000000000000000004000000045D
:10DBC00000000007FF80000FFFC0000000600000A1
:10DBD00000200000002000000020000000200004C1
:10DBE0000040000400800007FFE0000FFFC00000BD
:10DBF000004000000040000000000004000000049D
:10DC00000000000780000007F0000004FE00000490
:10DC10001FC0000003E00000038000001C0000049F
:10DC20006000000780000006000000040000000003
:10DC300000000000000000040000000600000007D3
:10DC4000C0000007FC0000043F80000003E0000467
:10DC50000F800006F0000007F0000007FF800004BE
:10DC60000FE00000038000043C000007C000000635
:10DC7000000000040000000000000000002000047C
:10DC8000002000040060000700E000078320000778
:10DC9000E6000004F80000003C0000045E200005DF
:10DCA00087A0000601E000040060000400200000DE
:10DCB000002000000000000000000004000000043C
:10DCC0000003000700030007E0010004F80100045E
:10DCD0001F02000007FC000000E000000700000435
:10DCE00038000007C0000006000000040000000427
:10DCF000000000000000000000000000000000071D
:10DD00008060000600E0000403E0000407A00004B7
:10DD10000E2000043C20000470200005E0200007D5
:10DD2000802000070060000400E000000380000085
:10DD300000000000000000000000000000000000E3
:10DD400000000000000000000000000000000000D3
:10DD5000000000008000000080000001400007FE7D
:10DD60003FF808000004100000021000000200004C
:10DD700000000000000000000000000000000000A3
:10DD80000000000000000000000000000000000093
:10DD9000000000000000FFFFFFFF00000000000087
:10DDA0000000000000000000000000000000000073
:10DDB0000000000000000000000000000000100053
:10DDC0000002100000020800000407FE3FF80001F6
:10DDD0004000000080000000800000000000000003
:10DDE0000000000000000000000000000000000033
:10DDF00000000000000000000000180000003000DB
:10DE00000000400000004000000040000000200032
:10DE100000003000000008000000040000000200C4
:10DE2000000002000000020000000C0000001800CA
:10DE300000000000000008304200033103001730EA
:10DE4000FF001830FF0034301A003730130008315B
:10DE500001003036360031360E003236E2003336FD
:10DE600012002136E0000437A00003375A001537AE
:10DE70007800173701000B37600005371A000539A5
:10DE800002000639100001390A003137120000364D
:10DE90000800013633002D306000203652001B3759
:10DEA00020001C475000133A4300183A0000193A6A
:10DEB000F80035361300363603003436400022367B
:10DEC0000100013C3400043C2800053C9800063C5D
:10DED0000000073C0800083C0000093C1C000A3C0C
:10DEE0009C000B3C40001038000011381000123824
:10DEF0000000083764000140020005401A000030AD
:10DF000000000430FF000E3058002E3000000043A7
:10DF100030001F5000000E4400000050A7000F3AD0
:10DF20003000103A28001B3A30001E3A2600113A01
:10DF300060001F3A140000582300015814000258D2
:10DF40000F0003580F000458120005582600065809
:10DF50000C000758080008580500095805000A5821
:10DF600008000B580D000C5808000D5803000E58FF
:10DF700000000F58000010580300115809001258F3
:10DF800007001358030014580000155801001658D4
:10DF900003001758080018580D00195808001A589F
:10DFA00005001B5806001C5808001D580E001E587E
:10DFB00029001F581700205811002158110022581D
:10DFC00015002358280024584600255826002658B6
:10DFD00008002758260028586400295826002A5887
:10DFE00024002B5822002C5824002D5824002E5891
:10DFF00006002F5822003058400031584200325855
:10E00000240033582600345824003558220036584E
:10E0100022003758260038584400395824003A580E
:10E0200026003B5828003C5842003D58CE00805105
:10E03000FF008151F200825100008351140084518D
:10E040002500855124008651090087510900885117
:10E050000900895175008A5154008B51E0008C51A0
:10E06000B2008D5142008E513D008F5156009051AB
:10E0700046009151F8009251040093517000945160
:10E08000F0009551F000965103009751010098510E
:10E090000400995112009A5104009B5100009C51B8
:10E0A00006009D5182009E51380080540100815429
:10E0B000080082541400835428008454510085546D
:10E0C00065008654710087547D0088548700895408
:10E0D00091008A549A008B54AA008C54B8008D5435
:10E0E000CD008E54DD008F54EA0090541D00815302
:10E0F0001E0082535B008353080084530A0085533B
:10E100007E008653880087537C0088536C008953B7
:10E1100010008A5301008B539800805506008355E8
:10E12000400084551000895510008A5500008B5519
:10E13000F8001D5040000053080001533000025306
:10E140001000035300000453080005533000065329
:10E15000080007531600095308000A5330000B53F8
:10E1600004000C5306002550000008300200404710
:10E17000210000436F001F50010035304100363050
:10E180006900073C07002038460021380000143899
:10E190003100153831000038000001380000023825
:10E1A00000000338000004380A0005383F00063834
:10E1B00006000738A90008380500093800000A38A9
:10E1C00002000B38D0000C3805000D38F8000E386E
:10E1D00003000F388400133804001836000012368C
:10E1E0002900093752000C370300023A0200033AB3
:10E1F000E000143A0200153AE00004400200023048
:10E200001C000630C30013470300074404000B46FC
:10E2100037000C462000374816002438040001500F
:10E22000A30003350000004330001F5000003530CC
:10E23000210036306900073C0700203846002138AD
:10E240002000143811001538110000380000013882
:10E250000000023800000338000004380A000538C6
:10E260003F000638070007389F00083802000938C9
:10E2700080000A3801000B38E0000C380B000D3824
:10E280001C000E3807000F38B00013380400183691
:10E29000040012362B00093712000C37000004402E
:10E2A0000600023000000630FF0013470300074459
:10E2B00001000B4635000C46220037481600243872
:10E2C00002000150A30003350000020FD6020A39F4
:10E2D000C201222200020FB2E51F7072F51ED23574
:10E2E000FFEF25E0244EF8E4F608F60FBF34F29075
:10E2F0000E93E493FFE54BC39F50047F0580027F9C
:10E30000FB78BDA607120F0440047F0380027F3014
:10E3100078BCA607E618F608E678B9F678BCE67881
:10E32000BAF678BF7633E408F678B87601754A0213
:10E3300078B6F608F674FF78C1F608F6751F01780E
:10E34000BCE675F005A4F54B120AFFC2372278B877
:10E35000E6D3940040021622E51FB40523E4F51F1E
:10E36000C20178B6E6FE08E6FF784EA60608A607C4
:10E37000A237E433F53C903028F0751E10D23522D8
:10E38000E54B75F0058478BCF6900E8CE493FF2580
:10E39000E0240AF8E6FC08E6FD78BCE625E0244E19
:10E3A000F8A60408A605EF120F0BD378B796EE185F
:10E3B00096400D78BCE678B9F678B6A60608A607AA
:10E3C000900E8CE493120F0BC378C296EE18965001
:10E3D0000D78BCE678BAF678C1A60608A60778B626
:10E3E000E6FE08E6C378C296FFEE189678C3F608F4
:10E3F000A607900E95E418120EE94002D23778BCB9
:10E40000E6082608F6E51F6401704AE6C378C012E4
:10E410000EDF4005120EDA4039120F0240047FFE73
:10E4200080027F0278BDA60778B9E6240378BFF69C
:10E4300078B9E624FD78C0F6120F02400678C0E6EF
:10E44000FF800478BFE6FF78BEA607751F0278B884
:10E45000760102024AE51F6402600302022A78BEC6
:10E46000E6FFC378C0120EE04008120EDA50030235
:10E470000228120F0240047FFF80027F0178BDA6B0
:10E480000778B9E60478BFF678B9E61478C0F618CC
:10E49000120F044004E6FF80027F0078BFA607D376
:10E4A00008E6648094804004E6FF80027F0078C024
:10E4B000A607C318E6648094B35004E6FF80027F89
:10E4C0003378BFA607C308E6648094B35004E6FF20
:10E4D00080027F3378C0A607120F02400678C0E69C
:10E4E000FF800478BFE6FF78BEA607751F0378B8E3
:10E4F00076018020E51F6403702678BEE6FFC378AE
:10E50000C0120EE04005120EDA400978B9E678BE76
:10E51000F6751F0478BEE675F005A4F54B020AFFF8
:10E52000E51FB40410900E94E478C3120EE9400283
:10E53000D237751F05223001030204C030020302E6
:10E5400004C09051A5E07893F6A3E008F6A3E00894
:10E55000F6E51F703C751E20D235120C7A787EA627
:10E560000608A607788BA609187601120C5B784E70
:10E57000A60608A607788BE6786EF6751F017893D5
:10E58000E67890F67894E67891F67895E67892F6C3
:10E59000227990E7D37893964005E796FF8008C3E9
:10E5A0007993E7789096FF7888760008A6077991A6
:10E5B000E7D37894964005E796FF8008C37994E7FF
:10E5C000789196FF120C8E7992E7D3789596400554
:10E5D000E796FF8008C37995E7789296FF120C8E34
:10E5E000120C5B788AE625E0244EF8A60608A607FA
:10E5F000788AE6246EF8A609788AE62401FFE433D7
:10E60000FED3EF940FEE6480948040047F00800579
:10E61000788AE604FF788AA607E51FB4010AE66057
:10E62000030204C0751F0222120C7A7880A6060825
:10E63000A607120C7A7882A60608A607786EE678F6
:10E640008CF6786EE6788DF67F01EF25E0244FF9A1
:10E65000C37881E69718E61997500A120C827880E1
:10E66000A60408A605746E2FF9788CE6C3975008A7
:10E67000746E2FF8E6788CF6EF25E0244FF9D37806
:10E6800083E69718E61997400A120C827882A6044E
:10E6900008A605746E2FF9788DE6D3974008746E3E
:10E6A0002FF8E6788DF60FEF6410709EC37981E73E
:10E6B000788396FF19E718967884F608A607C37939
:10E6C0008CE7788D9608F6D37981E7787F9619E7FD
:10E6D0001896400509E7088006C3797FE778819698
:10E6E000FF19E71896FE7886A60608A607798CE734
:10E6F000D3788B964005E796FF8008C3798BE7783F
:10E700008C96FF788FA607E51F64027069900E91C2
:10E7100093FF18E6C39F5072120C4A120C2F900EF2
:10E720008E120C387880120C6B7B04120C1DC312F5
:10E7300006455056900E92E493FF788FE69F400274
:10E740008011900E90E493FFD37889E69F18E694A9
:10E75000004003751F05120C4A120C2F900E8F12E9
:10E760000C38787E120C6B7B40120C1DD3120645C0
:10E770004018751F0522E51FB4050FD201C202E43F
:10E78000F51FF51ED235D233D23622EF8DF0A4A874
:10E79000F0CF8CF0A428CE8DF0A42EFE22BC000B6E
:10E7A000BE0029EF8DF084FFADF022E4CCF875F0C7
:10E7B00008EF2FFFEE33FEEC33FCEE9DEC984005A6
:10E7C000FCEE9DFE0FD5F0E9E4CEFD22EDF8F5F06C
:10E7D000EE8420D21CFEADF075F008EF2FFFED3374
:10E7E000FD4007985006D5F0F222C398FD0FD5F0F2
:10E7F000EA22E88FF0A4CC8BF0A42CFCE98EF0A4E4
:10E800002CFC8AF0EDA42CFCEA8EF0A4CDA8F08BB1
:10E81000F0A42DCC3825F0FDE98FF0A42CCD35F0F7
:10E82000FCEB8EF0A4FEA9F0EB8FF0A4CFC5F02E88
:10E83000CD39FEE43CFCEAA42DCE35F0FDE43CFCF1
:10E840002275F008758200EF2FFFEE33FECD33CD39
:10E85000CC33CCC58233C5829BED9AEC99E5829886
:10E86000400CF582EE9BFEED9AFDEC99FC0FD5F085
:10E87000D6E4CEFBE4CDFAE4CCF9A88222B800C1FC
:10E88000B90059BA002DEC8BF084CFCECDFCE5F069
:10E89000CBF97818EF2FFFEE33FEED33FDEC33FCB0
:10E8A000EB33FB10D703994004EB99FB0FD8E5E459
:10E8B000F9FA227818EF2FFFEE33FEED33FDEC333B
:10E8C000FCC933C910D7059BE99A4007EC9BFCE9CA
:10E8D0009AF90FD8E0E4C9FAE4CCFB2275F010EF06
:10E8E0002FFFEE33FEED33FDCC33CCC833C810D749
:10E8F000079BEC9AE899400AED9BFDEC9AFCE8999D
:10E90000F80FD5F0DAE4CDFBE4CCFAE4C8F922EB59
:10E910009FF5F0EA9E42F0E99D42F0E89C45F02226
:10E92000E8600FECC313FCED13FDEE13FEEF13FFD5
:10E93000D8F122E8600FEFC333FFEE33FEED33FD75
:10E94000EC33FCD8F122E493FC740193FD74029340
:10E95000FE740393FF22E6FB08E6F908E6FA08E6F0
:10E96000CBF822ECF608EDF608EEF608EFF622A456
:10E970002582F582E5F03583F58322D083D082F8B5
:10E98000E4937012740193700DA3A393F874019330
:10E99000F5828883E4737402936860EFA3A3A38075
:10E9A000DF9038047852120BFD903800E0FEA3E0AF
:10E9B000FDEDFFC3120B9E903810120B929038069B
:10E9C0007854120BFD903802E0FEA3E0FDEDFFC38A
:10E9D000120B9E903812120B92A3E0B431077852BA
:10E9E0007952120C13903814E0B471157852E6FE87
:10E9F00008E67802CEC313CE13D8F97953F7EE198F
:10EA0000F7903815E0B4310778547954120C13900C
:10EA10003815E0B471157854E6FE08E67802CEC3E6
:10EA200013CE13D8F97955F7EE19F77952120BD99D
:10EA300009120BD9AF47120BB2E544FB7A00FD7CFB
:10EA4000001204D3785AA60608A607AF45120BB2E7
:10EA5000AD037C001204D37856A60608A607AF487B
:10EA60007854120BB4E543FBFD7C001204D3785CB0
:10EA7000A60608A607AF467E007854120BB6AD0373
:10EA80007C001204D37858A60608A607C3785BE674
:10EA9000940818E6940050057600087608C3785D5F
:10EAA000E6940818E6940050057600087608785A2F
:10EAB000120BC6FFD37857E69F18E69E400E785A91
:10EAC000E613FE08E67857120C0880047E007F00EB
:10EAD000785E120BBEFFD37859E69F18E69E400E73
:10EAE000785CE613FE08E67859120C0880047E0074
:10EAF0007F00E4FCFD7862120699785A120BC67802
:10EB00005726FFEE1836FE7866120BBE785926FFA0
:10EB1000EE1836FEE4FCFD786A120699120BCE78E8
:10EB20006612068CD31206454008120BCE78661288
:10EB300006997854120BD0786A12068CD3120645C7
:10EB4000400A7854120BD0786A1206997861E690E0
:10EB50006001F07865E6A3F07869E6A3F07855E601
:10EB6000A3F07D017861120BE92401120BA67865F0
:10EB7000120BE92402120BA67869120BE924031286
:10EB80000BA6786D120BE92404120BA60DBD05D45B
:10EB9000C20EC20622850841903024E0F53DA3E074
:10EBA000F53EA3E0F53FA3E0F540A3E0F53CD23409
:10EBB000E5411206B1093103093504093B05093E57
:10EBC00006094107094A08095B12097318098919DE
:10EBD000095E1A096A1B09AD8009B2810A1D8F0AF4
:10EBE00009900A1D910A1D920A1D930A1D940A1D7F
:10EBF000980A179F0A1AEC00000A38120F742212A2
:10EC00000F74D20322D20322C20322A237E433F5C7
:10EC10003C020A1DC201C202C203120D0D751E7014
:10EC2000D235020A1D020A0485404A853C4B120A6D
:10EC3000FF020A1D854A40854B3C020A1DE4F5226D
:10EC4000F523854031853F30853E2F853D2E120FBF
:10EC500046801F75220075230174FFF52DF52CF5F4
:10EC60002BF52A120F46852D40852C3F852B3E859E
:10EC70002A3DE4F53C8070120F16806B853D45857A
:10EC80003E46E547C313FFE545C39F50028F45E568
:10EC900048C313FFE546C39F50028F46E547C313A1
:10ECA000FFFDE5452DFDE433FCE544120F904005E2
:10ECB000E5449FF545E548C313FFFDE5462DFDE41A
:10ECC00033FCE543120F904005E5439FF5461206DD
:10ECD000D78014854048853F47853E46853D458021
:10ECE000060206D7120D7E903024E53DF0A3E53EE6
:10ECF000F0A3E53FF0A3E540F0A3E53CF09030231E
:10ED0000E4F022C0E0C083C082C0D0903F0CE0F5A8
:10ED100032E53230E374303666906019E0F50AA3CC
:10ED2000E0F50B90601DE0F514A3E0F5159060216F
:10ED3000E0F50CA3E0F50D906029E0F50EA3E0F5F9
:10ED40000F906031E0F510A3E0F511906039E0F527
:10ED500012A3E0F513300106303303D38001C392D0
:10ED600009300206303303D38001C3920A30330CDA
:10ED7000300309200206200103D38001C3920B90C7
:10ED80003001E04440F0E054BFF0E53230E11430AF
:10ED90003411903022E0F508E4F0300003D3800114
:10EDA000C39208E53230E5129056A1E0F509303102
:10EDB00009300503D38001C3920D903F0CE532F07A
:10EDC000D0D0D082D083D0E032900E7EE493FE7417
:10EDD0000193FFC3900E7C7401939FFFE4939EFE0A
:10EDE000E48F3B8E3AF539F538AB3BAA3AA939A8FE
:10EDF00038AF4BFCFDFE120528120DE1E47BFFFA53
:10EE0000F9F81205B3120DE1900E69E4120DF61235
:10EE10000DE1E4854A37F536F535F534AF37AE36D2
:10EE2000AD35AC34A3120DF68F378E368D358C345C
:10EE3000E53B4537F53BE53A4536F53AE5394535A5
:10EE4000F539E5384534F538E4F522F523853B31CD
:10EE5000853A3085392F85382E020F46E0A3E075BC
:10EE6000F002A4FFAEF0C308E69FF618E69EF62275
:10EE7000FFE5F034608F82F583ECF02278527E005B
:10EE8000E6FC08E6FD0204C1E4FCFD120699785C8C
:10EE9000E6C313FE08E613227852E6FE08E6FFE416
:10EEA000FCFD22E7C4F854F0C868F709E7C4540F22
:10EEB00048F722E6FCED75F004A42212067C8F4888
:10EEC0008E478D468C4522E0FEA3E0FDEEF6ED0870
:10EED000F62213FFC3E69FFF18E69EFE22E6C31349
:10EEE000F708E61309F722AD39AC38FAF9F812053C
:10EEF000288F3B8E3A8D398C38AB37AA36A935A886
:10EF0000342293FFE4FCFDFE1205288F378E368DE8
:10EF1000358C34227884E6FE08E6FFE48F378E369F
:10EF2000F535F53422900E8CE49325E0240AF8E6BA
:10EF3000FE08E6FF22E6FE08E6FFE48F3B8E3AF588
:10EF400039F53822784EE6FE08E6FF22EF25E02468
:10EF50004EF8E6FC08E6FD227889EF26F618E4363E
:10EF6000F62275890375A80175B8047534FF7535E7
:10EF70000E75361575370D120E9A120009120F16FE
:10EF8000120006D200D234D2AF7534FF75350E753B
:10EF90003649753703120E9A300809C2341208CB6D
:10EFA000C208D234300B09C23612026CC20BD23600
:10EFB000300909C23612000EC209D236300E0312D1
:10EFC00006D73035D3903029E51EF0B410059030C7
:10EFD00023E4F0C23580C1E4F54B900E7A93FFE450
:10EFE0008F37F536F535F534AF37AE36AD35AC3451
:10EFF000900E6A120DF68F378E368D358C34900E4A
:10F000007212067CEF4537F537EE4536F536ED459D
:10F0100035F535EC4534F534E4F522F52385373103
:10F0200085363085352F85342E120F46E4F522F5CE
:10F0300023900E72120DEA120F46E4F522F523908A
:10F040000E6E120DEA020F46E54024F2F537E53F59
:10F050003443F536E53E34A2F535E53D3428F53444
:10F06000E537FFE4FEFDFC78181206698F408E3FFD
:10F070008D3E8C3DE53754A0FFE536FEE4FDFC787F
:10F08000071206567810120F9AE4FFFEE535FDE4EC
:10F09000FC780E120656120F9DE4FFFEFDE534FCCF
:10F0A00078181206567808120F9A228F3B8E3A8DE6
:10F0B000398C382212067C8F318E308D2F8C2E2287
:10F0C00093F9F802066900000000120117083115D3
:10F0D00053544420202020201301100156401A30A0
:10F0E000297E00300420DF300540BF500300FD5072
:10F0F0002701FE600011003F0530003F0622003F5F
:10F10000012A003F020000360607003F0B0FF00007
:10F11000000000300140BF300100BF302970003ACC
:10F120000000FF3A0000FF36033602414458201821
:10F13000100A04040003FF640000800000000000C7
:10F140000002040606000351007A503C281E1010ED
:10F15000502D281610100200100C10040C6E06051D
:10F1600000A55A00AE35AF36E4FDEDC395375033F8
:10F17000120FE2E493F538740193F53945386023B2
:10F18000853982853883E0FC120FE27403935204C0
:10F19000120FE27402934204853982853883ECF0C1
:10F1A0000D80C72278BEE6D308FFE66480F8EF64DE
:10F1B00080982293FF7E00E6FC08E6FD1204C178E9
:10F1C000C1E6FC08E6FDD3EF9DEE9C2278BDD3E6B8
:10F1D000648094802225E0240AF8E6FE08E6FF22F7
:10F1E000E53CD39400400B900E88120BF1900E86F4
:10F1F0008009900E82120BF1900E80E493F544A3E7
:10F20000E493F543D206300603D38001C3920E2265
:10F21000A2AF9232C2AFE5234522900E5D600E127E
:10F220000FCBE0F52C120FC8E0F52D800C120FCBA0
:10F23000E530F0120FC8E531F0A23292AF22D201D0
:10F24000C202E4F51FF51ED235D233D236D201C246
:10F2500002F51FF51ED235D23322FBD3ED9B74800D
:10F26000F86C9822120669E5402FF540E53F3EF51F
:10F270003FE53E3DF53EE53D3CF53D22C0E0C08327
:10F28000C082903F0DE0F533E533F0D082D083D0DB
:10F29000E032900E5FE493FE740193F5828E832238
:10F2A000787FE4F6D8FD7581CD020C988F828E832D
:10F2B00075F004ED0206A500D8F200080000022057
:10F2C0002C0000003402000804F300082C00022087
:10F2D0001C080000500200080024F4000000000098
:10F2E000000000000000000000000000100000000E
:10F2F00001000000000000FFFFFFFFFF0000000012
:04F300000000000009
:04000005080001F9F5
:00000001FF
