:020000040800F2
:1000000048080220990200083F46000827440008DB
:100010003B46000891050008C54E0008000000009E
:100020000000000000000000000000005D47000824
:10003000CB07000800000000414600085F470008A9
:10004000BF020008BF020008BF020008BF0200088C
:10005000BF020008BF020008BF020008BF0200087C
:10006000BF020008BF020008BF020008BF0200086C
:10007000BF020008BF020008BF020008BF0200085C
:10008000BF020008BF020008BF020008BF0200084C
:10009000BF020008BF020008BF020008BF0200083C
:1000A000BF020008BF020008BF020008BF0200082C
:1000B000BF020008BF020008BF020008BF0200081C
:1000C000BF020008BF020008BF020008BF0200080C
:1000D000BF020008754E0008BF020008BF020008FA
:1000E000BF020008BF020008BF020008BF020008EC
:1000F000BF020008BF020008BF020008BF020008DC
:10010000BF020008BF020008BF020008BF020008CB
:10011000BF020008BF020008BF020008BF020008BB
:10012000BF02000891060008BF020008BF020008D5
:10013000BF020008BF020008BF020008BF0200089B
:10014000BF020008BF020008BF020008BF0200088B
:10015000BF020008BF020008BF020008BF0200087B
:10016000BF020008BF020008BF020008BF0200086B
:10017000BF020008BF02000881060008000000005E
:10018000BF020008BF020008BF020008BF0200084B
:10019000BF020008BF020008BF020008BF0200083B
:1001A000BF020008BF020008BF020008BF0200082B
:1001B000BF020008BF020008BF020008BF0200081B
:1001C000BF020008BF02000800000000BF020008D4
:1001D000BF020008BF020008BF020008BF020008FB
:1001E000BF020008BF020008BF020008BF020008EB
:1001F000BF020008BF02000800F002F800F03CF85F
:100200000AA090E8000C82448344AAF10107DA4571
:1002100001D100F031F8AFF2090EBAE80F0013F087
:10022000010F18BFFB1A43F00103184788F00000C4
:10023000A8F00000103A24BF78C878C1FAD8520755
:1002400024BF30C830C144BF04680C607047000050
:100250000023002400250026103A28BF78C1FBD8CF
:10026000520728BF30C148BF0B6070471FB50AF066
:100270000BFE1FBD10B510BD00F044F91146FFF78D
:10028000F5FF0AF0EDFB00F076F903B4FFF7F2FF9B
:1002900003BC04F035FE0000DFF83000016841F4D3
:1002A000700101600A4880470A480047FEE7FEE700
:1002B000FEE7FEE7FEE7FEE7FEE7FEE7FEE7FEE716
:1002C00005480649044A064B7047000088ED00E0E7
:1002D00069470008F9010008480402204808022084
:1002E00048040220704753EA020C00F069802DE9AF
:1002F000F04B4FF00006002B1FBFB3FA83F503FA53
:1003000005F424FA05F65E4012BF1643B2FA82F5F0
:1003100002FA05F4C5F120051EBF22FA05FC44EAE5
:100320000C04203556EA044C4FEA144418BF641CF0
:100330004FF000084FF00009904271EB030C39D3E5
:10034000002919BFB1FA81F701FA07F6B0FA80F770
:1003500000FA07F6C7F120071EBF20FA07FC46EA9D
:100360000C062037B6FBF4FCA7EB0507103F07F09F
:100370001F0BCBF120060CFA0BFB2CFA06F644BF40
:10038000B3460026202FA4BF5E464FF0000B5BEA69
:10039000060C08BF4FF0010B19EB0B09ABFB027CFD
:1003A00048EB0608C01B06FB02CC0BFB03CC71EB31
:1003B0000C01C1E70B46024641464846BDE8F08BBA
:1003C00013B54FF000004FF00001AFF30080BDE81F
:1003D0001C4070470FB4044910B503AA029800F0FE
:1003E00063F810BC5DF814FB0800022010B5203A39
:1003F000C0F00B80B1E81850203AA0E81850B1E8DE
:100400001850A0E81850BFF4F5AF5FEA027C24BF93
:10041000B1E81850A0E8185044BF18C918C0BDE88A
:1004200010405FEA827C24BF51F8043B40F8043B53
:1004300008BF7047D20728BF31F8023B48BF11F808
:10044000012B28BF20F8023B48BF00F8012B704762
:100450004FF0000200B5134694469646203922BF5D
:10046000A0E80C50A0E80C50B1F12001BFF4F7AFA8
:10047000090728BFA0E80C5048BF0CC05DF804EB8A
:10048000890028BF40F8042B08BF704748BF20F8F8
:10049000022B11F0804F18BF00F8012B70477047F6
:1004A0007047704770470000074B70B50D467B449E
:1004B00000F011F80446284600F020F810B14FF083
:1004C000FF3070BD204670BD7B65000001694A1C8D
:1004D00002610878704700B58FB0CDE90131002185
:1004E000059105497944CDE903101146684600F0AD
:1004F0002EF80FB000BD0000E5FFFFFF007B00F00D
:1005000080007047754600F03FF8AE46050069462A
:10051000534620F00700854618B020B5FFF7D0FEFF
:10052000BDE820404FF000064FF000074FF00008F4
:100530004FF0000B21F00701AC46ACE8C009ACE875
:10054000C009ACE8C009ACE8C0098D4670472DE988
:10055000F04106460024D6E90170F5688046304631
:1005600003E04146B847641C3046A8470028F8D14C
:100570002046BDE8F08110B50446AFF30080204668
:10058000BDE81040FFF781BE00487047E403022039
:1005900000BFFEE770B50546AC6BA06C406D02284D
:1005A00006D0012084F83500E06C40F04000E064A3
:1005B000204600F043FA70BD70B506460025B46BC6
:1005C000A06B68B3A06C0068006800F40025A06B05
:1005D00000F0010078B975B1A06C0068C568E26BE5
:1005E000082303FB02510022A06C00F060FDA06B09
:1005F000401EA0632FE0A06C0068006800F400209B
:1006000048BBA06C00680569E26B082303FB02513C
:100610000122A06C00F04BFDA06B401EA0631AE00D
:10062000A06C0068006800F4002020B1D4E911013A
:100630000968C8600FE0A06C0068006800F4002042
:1006400048B9656CE06B042101FB0050A16C09689E
:100650000861206CA063A06B216C88420ED12068D9
:10066000C06840F001002168C8602068006800F0A0
:100670000200022802D1012084F8350070BD00007C
:1006800010B5024800F0E6F910BD0000300302206A
:1006900010B50249886C01F05FFD10BD30030220E7
:1006A0000146087810381823B0FBF3F20848805C44
:1006B000C865032A05D908686FF30900001D88651D
:1006C00003E008686FF309008865886D70470000D3
:1006D000AAAE0008014600208A6A8B69CBB932B104
:1006E000012A0DD0022A03D0032A10D10EE000BF48
:1006F000CB6A03F08073B3F1807F00D1012007E063
:10070000CB6AB3F1C07F00D1012001E000E000BF5F
:1007100034E08B69B3F5005F1AD132B1012A07D0FA
:10072000022A03D0032A11D10AE000BF01200EE003
:10073000CB6A03F08073B3F1807F00D1012006E023
:10074000CB6AB3F1C07F00D1012000E000BF15E00B
:1007500032B1012A05D0022A04D0032A0CD103E0C9
:1007600000BF00BF012008E0CB6A03F08073B3F143
:10077000807F00D1012000E000BF00BF704710B5AE
:10078000046863608468402C04D10468A260046833
:10079000E16003E00468A1600468E26010BD30B568
:1007A0000468246824F4802405682C60046863606D
:1007B0008468402C04D10468A2600468E16003E00E
:1007C0000468A1600468E26030BD704770B50446FB
:1007D0001D460023B5F5804F13D154F822300C4844
:1007E0000340D1E9000640EA06108E6840EA062080
:1007F0008E8940EA06408E693043034344F8223034
:1008000003E06FF0704044F82200002070BD00004B
:100810000000F0CF10B502460023086852F82030DF
:100820001B480340D1E901042043CC6820430C69F4
:1008300020434C6920438C692043CC6920430C6AD7
:1008400020434C6A20438C6A2043CC6A20430C6BC3
:1008500020438C6B20434C6B20430343886808285B
:1008600001D143F04003086842F82030086BB0F52E
:10087000801F05D1086818B110680C6B2043106008
:10088000086818B110684C6B20431060002010BD40
:100890008004C0FF30B5034614460022601C53F8A4
:1008A000202002F04042D1E9000540EA05108D68A1
:1008B00040EA05208D8940EA0545088A401E45EA40
:1008C0000055087D801E45EA00608D69284302437B
:1008D000601C43F82020186800F48010B0F5801FD9
:1008E00007D1586820F47002088A401E42EA00527C
:1008F0005A60002030BD30B502460023002408684D
:10090000012816D013686FF30E03D1E901052843BF
:10091000CD6828430D6928434D6928438D692843D4
:10092000CD6928430D6A28434D6A28430343136069
:1009300019E0136823F4F843D1E9070528434D6A09
:100940002843034354686FF30E04D1E9010528439B
:10095000CD6828430D6928434D6928438D69284394
:10096000044313605460002030BD0246506940EAE1
:10097000410050610020704718B5034600200090E8
:10098000D1E9000420438C68641E40EA4410CC681E
:1009900040EA4420009000981861002018BD000033
:1009A00070B50346154600220024012D1FD09A6819
:1009B00002F070420868401E4E68761E40EA061635
:1009C0008868401E46EA0026C868401E46EA00368F
:1009D000088A401E46EA0046888A401E46EA0056BB
:1009E000087E401E46EA006002439A6022E09A6850
:1009F00011480240C868401E0603888A401E46EA25
:100A000000500243DC6804F070440868401E4E68E1
:100A1000761E40EA06168868401E46EA0026088AC6
:100A2000401E46EA0046087E401E46EA0060044337
:100A30009A60DC60002070BDFF0F0FFF7047000060
:100A40000349884203D10121014A82F850107047BE
:100A50003003022070B504462068056905F00400E3
:100A600004280ED121684861E06C40F00200E06487
:100A7000042084F835002548A16C0865A06C01F0BD
:100A800056FB05F00200022812D121684861E06C93
:100A900040F00100E064042084F835001B48A16C9C
:100AA0000865A06C01F043FB10B1A06CFFF772FD6C
:100AB00005F01000102804D121684861204600F09C
:100AC00077F805F00800082804D12168486120461D
:100AD00000F0ECFA05F00100B8B12068006800F001
:100AE0000200022805D12068C06820F01E0021689D
:100AF000C8602068C06820F001002168C86001203B
:100B0000216848612046FFF79BFF70BD95050008EE
:100B100010B504460CB9012010BD94F8350010B989
:100B2000204600F047F8022084F83500A06908B19B
:100B300000216162206800681C4908402168086043
:100B4000616960680843E168084321690843A16856
:100B50000843A1690843216A0843616A0843A16AFE
:100B60000843E16A0843216B084321680968084388
:100B700021680860606810280BD1217F607F41EAFE
:100B80000021A07F41EA0041E07F41EA0060216846
:100B900088612068C06840F01E002168C86000209D
:100BA000E064012084F835000020B5E707F0E0FF9D
:100BB0007047000010B586B00446142101A8FFF765
:100BC00047FCCE4884427DD100BF00BFCC480068BE
:100BD00040F00100CA4908600846006800F00100C2
:100BE000009000BF00BF00BF00BF00BF081F00682B
:100BF00040F48000091F08600846006800F4800087
:100C0000009000BF00BF00BF00BF00BF08460068E3
:100C100040F0020008600846006800F00200009002
:100C200000BF00BF00BF00BF00BF0846006840F023
:100C3000800008600846006800F08000009000BF57
:100C400000BF00BF00BF00BF0846006840F00100C1
:100C500008600846006800F00100009000BF00BF77
:100C600000BF00BF00BF0846006840F004000860F5
:100C70000846006800F00400009000BF00BF00BFFD
:100C800000BF00BF0846006840F004000860084646
:100C9000006800F00400009000BF00BF00BF00BF6C
:100CA00000BF0846006840F004000860084600687D
:100CB00000F00400009000BF00BF00BF00BF00BFF5
:100CC000084600E018E1006840F0040008600846AB
:100CD000006800F00400009000BF00BF00BF00BF2C
:100CE00000BF0846006840F004000860084600683D
:100CF00000F00400009000BF00BF00BF00BF00BFB5
:100D00000846006840F0080008600846006800F0E7
:100D10000800009000BF00BF00BF00BF00BF084632
:100D2000006840F0020008600846006800F0020019
:100D3000009000BF00BF00BF00BF00BF08460068B2
:100D400040F0020008600846006800F002000090D1
:100D500000BF00BF00BF8020019002200290012050
:100D60000390022004900D20059001A9654801F030
:100D7000D9FB4FF480700190022002900120039073
:100D8000022004900D20059001A95F4801F0CAFBE4
:100D90004020019002200290012003900220049044
:100DA0000D20059001A9594801F0BCFB402001909D
:100DB0000220029001200390022004900D20059053
:100DC00001A9534801F0AEFB80200190022002905F
:100DD00001200390022004900D20059001A94C48A9
:100DE00001F0A0FB4FF480700190022002900120DE
:100DF0000390022004900D20059001A9444801F0C1
:100E000091FB4FF4007001900220029001200390AA
:100E1000022004900D20059001A93D4801F082FBBD
:100E20004FF4006001900220029001200390022004
:100E300004900D20059001A9354801F073FB0820AE
:100E400001900220029001200390022004900D20C6
:100E5000059001A92F4801F065FB4FF480700190C7
:100E60000220029001200390022004900D200590A2
:100E700001A9244801F056FB4FF4007001900220B4
:100E8000029001200390022004900D20059001A9FA
:100E90001C4801F047FB2048204908604FF00070D3
:100EA000486000211D488160C16001614FF480519C
:100EB0004161490081614911C16149020162042116
:100EC0004162012181620021C162016300BFA0640F
:100ED000846300BF01F060FA022211464E2001F047
:100EE000D0FE4E2001F0BDFE03220221392001F088
:100EF000C8FE392001F0B5FE06B010BD3003022057
:100F00003438024000040240001C0240000002404D
:100F100000080240000C02402864024084030220C2
:100F20002DE9F84304460F4615461E464FF00008CB
:100F300000BF94F83400012802D10220BDE8F883F4
:100F4000012084F8340000BF022084F835002068B6
:100F5000006840F48040216808602068006820F044
:100F60000200216808602068006838432168086032
:100F70002748A16CC8632748A16CC8640020A16CF5
:100F80000865A0632064E0636064B6F5803F0AD220
:100F9000226802F1280133462A46A06C01F072FA59
:100FA00048B30120CAE71A48A16C48640120A06335
:100FB000E663656405E0E06B4008E063A06B400019
:100FC000A063E06BB0F5803FF5D2A06B801EA063FC
:100FD000A06B2064E06B042101FB0058E06B0090E3
:100FE000226802F1280143462A46A06C00F068F806
:100FF00008B10120A2E72068006840F001002168E4
:10100000086000BF002084F8340000BF00BF95E7EF
:10101000B90500089505000870B504462248006827
:10102000C0084FF47A71B0FBF1F000FB01F5002627
:1010300000BF94F83400012801D1022070BD0120C6
:1010400084F8340000BF022084F83500206800686E
:1010500020F001002168086000BF281EA5F10105ED
:1010600005D1E06C40F02000E064032605E0206834
:10107000006800F001000028EFD100BF2068006880
:1010800020F4804021680860A06C00F0FBFFE06C59
:10109000E064012084F8350000BF002084F83400AB
:1010A00000BF3046CAE70000000002207047034638
:1010B00012B91868C16001E018680161002070472A
:1010C0002DE9F04704460E4617461D46DDF8208000
:1010D0004FF00009A068802804D14000606501201D
:1010E000BDE8F08700BF94F83400012801D1022048
:1010F000F6E7012084F8340000BF94F83500012899
:1011000073D1022084F835000020606520680068F3
:1011100040F48020216808602068056143463A4613
:1011200031462046FFF72BFBFA49206888425DD9FB
:10113000F9492068884201D1202052E0F549483918
:101140002068884201D120204BE0F34960312068BB
:10115000884201D1202044E0EE49183120688842BD
:1011600001D120203DE0EC4918312068884201D1AE
:10117000C01436E0E74930392068884201D1C014F4
:101180002FE0E54978312068884201D1C01428E079
:10119000E04930312068884201D1C01421E0DE49A5
:1011A00030312068884202D14FF4001019E0D9494B
:1011B00018392068884202D14FF4001011E0D64956
:1011C00090312068884202D14FF4001009E0D149E3
:1011D00048312068884202D14FF4001001E04FF0FE
:1011E0000060CC494C39086020E1EFE3CA49A831DE
:1011F000206888425CD9C8492068884201D12020F3
:1012000052E0C44948392068884201D120204BE08F
:10121000C14960312068884201D1202044E0BD49A5
:1012200018312068884201D120203DE0BA491831A8
:101230002068884201D1C01436E0B64930392068B0
:10124000884201D1C0142FE0B34978312068884228
:1012500001D1C01428E0AF4930312068884201D163
:10126000C01421E0AC4930312068884202D14FF4EB
:10127000001019E0A74918392068884202D14FF4BC
:10128000001011E0A44990312068884202D14FF447
:10129000001009E09F4948312068884202D14FF48C
:1012A000001001E04FF000609A4950390860BDE03D
:1012B00099494831206888425CD99749206888421A
:1012C00001D1202052E0934948392068884201D159
:1012D00020204BE0904960312068884201D12020D5
:1012E00044E08C4918312068884201D120203DE03B
:1012F000894918312068884201D1C01436E08549F7
:1013000030392068884201D1C0142FE082497831F9
:101310002068884201D1C01428E07E49303120681D
:10132000884201D1C01421E07B49303120688842D5
:1013300002D14FF4001019E076491839206888422C
:1013400002D14FF4001011E07349903120688842B7
:1013500002D14FF4001009E06E49483120688842FC
:1013600002D14FF4001001E04FF000606A491039DB
:10137000C8605BE068492068884201D1202052E0C3
:10138000644948392068884201D120204BE06249F5
:1013900060312068884201D1202044E05D49183145
:1013A0002068884201D120203DE05B491831206847
:1013B000884201D1C01436E056493039206888424D
:1013C00001D1C0142FE0544978312068884201D1FE
:1013D000C01428E04F4930312068884201D1C01440
:1013E00021E04D4930312068884202D14FF400108D
:1013F00019E0484918392068884202D14FF400109A
:1014000011E0454990312068884202D14FF4001024
:1014100009E0404948312068884202D14FF4001069
:1014200001E04FF000603C4910398860394920687C
:1014300088425CD938492068884201D1102052E0A6
:10144000344948392068884201D110204BE03249A4
:1014500060312068884201D1102044E02D491831C4
:101460002068884201D110203DE02B4918312068C6
:10147000884201D1001536E026493039206888427B
:1014800001D100152FE0244978312068884201D12C
:10149000001528E01F4930312068884201D100152D
:1014A00021E01D4930312068884202D14FF480107C
:1014B00019E0184918392068884202D14FF4801089
:1014C00011E0154990312068884202D14FF4801014
:1014D00009E0104948312068884202D14FF4801059
:1014E00001E04FF080600B494C39086020E10A4967
:1014F000A831206888425FD907492068884201D115
:10150000102055E0034948392068884206D1102050
:101510004EE000005864024010600240F849206824
:10152000884201D1102043E0F6492068884201D169
:1015300010203DE0F24948392068884201D1001569
:1015400036E0F04948392068884201D100152FE083
:10155000EB4918312068884201D1001528E0E9499B
:1015600018312068884201D1001521E0E449303962
:101570002068884202D14FF4801019E0E1493039E7
:101580002068884202D14FF4801011E0DC493031EC
:101590002068884202D14FF4801009E0D9493031E7
:1015A0002068884202D14FF4801001E04FF0806043
:1015B000D44968390860BBE0D149183920688842AD
:1015C0005BD9CF4960392068884201D1102050E0B2
:1015D000CC4960392068884201D1102049E0C849CF
:1015E0002068884201D1102043E0C6492068884223
:1015F00001D110203DE0C24948392068884201D11C
:10160000001536E0BF4948392068884201D10015ED
:101610002FE0BB4918312068884201D1001528E02D
:10162000B84918312068884201D1001521E0B44939
:1016300030392068884202D14FF4801019E0B14956
:1016400030392068884202D14FF4801011E0AC4953
:1016500030312068884202D14FF4801009E0A94956
:1016600030312068884202D14FF4801001E04FF001
:101670008060A3497039C8605AE0A1496039206888
:10168000884201D1102050E09E496039206888428C
:1016900001D1102049E09A492068884201D11020E8
:1016A00043E098492068884201D110203DE09449E8
:1016B00048392068884201D1001536E091494839FF
:1016C0002068884201D100152FE08D49183120682B
:1016D000884201D1001528E08A49183120688842E3
:1016E00001D1001521E0864930392068884202D1B5
:1016F0004FF4801019E0834930392068884202D1C4
:101700004FF4801011E07E4930312068884202D1C8
:101710004FF4801009E07B4930312068884202D1C3
:101720004FF4801001E04FF0806075497039886097
:1017300074491839206888425BD97149603920683A
:10174000884201D1082050E06E4960392068884203
:1017500001D1082049E06A492068884201D1082067
:1017600043E068492068884201D108203DE064498F
:1017700048392068884201D1401536E0614948392E
:101780002068884201D140152FE05D49183120685A
:10179000884201D1401528E05A4918312068884212
:1017A00001D1401521E0564930392068884202D1E4
:1017B0004FF4002019E0534930392068884202D1A3
:1017C0004FF4002011E04E4930312068884202D1A8
:1017D0004FF4002009E04B4930312068884202D1A3
:1017E0004FF4002001E04FF0007046496439086072
:1017F0001FE143494831206888425BD9404960393C
:101800002068884201D1082050E03E4960392068B4
:10181000884201D1082049E039492068884201D135
:10182000082043E037492068884201D108203DE084
:10183000334948392068884201D1401536E03149A2
:1018400048392068884201D140152FE02C491831D1
:101850002068884201D1401528E02A4918312068C3
:10186000884201D1401521E025493039206888425D
:1018700002D14FF4002019E0224930392068884213
:1018800002D14FF4002011E01D4930312068884218
:1018900002D14FF4002009E01A4930312068884213
:1018A00002D14FF4002001E04FF000701549683973
:1018B0000860BEE012491839206888425DD9104995
:1018C00060392068884201D1082052E00D49603912
:1018D0002068884201D108204BE0094920688842ED
:1018E00001D1082045E007492068884201D108203D
:1018F0003FE0034948392068884205D1401538E067
:101900007060024070640240FA492068884201D148
:1019100040152EE0F8492068884201D1401528E0A2
:10192000F44960312068884201D1401521E0F24934
:1019300048392068884202D14FF4002019E0ED496F
:1019400018312068884202D14FF4002011E0EA49A2
:1019500018312068884202D14FF4002009E0E5499F
:1019600078312068884202D14FF4002001E04FF026
:101970000070E1498839C8605BE0DF497839206848
:10198000884201D1082051E0DA491839206888429C
:1019900001D108204AE0D84918392068884201D18D
:1019A000082043E0D34948312068884201D108200B
:1019B0003CE0D14960392068884201D1401535E0CA
:1019C000CC492068884202D140152FE04CE3CA4937
:1019D0002068884201D1401528E0C649603120685E
:1019E000884201D1401521E0C34948392068884226
:1019F00002D14FF4002019E0BE4918312068884216
:101A000002D14FF4002011E0BB4918312068884210
:101A100002D14FF4002009E0B649783120688842AD
:101A200002D14FF4002001E04FF00070B249883934
:101A30008860B0493031206888425BD9AE49783936
:101A40002068884201D1042050E0AA491839206852
:101A5000884201D1042049E0A7491839206888420A
:101A600001D1042042E0A34948312068884201D1D5
:101A700004203BE0A04960392068884201D18015EC
:101A800034E09C492068884201D180152EE09A49B3
:101A90002068884201D1801528E09649603120688D
:101AA000884201D1801521E0934948392068884255
:101AB00002D14FF4802019E08E4918312068884205
:101AC00002D14FF4802011E08B4918312068884200
:101AD00002D14FF4802009E086497831206888429D
:101AE00002D14FF4802001E04FF0807081491C3911
:101AF00008601EE180493031206888425BD97E4908
:101B000078392068884201D1042050E07949183999
:101B10002068884201D1042049E0774918392068BB
:101B2000884201D1042042E072494831206888424D
:101B300001D104203BE0704960392068884201D11E
:101B4000801534E06B492068884201D180152EE071
:101B500069492068884201D1801528E065496031D3
:101B60002068884201D1801521E063494839206806
:101B7000884202D14FF4802019E05E491831206874
:101B8000884202D14FF4802011E05B49183120686F
:101B9000884202D14FF4802009E05649783120680C
:101BA000884202D14FF4802001E04FF0807051490B
:101BB00020390860BDE050493039206888425BD93F
:101BC0004D4978392068884201D1042050E04949C4
:101BD00018392068884201D1042049E04649183963
:101BE0002068884201D1042042E0424948312068FF
:101BF000884201D104203BE03F4960392068884297
:101C000001D1801534E03B492068884201D180151C
:101C10002EE039492068884201D1801528E03549F5
:101C200060312068884201D1801521E0324948396D
:101C30002068884202D14FF4802019E02D491831E4
:101C40002068884202D14FF4802011E02A491831DF
:101C50002068884202D14FF4802009E0254978317C
:101C60002068884202D14FF4802001E04FF080705C
:101C700021498839C8605CE01F497839206888426A
:101C800001D1042052E01B4918392068884201D153
:101C900004204BE0184918392068884201D10420FB
:101CA00044E0144948312068884201D104203DE0D5
:101CB000114960392068884201D1801536E00D490C
:101CC0002068884201D1801530E00B4920688842A5
:101CD00001D180152AE0074960312068884201D18E
:101CE000801523E0044948392068884206D14FF422
:101CF00080201BE02864024088600240DF492068A1
:101D0000884202D14FF4802010E0DD4920688842EB
:101D100002D14FF4802009E0D84960312068884220
:101D200002D14FF4802001E04FF08070D449A039F7
:101D30008860D2491831206888425BD9D0499039EF
:101D40002068884201D1012050E0CC493039206818
:101D5000884201D1012049E0C949303920688842D0
:101D600001D1012042E0C54930312068884201D1CB
:101D700001203BE0C24978392068884201D14020E7
:101D800034E0BE4918392068884201D140202DE056
:101D9000BB4918392068884201D1402026E0B74964
:101DA00048312068884201D140201FE0B4496039A1
:101DB0002068884202D14FF4803017E0AF49206894
:101DC000884202D14FF4803010E0AD49206888424B
:101DD00002D14FF4803009E0A84960312068884280
:101DE00002D14FF4803001E04FF48000A349343930
:101DF00008601CE1A2491831206888425BD9A049DB
:101E000090392068884201D1012050E09B49303947
:101E10002068884201D1012049E099493039206881
:101E2000884201D1012042E0944930312068884243
:101E300001D101203BE0924978392068884201D1E4
:101E4000402034E08D4918392068884201D1402073
:101E50002DE08B4918392068884201D1402026E0C6
:101E6000864948312068884201D140201FE08449DA
:101E700060392068884202D14FF4803017E07F49F2
:101E80002068884202D14FF4803010E07C492068FD
:101E9000884202D14FF4803009E0784960312068EF
:101EA000884202D14FF4803001E04FF48000734942
:101EB00038390860BBE072494839206888425BD9EC
:101EC0006F4990392068884201D1012050E06B4968
:101ED00030392068884201D1012049E06849303911
:101EE0002068884201D1012042E0644930312068F5
:101EF000884201D101203BE061497839206888425D
:101F000001D1402034E05D4918392068884201D170
:101F100040202DE05A4918392068884201D14020DC
:101F200026E0564948312068884201D140201FE010
:101F3000534960392068884202D14FF4803017E05D
:101F40004E492068884202D14FF4803010E04C495D
:101F50002068884202D14FF4803009E0474960315F
:101F60002068884202D14FF4803001E04FF48000B5
:101F70004349A039C8605AE04149903920688842F5
:101F800001D1012050E03D4930392068884201D11B
:101F9000012049E03A4930392068884201D10120C6
:101FA00042E0364930312068884201D101203BE0CF
:101FB000334978392068884201D1402034E02F49E4
:101FC00018392068884201D140202DE02C49183969
:101FD0002068884201D1402026E028494831206805
:101FE000884201D140201FE025496039206888429D
:101FF00002D14FF4803017E020492068884202D196
:102000004FF4803010E01E492068884202D14FF41E
:10201000803009E0194960312068884202D14FF4CC
:10202000803001E04FF480001549A03988602068B5
:10203000006840F01600216808602068406940F0A0
:10204000800021684861206C08B9A06C28B1206824
:10205000006840F00800216808602068006840F0CF
:1020600001002168086006E000BF002084F8340009
:1020700000BF4FF002094846FFF732B84064024003
:10208000A060024070B50446A56D00F06DFB0646E9
:1020900094F83500022808D08020606500BF002039
:1020A00084F8340000BF012070BD2068006820F073
:1020B0001600216808602068406920F080002168CF
:1020C0004861206C08B9A06C28B12068006820F035
:1020D0000800216808602068006820F0010021687D
:1020E00008600FE000F040FB801B05280AD9202083
:1020F000606500BF002084F8340000BF032084F82E
:102100003500D1E72068006800F001000028E9D11F
:1021100094F85C103F208840A86000BF002084F83D
:10212000340000BF012084F835000020BCE70146E0
:1021300091F83500022803D08020486501207047BF
:10214000052081F835000868006820F001000A6861
:1021500010600020F3E70000F8B50446002000906E
:102160008C4800684FF41651B0FBF1F7A56D2E684E
:1021700094F85C1008208840304098B120680068CE
:1021800000F0040070B12068006820F004002168AD
:10219000086094F85C1008208840A860606D40F0EA
:1021A0000100606594F85C1001208840304068B1FF
:1021B0002068406900F0800040B194F85C10012074
:1021C0008840A860606D40F00200606594F85C1083
:1021D00004208840304068B12068006800F00200A8
:1021E00040B194F85C1004208840A860606D40F015
:1021F0000400606594F85C1010208840304078B38B
:102200002068006800F0080050B394F85C101020BB
:102210008840A8602068006800F4802080B12068B1
:10222000006800F4002028B9206CC8B12046216C59
:10223000884715E0A06C98B12046A16C88470FE054
:102240002068006800F4807028B92068006820F0D9
:10225000080021680860206C10B12046216C884776
:1022600094F85C10202088403040002865D0206819
:10227000006800F0100000285FD094F85C10202067
:102280008840A86094F83500052828D120680068A7
:1022900020F01600216808602068406920F0800066
:1022A00021684861206C08B9A06C28B120680068DA
:1022B00020F008002168086094F85C103F208840F6
:1022C000A86000BF002084F8340000BF012084F81B
:1022D0003500206D10B12046216D8847F8BD20687B
:1022E000006800F4802080B12068006800F40020BD
:1022F00028B9606C10B12046616C88471DE0E06B26
:10230000D8B12046E16B884717E02068006800F4E8
:10231000807068B92068006820F0100021680860AB
:1023200000BF002084F8340000BF012084F835008D
:10233000E06B10B12046E16B8847606D38B3606D8B
:1023400000F00100F0B1052084F835002068006835
:1023500020F001002168086000BF0098401C009038
:10236000B84200D905E02068006800F001000028AC
:10237000F3D100BF00BF002084F8340000BF01206B
:1023800084F83500E06C10B12046E16C884700BF4E
:10239000A4E70000000002202DE9F04104460025DA
:1023A00000F0E2F9074614B90120BDE8F081606A47
:1023B00000B100BF00BF002084F8340000BF02203D
:1023C00084F835002068006820F00100216808606A
:1023D0000AE000F0C9F9C01B052805D92020606576
:1023E000032084F83500E0E72068006800F0010071
:1023F0000028EED12068056821480540D4E9010194
:102400000843E16808432169084361690843A169F9
:102410000843E1690843216A08430543606A0428C8
:1024200003D1D4E90B010843054320680560206807
:10243000456925F00705606A0543606A04280DD1E7
:10244000A06A0543E06A48B12046FEF743F928B187
:1024500040206065012084F83500A6E720684561CA
:102460002046FEF71DF9064694F85C103F20884090
:10247000B06000206065012084F83500002094E7FA
:102480003F8010E02DE9F04704460D4616461F46F2
:102490004FF00008D4F8589000BF94F83400012899
:1024A00002D10220BDE8F087012084F8340000BF8B
:1024B00094F8350001282BD1022084F83500002043
:1024C00060653B46324629462046FEF768F994F897
:1024D0005C103F208840C9F808002068006840F080
:1024E0001600216808602068406940F0800021687B
:1024F0004861206C28B12068006840F0080021681D
:1025000008602068006840F001002168086006E06B
:1025100000BF002084F8340000BF4FF0020840469E
:10252000C0E70000F8B502460B4600210025002454
:10253000002000BFE4E0012606FA01F51E6806EA65
:102540000504AC4271D15E68012E08D05E68022E8F
:1025500005D05E68112E02D05E68122E13D19068ED
:102560004F000326BE40B0434F00DE68BE403043FC
:102570009060506801268E40B0431E79C6F3001665
:102580008E4030435060D0684F000326BE40B043B9
:102590004F009E68BE403043D0605E68022E02D07D
:1025A0005E68122E13D1CF0802F1200656F82700DC
:1025B0004E07F70E0F26BE40B0434F07FF0E1E69B1
:1025C000BE403043CF0802F1200646F827001068CD
:1025D0004F000326BE40B0431E7906F003064F00AD
:1025E000BE40304310605E6806F08056B6F1805FF2
:1025F000A8D100BF444E366846F48046424F3E6044
:102600003E46366806F48046009600BF00BF3F4E47
:102610008F0856F827008E07370F0F26BE40B043AD
:102620003B4EB24202D100262EE068E0394EB24263
:1026300001D1012628E0384EB24201D1022623E022
:10264000364EB24201D103261EE0354EB24201D1D0
:10265000042619E0334EB24201D1052614E0324E71
:10266000B24201D106260FE0304EB24201D1072618
:102670000AE02F4EB24201D1082605E02D4EB242AB
:1026800001D1092600E00A268F073F0FBE403043E4
:102690001E4E8F0846F82700274E3068A0435E681C
:1026A00006F48036B6F5803F00D12043224E3060DC
:1026B000361D3068A0435E6806F40036B6F5003F6C
:1026C00000D120431C4E361D3060361D3068A043BB
:1026D0005E6806F48016B6F5801F00D12043164EC2
:1026E00008363060361D3068A0435E6806F4001678
:1026F000B6F5001F00D120430F4E0C363060491C48
:102700001029FFF418AFF8BD4438024008380140E2
:10271000000002400004024000080240000C024099
:10272000001002400014024000180240001C024049
:102730000020024000240240003C01400246136990
:102740000B400BB1012000E00020704742690A40B5
:1027500012B10A04826100E0816170470AB18161AF
:1027600001E00B0483617047014800687047000076
:102770001000022003480068034909780844014911
:1027800008607047100002201800022010B50A48A7
:10279000006840F40070084908600846006840F48A
:1027A00080700860052000F0ABFA0F2000F006F8FA
:1027B00000F056FA002010BD003C024070B50446FF
:1027C0000E4800784FF47A71B1FBF0F00C490968BB
:1027D000B1FBF0F5284601F0D9FB08B1012070BD2E
:1027E000102C07D200222146501E00F04AFA05485C
:1027F000046001E00120F2E70020F0E71800022069
:10280000000002201400022070B504460E46154652
:1028100000BF94F8A000012801D1022070BD012062
:1028200084F8A00000BF022084F8A10005EB850118
:1028300001EBC50204F1380101EB8200342231467C
:10284000FDF7D4FD2A463146204601F0EEFD012079
:102850002168486284F8A10000BF002084F8A0002D
:1028600000BF00BFDAE7000070B504460CB90120D4
:1028700070BD94F8A10028B9002084F8A00020467B
:1028800000F07EF8022084F8A1002068806920F022
:10289000704021688861D4E901010843E168084378
:1028A0002169084321688969084321688861206893
:1028B00080683249084021688860A08A0504206841
:1028C0008068A16929430843216888602068C0683E
:1028D0002A4908402168C860A08B05042068C068A8
:1028E000216A294308432168C86020680069234998
:1028F000084021680861A08C050420680069A16A6D
:102900002943084321680861206840691B49084041
:1029100021684861A08D050420684069216B294326
:1029200008432168486194F83500050294F83600A0
:1029300006042068C06A00F07F402168C86246EA49
:10294000050094F8341008432168C96A08432168D7
:10295000C8622068406B40F0060021684863206828
:10296000806940F00100216888610020C4F8A4005B
:10297000012084F8A10000207AE7000000F800F0B0
:1029800010B586B0044600BF4748006840F080603C
:10299000454908600846006800F08060009000BF6C
:1029A00000BF00BF40481438006840F400003E49B2
:1029B000143908600846006800F40000009000BF69
:1029C00000BF00BF0846006840F0020008600846EB
:1029D000006800F00200009000BF00BF00BF084682
:1029E000006840F0200008600846006800F0200001
:1029F000009000BF00BF00BF0846006840F04000E4
:102A000008600846006800F04000009000BF00BF6A
:102A100000BF0846006840F0800008600846006873
:102A200000F08000009000BF00BF00BF08460068B3
:102A300040F4807008600846006800F480700090E0
:102A400000BF00BF202001900120029003900320CE
:102A5000049001A91548FFF765FD4FF480600190CF
:102A60000220029000200390032004900E20059085
:102A700001A90F48FFF756FD4FF40C60019001A922
:102A80000C48FFF74FFD4FF47E40019001A90A4822
:102A9000FFF748FD40F2F760019001A90748FFF7F2
:102AA00041FD06B010BD0000443802400004024061
:102AB0000014024000180240001C024000200240A6
:102AC0002DE9F04104460E461746984600BF94F89B
:102AD000A000012802D10220BDE8F081012084F885
:102AE000A00000BF022084F8A10008EB880000EBE2
:102AF000C80104F1380000EB81052E60A86A30445B
:102B00006860AF60E86A3844E8604246294620467B
:102B100001F08BFC01202168486284F8A10000BF0D
:102B2000002084F8A00000BF00BFD5E72DE9F041E8
:102B300004460E461746984600BF94F8A0000128A8
:102B400002D10220BDE8F081012084F8A00000BF7E
:102B5000022084F8A10008EB880000EBC80104F112
:102B6000380000EB8105286830446860A868384464
:102B7000E860AE62EF6242462946204601F055FC0D
:102B800001202168486284F8A10000BF002084F879
:102B9000A00000BF00BFD5E74178154A1160017859
:102BA000F9B1121D41681160017B0907C27A41EA3F
:102BB0000261827A41EAC241427B41EA8241827BE0
:102BC00041EA4241C27B41EA0241427A41EA0221A2
:102BD000027A41EA420102781143054A0832116043
:102BE00005E00021024A121D1160121D116070479C
:102BF00098ED00E000BF00BF00BFBFF35F8F00BFD4
:102C000000BF00BF0548006820F480300349086019
:102C100000200249703108607047000024ED00E098
:102C200040F001010D4A11600C497039096841F406
:102C300080310A4A703A116000BF00BF00BFBFF385
:102C40004F8F00BF00BF00BF00BF00BF00BFBFF37A
:102C50006F8F00BF00BF00BF7047000094ED00E021
:102C6000704701460846002809DB00F01F030122D7
:102C70009A4043099B0003F1E023C3F8002100BF01
:102C800070472DE9F05F80460D461646002702F09A
:102C90001BF9074639462A46334601F00700C0F1C2
:102CA000070ABAF1040F02D94FF0040A01E0C0F19B
:102CB000070AD14600F1040ABAF1070F02D24FF019
:102CC000000A01E0A0F1030AD4464FF0010A0AFA13
:102CD00009FAAAF1010A0AEA020A0AFA0CFA4FF002
:102CE000010B0BFA0CFBABF1010B0BEA030B4AEAED
:102CF0000B042146404602F0EFF8BDE8F09F0000CB
:102D000000BF00F00702064B19684FF6FF03194099
:102D1000044B0B4343EA0221014B196000BF70478B
:102D20000CED00E00000FA0538B5002400BF204893
:102D3000006840F080501E4908600846006800F0B6
:102D40008050009000BF00BF1A48006840F48030F7
:102D500018490860FFF708FD044607E0FFF704FD87
:102D6000001BB0F57A7F01D9032038BD11484068B7
:102D700000F48030B0F5803FF0D10E48006840F498
:102D800000300C490860FFF7EFFC044607E0FFF74E
:102D9000EBFC001BB0F57A7F01D90320E5E705487D
:102DA000406800F40030B0F5003FF0D10020DCE7CF
:102DB00040380240007000402DE9F84304460026E8
:102DC00000250027A846A946207800F0010088B118
:102DD00000BFFE48006820F40000FC490860084677
:102DE0000068616B0843F949086000BF606B08B96F
:102DF0004FF00108206800F40020B0F5002F13D137
:102E0000F2488430006820F44010E16B0843EF4939
:102E100084310860E06BB0F5801F01D14FF00108EC
:102E2000E06B08B94FF00109206800F48010B0F59C
:102E3000801F13D1E5488430006820F44000216CE5
:102E40000843E24984310860206CB0F5800F01D15D
:102E50004FF00108206C08B94FF00109206800F01C
:102E60008070B0F1807F01D14FF00108207800F030
:102E70002000202870D100BFD4483830006840F0CE
:102E80008050D249383108600846006800F0805010
:102E9000009000BF00BFCE48006840F48070CC496D
:102EA0000860FFF761FC064607E0FFF75DFC801B4A
:102EB000642802D90320BDE8F883C548006800F4FF
:102EC00080700028F1D0C1486830006800F4407577
:102ED00085B3208E00F44070A8422BD0BB486830E8
:102EE000006820F44075B9486830006840F48030CC
:102EF000B649683108600846006820F480300860F0
:102F000008460560006800F0010098B1FFF72CFC4E
:102F1000064608E0FFF728FC801B41F28831884212
:102F200001D90320C7E7A94868300068C0F3400012
:102F30000028EFD000BF208E00F44070B0F5407F35
:102F40000BD1A248006820F4F810A24A216B11406E
:102F500008439E49086006E010E09C48006820F4A1
:102F6000F8109A490860994868300068218EC1F3CA
:102F70000B01084395496831086000BF207800F0D4
:102F80001000102810D100BF90488430006820F055
:102F900080708E498431086008460068A16B084340
:102FA0008A498431086000BF208800F48040B0F571
:102FB000804F09D185488830006820F44030616E28
:102FC0000843824988310860208800F40040B0F549
:102FD000004F09D17D488830006820F44020A16E60
:102FE00008437A4988310860206800F48030B0F5E1
:102FF000803F09D175488830006820F44010E16EA8
:103000000843724988310860206800F40030B0F548
:10301000003F09D16D488830006820F44000216FDE
:1030200008436A4988310860207800F04000402851
:1030300009D166488830006820F00300616C0843BD
:10304000624988310860207800F08000802809D12A
:103050005E488830006820F00C00A16C08435B4992
:1030600088310860208800F48070B0F5807F09D135
:1030700056488830006820F03000E16C084353491E
:1030800088310860208800F40070B0F5007F09D115
:103090004E488830006820F0C000216D08434B493D
:1030A00088310860208800F48060B0F5806F09D115
:1030B00046488830006820F44070616D08434349F9
:1030C00088310860208800F40060B0F5006F09D1F5
:1030D0003E488830006820F44060A16D08433B49B9
:1030E00088310860208800F48050B0F5805F09D1F5
:1030F00036488830006820F44050E16D0843334979
:1031000088310860208800F40050B0F5005F09D1D4
:103110002E488830006820F44040216E08432B4937
:1031200088310860206800F48000B0F5800F09D174
:1031300026488830006820F08060A16F084323494A
:1031400088310860206800F40010B0F5001F0FD12E
:103150001E488830006820F00060E16F08431B497A
:1031600088310860E06FB0F1006F01D14FF00109C4
:10317000207800F00800082801D14FF001092068EC
:1031800000F48020B0F5802F09D110488830006805
:1031900020F04070616F08430C4988310860206856
:1031A00000F40000B0F5000F0AD10848883000682C
:1031B00020F08050D4F8801008430449883108601A
:1031C000206800F08060B0F1806F05E008380240B0
:1031D00000700040FFFCFF0F08D1CC48006820F0D1
:1031E0000050D4F884100843C8490860206800F0F3
:1031F0000060B0F1006F0AD1C448001F006820F0E1
:103200000070D4F888100843C049091F086020687E
:1032100000F08050B0F1805F0AD1BC48001F006808
:1032200020F08060D4F88C100843B849091F08606A
:10323000B8F1010F03D02068B0F1007F7ED1B34810
:103240009038006820F08060B04990390860FFF73E
:103250008BFA064606E0FFF787FA801B642801D93F
:10326000032028E6A94890380068C0F3C060002811
:10327000F1D1207800F00100B8B1606BA8B9A34883
:103280000C380068C0F30145A0480C380068C0F352
:1032900003676068800140EA054040EA0761207AE0
:1032A00041EA007099490C390860206800F4002058
:1032B000B0F5002F03D1E06BB0F5801F09D0206876
:1032C00000F48010B0F5801F24D1206CB0F5800F81
:1032D00020D18E480C380068C0F301458B480C386B
:1032E0000068C0F302776068800140EA0541207BF6
:1032F00041EA006040EA077084490C39086083485D
:10330000001F006820F01F00616A491E08437F49C2
:10331000091F0860206800F08070B0F1807F17D12D
:103320007A480C380068C0F3036578480C380068A8
:10333000C0F3027760688101208A00E036E041EA4C
:10334000004040EA056040EA077070490C390860A7
:10335000206800F00070B0F1007F0DD1606881013D
:10336000208A41EA0041207B41EA0061207A41EA5B
:10337000007066490C39086064489038006840F075
:103380008060624990390860FFF7EEF9064606E072
:10339000FFF7EAF9801B642801D903208BE55B481D
:1033A00090380068C0F3C0600028F1D0B9F1010F77
:1033B0007ED156489038006820F0805053499039AB
:1033C0000860FFF7D1F9064606E0FFF7CDF9801B4C
:1033D000642801D903206EE54C4890380068C0F39A
:1033E00040700028F1D1206800F40020B0F5002FD3
:1033F00001D1E06B38B1206800F48010B0F5801F77
:1034000022D1206C00BB414808380068C0F3014558
:103410003E4808380068C0F302776069800140EADE
:103420000541207E41EA006040EA077037490839CB
:103430000860081D006820F4F851A06A401E41EAA7
:1034400000203249091F0860206800F40010B0F520
:10345000001F19D1E06FB0F1006F15D12B4808386B
:103460000068C0F30365294808380068C0F3027794
:1034700060698101208C41EA004040EA056040EA31
:103480000770224908390860207800F008000828F1
:1034900020D11E4808380068C0F303651B4808386F
:1034A0000068C0F301476069800140EA074000E01E
:1034B0002AE040EA0561207F41EA0070134908399B
:1034C0000860081D006820F44030E16A08430F4995
:1034D000091F08600D489038006840F080500B4983
:1034E00090390860FFF740F9064606E0FFF73CF91F
:1034F000801B642801D90320DDE40448903800686B
:10350000C0F340700028F1D00020D4E4903802408D
:1035100070B504460D4600260CB9012070BD5C480C
:10352000006800F00F00A8420ED25948006820F051
:103530000F002843564908600846006800F00F0055
:10354000A84201D00120E9E7207800F0020002281B
:103550001DD1207800F00400042805D14D480068F2
:1035600040F4E0504B490860207800F0080008283B
:1035700005D14848006840F4604046490860454825
:10358000006820F0F000A1680843424908602078F4
:1035900000F0010090B36068012807D13D48083869
:1035A0000068C0F34040A0B90120B7E76068022876
:1035B00007D1384808380068C0F3406048B9012096
:1035C000ACE7344808380068C0F3400008B901206F
:1035D000A4E73048006820F00300616808432D49E3
:1035E0000860FFF7C1F8064609E0FFF7BDF8801B49
:1035F00041F28831884202D903208FE707E025484D
:10360000006800F00C006168B0EB810FEDD120483C
:10361000006800F00F00A8420ED91D48006820F095
:103620000F0028431A4908600846006800F00F00A0
:10363000A84201D0012071E7207800F0040004289E
:1036400007D11448006820F4E050E16808431149AC
:103650000860207800F00800082808D10D480068AC
:1036600020F46040216940EAC1000A49086000F086
:103670003FF808490968C1F30311074A515CC84083
:103680000649086006480068FFF798F8002045E7FB
:10369000003C02400838024092AE000800000220C0
:1036A000140002200148006870470000000002205A
:1036B00000B5FFF7F7FF04490968C1F38221034A07
:1036C000515CC84000BD000008380240A2AE0008AE
:1036D00000B5FFF7E7FF04490968C1F34231034A27
:1036E000515CC84000BD000008380240A2AE00088E
:1036F0002DE9F047002400250026A1462548006852
:1037000000F00C0020B1042805D008283AD105E0CB
:10371000DFF8849039E0DFF8849036E01D48001F20
:10372000006800F03F041B48001F006800F48000A0
:1037300078B11A481749091F0968C1F38811A0FB1D
:1037400001700146224600233846FCF7CCFD0546B1
:103750000EE011480F49091F0968C1F38811A0FB49
:1037600001700146224600233846FCF7BCFD0546A1
:103770000848001F0068C0F30140401C4600B5FB2C
:10378000F6F902E0DFF8109000BF00BF4846BDE840
:10379000F0870000083802400024F40040787D01E2
:1037A000F8B5044600270CB90120F8BD207800F0D8
:1037B0000100002871D0F948006800F00C000428CE
:1037C0000DD0F648006800F00C00082813D1F3482B
:1037D000001F006800F48000B0F5800F0BD1EF48A7
:1037E00008380068C0F34040002869D060680028AD
:1037F00066D10120D9E700BF6068B0F5803F08D1ED
:10380000E6480838006840F48030E4490839086028
:103810002EE0606868B9E1480838006820F480301C
:10382000DE49083908600846006820F480200860F6
:103830001EE06068B0F5A02F0DD1D84808380068A8
:1038400040F48020D549083908600846006840F4F3
:10385000803008600CE0D1480838006820F48030DF
:10386000CE49083908600846006820F480200860C6
:1038700000BF606890B1FEF777FF054606E0FEF7EF
:1038800073FF401B642801D903208EE7C348083822
:103890000068C0F340400028F1D011E0FEF764FF5B
:1038A000054606E0FEF760FF401B642801D90320AF
:1038B0007BE7BA4808380068C0F340400028F1D1DF
:1038C000207800F00200022869D1B448006800F0B6
:1038D0000C0058B1B148006800F00C0008281CD159
:1038E000AE48001F006800F48000B0B9AB4808384B
:1038F0000068C0F3400020B1E068012801D0012039
:1039000053E7A6480838006820F0F800216940EA2B
:10391000C100A2490839086041E0E06828B39F4827
:103920000838006840F001009C4908390860FEF73B
:103930001BFF054606E0FEF717FF401B022801D9D2
:10394000032032E7954808380068C0F3400000289B
:10395000F1D092480838006820F0F800216940EA68
:10396000C1008E490839086019E08C4808380068A1
:1039700020F00100894908390860FEF7F5FE054688
:1039800006E0FEF7F1FE401B022801D903200CE7F8
:10399000824808380068C0F340000028F1D1207840
:1039A00000F00800082836D16069D0B17B486C303F
:1039B000006840F0010079496C310860FEF7D4FEE0
:1039C000054606E0FEF7D0FE401B022801D9032081
:1039D000EBE672486C300068C0F340000028F1D07C
:1039E00019E06E486C30006820F001006B496C31C2
:1039F0000860FEF7B9FE054606E0FEF7B5FE401B7F
:103A0000022801D90320D0E664486C300068C0F376
:103A100040000028F1D1207800F00400042874D17F
:103A20005E483830006800F0805080B900BF5B48C5
:103A30003830006840F080505849383108600846F6
:103A4000006800F08050009000BF00BF012754487C
:103A5000006800F48070B0B95148006840F480708C
:103A60004F490860FEF780FE054606E0FEF77CFE43
:103A7000401B642801D9032097E64948006800F4F8
:103A800080700028F2D000BFA068012808D1434808
:103A90006830006840F001004049683108602DE05E
:103AA000A06868B93D486830006820F001003B49D3
:103AB000683108600846006820F0040008601DE0D6
:103AC000A06805280DD135486830006840F0040032
:103AD0003249683108600846006840F0010008601B
:103AE0000CE02E486830006820F001002B49683156
:103AF00008600846006820F00400086000BFA06865
:103B0000A8B1FEF731FE054609E02EE0FEF72CFED7
:103B1000401B41F28831884201D9032045E61F4805
:103B200068300068C0F340000028EFD013E0FEF7D3
:103B30001BFE054608E0FEF717FE401B41F28831E8
:103B4000884201D9032030E6144868300068C0F389
:103B500040000028EFD1012F07D11048383000680D
:103B600020F080500D4938310860A069002854D0F9
:103B70000A48006800F00C00082867D0A0690228F5
:103B80004CD106480838006820F080700349083995
:103B90000860FEF7E9FD05460BE00000083802402A
:103BA00000700040FEF7E0FD401B022801D9032011
:103BB000FBE53F480068C0F340600028F2D1D4E93B
:103BC00007010843616A40EA81110122A06AC2EB41
:103BD000500041EA00412C20005D41EA00613020A4
:103BE000005D41EA00703249091D0860081F006845
:103BF00040F08070091F0860FEF7B6FD054606E03C
:103C0000FEF7B2FD401B022801D90320CDE528486C
:103C10000068C0F340600028F2D047E02448006804
:103C200020F0807022490860FEF79EFD054606E000
:103C3000FEF79AFD401B022801D90320B5E51C4878
:103C40000068C0F340600028F2D12FE01848001D42
:103C50000668A069012827D006F48001E069814246
:103C600022D106F03F01206A81421DD147F6C07083
:103C70003040616AB0EB811F16D106F44031012259
:103C8000A06AC2EB5000B1EB004F0DD106F070619D
:103C90002C20005DB1EB006F06D106F0E041302032
:103CA000005DB1EB007F01D001207EE500207CE5C6
:103CB0000038024070B504460D460CB9012070BDB5
:103CC00094F82C0028B9002084F82D00204600F03C
:103CD00011F8022084F82C00211D2068FCF70BFE4F
:103CE0002946D4E90002FCF75BFE012084F82C0091
:103CF0000020E4E710B586B0044600BF3E480068E7
:103D000040F001003C4908600846006800F00100EE
:103D1000009000BF00BF00BF37480838006840F07F
:103D200004003549083908600846006800F00400BE
:103D3000009000BF00BF00BF0846006840F00800C8
:103D400008600846006800F00800009000BF00BF4F
:103D500000BF0846006840F0100008600846006890
:103D600000F01000009000BF00BF00BF08460068D0
:103D700040F0200008600846006800F02000009035
:103D800000BF00BF00BF0846006840F04000086068
:103D90000846006800F04000009000BF00BF0D2002
:103DA00001900220029001200390032004900C2037
:103DB000059001A91148FEF7B5FB4CF20370019084
:103DC00001A90F48FEF7AEFB4FF68370019001A9E1
:103DD0000C48FEF7A7FB4FF63F00019001A90A48E7
:103DE000FEF7A0FB48F23710019001A90748FEF743
:103DF00099FB06B010BD00003838024000080240B0
:103E0000000C024000100240001402400018024062
:103E100070B504460D4694F82C00022800D170BD00
:103E2000022084F82C0029462068FCF79EFD012022
:103E300084F82C000020F2E770B504460D461646C3
:103E400094F82C00022800D170BD022084F82C00C8
:103E5000324629462068FCF78FFD2868022803D1E6
:103E6000052084F82C0002E0012084F82C000020BA
:103E7000EAE770B504460E4615460CB9012070BD40
:103E800094F8450028B9002084F84400204600F04A
:103E90001DF804F108012068FCF7BCFC3146A2685B
:103EA0002068FCF7F7FC2946E36AD4E90102FCF735
:103EB0008DFCA168206850F8210040F00100A26844
:103EC000216841F822000020D9E7000010B586B033
:103ED000044600BF2048006840F001001E49086009
:103EE0000846006800F00100009000BF00BF00BF5E
:103EF00019480838006840F0080017490839086078
:103F00000846006800F00800009000BF00BF00BF36
:103F10000846006840F0100008600846006800F09D
:103F20001000009000BF00BF4EF2B370019002205D
:103F3000029001200390022004900C20059001A91A
:103F40000648FEF7EFFA4FF68070019001A9044889
:103F5000FEF7E8FA06B010BD38380240000C024007
:103F600000100240042808D14FF0E021096941F017
:103F700004014FF0E022116107E04FF0E0210969F0
:103F800021F004014FF0E0221161704770B5044642
:103F90002546681EB0F1807F01D301200FE0681E26
:103FA0004FF0E02148610F214FF0FF3000F094FF07
:103FB00000204FF0E021886107200861002070BDDB
:103FC0007047704701464B6F8A6F43EA02007047A3
:103FD0002DE9F04704462068C56920680668206816
:103FE000876840F60F0005EA0008B8F1000F0CD111
:103FF00005F0200048B106F0200030B1206E10B16D
:104000002046216E8847BDE8F087B8F1000F7DD0CB
:1040100007F0010018B906F490700028F7D005F0F9
:10402000010048B106F4807030B1012021680862B7
:10403000E06F40F00100E06705F0020048B107F0D2
:10404000010030B1022021680862E06F40F00400F6
:10405000E06705F0040048B107F0010030B104202A
:1040600021680862E06F40F00200E06705F0080098
:1040700060B106F0200010B907F0010030B108204F
:1040800021680862E06F40F00800E06705F4006016
:1040900050B106F0806038B14FF4006021680862CA
:1040A000E06F40F02000E067E06F80B305F0200093
:1040B00038B106F0200020B1206E10B12046216EEC
:1040C0008847D4F87C902068806800F04000402841
:1040D00002D009F0280030B3204600F012FC20681E
:1040E000806800F04000402819D12068806820F0E6
:1040F000400021688860E06E68B12148E16E086583
:10410000E06EFEF714F810B1E06E01E011E00FE090
:10411000016D88470CE02046FFF753FF08E020467A
:10412000FFF74FFF04E02046FFF74BFF0020E0675A
:1041300069E705F4801050B107F4800038B14FF4FE
:104140008010216808622046FFF73AFF5BE705F020
:10415000800040B106F0800028B1606E10B12046AA
:10416000616E88474FE705F0400030B106F040002F
:1041700018B1204600F0D6FB45E700BF43E700003A
:10418000EB48000810B504460CB9012010BDA06929
:1041900000B100E000BF606F28B9002084F8700013
:1041A000204600F029F8242060672068006820F08D
:1041B000010021680860204600F02EFC012800D193
:1041C000E4E7606A10B1204600F0DCFA206840683D
:1041D00020F49040216848602068806820F02A0020
:1041E000216888602068006840F00100216808604C
:1041F000204600F043FBC9E710B586B004462B49C2
:10420000206888424FD100BF00BF2948006840F0B5
:104210001000274908600846006800F01000009070
:1042200000BF00BF00BF00BF00BF214814380068B6
:1042300040F001001E49143908600846006800F08B
:104240000100009000BF00BF00BF00BF00BF0846D4
:10425000006840F0010008600846006800F00100B6
:10426000009000BF00BF00BF4815019002200290DF
:1042700001200390022004900720059001A90D4819
:10428000FEF750F94FF4806001900720059001A9D6
:104290000848FEF747F92520FEF7E3FC0322114604
:1042A0002520FEF7EEFC06B010BD00000010014016
:1042B000443802400000024010B50346986F2028A1
:1042C00065D101B10AB9012010BD00BF93F870009B
:1042D000012801D10220F7E7012083F8700000BF18
:1042E0005965A3F85820A3F85A200020186600BF8B
:1042F0009868B0F5805F0AD1186920B940F2FF10C4
:10430000A3F85C0020E0FF20A3F85C001CE09868A4
:1043100048B9186918B9FF20A3F85C0014E07F20A1
:10432000A3F85C0010E09868B0F1805F09D11869CB
:1043300018B97F20A3F85C0006E03F20A3F85C00DA
:1043400002E00020A3F85C0000BF0020D867222014
:1043500098671868806840F001001C68A060986841
:10436000B0F5805F04D1186910B90A48186601E0F9
:104370000948186600BF002083F8700000BF186865
:10438000006840F490701C68206000209CE70220C8
:104390009AE7000045490008B14900081D4A016834
:1043A000914236D11C49098801F4004189BB1A4960
:1043B000098801F4804171B1184909780A2903D0AC
:1043C0000021154A118024E01349098841F4004175
:1043D000114A11801DE0114909780D2906D10E49B5
:1043E000098841F480410C4A118012E00B49097898
:1043F000094A1288C2F30D02094B995406490988EB
:10440000491C054A118011460988C72901DD002190
:1044100011807047001001400C0002200E000220A5
:104420002C000220704700BFFEE7F0B58E880768B9
:10443000FF68C7F30B473E44330406688436802781
:1044400007FB0266766806F47047066884364FF00C
:10445000800C0CFB026677600E680768FF68C7F384
:104460000B473E44761C1E43076884370CFB0277DB
:104470007E608E890768FF68C7F30A073E443304ED
:1044800006688436802707FB0266B66806F4704724
:10449000066884360CFB0266B7608E680768FF68A2
:1044A000C7F30A073E44761C46EA030706688436CB
:1044B0000CFB0266B76006688436802707FB02663D
:1044C000366926F00707066884360CFB02663761FA
:1044D0000F69066884360CFB026637613126765C0C
:1044E00033023226765C34040E7E35060668843646
:1044F000802707FB0266B6690027066884360CFB36
:104500000266B76191F830601E43264346EA05070C
:10451000066884360CFB0266B7610668843680271D
:1045200007FB0266766926F0FF07066884360CFBF7
:10453000026677614F69066884360CFB0266776114
:1045400006688436802707FB0266F66940F2077723
:10455000BE43076884370CFB0277FE61D1E907761A
:104560003743066884360CFB0266F76106688436BA
:10457000802707FB0266B66A0027066884360CFBB4
:104580000266B7624F6A066884360CFB0266B76241
:104590000E690EB9042313E00E69012E01D1032325
:1045A0000EE00E69042E08D00E69022E05D00E69A9
:1045B000032E02D00E69072E01D1022300E0012351
:1045C00006688436802707FB0266F66A06F0E02755
:1045D000066884364FF0800C0CFB0266F762D1E966
:1045E0000076F61B5E43F61C0F8D5F4346EA0747D5
:1045F000066884360CFB0266F762066884368027FC
:1046000007FB0266366BF70AFF02066884360CFB6E
:1046100002663763CF6A066884360CFB026637632E
:1046200006688436D701F65946F0010706688436D5
:104630004FEAC21C46F80C70F0BD00BFFEE77047A1
:104640007047000010B50023234C236000BF00BF5B
:1046500000BFBFF34F8F00BF00BF00BF231F18680C
:10466000C0F34E3100BFC0F3C90200BF43F6E07390
:1046700003EA41134FF0404404EA82742343174C89
:10468000236000BF00BF131EA2F10102EED10B1E7A
:10469000A1F10101E7D100BF00BF00BFBFF34F8F01
:1046A00000BF00BF00BF0C4B703B1B6843F480335E
:1046B000094C703C236000BF00BF00BFBFF34F8FA9
:1046C00000BF00BF00BF00BF00BF00BFBFF36F8FC0
:1046D00000BF00BF00BF10BD84ED00E060EF00E050
:1046E00000BF00BF00BFBFF34F8F00BF00BF00BFC0
:1046F00000BF00BF00BFBFF36F8F00BF00BF00BF90
:1047000000201449086000BF00BF00BFBFF34F8FF7
:1047100000BF00BF00BF00BF00BF00BFBFF36F8F6F
:1047200000BF00BF00BF0C48006840F400300A49D9
:10473000086000BF00BF00BFBFF34F8F00BF00BFC6
:1047400000BF00BF00BF00BFBFF36F8F00BF00BF3F
:1047500000BF704750EF00E014ED00E0704710B567
:10476000FEF708F810BD00000548006840F470002E
:10477000034908604FF000600149803908607047C4
:1047800088ED00E090F8241001F0010139B10168D2
:10479000496821F40031826A11430268516090F83F
:1047A000241001F00201022907D10168496821F4AF
:1047B0008031C26A11430268516090F8241001F000
:1047C0000401042907D10168496821F48021026BA2
:1047D00011430268516090F8241001F00801082983
:1047E00007D10168496821F40041426B1143026816
:1047F000516090F8241001F01001102907D10168D0
:10480000896821F48051826B11430268916090F8AD
:10481000241001F02001202907D10168896821F4C2
:104820000051C26B11430268916090F8241001F0AE
:104830004001402913D10168496821F48011026CBC
:10484000114302685160016CB1F5801F07D1016806
:10485000496821F4C001426C11430268516090F82C
:10486000241001F08001802907D10168496821F4F2
:104870000021826C114302685160704738B50446CC
:104880000020E067FDF770FF05462068006800F033
:10489000080008280CD16FF07E402B4600224FF410
:1048A00000110090204600F08BFA08B1032038BDBB
:1048B0002068006800F0040004280CD16FF07E40EE
:1048C0002B4600224FF480010090204600F078FA39
:1048D00008B10320EBE720206067A06700BF00203D
:1048E00084F8700000BF00BFE1E770B50546AC6B0F
:1048F0000020A4F85A00A4F852002046FFF761FBFC
:1049000070BD0168096821F4907102681160016846
:10491000896821F0010102689160202181670021EE
:104920000166704710B504462068006820F040001A
:104930002168086020206067002060662046FFF73D
:1049400071FD10BD2DE9F0410446B4F85C70A06F14
:10495000222825D12068406A86B2656D06EA0700E4
:104960002880606D801C6065B4F85A00401EA4F871
:104970005A00B4F85A00C8B92068006820F4907052
:10498000216808602068806820F001002168886044
:104990002020A067002020662046FFF7FFFC05E0EE
:1049A0002068806940F0080021688861BDE8F081D6
:1049B00070B50446B4F85C60A06F222825D1206849
:1049C000406A85B2F0B22840616D0870606D401C8D
:1049D0006065B4F85A00401EA4F85A00B4F85A00B2
:1049E000C8B92068006820F49070216808602068C9
:1049F000806820F00100216888602020A0670020E6
:104A000020662046FFF7CAFC05E02068806940F078
:104A100008002168886170BD2DE9F0470446002731
:104A2000BA462169A068084361690843E16940EA20
:104A3000010820680068D649084040EA080021685B
:104A400008602068406820F44050E168084321680D
:104A50004860D4F81880206A40EA08082068806816
:104A600020F4306040EA08002168886000BFC9492E
:104A70002068884216D1C848006800F0030030B1B1
:104A8000012808D0022804D0032808D105E0012518
:104A900007E0022505E0042503E0082501E01025D4
:104AA00000BFC9E0BD492068884216D1BA480068F5
:104AB00000F00C0030B1042808D0082804D00C28DD
:104AC00008D105E0002507E0022505E0042503E004
:104AD000082501E0102500BFAEE0B14920688842FA
:104AE00016D1AD48006800F0300030B1102808D071
:104AF000202804D0302808D105E0002507E0022551
:104B000005E0042503E0082501E0102500BF93E03F
:104B1000A4492068884216D19F48006800F0C00070
:104B200030B1402808D0802804D0C02808D105E042
:104B3000002507E0022505E0042503E0082501E043
:104B4000102500BF78E098492068884219D1924822
:104B5000006800F4407048B1B0F5807F0AD0B0F52D
:104B6000007F05D0B0F5407F08D105E0002507E0C3
:104B7000022505E0042503E0082501E0102500BF1B
:104B80005AE08A492068884219D18348006800F4B5
:104B9000406048B1B0F5806F0AD0B0F5006F05D025
:104BA000B0F5406F08D105E0012507E0022505E0DA
:104BB000042503E0082501E0102500BF3CE07C4906
:104BC0002068884219D17448006800F4405048B108
:104BD000B0F5805F0AD0B0F5005F05D0B0F5405F5A
:104BE00008D105E0002507E0022505E0042503E0E3
:104BF000082501E0102500BF1EE06E4920688842AC
:104C000019D16548006800F4404048B1B0F5804FC4
:104C10000AD0B0F5004F05D0B0F5404F08D105E0FF
:104C2000002507E0022505E0042503E0082501E052
:104C3000102500BF00E0102500BFE069B0F5004F6F
:104C400054D1092D3AD2DFE805F005101B3924397B
:104C500039392F00FEF72CFD06467000616800EB25
:104C60005100B0FBF1F087B22BE0FEF731FD0646B4
:104C70007000616800EB5100B0FBF1F087B220E0FA
:104C80004D49606801EB50006168B0FBF1F087B2FC
:104C900017E0FEF72DFD06467000616800EB51003D
:104CA000B0FBF1F087B20CE04FF48031606801EBAB
:104CB00050006168B0FBF1F087B202E04FF0010AEA
:104CC00000BF00BF102F0ED3B7F5803F0BD24FF6B9
:104CD000F07007EA0009C7F3420049EA00092068BA
:104CE000C0F80C904DE04FF0010A4AE0092D3AD28D
:104CF000DFE805F005101B39243939392F00FEF79C
:104D0000D7FC0646606806EB50006168B0FBF1F026
:104D100087B22BE0FEF7DCFC0646606806EB50002D
:104D20006168B0FBF1F087B220E02449606801EBD4
:104D300050006168B0FBF1F087B217E0FEF7D8FCD5
:104D40000646606806EB50006168B0FBF1F087B280
:104D50000CE04FF40041606801EB50006168B0FB6B
:104D6000F1F087B202E04FF0010A00BF00BF102F40
:104D700005D3B7F5803F02D22068C76001E04FF04D
:104D8000010A0020206660665046BDE8F0870000FA
:104D9000F369FFEF001001409038024000440040EA
:104DA00000480040004C004000500040001401400A
:104DB00000780040007C00400048E8010024F40036
:104DC0002DE9F04104460D4617469846069E45E0FB
:104DD000701C002842D0FDF7C7FCA0EB0800B042D1
:104DE00000D8B6B92068006820F4D0702168086047
:104DF0002068806820F001002168886020206067BA
:104E0000A06700BF002084F8700000BF0320BDE849
:104E1000F0812068006800F00400F8B12068C069E3
:104E2000C0F3C020D0B14FF4006021680862206850
:104E3000006820F4D070216808602068806820F045
:104E400001002168886020206067A067E06700BFDC
:104E5000002084F8700000BF0320D8E72068C069F4
:104E60002840A84201D1012000E00020B842AFD084
:104E70000020CCE770B500240F4D1048FFF7A8F8CC
:104E800000BF03E0641CAC4200D904E00B48FFF70C
:104E900099F82028F6D100BF002403E0641CAC423E
:104EA00000D906E0012206490448FFF705FA002868
:104EB000F4D100BF70BD0000FFFF0100F40002202C
:104EC0000E00022000BFFEE702480068C0F3022087
:104ED000704700000CED00E010B5002804DB0A0765
:104EE000130E054A135406E00A07140E034A00F095
:104EF0000F031B1FD45410BD00E400E018ED00E0C8
:104F000000BF704770B5FF240025012143F2230044
:104F100001F0B2FC082143F2220001F0ADFC09E0EF
:104F2000012001F0BDFC43F2230000F001FA044629
:104F3000681C85B21CB141F288308542F0DB0CB1AF
:104F4000052070BDFF240025012143F2230001F05C
:104F500093FC042143F2220001F08EFC09E00120C1
:104F600001F09EFC43F2230000F0E2F90446681CC5
:104F700085B21CB141F288308542F0DB0CB10520CE
:104F8000DFE70020DDE700002DE9F04100260027E3
:104F900020214FF4405001F06FFC4FF400450024F5
:104FA00007E02848015D284601F066FC681C85B2D0
:104FB000641C40F6ED708442F3D3002143F22200DA
:104FC00001F05AFC002143F2230001F055FC0021BE
:104FD00043F2240001F050FC002143F2250001F0CF
:104FE0004BFC002143F2260001F046FC002143F275
:104FF000270001F041FC002143F2280001F03CFCB5
:105000007F2143F2290001F037FC00214FF440508A
:1050100001F032FC09E0012001F042FC43F22900DA
:1050200000F086F90646781C87B2702E03D041F254
:1050300088308742EFDB702E02D00520BDE8F0817A
:105040000020FBE7C6E2000810B5084808490860E0
:10505000002048602021064881600021C160016174
:10506000416181610162FBF753FD10BD00000550F5
:10507000300302202DE9F04104460D4616461F4636
:105080001248806C05611148806C86610F49886CFC
:10509000FDF782F900200D4981F8500008460068AC
:1050A000C06840F001000968C8603B462246022102
:1050B0000648FBF735FF00BF044890F85000002871
:1050C000FAD00248FBF7A8FFBDE8F08130030220C8
:1050D00010B500BF00224FF400410D48FDF73EFB24
:1050E00000BF142001F0DCFB00BF0021022005F00E
:1050F00022FD00BF052001F0D3FB00BF0122D10338
:105100000348FDF72BFB00BF142001F0C9FB10BDC5
:105110000000024010B543F20A0000F009F9040251
:1051200043F20B0000F004F90443204610BD0000D8
:105130002DE9F04781460F469046062F3FD2DFE823
:1051400007F0030C16202A34002400252448008987
:105150002349498900FB01F634E04FF480640025BF
:105160001F4800891E49498900FB01F62AE00024F6
:105170004FF400551A48008919494989484346089F
:1051800020E04FF48064E5001548008914494989FE
:105190004843460816E000244FF480451048008933
:1051A0000F494989484386080CE04FF48064250183
:1051B0000B4800890A4949894843860802E00220D1
:1051C000BDE8F08700BFB8F1000F00D0C0473346FC
:1051D0002A4621464846FFF74DFF0020F0E7000031
:1051E000240302202DE9F047642001F059FB43F627
:1051F000080000F09DF8044643F6090000F098F816
:10520000054643F60A0000F093F8064643F60B0005
:1052100000F08EF8074604F00F0045EA002806F07B
:10522000070047EA00290348A0F80880A0F80A9080
:10523000BDE8F0872403022000B587B0142102A83E
:10524000FBF706F900BF00BF1448006840F00100FA
:10525000124908600846006800F00100019000BF94
:1052600000BF00BF4FF40040029001200390049063
:105270000220059002A90A48FDF754F900BF012257
:10528000D1030748FDF76AFA00BF00BF01210220E1
:1052900005F051FC00BF07B000BD000030380240EF
:1052A0000000024010B500BF00224FF40041094841
:1052B000FDF754FA00BF142001F0F2FA00BF0122FA
:1052C000D1030448FDF74AFA00BF142001F0E8FAC0
:1052D00010BD00000000024010B5FFF7ADFFFFF762
:1052E000F7FEFFF7DFFF00F075F801F0AFFAFFF708
:1052F00011FF044645F24060844201D0012010BDF8
:1053000000F004F8FFF7A0FE0020F8E710B5002435
:1053100009E0064A02EB84029178044A32F824003C
:1053200001F0AAFA641CCF2CF3D310BD32DE0008C2
:1053300038B504460020009021463C2000F018F8C3
:1053400069463C2000F003F89DF8000038BD70B5B8
:1053500004460D4600F0F6F8012101EB4401C8B205
:1053600000F034F9284600F079F800F00FF970BD2C
:1053700070B505460C4600F0E5F8002141EA45010C
:10538000C8B200F023F9200A00F020F9E0B200F0E2
:105390001DF900F0FBF870BD70B505460C461646C9
:1053A00000F0D0F8002141EA4501C8B200F00EF942
:1053B000200A00F00BF9E0B200F008F9304600F0E6
:1053C00005F900F0E3F870BD10B5052001F082FA90
:1053D00010BD000000B587B0142102A8FBF738F813
:1053E00000BF00BF1B48006840F002001949086078
:1053F0000846006800F00200019000BF00BF00BF37
:1054000000BF00BF0846006840F002000860084680
:10541000006800F00200019000BF00BF00BF102034
:1054200002900120039004900220059002A90A48EE
:10543000FDF778F8082002900120039004900220E4
:10544000059002A90448FDF76DF800F09FF807B039
:1054500000BD0000303802400004024070B5044630
:1054600000F044F807251DE0FFF7AEFF00BF012262
:1054700010211D48FDF772F900BF08211A48FDF7F9
:105480005DF90646207806FA05F108432070FFF71B
:105490009BFF00BF002210211348FDF75FF900BFFA
:1054A000681E45B2002DDFDAFFF78EFF00BF012234
:1054B00010210D48FDF752F900BFFFF785FF00BF2F
:1054C000002210210848FDF749F900BFFFF77CFFD3
:1054D00000BF002208210448FDF740F900BFFFF794
:1054E00073FF00F019F870BD0004024000B585B0EC
:1054F00014216846FAF7ACFF0820009000200190C4
:10550000012002900220039069460248FDF70AF844
:1055100005B000BD0004024000B585B01421684606
:10552000FAF796FF082000900120019002900220D7
:10553000039069460248FCF7F5FF05B000BD000086
:105540000004024010B500BF012208210E48FDF7FB
:1055500005F900BF00BF012210210B48FDF7FEF83E
:1055600000BFFFF731FF00BF002208210648FDF70A
:10557000F5F800BFFFF728FF00BF00221021024806
:10558000FDF7ECF800BF10BD0004024010B500BFED
:10559000002208210C48FDF7E1F800BFFFF714FFD7
:1055A00000BF012210210848FDF7D8F800BFFFF71F
:1055B0000BFF00BF012208210348FDF7CFF800BF11
:1055C000FFF702FF10BD00000004024070B5064660
:1055D000072425E046FA04F000F0010500BF2DB1D4
:1055E000012208211C48FDF7B9F804E00022082137
:1055F0001948FDF7B3F800BFFFF7E6FE00BF012230
:1056000010211548FDF7AAF800BFFFF7DDFE00BF27
:10561000002210211048FDF7A1F800BF601E44B21F
:10562000002CD7DA00BF012208210B48FDF796F8BD
:1056300000BFFFF7C9FE00BF012210210648FDF799
:105640008DF800BFFFF7C0FE00BF00221021024806
:10565000FDF784F800BF70BD0004024010B5044699
:10566000092C6FD2DFE804F0051A2F44596F849992
:10567000AE00FF2145F2010001F0FEF8402145F2A5
:10568000875001F0F9F804214FF4AB4001F0F4F831
:10569000012145F2885001F0EFF8AAE0FF2145F220
:1056A000010001F0E9F8302145F2875001F0E4F8FB
:1056B00004214FF4AB4001F0DFF8012145F288509E
:1056C00001F0DAF895E0FF2145F2010001F0D4F88D
:1056D000202145F2875001F0CFF804214FF4AB4070
:1056E00001F0CAF8012145F2885001F0C5F880E0C8
:1056F000FF2145F2010001F0BFF8102145F287506B
:1057000001F0BAF804214FF4AB4001F0B5F80121E3
:1057100045F2885001F0B0F86BE0FF2145F201003E
:1057200001F0AAF8002145F2875001F0A5F8042104
:105730004FF4AB4001F0A0F8012145F2885001F090
:105740009BF856E053E0FF2145F2010001F094F888
:10575000102145F2875001F08FF804214FF4AB403F
:1057600001F08AF8092145F2885001F085F840E0FF
:10577000FF2145F2010001F07FF8202145F287501A
:1057800001F07AF804214FF4AB4001F075F80921DB
:1057900045F2885001F070F82BE0FF2145F201003E
:1057A00001F06AF8302145F2875001F065F80421D4
:1057B0004FF4AB4001F060F8092145F2885001F048
:1057C0005BF816E0FF2145F2010001F055F8402199
:1057D00045F2875001F050F804214FF4AB4001F03E
:1057E0004BF8092145F2885001F046F801E002200B
:1057F00010BD00BF0020FBE710B50446092C6ED297
:10580000DFE804F0051F39536E88A2BCD600FF21E3
:1058100045F2010001F030F8802145F2835001F09B
:105820002BF8802145F2845001F026F802214FF434
:10583000AB4001F021F8412145F2885001F01CF8FD
:10584000D2E0FF2145F2010001F016F8702145F287
:10585000835001F011F8702145F2845001F00CF8EA
:1058600002214FF4AB4001F007F8412145F2885086
:1058700001F002F8B8E0FF2145F2010000F0FCFF62
:10588000602145F2835000F0F7FF602145F284501B
:1058900000F0F2FF02214FF4AB4000F0EDFF412198
:1058A00045F2885000F0E8FF9EE0FF2145F201003C
:1058B00000F0E2FF502145F2835000F0DDFF50215F
:1058C00045F2845000F0D8FF02214FF4AB4000F0C5
:1058D000D3FF412145F2885000F0CEFF84E081E003
:1058E000FF2145F2010000F0C7FF402145F283503F
:1058F00000F0C2FF402145F2845000F0BDFF0221BC
:105900004FF4AB4000F0B8FF412145F2885000F061
:10591000B3FF69E0FF2145F2010000F0ADFF302147
:1059200045F2835000F0A8FF302145F2845000F08A
:10593000A3FF02214FF4AB4000F09EFF412145F24E
:10594000885000F099FF4FE0FF2145F2010000F080
:1059500093FF202145F2835000F08EFF202145F275
:10596000845000F089FF02214FF4AB4000F084FF27
:10597000412145F2885000F07FFF35E0FF2145F2DC
:10598000010000F079FF102145F2835000F074FF10
:10599000102145F2845000F06FFF02214FF4AB401C
:1059A00000F06AFF412145F2885000F065FF1BE0DE
:1059B000FF2145F2010000F05FFF002145F2835016
:1059C00000F05AFF002145F2845000F055FF0221FB
:1059D0004FF4AB4000F050FF412145F2885000F0F9
:1059E0004BFF01E0022010BD00BF0020FBE710B517
:1059F0000446092C6ED2DFE804F0051F39536E8887
:105A0000A2BCD600FF2145F2010000F035FF0421C1
:105A10004FF4AB4000F030FF302145F2865000F0EB
:105A20002BFF302145F2855000F026FF412145F241
:105A3000885000F021FFD2E0FF2145F2010000F084
:105A40001BFF04214FF4AB4000F016FF2C2145F260
:105A5000865000F011FF2C2145F2855000F00CFF1C
:105A6000412145F2885000F007FFB8E0FF2145F2E0
:105A7000010000F001FF04214FF4AB4000F0FCFEF8
:105A8000282145F2865000F0F7FE282145F2855086
:105A900000F0F2FE412145F2885000F0EDFE9EE05C
:105AA000FF2145F2010000F0E7FE04214FF4AB4076
:105AB00000F0E2FE242145F2865000F0DDFE2421B4
:105AC00045F2855000F0D8FE412145F2885000F0A3
:105AD000D3FE84E081E0FF2145F2010000F0CCFE1E
:105AE00004214FF4AB4000F0C7FE202145F2865060
:105AF00000F0C2FE202145F2855000F0BDFE41219C
:105B000045F2885000F0B8FE69E0FF2145F201003F
:105B100000F0B2FE04214FF4AB4000F0ADFE1C21BA
:105B200045F2865000F0A8FE1C2145F2855000F099
:105B3000A3FE412145F2885000F09EFE4FE0FF2178
:105B400045F2010000F098FE04214FF4AB4000F054
:105B500093FE182145F2865000F08EFE182145F282
:105B6000855000F089FE412145F2885000F084FE06
:105B700035E0FF2145F2010000F07EFE04214FF4E4
:105B8000AB4000F079FE142145F2865000F074FE1F
:105B9000142145F2855000F06FFE412145F28850F6
:105BA00000F06AFE1BE0FF2145F2010000F064FEF8
:105BB00004214FF4AB4000F05FFE102145F2865007
:105BC00000F05AFE102145F2855000F055FE4121AB
:105BD00045F2885000F050FE01E0022010BD00BFE9
:105BE0000020FBE710B504460B2C7CD2DFE804F064
:105BF0000625446384A3C2E1FEFDFC00102143F6A8
:105C00000F2000F039FE082143F6102000F034FE8A
:105C1000102143F61B2000F02FFE082143F61E2022
:105C200000F02AFE202143F6112000F025FE10216D
:105C300043F61F2000F020FE3DE1182143F60F201F
:105C400000F01AFE102143F6102000F015FE182176
:105C500043F61B2000F010FE102143F61E2000F03A
:105C60000BFE302143F6112000F006FE102143F612
:105C70001F2000F001FE1EE1202143F60F2000F05E
:105C8000FBFD182143F6102000F0F6FD412143F6FC
:105C9000112000F0F1FD202143F61B2000F0ECFD67
:105CA000182143F61E2000F0E7FD102143F61F20C7
:105CB00000F0E2FDFFE0282143F60F2000F0DCFDBC
:105CC000202143F6102000F0D7FD512143F611208A
:105CD00000F0D2FD282143F61B2000F0CDFD20214D
:105CE00043F61E2000E0E4E000F0C6FD102143F67C
:105CF0001F2000F0C1FDDEE0302143F60F2000F050
:105D0000BBFD282143F6102000F0B6FD612143F6CB
:105D1000112000F0B1FD302143F61B2000F0ACFD56
:105D2000282143F61E2000F0A7FD102143F61F2076
:105D300000F0A2FDBFE0382143F60F2000F09CFDEB
:105D4000302143F6102000F097FD612143F6112029
:105D500000F092FD382143F61B2000F08DFD30212C
:105D600043F61E2000F088FD102143F61F2000F0AE
:105D700083FDA0E0402143F60F2000F07DFD382197
:105D800043F6102000F078FD712143F6112000F059
:105D900073FD402143F61B2000F06EFD382143F6D1
:105DA0001E2000F069FD102143F61F2000F064FD65
:105DB00081E0482143F60F2000F05EFD402143F6CC
:105DC000102000F059FD802143F6112000F054FD11
:105DD000482143F61B2000F04FFD402143F61E20D2
:105DE00000F04AFD202102E044E024E004E043F614
:105DF0001F2000F041FD5EE0502143F60F2000F02F
:105E00003BFD482143F6102000F036FD902143F67B
:105E1000112000F031FD502143F61B2000F02CFD35
:105E2000482143F61E2000F027FD202143F61F20C5
:105E300000F022FD3FE0582143F60F2000F01CFD4A
:105E4000502143F6102000F017FD912143F6112058
:105E500000F012FD582143F61B2000F00DFD5021EB
:105E600043F61E2000F008FD202143F61F2000F01D
:105E700003FD20E0602143F60F2000F0FDFC5821D7
:105E800043F6102000F0F8FCA02143F6112000F0AA
:105E9000F3FC602143F61B2000F0EEFC582143F692
:105EA0001E2000F0E9FC202143F61F2000F0E4FC56
:105EB00001E0022010BD00BF0020FBE710B5044642
:105EC0000C2C6FD2DFE804F006203A546F89A3BD92
:105ED000D7F4F2F1FF2145F2010000F0CDFC0121E1
:105EE0004FF4AB4000F0C8FC802145F2815000F037
:105EF000C3FC002145F2825000F0BEFC322145F285
:105F0000885000F0B9FC23E1FF2145F2010000F0C8
:105F1000B3FC01214FF4AB4000F0AEFC6F2145F221
:105F2000815000F0A9FC402145F2825000F0A4FC11
:105F3000322145F2885000F09FFC09E1FF2145F233
:105F4000010000F099FC01214FF4AB4000F094FCFB
:105F5000402145F2815000F08FFC6F2145F28250C4
:105F600000F08AFC322145F2885000F085FCEFE019
:105F7000FF2145F2010000F07FFC01214FF4AB400E
:105F800000F07AFC002145F2815000F075FC802180
:105F900045F2825000F070FC022145F2885000F07A
:105FA0006BFCD5E0D2E0FF2145F2010000F064FC7B
:105FB00001214FF4AB4000F05FFC402145F28150DD
:105FC00000F05AFC6F2145F2825000F055FC02218E
:105FD00045F2885000F050FCBAE0FF2145F2010084
:105FE00000F04AFC01214FF4AB4000F045FC6F216A
:105FF00045F2815000F040FC402145F2825000F013
:106000003BFC022145F2885000F036FCA0E0FF2165
:1060100045F2010000F030FC01214FF4AB4000F0EC
:106020002BFC802145F2815000F026FC002145F236
:10603000825000F021FC012145F2885000F01CFC48
:1060400086E0FF2145F2010000F016FC01214FF42B
:10605000AB4000F011FC6F2145F2815000F00CFCC8
:10606000402145F2825000F007FC012145F28850A2
:1060700000F002FC6CE0FF2145F2010000F0FCFBA7
:1060800001214FF4AB4000F0F7FB402145F2815075
:1060900000F0F2FB6F2145F2825000F0EDFB012190
:1060A00045F2885000F0E8FB52E035E01AE0FFE7E7
:1060B000FF2145F2010000F0DFFB01214FF4AB406E
:1060C00000F0DAFB002145F2815000F0D5FB802181
:1060D00045F2825000F0D0FB312145F2885000F0AB
:1060E000CBFB35E0FF2145F2010000F0C5FB0121AB
:1060F0004FF4AB4000F0C0FB402145F2815000F06E
:10610000BBFB6F2145F2825000F0B6FB312145F216
:10611000885000F0B1FB1BE0FF2145F2010000F0C8
:10612000ABFB01214FF4AB4000F0A6FB6F2145F221
:10613000815000F0A1FB402145F2825000F09CFB11
:10614000312145F2885000F097FB01E0022010BD9C
:1061500000BF0020FBE710B50446062C78D2DFE82C
:1061600004F003788DB1D5FA002143F2064000F027
:1061700083FB042145F2921000F07EFBF82145F2EA
:10618000911000F079FB702145F2931000F074FB40
:10619000F02145F2941000F06FFBF02145F29510CC
:1061A00000F06AFB3D2145F28D1000F065FB5421A3
:1061B00045F28F1000F060FB3D2145F28E1000F09B
:1061C0005BFB542145F2901000F056FBA82145F2EC
:1061D0008B1000F051FBA82145F28C1000F04CFB15
:1061E000182145F2871000F047FB182145F288106E
:1061F00000F042FB6E2145F2891000F03DFB682162
:1062000045F28A1000F038FB1C2145F2861000F0A0
:1062100033FB502145F2811000F02EFB252145F281
:10622000841000F029FB112145F2821000F024FBBC
:10623000142145F2831000F01FFB252145F2841044
:1062400000F01AFB242145F2851000F015FBA8E0B0
:10625000A5E0002143F2064000F00EFB942145F238
:10626000831000F009FBFF2145F2911000F004FBC0
:10627000002145F2921000F0FFFA92E0012143F272
:10628000064000F0F9FA06214FF4505000F0F4FAFD
:106290001C2143F2014000F0EFFA042143F20240D6
:1062A00000F0EAFA002143F2034000F0E5FA04218D
:1062B00043F2044000F0E0FAF32143F2054000F01D
:1062C000DBFA6EE0012143F2064000F0D5FA04212A
:1062D0004FF4505000F0D0FA102143F2014000F08A
:1062E000CBFA042143F2024000F0C6FA002143F247
:1062F000034000F0C1FA082143F2044000F0BCFA68
:10630000B62143F2054000F0B7FA4AE0012143F21A
:10631000064000F0B1FA05214FF4505000F0ACFAFD
:10632000482143F2014000F0A7FA042143F2024061
:1063300000F0A2FA002143F2034000F09DFA072189
:1063400043F2044000F098FACF2143F2054000F0F8
:1063500093FA26E0FFE7012143F2064000F08CFAB1
:1063600006214FF4505000F087FA482143F20140D3
:1063700000F082FA042143F2024000F07DFA00218D
:1063800043F2034000F078FA042143F2044000F0A5
:1063900073FAD32143F2054000F06EFA01E00220C7
:1063A00010BD00BF0020FBE770B5064636B1012ED8
:1063B00020D0022E3AD0032E71D154E043F62000B3
:1063C000FEF7B6FF044604F0F90400BF214643F689
:1063D000200000F051FA43F62100FEF7A9FF054620
:1063E00005F0F90545F00605294643F6210000F0C1
:1063F00043FA56E043F62000FEF79AFF044604F005
:10640000F90444F00604214643F6200000F034FA73
:1064100043F62100FEF78CFF054605F0F90500BFA5
:10642000294643F6210000F027FA3AE043F620001F
:10643000FEF77EFF044604F0F90444F0060421460A
:1064400043F6200000F018FA43F62100FEF770FF33
:10645000054605F0F90545F00605294643F62100F5
:1064600000F00AFA1DE043F62000FEF761FF044643
:1064700004F0F90400BF214643F6200000F0FCF9C7
:1064800043F62100FEF754FF054605F0F90500BF6D
:10649000294643F6210000F0EFF902E0FFE7022071
:1064A00070BD00BF0020FBE770B5054615B1012D9A
:1064B0001ED10EE0002409E0104A02EB840291781C
:1064C0000E4A32F8240000F0D7F9641C2D2CF3D3C7
:1064D00010E0002409E00A4A02EB84029178084A9D
:1064E00032F8240000F0C8F9641C292CF3D301E031
:1064F000022070BD00BF0020FBE700006EE1000835
:1065000022E200082DE9F04704460D4643F6080054
:10651000FEF70EFF064643F60A00FEF709FF0746A0
:1065200026F00F06C4F30320064304F0FF0827F00B
:106530000707C5F30220074305F0FF09032143F2D3
:10654000122000F099F9314643F6080000F094F962
:10655000414643F6090000F08FF9394643F60A0038
:1065600000F08AF9494643F60B0000F085F9132143
:1065700043F2122000F080F9A32143F2122000F030
:106580007BF9FEF72FFE0020BDE8F08710B504462A
:106590000A2C7CD2DFE804F005101B26313C475260
:1065A0005D68652145F2083000F066F9002145F28A
:1065B000023000F061F989E0652145F2083000F011
:1065C0005BF9022145F2023000F056F97EE06521C8
:1065D00045F2083000F050F9042145F2023000F095
:1065E0004BF973E0652145F2083000F045F90821C8
:1065F00045F2023000F040F968E0652145F20830CC
:1066000000F03AF90C2145F2023000F035F95DE076
:10661000652145F2083000F02FF9102145F20230D3
:1066200000F02AF952E0652145F2083000F024F923
:10663000142145F2023000F01FF947E0652145F2D0
:10664000083000F019F9182145F2023000F014F971
:106650003CE0652145F2083000F00EF9202145F2BA
:10666000023000F009F931E0252145F2083000F050
:1066700003F908214FF4A64000F0FEF8302145F25E
:10668000013000F0F9F8102145F2023000E01BE083
:1066900000F0F2F8002145F2033000F0EDF8082197
:1066A00045F2093000F0E8F8302145F20A3000F0F8
:1066B000E3F8042145F20B3000F0DEF8062145F244
:1066C0000C3000F0D9F801E0022010BD00BF00201E
:1066D000FBE710B50446072C79D2DFE804F0040F7D
:1066E00024394E6379007F2145F2010000F0C4F89F
:1066F00000214FF4AB4000F0BFF876E0FF2145F2F7
:10670000010000F0B9F818214FF4AB4000F0B4F8E4
:10671000802145F2835000F0AFF8802145F284508B
:1067200000F0AAF861E0FF2145F2010000F0A4F8B2
:1067300018214FF4AB4000F09FF8A02145F28350A0
:1067400000F09AF8402145F2845000F095F84CE0B2
:10675000FF2145F2010000F08FF818214FF4AB4003
:1067600000F08AF8402145F2835000F085F8A0211E
:1067700045F2845000F080F837E0FF2145F2010037
:1067800000F07AF818214FF4AB4000F075F8802142
:1067900045F2835000F070F8C02145F2845000F0BB
:1067A0006BF822E0FF2145F2010000F065F81821A6
:1067B0004FF4AB4000F060F8602145F2835000F0E8
:1067C0005BF8602145F2845000F056F80DE00AE0D5
:1067D000FF2145F2010000F04FF840214FF4AB409B
:1067E00000F04AF801E0022010BD00BF0020FBE7E6
:1067F00010B5044624B1012C0DD0022C21D115E096
:10680000002145F23D0000F037F8002144F24170CC
:1068100000F032F817E0802145F23D0000F02CF83E
:10682000002144F2417000F027F80CE0822145F28B
:106830003D0000F021F8002144F2417000F01CF806
:1068400001E0022010BD00BF0020FBE710B543F2BD
:106850000310FEF76DFD044624F00204214643F2C6
:10686000031000F009F8822143F2080000F004F858
:106870000A2000F015F810BD70B504460D462A46F2
:1068800021463C20FEF788FD70BD000010B504468F
:106890000420FDF767FB0148046010BD04000220DE
:1068A00070B50446412094FBF0F594FBF0F100FB39
:1068B000114604E04FF6E85000F00CF86D1E002D74
:1068C000F8D12EB14FF47A7106FB01F000F002F816
:1068D00070BD000070B5034600224FF0E0267569D8
:1068E0000D4E366803FB06F44FF0E026B16910E068
:1068F0004FF0E026B06988420BD0884202D20E1ACF
:10690000324402E02E1A0E4432440146A24200D321
:1069100000E0EDE700BF70BD0400022010B50021CB
:10692000084603F063FB03F007FD10BDFEF7D4FC3F
:1069300004460020FFF7B8FD2044C4B2FEF724FB54
:106940002044C4B2FEF7DEFA2044C4B20020FFF7B0
:1069500002FC2044C4B20420FEF74EFF2044C4B21F
:106960000420FEF77BFE2044C4B20420FFF73FF86A
:106970002044C4B20620FFF7A1FA2044C4B200208C
:10698000FFF7A7FE2044C4B20520FFF72BF92044EF
:10699000C4B20020FFF7FAFD2044C4B20120FFF783
:1069A00003FD2044C4B20020FFF722FF2044C4B2FC
:1069B00013480088B0F5F07F02D14FF4207501E054
:1069C0000F4845880E4908882946FFF79BFD20445B
:1069D000C4B26CB10BA0F9F7FDFC08E000BF0221C6
:1069E0000F48FBF7B3FE00BFC820FFF759FFF5E7DC
:1069F00004E00C4A02210C48FEF79AFBF9E700007C
:106A0000C001022041544B2D4D43353634302069AE
:106A10006E6974206661696C6564210D0A0000006E
:106A2000000402401D6900080000086000BF054A1C
:106A3000D26902F04002002AF9D0C2B2014B9A6238
:106A4000704700000010014010B500BF0022202157
:106A50001048FBF783FE00BF00F01EF800BF0122C4
:106A600010210C48FBF77AFE00BF00F015F800BFBC
:106A7000002210210748FBF771FE00BF00F00CF860
:106A800000BF012220210348FBF768FE00BF00F091
:106A900003F810BD001C024010B50220FFF71AFFDA
:106AA00010BD000000B587B000BF00BF19480068E6
:106AB00040F08000174908600846006800F0800038
:106AC000019000BF00BF00BF00BF00BF08460068C4
:106AD00040F0800008600846006800F080000190E7
:106AE00000BF00BF00BF102002900120039004905F
:106AF0000320059002A90848FBF714FD202002900E
:106B00001120039002A90448FBF70CFD00F0B0F837
:106B100007B000BD30380240001C024010B500BF75
:106B2000012220210C48FBF719FE00BFFFF7B4FF3C
:106B300000BF012210210848FBF710FE00BFFFF73D
:106B4000ABFF00BF002210210348FBF707FE00BF88
:106B5000FFF7A2FF10BD0000001C024070B5054603
:106B6000002400261CE06006040E00BF0122102154
:106B70001048FBF7F3FD00BFFFF78EFF20210D4803
:106B8000FBF7DCFD08B1601CC4B200BF002210217D
:106B90000848FBF7E3FD00BFFFF77EFF701CC6B29D
:106BA000082EE0DB15B9FFF7B9FF01E0FFF74CFF56
:106BB000204670BD001C024070B50446002524E04C
:106BC00000BFE00928B1012220211548FBF7C6FDCE
:106BD00004E0002220211248FBF7C0FD00BFFFF7B0
:106BE0005BFF00BF012210210D48FBF7B7FD00BF7E
:106BF000FFF752FF00BF002210210948FBF7AEFD4E
:106C000000BF6006040E681CC5B2082DD8DB00BFAB
:106C1000012220210248FBF7A1FD00BF70BD00004A
:106C2000001C024010B500BF012220210F48FBF7D5
:106C300095FD00BF00BF012210210C48FBF78EFD1F
:106C400000BFFFF729FF00BF002220210748FBF704
:106C500085FD00BFFFF720FF00BF00221021034881
:106C6000FBF77CFD00BFFFF717FF10BD001C0240C3
:106C700010B500BF002220210C48FBF76FFD00BFBC
:106C8000FFF70AFF00BF012210210848FBF766FD4D
:106C900000BFFFF701FF00BF012220210348FBF7DF
:106CA0005DFD00BFFFF7F8FE10BD0000001C0240B4
:106CB00070B50024002500BF012220211448FBF7F5
:106CC0004DFD00BFFFF7E8FE00BF01221021104874
:106CD000FBF744FD00BFFFF7DFFE07E0601CC4B216
:106CE000FA2C03DDFFF7C4FF012505E02021084849
:106CF000FBF724FD0028F1D100BF00BF00221021C6
:106D00000348FBF72BFD00BFFFF7C6FE284670BD0A
:106D1000001C024000B587B000BF00BF36480068C5
:106D200040F08000344908600846006800F08000A8
:106D3000019000BF00BF00BF00BF00BF0846006851
:106D400040F0800008600846006800F08000019074
:106D500000BF00BF00BF00BF00BF0846006840F092
:106D6000040008600846006800F00400019000BFBD
:106D700000BF00BF00BF00BF0846006840F0010030
:106D800008600846006800F00100019000BF00BFE5
:106D900000BF0820029000200390012004900220F0
:106DA000059002A91548FBF7BDFB042002900020C6
:106DB0000390012004900220059002A90F48FBF7E0
:106DC000B1FB4FF40050029000200390012004908A
:106DD0000220059002A90A48FBF7A4FB01200290BB
:106DE0000020039002200490059002A90548FBF7BB
:106DF00099FB07B000BD000030380240001C024083
:106E0000000802400000024070B5044600260D480C
:106E100005880D48006818B1204603F0E5FA0FE038
:106E20000848408845430021084603F0DFF803F096
:106E300083FA002602E005480480761CAE42FAD3AD
:106E400070BD0000C00102200403022000000860A1
:106E500010B50446604884716048006850B120460F
:106E600003F0E8FA5D48C08A5B4908805B48008B04
:106E7000488010BD002C58D1F020574908804FF4AD
:106E8000A07048800846808845F21051884210D191
:106E90004FF43050504908814FF4285048814FF446
:106EA0002C5088814FF4F07008804FF4487048806F
:106EB0001AE04948808841F6631188420DD12C20A0
:106EC000454908812B2048812A2088814FF4F070A1
:106ED00008804FF44870488006E02C203E49088125
:106EE0002A2048812B2088813B48808845F2103138
:106EF000884205D03848808847F29671884206D18A
:106F00004FF4A070344908804FF4F0704880324844
:106F1000808849F60601884258D14FF4F0702E4916
:106F200008804FF44870488050E04FF4A0702A4920
:106F30000880F02048800846808845F21051884239
:106F400010D14FF43050244908814FF42850488123
:106F50004FF42C5088814FF4487008804FF4F07043
:106F6000488020E01C48808841F66311884205D0A3
:106F70001948808849F6060188420DD12C2016490F
:106F800008812A2048812B2088814FF4487008808E
:106F90004FF4F070488006E02C200F4908812A2029
:106FA00048812B2088810C48808845F21031884226
:106FB00005D00948808847F29671884206D14FF47F
:106FC000F070054908804FF4A0704880002002F05E
:106FD000EFFE00BF4DE70000C001022004030220C5
:106FE00070B505460E4614460848006828B122468A
:106FF0003146284603F034FA07E03146284602F0CD
:10700000F5FF03F099F902490C8070BD04030220DA
:107010000000086010B5CF2003F082F9002003F0D3
:1070200073F9C12003F070F9302003F06DF9ED2001
:1070300003F076F9642003F067F9032003F064F9A4
:10704000122003F061F9812003F05EF9E82003F0DB
:1070500067F9852003F058F9102003F055F97A20DC
:1070600003F052F9CB2003F05BF9392003F04CF91F
:107070002C2003F049F9002003F046F9342003F0F6
:1070800043F9022003F040F9F72003F049F92020EA
:1070900003F03AF9EA2003F043F9002003F034F951
:1070A000002003F031F9C02003F03AF91B2003F06F
:1070B0002BF9C12003F034F9012003F025F9C52094
:1070C00003F02EF9302003F01FF9302003F01CF9F3
:1070D000C72003F025F9B72003F016F9362003F096
:1070E0001FF9482003F010F93A2003F019F9552050
:1070F00003F00AF9B12003F013F9002003F004F9BA
:107100001A2003F001F9B62003F00AF90A2003F06F
:10711000FBF8A22003F0F8F8F22003F001F90020B8
:1071200003F0F2F8262003F0FBF8012003F0ECF85E
:10713000E02003F0F5F80F2003F0E6F82A2003F032
:10714000E3F8282003F0E0F8082003F0DDF80E2033
:1071500003F0DAF8082003F0D7F8542003F0D4F84D
:10716000A92003F0D1F8432003F0CEF80A2003F061
:10717000CBF80F2003F0C8F8002003F0C5F800207A
:1071800003F0C2F8002003F0BFF8002003F0BCF8C1
:10719000E12003F0C5F8002003F0B6F8152003F055
:1071A000B3F8172003F0B0F8072003F0ADF8112072
:1071B00003F0AAF8062003F0A7F82B2003F0A4F8A8
:1071C000562003F0A1F83C2003F09EF8052003F0C0
:1071D0009BF8102003F098F80F2003F095F83F205B
:1071E00003F092F83F2003F08FF80F2003F08CF8A3
:1071F0002B2003F095F8002003F086F8002003F020
:1072000083F8012003F080F83F2003F07DF82A2066
:1072100003F086F8002003F077F8002003F074F8FC
:10722000002003F071F8EF2003F06EF8112003F056
:1072300077F87820FFF734FB292003F071F810BDB0
:1072400010B5FF2003F06CF8FF2003F05DF89820E4
:1072500003F05AF8062003F057F8BC2003F060F85A
:10726000012003F051F80F2003F04EF8612003F0E5
:107270004BF8FF2003F048F8012003F045F8012007
:1072800003F042F80B2003F03FF8102003F03CF825
:10729000372003F039F8632003F036F8FF2003F0BD
:1072A00033F8FF2003F030F8012003F02DF801201F
:1072B00003F02AF8002003F027F8002003F024F858
:1072C000FF2003F021F8522003F01EF8012003F004
:1072D0001BF8002003F018F8402003F015F8BD203B
:1072E00003F01EF8012003F00FF8232003F00CF840
:1072F000452003F009F8672003F006F8012003F0A9
:1073000003F8232003F000F8452002F0FDFF67207A
:1073100002F0FAFFBE2003F003F8002002F0F4FFB1
:10732000012002F0F1FFAB2002F0EEFF602002F03E
:10733000EBFF222002F0E8FF222002F0E5FF2220EE
:1073400002F0E2FF222002F0DFFF222002F0DCFF49
:10735000C72002F0E5FF362002F0D6FFED2002F054
:10736000DFFF7F2002F0D0FF0F2002F0CDFFC02012
:1073700002F0D6FF0F2002F0C7FF0B2002F0C4FF7F
:107380000A2002F0C1FFFC2002F0CAFF082002F030
:10739000BBFFDF2002F0C4FF002002F0B5FF002099
:1073A00002F0B2FF002002F0AFFF002002F0ACFFBD
:1073B000002002F0A9FF202002F0A6FFF32002F037
:1073C000AFFF742002F0A0FFB42002F0A9FF00205C
:1073D00002F09AFF002002F097FF002002F094FFD5
:1073E000F72002F09DFF822002F08EFFB12002F014
:1073F00097FF002002F088FF132002F085FF132082
:1074000002F082FFF22002F08BFF802002F07CFF6E
:10741000042002F079FF402002F076FF282002F0DD
:1074200073FFC12002F07CFF172002F06DFF88205F
:1074300002F06AFF882002F067FF202002F064FF5C
:10744000E02002F06DFF002002F05EFF0A2002F053
:107450005BFF122002F058FF102002F055FF0E20B3
:1074600002F052FF202002F04FFFCC2002F04CFF30
:10747000072002F049FF062002F046FF0B2002F031
:1074800043FF0E2002F040FF0F2002F03DFF0D20D1
:1074900002F03AFF152002F037FF102002F034FF0F
:1074A000002002F031FFE12002F03AFF002002F05C
:1074B0002BFF0B2002F028FF132002F025FF0D20E8
:1074C00002F022FF0E2002F01FFF1B2002F01CFF23
:1074D000712002F019FF062002F016FF062002F0CC
:1074E00013FF0A2002F010FF0F2002F00DFF0E2004
:1074F00002F00AFF0F2002F007FF152002F004FF40
:107500000C2002F001FF002002F0FEFE2A2002F013
:1075100007FF002002F0F8FE002002F0F5FE012037
:1075200002F0F2FEDF2002F0EFFE2B2002F0F8FE68
:10753000002002F0E9FE002002F0E6FE032002F047
:10754000E3FE1F2002F0E0FE3A2002F0E9FE5520A3
:1075500002F0DAFE362002F0E3FE002002F0D4FE54
:10756000112002F0DDFE7820FFF79AF9292002F0C1
:10757000D7FE1420FFF794F92C2002F0D1FE10BDA5
:1075800010B5ED2002F0CCFE012002F0BDFEFE2081
:1075900002F0BAFEEE2002F0C3FEDE2002F0B4FEDE
:1075A000212002F0B1FEF12002F0BAFE012002F02B
:1075B000ABFEDF2002F0B4FE102002F0A5FEC420D6
:1075C00002F0AEFE8F2002F09FFEC62002F0A8FE61
:1075D000002002F099FEE22002F096FEE22002F086
:1075E00093FEE22002F090FEBF2002F099FEAA2056
:1075F00002F08AFEB02002F093FE0D2002F084FE1D
:10760000002002F081FE0D2002F07EFE002002F03C
:107610007BFE112002F078FE002002F075FE19209A
:1076200002F072FE002002F06FFE212002F06CFEDC
:10763000002002F069FE2D2002F066FE002002F01C
:1076400063FE3D2002F060FE002002F05DFE5D2042
:1076500002F05AFE002002F057FE5D2002F054FEB8
:10766000002002F051FEB12002F05AFE802002F00C
:107670004BFE002002F048FE8B2002F045FE002069
:1076800002F042FE962002F03FFE002002F03CFE97
:10769000B22002F045FE002002F036FE002002F08B
:1076A00033FE022002F030FE002002F02DFE032007
:1076B00002F02AFE002002F027FEB32002F030FE86
:1076C000002002F021FE002002F01EFE002002F049
:1076D0001BFE002002F018FE002002F015FE002024
:1076E00002F012FE002002F00FFE002002F00CFE5D
:1076F000002002F009FE002002F006FE002002F049
:1077000003FE002002F000FE002002F0FDFD00203C
:1077100002F0FAFD002002F0F7FD002002F0F4FD77
:10772000002002F0F1FD002002F0EEFD002002F04A
:10773000EBFD002002F0E8FD002002F0E5FD002056
:1077400002F0E2FD002002F0DFFD002002F0DCFD8F
:10775000B42002F0E5FD8B2002F0D6FD002002F0FF
:10776000D3FD962002F0D0FD002002F0CDFDA12037
:1077700002F0CAFD002002F0C7FDB52002F0D0FDE6
:10778000022002F0C1FD002002F0BEFD032002F045
:10779000BBFD002002F0B8FD042002F0B5FD002082
:1077A00002F0B2FDB62002F0BBFD002002F0ACFDFD
:1077B000002002F0A9FDB72002F0B2FD002002F087
:1077C000A3FD002002F0A0FD3F2002F09DFD00205F
:1077D00002F09AFD5E2002F097FD002002F094FD79
:1077E000642002F091FD002002F08EFD8C2002F05A
:1077F0008BFD002002F088FDAC2002F085FD00200A
:1078000002F082FDDC2002F07FFD002002F07CFD12
:10781000702002F079FD002002F076FD902002F049
:1078200073FD002002F070FDEB2002F06DFD0020E2
:1078300002F06AFDDC2002F067FD002002F064FD2A
:10784000B82002F06DFD002002F05EFD002002F085
:107850005BFD002002F058FD002002F055FD0020E5
:1078600002F052FD002002F04FFD002002F04CFD1E
:10787000002002F049FDBA2002F052FD242002F05F
:1078800043FD002002F040FD002002F03DFD0020FD
:1078900002F03AFDC12002F043FD202002F034FD49
:1078A000002002F031FD542002F02EFD002002F0F5
:1078B0002BFDFF2002F028FD002002F025FDC22054
:1078C00002F02EFD0A2002F01FFD002002F01CFD38
:1078D000042002F019FD002002F016FDC32002F082
:1078E0001FFD3C2002F010FD002002F00DFD3A20AB
:1078F00002F00AFD002002F007FD392002F004FD2D
:10790000002002F001FD372002F0FEFC002002F012
:10791000FBFC3C2002F0F8FC002002F0F5FC3620D5
:1079200002F0F2FC002002F0EFFC322002F0ECFC4E
:10793000002002F0E9FC2F2002F0E6FC002002F01B
:10794000E3FC2C2002F0E0FC002002F0DDFC29200A
:1079500002F0DAFC002002F0D7FC262002F0D4FC72
:10796000002002F0D1FC242002F0CEFC002002F026
:10797000CBFC242002F0C8FC002002F0C5FC232030
:1079800002F0C2FC002002F0BFFC3C2002F0BCFC74
:10799000002002F0B9FC362002F0B6FC002002F014
:1079A000B3FC322002F0B0FC002002F0ADFC2F202E
:1079B00002F0AAFC002002F0A7FC2C2002F0A4FC9C
:1079C000002002F0A1FC292002F09EFC002002F021
:1079D0009BFC262002F098FC002002F095FC24205D
:1079E00002F092FC002002F08FFC242002F08CFCBC
:1079F000002002F089FC232002F086FC002002F027
:107A000083FCC42002F08CFC622002F07DFC00208C
:107A100002F07AFC052002F077FC002002F074FCF2
:107A2000842002F071FC002002F06EFCF02002F0D5
:107A30006BFC002002F068FC182002F065FC0020BE
:107A400002F062FCA42002F05FFC002002F05CFC6B
:107A5000182002F059FC002002F056FC502002F0E1
:107A600053FC002002F050FC0C2002F04DFC0020E2
:107A700002F04AFC172002F047FC002002F044FC10
:107A8000952002F041FC002002F03EFCF32002F0C1
:107A90003BFC002002F038FCE62002F035FC002020
:107AA00002F032FCC52002F03BFC322002F02CFC3C
:107AB000002002F029FC442002F026FC002002F005
:107AC00023FC652002F020FC002002F01DFC762043
:107AD00002F01AFC002002F017FC882002F014FCCF
:107AE000002002F011FCC62002F01AFC202002F057
:107AF0000BFC002002F008FC172002F005FC00201F
:107B000002F002FC012002F0FFFB002002F0FCFB6F
:107B1000C72002F005FC002002F0F6FB002002F076
:107B2000F3FB002002F0F0FB002002F0EDFBC82088
:107B300002F0F6FB002002F0E7FB002002F0E4FB7D
:107B4000002002F0E1FB002002F0DEFBC92002F081
:107B5000E7FB002002F0D8FB002002F0D5FB00205C
:107B600002F0D2FB002002F0CFFB002002F0CCFBA1
:107B7000002002F0C9FB002002F0C6FB002002F04A
:107B8000C3FB002002F0C0FB002002F0BDFB002080
:107B900002F0BAFB002002F0B7FB002002F0B4FBB9
:107BA000002002F0B1FB002002F0AEFB002002F04A
:107BB000ABFBE02002F0B4FB162002F0A5FB002096
:107BC00002F0A2FB1C2002F09FFB002002F09CFBB5
:107BD000212002F099FB002002F096FB362002F0F3
:107BE00093FB002002F090FB462002F08DFB00206A
:107BF00002F08AFB522002F087FB002002F084FB97
:107C0000642002F081FB002002F07EFB7A2002F06B
:107C10007BFB002002F078FB8B2002F075FB00203C
:107C200002F072FB992002F06FFB002002F06CFB67
:107C3000A82002F069FB002002F066FBB92002F0E8
:107C400063FB002002F060FBC42002F05DFB00201B
:107C500002F05AFBCA2002F057FB002002F054FB4E
:107C6000D22002F051FB002002F04EFBD92002F09E
:107C70004BFB002002F048FBE02002F045FB002017
:107C800002F042FBF32002F03FFB002002F03CFB3D
:107C9000E12002F045FB162002F036FB002002F046
:107CA00033FB1C2002F030FB002002F02DFB2220D1
:107CB00002F02AFB002002F027FB362002F024FB12
:107CC000002002F021FB452002F01EFB002002F004
:107CD0001BFB522002F018FB002002F015FB642071
:107CE00002F012FB002002F00FFB7A2002F00CFBE6
:107CF000002002F009FB8B2002F006FB002002F0BE
:107D000003FB992002F000FB002002F0FDFAA820FE
:107D100002F0FAFA002002F0F7FAB92002F0F4FAC1
:107D2000002002F0F1FAC42002F0EEFA002002F086
:107D3000EBFACA2002F0E8FA002002F0E5FAD220BD
:107D400002F0E2FA002002F0DFFAD82002F0DCFABA
:107D5000002002F0D9FAE02002F0D6FA002002F06A
:107D6000D3FAF32002F0D0FA002002F0CDFAE2209C
:107D700002F0D6FA052002F0C7FA002002F0C4FA99
:107D80000B2002F0C1FA002002F0BEFA1B2002F024
:107D9000BBFA002002F0B8FA342002F0B5FA002055
:107DA00002F0B2FA442002F0AFFA002002F0ACFA7E
:107DB0004F2002F0A9FA002002F0A6FA612002F09A
:107DC000A3FA002002F0A0FA792002F09DFA002028
:107DD00002F09AFA882002F097FA002002F094FA52
:107DE000972002F091FA002002F08EFAA62002F00D
:107DF0008BFA002002F088FAB72002F085FA002002
:107E000002F082FAC22002F07FFA002002F07CFA2F
:107E1000C72002F079FA002002F076FAD12002F0B1
:107E200073FA002002F070FAD62002F06DFA0020FA
:107E300002F06AFADD2002F067FA002002F064FA2C
:107E4000F32002F061FA002002F05EFAE32002F073
:107E500067FA052002F058FA002002F055FA0A20CD
:107E600002F052FA002002F04FFA1C2002F04CFA05
:107E7000002002F049FA332002F046FA002002F016
:107E800043FA442002F040FA002002F03DFA50206C
:107E900002F03AFA002002F037FA622002F034FAD7
:107EA000002002F031FA782002F02EFA002002F0D1
:107EB0002BFA882002F028FA002002F025FA9720F9
:107EC00002F022FA002002F01FFAA62002F01CFAAB
:107ED000002002F019FAB72002F016FA002002F092
:107EE00013FAC22002F010FA002002F00DFAC720A7
:107EF00002F00AFA002002F007FAD12002F004FA98
:107F0000002002F001FAD52002F0FEF9002002F074
:107F1000FBF9DD2002F0F8F9002002F0F5F9F3207A
:107F200002F0F2F9002002F0EFF9E42002F0F8F993
:107F3000012002F0E9F9002002F0E6F9012002F048
:107F4000E3F9002002F0E0F9022002F0DDF9002060
:107F500002F0DAF92A2002F0D7F9002002F0D4F971
:107F60003C2002F0D1F9002002F0CEF94B2002F0C3
:107F7000CBF9002002F0C8F95D2002F0C5F900201D
:107F800002F0C2F9742002F0BFF9002002F0BCF93F
:107F9000842002F0B9F9002002F0B6F9932002F033
:107FA000B3F9002002F0B0F9A22002F0ADF90020F0
:107FB00002F0AAF9B32002F0A7F9002002F0A4F918
:107FC000BE2002F0A1F9002002F09EF9C42002F0C8
:107FD0009BF9002002F098F9CD2002F095F90020DD
:107FE00002F092F9D32002F08FF9002002F08CF910
:107FF000DD2002F089F9002002F086F9F32002F07A
:1080000083F9002002F080F9E52002F089F90020D0
:1080100002F07AF9002002F077F9002002F074F9FA
:10802000002002F071F9022002F06EF9002002F047
:108030006BF9292002F068F9002002F065F93C2074
:1080400002F062F9002002F05FF94B2002F05CF9C7
:10805000002002F059F95D2002F056F9002002F0EC
:1080600053F9742002F050F9002002F04DF98420F9
:1080700002F04AF9002002F047F9932002F044F997
:10808000002002F041F9A22002F03EF9002002F0A7
:108090003BF9B32002F038F9002002F035F9BE2098
:1080A00002F032F9002002F02FF9C42002F02CF97E
:1080B000002002F029F9CD2002F026F9002002F07C
:1080C00023F9D32002F020F9002002F01DF9DC2072
:1080D00002F01AF9002002F017F9F32002F014F967
:1080E000002002F011F9E62002F01AF9112002F046
:1080F0000BF9002002F008F9342002F005F9002005
:1081000002F002F9562002F0FFF8002002F0FCF81D
:10811000762002F0F9F8002002F0F6F8772002F05D
:10812000F3F8002002F0F0F8662002F0EDF80020ED
:1081300002F0EAF8882002F0E7F8002002F0E4F804
:10814000992002F0E1F8002002F0DEF8BB2002F0F6
:10815000DBF8002002F0D8F8992002F0D5F80020D2
:1081600002F0D2F8662002F0CFF8002002F0CCF83E
:10817000552002F0C9F8002002F0C6F8552002F0A0
:10818000C3F8002002F0C0F8452002F0BDF800203E
:1081900002F0BAF8432002F0B7F8002002F0B4F879
:1081A000442002F0B1F8002002F0AEF8E72002F01F
:1081B000B7F8322002F0A8F8002002F0A5F8552008
:1081C00002F0A2F8002002F09FF8762002F09CF85E
:1081D000002002F099F8662002F096F8002002F0E4
:1081E00093F8672002F090F8002002F08DF86720E5
:1081F00002F08AF8002002F087F8872002F084F865
:10820000002002F081F8992002F07EF8002002F0B0
:108210007BF8BB2002F078F8002002F075F8992076
:1082200002F072F8002002F06FF8772002F06CF88C
:10823000002002F069F8442002F066F8002002F005
:1082400063F8562002F060F8002002F05DF8232069
:1082500002F05AF8002002F057F8332002F054F8E8
:10826000002002F051F8452002F04EF8002002F004
:108270004BF8E82002F054F8002002F045F8002006
:1082800002F042F8992002F03FF8002002F03CF89A
:10829000872002F039F8002002F036F8882002F03A
:1082A00033F8002002F030F8772002F02DF800209B
:1082B00002F02AF8662002F027F8002002F024F8E5
:1082C000882002F021F8002002F01EF8AA2002F017
:1082D0001BF8002002F018F8BB2002F015F800206F
:1082E00002F012F8992002F00FF8002002F00CF8CA
:1082F000662002F009F8002002F006F8552002F08E
:1083000003F8002002F000F8552001F0FDFF0020E6
:1083100001F0FAFF442001F0F7FF002001F0F4FF24
:10832000442001F0F1FF002001F0EEFF552001F0A4
:10833000EBFF002001F0E8FFE92001F0F1FFAA20A7
:1083400001F0E2FF002001F0DFFF002001F0DCFF80
:10835000002001F0D9FF002001F0E2FFAA2001F087
:10836000D3FFCF2001F0DCFF002001F0CDFF002083
:1083700001F0CAFF002001F0C7FF002001F0C4FF98
:10838000002001F0C1FF002001F0BEFF002001F03D
:10839000BBFF002001F0B8FF002001F0B5FF002076
:1083A00001F0B2FF002001F0AFFF002001F0ACFFB0
:1083B000002001F0A9FF002001F0A6FF002001F03D
:1083C000A3FF002001F0A0FF002001F09DFFF0209E
:1083D00001F0A6FF002001F097FF502001F094FF6C
:1083E000002001F091FF002001F08EFF002001F03D
:1083F0008BFFF32001F094FF002001F085FFF920AE
:1084000001F08EFF062001F07FFF102001F07CFFBD
:10841000292001F079FF002001F076FF3A2001F0D9
:108420007FFF552001F070FF112001F079FF6420DB
:10843000FEF736FA292001F073FF352001F070FFB6
:10844000002001F061FF512001F06AFFFF2001F0E0
:108450005BFF532001F064FF2C2001F055FF5520F5
:1084600001F05EFF822001F04FFF2C2001F058FF49
:1084700010BD10B555214FF4704001F067FFAA21DF
:108480004FF2010001F062FF52214FF2020001F0B1
:108490005DFF08214FF2030001F058FF01214FF268
:1084A000040001F053FF0D214FF4304001F04EFF66
:1084B0000D214BF2010001F049FF0D214BF20200AA
:1084C00001F044FF34214FF4364001F03FFF3421E6
:1084D0004BF2016001F03AFF34214BF2026001F0EF
:1084E00035FF0D214FF4314001F030FF0D214BF2EB
:1084F000011001F02BFF0D214BF2021001F026FFBD
:1085000034214FF4374001F021FF34214BF2017048
:1085100001F01CFF34214BF2027001F017FF002123
:108520004FF4324001F012FF00214BF2012001F024
:108530000DFF00214BF2022001F008FF24214FF42F
:10854000384001F003FF24214BF6010001F0FEFE4C
:1085500024214BF6020001F0F9FE01214FF43F40C7
:1085600001F0F4FE0F214FF4334001F0EFFE0F2134
:108570004BF2013001F0EAFE0F214BF2023001F024
:10858000E5FE34214FF4394001F0E0FE34214BF692
:10859000011001F0DBFE34214BF6021001F0D6FE93
:1085A00008214FF4354001F0D1FE08214BF2015073
:1085B00001F0CCFE08214BF2025001F0C7FE03216E
:1085C0004FF4424001F0C2FE24214FF43A4001F042
:1085D000BDFE24214BF6012001F0B8FE24214BF60C
:1085E000022001F0B3FE00214FF43C4001F0AEFE4A
:1085F00078214BF6014001F0A9FE00214BF6024024
:1086000001F0A4FE00214FF43D4001F09FFE7821CF
:108610004BF6015001F09AFE00214BF6025001F09A
:1086200095FE00214FF43E4001F090FE64214BF690
:10863000016001F08BFE00214FF4514001F086FEF5
:1086400033214DF2011001F081FE00214DF20210A4
:1086500001F07CFE34214DF2031001F077FE002181
:108660004DF2041001F072FE3A214DF2051001F0B6
:108670006DFE00214DF2061001F068FE4A214DF218
:10868000071001F063FE00214DF2081001F05EFEBC
:108690005C214DF2091001F059FE00214DF20A1043
:1086A00001F054FE81214DF20B1001F04FFE00212C
:1086B0004DF20C1001F04AFEA6214DF20D1001F012
:1086C00045FE00214DF20E1001F040FEE5214DF275
:1086D0000F1001F03BFE01214DF2101001F036FEAB
:1086E00013214DF2111001F031FE01214DF2121053
:1086F00001F02CFE54214DF2131001F027FE012150
:108700004DF2141001F022FE82214DF2151001F0FD
:108710001DFE01214DF2161001F018FECA214DF286
:10872000171001F013FE02214DF2181001F00EFE99
:1087300000214DF2191001F009FE02214DF21A102C
:1087400001F004FE01214DF21B1001F0FFFD02219A
:108750004DF21C1001F0FAFD34214DF21D1001F014
:10876000F5FD02214DF21E1001F0F0FD67214DF2E2
:108770001F1001F0EBFD02214DF2201001F0E6FD8B
:1087800084214DF2211001F0E1FD02214DF2221071
:1087900001F0DCFDA4214DF2231001F0D7FD0221F0
:1087A0004DF2241001F0D2FDB7214DF2251001F059
:1087B000CDFD02214DF2261001F0C8FDCF214DF272
:1087C000271001F0C3FD02214DF2281001F0BEFD7B
:1087D000DE214DF2291001F0B9FD02214DF22A10DF
:1087E00001F0B4FDF2214DF22B1001F0AFFD02219A
:1087F0004DF22C1001F0AAFDFE214DF22D1001F0DA
:10880000A5FD03214DF22E1001F0A0FD10214DF227
:108810002F1001F09BFD03214DF2301001F096FD69
:1088200033214DF2311001F091FD03214DF2321050
:1088300001F08CFD6D214DF2331001F087FD002118
:108840004FF4524001F082FD33214DF2012001F03E
:108850007DFD00214DF2022001F078FD34214DF222
:10886000032001F073FD00214DF2042001F06EFDA4
:108870003A214DF2052001F069FD00214DF206205C
:1088800001F064FD4A214DF2072001F05FFD002157
:108890004DF2082001F05AFD5C214DF2092001F053
:1088A00055FD00214DF20A2001F050FD81214DF2CD
:1088B0000B2001F04BFD00214DF20C2001F046FD94
:1088C000A6214DF20D2001F041FD00214DF20E20B8
:1088D00001F03CFDE5214DF20F2001F037FD0121B3
:1088E0004DF2102001F032FD13214DF2112001F064
:1088F0002DFD01214DF2122001F028FD54214DF2F1
:10890000132001F023FD01214DF2142001F01EFD82
:1089100082214DF2152001F019FD01214DF21620A2
:1089200001F014FDCA214DF2172001F00FFD0221C4
:108930004DF2182001F00AFD00214DF2192001F03E
:1089400005FD02214DF21A2001F000FD01214DF23A
:108950001B2001F0FBFC02214DF21C2001F0F6FC73
:1089600034214DF21D2001F0F1FC02214DF21E20B8
:1089700001F0ECFC67214DF21F2001F0E7FC022121
:108980004DF2202001F0E2FC84214DF2212001F083
:10899000DDFC02214DF2222001F0D8FCA4214DF291
:1089A000232001F0D3FC02214DF2242001F0CEFC63
:1089B000B7214DF2252001F0C9FC02214DF22620FD
:1089C00001F0C4FCCF214DF2272001F0BFFC0221B1
:1089D0004DF2282001F0BAFCDE214DF2292001F0F1
:1089E000B5FC02214DF22A2001F0B0FCF2214DF23B
:1089F0002B2001F0ABFC02214DF22C2001F0A6FC53
:108A0000FE214DF22D2001F0A1FC03214DF22E207C
:108A100001F09CFC10214DF22F2001F097FC032166
:108A20004DF2302001F092FC33214DF2312001F063
:108A30008DFC03214DF2322001F088FC6D214DF2B6
:108A4000332001F083FC00214FF4534001F07EFC01
:108A500033214DF2013001F079FC00214DF202305A
:108A600001F074FC34214DF2033001F06FFC002161
:108A70004DF2043001F06AFC3A214DF2053001F06C
:108A800065FC00214DF2063001F060FC4A214DF2F8
:108A9000073001F05BFC00214DF2083001F056FC7C
:108AA0005C214DF2093001F051FC00214DF20A30F9
:108AB00001F04CFC81214DF20B3001F047FC00210C
:108AC0004DF20C3001F042FCA6214DF20D3001F0C8
:108AD0003DFC00214DF20E3001F038FCE5214DF255
:108AE0000F3001F033FC01214DF2103001F02EFC6B
:108AF00013214DF2113001F029FC01214DF2123009
:108B000001F024FC54214DF2133001F01FFC01212F
:108B10004DF2143001F01AFC82214DF2153001F0B3
:108B200015FC01214DF2163001F010FCCA214DF266
:108B3000173001F00BFC02214DF2183001F006FC59
:108B400000214DF2193001F001FC02214DF21A30E2
:108B500001F0FCFB01214DF21B3001F0F7FB02217B
:108B60004DF21C3001F0F2FB34214DF21D3001F0CA
:108B7000EDFB02214DF21E3001F0E8FB67214DF2C2
:108B80001F3001F0E3FB02214DF2203001F0DEFB4B
:108B900084214DF2213001F0D9FB02214DF2223027
:108BA00001F0D4FBA4214DF2233001F0CFFB0221D0
:108BB0004DF2243001F0CAFBB7214DF2253001F00F
:108BC000C5FB02214DF2263001F0C0FBCF214DF252
:108BD000273001F0BBFB02214DF2283001F0B6FB3B
:108BE000DE214DF2293001F0B1FB02214DF22A3095
:108BF00001F0ACFBF2214DF22B3001F0A7FB02217A
:108C00004DF22C3001F0A2FBFE214DF22D3001F08F
:108C10009DFB03214DF22E3001F098FB10214DF207
:108C20002F3001F093FB03214DF2303001F08EFB29
:108C300033214DF2313001F089FB03214DF2323006
:108C400001F084FB6D214DF2333001F07FFB0021F8
:108C50004FF4544001F07AFB33214DF2014001F012
:108C600075FB00214DF2024001F070FB34214DF202
:108C7000034001F06BFB00214DF2044001F066FB64
:108C80003A214DF2054001F061FB00214DF2064012
:108C900001F05CFB4A214DF2074001F057FB002137
:108CA0004DF2084001F052FB5C214DF2094001F009
:108CB0004DFB00214DF20A4001F048FB81214DF2AD
:108CC0000B4001F043FB00214DF20C4001F03EFB54
:108CD000A6214DF20D4001F039FB00214DF20E406E
:108CE00001F034FBE5214DF20F4001F02FFB012193
:108CF0004DF2104001F02AFB13214DF2114001F01A
:108D000025FB01214DF2124001F020FB54214DF2D0
:108D1000134001F01BFB01214DF2144001F016FB42
:108D200082214DF2154001F011FB01214DF2164058
:108D300001F00CFBCA214DF2174001F007FB0221A4
:108D40004DF2184001F002FB00214DF2194001F0F4
:108D5000FDFA02214DF21A4001F0F8FA01214DF21C
:108D60001B4001F0F3FA02214DF21C4001F0EEFA33
:108D700034214DF21D4001F0E9FA02214DF21E406E
:108D800001F0E4FA67214DF21F4001F0DFFA022101
:108D90004DF2204001F0DAFA84214DF2214001F039
:108DA000D5FA02214DF2224001F0D0FAA4214DF271
:108DB000234001F0CBFA02214DF2244001F0C6FA23
:108DC000B7214DF2254001F0C1FA02214DF22640B3
:108DD00001F0BCFACF214DF2274001F0B7FA022191
:108DE0004DF2284001F0B2FADE214DF2294001F0A7
:108DF000ADFA02214DF22A4001F0A8FAF2214DF21B
:108E00002B4001F0A3FA02214DF22C4001F09EFA12
:108E1000FE214DF22D4001F099FA03214DF22E4032
:108E200001F094FA10214DF22F4001F08FFA032146
:108E30004DF2304001F08AFA33214DF2314001F019
:108E400085FA03214DF2324001F080FA6D214DF296
:108E5000334001F07BFA00214FF4554001F076FADF
:108E600033214DF2015001F071FA00214DF2025010
:108E700001F06CFA34214DF2035001F067FA002141
:108E80004DF2045001F062FA3A214DF2055001F022
:108E90005DFA00214DF2065001F058FA4A214DF2D8
:108EA000075001F053FA00214DF2085001F04EFA3C
:108EB0005C214DF2095001F049FA00214DF20A50AF
:108EC00001F044FA81214DF20B5001F03FFA0021EC
:108ED0004DF20C5001F03AFAA6214DF20D5001F07E
:108EE00035FA00214DF20E5001F030FAE5214DF235
:108EF0000F5001F02BFA01214DF2105001F026FA2B
:108F000013214DF2115001F021FA01214DF21250BE
:108F100001F01CFA54214DF2135001F017FA01210F
:108F20004DF2145001F012FA82214DF2155001F069
:108F30000DFA01214DF2165001F008FACA214DF246
:108F4000175001F003FA02214DF2185001F0FEF91A
:108F500000214DF2195001F0F9F902214DF21A5099
:108F600001F0F4F901214DF21B5001F0EFF902215B
:108F70004DF21C5001F0EAF934214DF21D5001F080
:108F8000E5F902214DF21E5001F0E0F967214DF2A2
:108F90001F5001F0DBF902214DF2205001F0D6F90B
:108FA00084214DF2215001F0D1F902214DF22250DD
:108FB00001F0CCF9A4214DF2235001F0C7F90221B0
:108FC0004DF2245001F0C2F9B7214DF2255001F0C5
:108FD000BDF902214DF2265001F0B8F9CF214DF232
:108FE000275001F0B3F902214DF2285001F0AEF9FB
:108FF000DE214DF2295001F0A9F902214DF22A504B
:1090000001F0A4F9F2214DF22B5001F09FF9022159
:109010004DF22C5001F09AF9FE214DF22D5001F045
:1090200095F903214DF22E5001F090F910214DF2E7
:109030002F5001F08BF903214DF2305001F086F9E9
:1090400033214DF2315001F081F903214DF23250BC
:1090500001F07CF96D214DF2335001F077F90021D8
:109060004FF4564001F072F933214DF2016001F0E6
:109070006DF900214DF2026001F068F934214DF2E2
:10908000036001F063F900214DF2046001F05EF924
:109090003A214DF2056001F059F900214DF20660C8
:1090A00001F054F94A214DF2076001F04FF9002117
:1090B0004DF2086001F04AF95C214DF2096001F0BF
:1090C00045F900214DF20A6001F040F981214DF28D
:1090D0000B6001F03BF900214DF20C6001F036F914
:1090E000A6214DF20D6001F031F900214DF20E6024
:1090F00001F02CF9E5214DF20F6001F027F9012173
:109100004DF2106001F022F913214DF2116001F0CF
:109110001DF901214DF2126001F018F954214DF2B0
:10912000136001F013F901214DF2146001F00EF902
:1091300082214DF2156001F009F901214DF216600E
:1091400001F004F9CA214DF2176001F0FFF8022185
:109150004DF2186001F0FAF800214DF2196001F0AB
:10916000F5F802214DF21A6001F0F0F801214DF2FC
:109170001B6001F0EBF802214DF21C6001F0E6F8F3
:1091800034214DF21D6001F0E1F802214DF21E6024
:1091900001F0DCF867214DF21F6001F0D7F80221E1
:1091A0004DF2206001F0D2F884214DF2216001F0EF
:1091B000CDF802214DF2226001F0C8F8A4214DF251
:1091C000236001F0C3F802214DF2246001F0BEF8E3
:1091D000B7214DF2256001F0B9F802214DF2266069
:1091E00001F0B4F8CF214DF2276001F0AFF8022171
:1091F0004DF2286001F0AAF8DE214DF2296001F05D
:10920000A5F802214DF22A6001F0A0F8F2214DF2FA
:109210002B6001F09BF802214DF22C6001F096F8D2
:10922000FE214DF22D6001F091F803214DF22E60E8
:1092300001F08CF810214DF22F6001F087F8032126
:109240004DF2306001F082F833214DF2316001F0CF
:109250007DF803214DF2326001F078F86D214DF276
:10926000336001F073F855214FF4704001F06EF84F
:10927000AA214FF2010001F069F852214FF20200D9
:1092800001F064F808214FF2030001F05FF80021BB
:109290004FF2040001F05AF8CC214FF4314001F0B4
:1092A00055F800214BF2011001F050F805214FF460
:1092B000364001F04BF870214FF4374001F046F88A
:1092C00070214BF2017001F041F801214FF4384058
:1092D00001F03CF803214BF6010001F037F80321BF
:1092E0004BF6020001F032F803214BF6030001F0C7
:1092F0002DF802214FF43C4001F028F800214BF6F4
:10930000014001F023F800214BF6024001F01EF865
:10931000D0214FF4494001F019F802214CF6011018
:1093200001F014F850214CF6021001F00FF8502112
:109330004CF6031001F00AF850214CF6041001F02D
:1093400005F800214FF4545001F000F855214FF476
:10935000685000F0FBFF4FF4885000F0E1FF7820E8
:10936000FDF7B8FA4FF4245000F0DAFF10BD10B545
:10937000E22000F0D5FF1D2000F0C6FF022000F023
:10938000C3FF042000F0C0FF6420FDF7A3FAE02033
:1093900000F0C6FF012000F0B7FF0A20FDF780FAB9
:1093A000E02000F0BDFF032000F0AEFF0C20FDF731
:1093B00077FA012000F0B4FF0A20FDF771FAE620E9
:1093C00000F0AEFF2F2000F09FFFFF2000F09CFF79
:1093D000FF2000F099FFB02000F0A2FF202000F055
:1093E00093FF002000F090FF032000F08DFF40F27B
:1093F0001F3000F089FF012000F086FF40F2DF10EF
:1094000000F082FF002000F07FFFB42000F088FF12
:10941000042000F079FF40F21F4000F075FF0020AB
:1094200000F072FF2E2000F06FFF002000F06CFFB4
:10943000002000F069FF002000F066FF002000F02F
:1094400063FFB62000F06CFF022000F05DFF4FF4D8
:10945000037000F059FF002000F056FF172000F0C5
:1094600053FF152000F050FF002000F04DFF0020BA
:1094700000F04AFFF02000F053FF032000F044FF0B
:10948000292000F04DFFD02000F04AFF002000F01E
:109490003BFFBE2000F044FF052000F035FFFE201A
:1094A00000F032FF012000F02FFF002000F02CFF21
:1094B000002000F029FF002000F026FFB82000F077
:1094C0002FFF032000F020FF012000F01DFFBA2035
:1094D00000F026FF012000F017FF10BD10B511208D
:1094E00000F01EFF7820FDF7DBF9362000F018FFB2
:1094F000002000F009FF3A2000F012FF052000F0E4
:1095000003FFB22000F00CFF0C2000F0FDFE0C2049
:1095100000F0FAFE002000F0F7FE332000F0F4FE29
:10952000332000F0F1FEB72000F0FAFE352000F005
:10953000EBFEBB2000F0F4FE322000F0E5FEC02080
:1095400000F0EEFE0C2000F0DFFEC22000F0E8FE8E
:10955000012000F0D9FEC32000F0E2FE102000F050
:10956000D3FEC42000F0DCFE202000F0CDFEC6209B
:1095700000F0D6FE0F2000F0C7FED02000F0D0FE95
:10958000A42000F0C1FEA12000F0BEFEE02000F00B
:10959000C7FED02000F0B8FE002000F0B5FE02208B
:1095A00000F0B2FE072000F0AFFE0A2000F0ACFE93
:1095B000282000F0A9FE322000F0A6FE442000F092
:1095C000A3FE422000F0A0FE062000F09DFE0E202B
:1095D00000F09AFE122000F097FE142000F094FE96
:1095E000172000F091FEE12000F09AFED02000F05C
:1095F0008BFE002000F088FE022000F085FE072090
:1096000000F082FE0A2000F07FFE282000F07CFEA1
:10961000312000F079FE542000F076FE472000F063
:1096200073FE0E2000F070FE1C2000F06DFE17206F
:1096300000F06AFE1B2000F067FE1E2000F064FEB2
:109640002A2000F06DFE002000F05EFE002000F0F9
:109650005BFE002000F058FEEF2000F055FE2B20AE
:1096600000F05EFE002000F04FFE002000F04CFEF7
:10967000012000F049FE3F2000F046FE292000F0C6
:109680004FFE10BD10B5112000F04AFE7820FDF706
:1096900007F9362000F044FE482000F035FE3A205D
:1096A00000F03EFE552000F02FFEF02000F038FEC6
:1096B000C32000F029FEF02000F032FE962000F0DA
:1096C00023FEB42000F02CFE012000F01DFEB62089
:1096D00000F026FE0A2000F017FEA22000F014FE83
:1096E000B72000F01DFEC62000F00EFEB92000F0ED
:1096F00017FE022000F008FEE02000F005FEC0206A
:1097000000F00EFE802000F0FFFD162000F0FCFDB2
:10971000C12000F005FE192000F0F6FDC22000F087
:10972000FFFDA72000F0F0FDC52000F0F9FD162098
:1097300000F0EAFDE82000F0F3FD402000F0E4FD39
:109740008A2000F0E1FD002000F0DEFD002000F0A6
:10975000DBFD292000F0D8FD192000F0D5FDA52063
:1097600000F0D2FD332000F0CFFDE02000F0D8FD66
:10977000F02000F0C9FD072000F0C6FD0D2000F02C
:10978000C3FD042000F0C0FD052000F0BDFD142045
:1097900000F0BAFD362000F0B7FD542000F0B4FD13
:1097A0004C2000F0B1FD382000F0AEFD132000F099
:1097B000ABFD142000F0A8FD2E2000F0A5FD342004
:1097C00000F0A2FDE12000F0ABFDF02000F09CFDD8
:1097D000102000F099FD142000F096FD0E2000F0FE
:1097E00093FD0C2000F090FD082000F08DFD352049
:1097F00000F08AFD442000F087FD4C2000F084FD3D
:10980000262000F081FD102000F07EFD122000F0E7
:109810007BFD2C2000F078FD322000F075FDF0205B
:1098200000F07EFD3C2000F06FFDF02000F078FDA0
:10983000692000F069FD7820FDF732F8212000F062
:109840006FFD292000F06CFD10BD000000B595B043
:1098500001F098F8F84988800846808810B100F037
:10986000E7FE12E200BF00BFF448006840F00800C5
:10987000F24908600846006800F00800019000BF47
:1098800000BF00BF00BF00BF0846006840F00800EE
:1098900008600846006800F00800019000BF00BFA3
:1098A00000BF00BF00BF0846006840F00800086025
:1098B0000846006800F00800019000BF00BF00BF2C
:1098C00000BF00BF0846006840F008000860084676
:1098D000006800F00800019000BF00BF00BF00BF9B
:1098E00000BF0846006840F00200086008460068B3
:1098F00000F00200019000BF00BF00BF8020109068
:109900000220119001201290022013900C2014903C
:1099100010A9CB48F8F706FE2020109010A9C848DF
:10992000F8F700FE1020109010A9C548F8F7FAFDCE
:109930004FF40050109010A9C148F8F7F3FD202013
:1099400010900120119012900320139010A9BD488F
:10995000F8F7E8FD00F0FAF94FF02040BA49086046
:10996000BA484860002088600021B748C1600161A2
:1099700010214161090241628900C1620F200990F2
:1099800000200A9050200B9000200F900F20029092
:10999000002003900F2004900020089002AA09A93B
:1099A000A948FAF766FA3220FCF77AFFD32000F0D4
:1099B000B7FC00F0F3F9A049888000F0EFF99E4968
:1099C000888000F0EBF99C498880084680884FF633
:1099D000FF7101EA00209849888000F0DFF996497C
:1099E00089880843944988800846808849F2413133
:1099F00088427CD0042000F093FC00F0CFF98E491F
:109A0000888000F0CBF98C49888000F0C7F98A493A
:109A10008880084680884FF6FF7101EA0020864959
:109A2000888000F0BBF9844989880843824988808E
:109A30000846808848F25251884203D147F2897023
:109A40007D4988807C48808847F289718842D0D0DF
:109A5000D42000F065FC00F0A1F97749888000F07F
:109A60009DF97549888000F099F973498880084606
:109A700080884FF6FF7101EA00206F49888000F06E
:109A80008DF96D49898808436B498880084680882C
:109A900045F210318842ACD0D32000F041FC00F0F8
:109AA0007DF96549888000F079F96349888000F084
:109AB00075F961498880084680884FF6FF7101EA90
:109AC00000205D49888000F069F95B498988084376
:109AD000594988800846808847F29671884288D024
:109AE00055214FF4704000F031FCAA2100E07EE0E7
:109AF0004FF2010000F02AFC52214FF2020000F068
:109B000025FC08214FF2030000F020FC01214FF258
:109B1000040000F01BFC4FF4454000F001FC00F095
:109B20003DF945498880084680884FF6FF7101EA73
:109B30000020414988804CF2015000F0F1FB00F018
:109B40002DF93D49898808433B4988800520FCF769
:109B5000A7FE3948808845F21051884247D0D3206B
:109B600000F0DEFB00F01AF93349888000F016F9A6
:109B70003149888000F012F92F4988800846808892
:109B80004FF6FF7101EA00202B49888000F006F9AA
:109B9000294989880843284988800846808849F6E9
:109BA0000601884223D0A12000F0BAFB00F0F6F8AD
:109BB0002149888000F0F2F81F4988800846808893
:109BC0004FF6FF7101EA00201B49888000F0E6F89B
:109BD000194989880843184988800846808845F2D1
:109BE0006171884203D141F663101349888012489D
:109BF000808847F28971884202D1FFF76FFC44E008
:109C00000D48808849F24131884202D1FDF702FABD
:109C10003BE00948808845F21031884202D1FDF7C7
:109C2000AFFC32E00448808847F2967188420FD139
:109C3000FFF728FD29E00000C00102203038024073
:109C4000000C02400004024074010220040100A044
:109C50003B48808845F21051884202D1FEF709FC4A
:109C600013E03748808849F60601884202D1FDF7A3
:109C7000E7FA0AE03248808841F66311884204D14D
:109C8000FFF775FB642000F017FB2D48808845F234
:109C90001031884211D02A48808847F29671884254
:109CA0000BD02748808845F21051884205D02448BF
:109CB000808849F6060188420AD102200290049069
:109CC0002049CB6A8A68486802A9F6F77FFD26E03A
:109CD0001B48808849F24131884205D01848808865
:109CE00047F2897188420AD10520029004901549F3
:109CF000CB6A8A68486802A9F6F768FD0FE0104849
:109D0000808841F66311884209D10F2002900490A7
:109D10000C49CB6A8A68486802A9F6F757FD00200B
:109D2000FDF796F800BF012220210748F8F716FD3D
:109D300000BF4FF6FF70FDF767F815B000BD0000DB
:109D4000C001022074010220000402401FB5F8F790
:109D500051FF01208DF8000000208DF801004FF028
:109D6000C04001901B208DF8080000208DF80900EC
:109D70008DF80A0003208DF80B0000208DF80C00F0
:109D80008DF80D008DF80E0001208DF80F0068464B
:109D9000F8F702FF0420F8F743FF1FBD08B503489A
:109DA00000880090BDF8000008BD000000000860B9
:109DB000F0B50546002400278B488079012805D19D
:109DC0008948808841F66311884208D186488079A5
:109DD000F0B98548808841F66311884218D1082D72
:109DE00015D2DFE805F00406080A0C0E101206254D
:109DF0000DE007250BE0042509E0052507E0012516
:109E000005E0002503E0032501E0022500BF00BFB7
:109E1000082D1CD2DFE805F00406090C0F121518F6
:109E200000BF14E044F0800411E044F040040EE070
:109E300044F0C0040BE044F0200408E044F0600467
:109E400005E044F0A00402E044F0E00400BF00BFDD
:109E500036276548808845F21051884200D13F027C
:109E60006148808849F2413188420BD05E48808841
:109E700047F28971884205D05B48808847F2967125
:109E8000884201D144F008042146384600F05EFAC9
:109E90005548808841F6631188421DD004F02000A7
:109EA00068B15148008850494988884214DA4E48C0
:109EB000068840884C490880084646800CE04A489D
:109EC000008849494988884206DD47480688408815
:109ED00045490880084646804348808845F210512D
:109EE000884252D14049488900F01AFA002000F017
:109EF0000BFA3D494989491C88B200F011FA00204B
:109F000000F002FA38494989891C88B200F008FA41
:109F100035490988491EC1F30F2000F0F5F932498F
:109F20004989C91C88B200F0FBF92F490978491EFC
:109F3000C8B200F0E9F92C49888900F0F1F9002055
:109F400000F0E2F928498989491C88B200F0E8F953
:109F5000002000F0D9F924498989891C88B200F0D1
:109F6000DFF921494988491EC1F30F2000F0CCF9DF
:109F70001D498989C91C88B200F0D2F91A4989782B
:109F8000491EC8B200F0C0F92DE01749488900F019
:109F9000C7F9002000F0B8F9002000F0B5F9124927
:109FA0000988491EC1F30F2000F0AEF90E49097867
:109FB000491EC8B200F0A8F90B49888900F0B0F931
:109FC000002000F0A1F9002000F09EF90649498820
:109FD000491EC1F30F2000F097F903498978491E03
:109FE000C8B200F091F9F0BDC001022010B50246E0
:109FF0000C464548808841F66311884247D1424863
:10A000008079A8B940480088401E801A82B23E4933
:10A01000488900F085F9002000F076F9002000F072
:10A0200073F9101200F070F9D0B200F06DF916E07B
:10A030003549488900F074F9101200F065F9D0B282
:10A0400000F062F930490988491EC1F30F2000F081
:10A050005BF92D490978491EC8B200F055F92A4923
:10A06000888900F05DF9201200F04EF9E0B200F0AE
:10A070004BF925494988491EC1F30F2000F044F9E6
:10A0800021498978491EC8B200F03EF93AE01E48DD
:10A09000808845F21051884220D11B49488900F040
:10A0A0003FF9101200F030F917494989491C88B26C
:10A0B00000F036F9D0B200F027F91349888900F092
:10A0C0002FF9201200F020F90F498989491C88B224
:10A0D00000F026F9E0B200F017F913E00A494889C8
:10A0E00000F01EF9101200F00FF9D0B200F00CF9D8
:10A0F0000549888900F014F9201200F005F9E0B252
:10A1000000F002F910BD0000C00102202DE9FC5F43
:10A1100080460E4615461C46B3460020019000902E
:10A120002046E31704EB5373DB1021464FEAE47C2F
:10A1300004EB5C7C4FEAEC0CA4EBCC0CBCF1000F04
:10A1400002D04FF0010C01E04FF0000C63442246B6
:10A1500004EBD27C4FEA6C0C03FB0CF3DBB20193F3
:10A16000A5F12000C5B20C2C06D0102C0BD0182C59
:10A170000ED0202C18D112E005EB45002D4901EB43
:10A180008000009012E02C4800EB051000900DE0DC
:10A1900005EBC500294901EB8000009006E0284846
:10A1A00000EB8510009001E0BDE8FC9F00BF002798
:10A1B0003AE0009810F807904FF0000A2EE009F0FE
:10A1C000800028B1314640460D9AFCF709FF07E0B0
:10A1D0000C9828B91B48314602684046FCF700FF3E
:10A1E0004FEA49604FEA1069701C86B216484088F1
:10A1F000B04200DCD8E7A6EB0B00A0420AD15E46D5
:10A2000008F101001FFA80F80F480088404500DC83
:10A21000CAE706E00AF1010000F0FF0ABAF1080FF0
:10A22000CDDB00BF781CC7B201988742C1DB00BFFD
:10A23000BAE70000B2AE000826B3000816B900085D
:10A2400072C6000820000220C00102202DE9FC5F38
:10A2500004460D4690469946DDE90D7A0C9E04F0C1
:10A26000FF0B08EB04001FFA80F809EB05001FFA4A
:10A2700080F917E0444502DB5C46A81985B24D45DC
:10A2800000DB15E00020CDE9000A3A783346294684
:10A290002046FFF73BFF304606EBD07104EB61012F
:10A2A0008CB27F1C38787E2802DC38782028E1DAEE
:10A2B00000BFBDE8FC9F000000B50246BE2000F0D4
:10A2C0002FF8052000F020F800EE102AB8EE400B21
:10A2D0009FED0B1B20EE010BBCEEC00B10EE101A15
:10A2E00088B200F011F8012000F00EF8FF2000F015
:10A2F0000BF8002000F008F8002000F005F800BD81
:10A30000666666666666044001B5BDF800000090AA
:10A31000BDF800000149088008BD00000000086089
:10A3200001B5BDF800000090BDF8000001490880AB
:10A3300008BD0000FEFF076002480089024908804E
:10A3400070470000C0010220FEFF0760024A108033
:10A35000921C118070470000FEFF076000B587B0B7
:10A3600000BF00BF1E48006840F002001C490860A2
:10A370000846006800F00200019000BF00BF00BF67
:10A3800000BF00BF0846006840F0020008600846B1
:10A39000006800F00200019000BF00BF00BF022073
:10A3A00002900120039004900220059002A90D481C
:10A3B000F8F7B8F80120029002A90A48F8F7B2F8B5
:10A3C00000BF012202210748F8F7C8F900BF00BF0B
:10A3D000012211460348F8F7C1F900BF07B000BDDC
:10A3E000303802400004024018B504460648009484
:10A3F000008B401E83B20448C08A401E82B20021F6
:10A40000084600F055F818BD0403022070B5A4B04A
:10A4100004460E46154608200090059407960B95B5
:10A420006846F8F7C9FC10B9002024B070BD0120BF
:10A43000FBE700000949487530B98988074AD1828D
:10A4400011460988118308E0012806D103490988CB
:10A45000024AD18211468988118370470403022081
:10A4600070B5114B5B7D6BB10F4BDB690E4D2D68E9
:10A4700005FB01056B430C4D2D7D0C4E56F8255008
:10A48000EA520FE0084B1D685B681B1A5B1E05FB58
:10A490000313054DED696B43034D2D7D034E56F8B7
:10A4A0002550EA5270BD000004030220240002205F
:10A4B0002DE9F04F04460D461E464FF0000CDFF824
:10A4C000609199F81590B9F1000F04D02046294603
:10A4D000134637462DE0DFF84891D9F804909145AE
:10A4E00007D8DFF83C91B9F80490A9F101091FFAE7
:10A4F00089F2DFF82C91D9F80490A14507D8DFF84C
:10A500002091B9F80490A9F101091FFA89F42846AD
:10A51000DFF80C91D9F80490A9EB0209A9F1010127
:10A520003346DFF8FC90D9F80490A9EB0409A9F1AF
:10A530000107DFF8EC90B9F80090A3EB000A0AF1EC
:10A54000010AA9EB0A091FFA89F8DFF8D49099F8F3
:10A550001490DFF8D0A05AF82990DFF8C4A0DAF8F8
:10A560001CA0DFF8BCB0DBF800B00BFB010B0AFB52
:10A570000B9EDFF8B490D9F8009049F40009DFF899
:10A58000A8A0CAF800904FF44039DFF8A0A0CAF89C
:10A5900000904FF00209CAF83490D146C9F84080C3
:10A5A000D9F8009029F00109CAF80090D146C9F8FD
:10A5B0003CE0A7EB010909F10109A3EB000A0AF14C
:10A5C000010A49EA0A49DFF864A0CAF84490DDF8B4
:10A5D0002490CAF83890D146D9F8009049F0010982
:10A5E000CAF8009005E00CF1010CBCF5001F00D387
:10A5F00008E0DFF83890D9F8049009F00209B9F1C1
:10A60000000FF0D000BFDFF82490D9F8089049F08F
:10A610000209DFF818A0CAF80890BDE8F08F000022
:10A6200004030220240002203038024000B002401F
:10A630001FB5002400F0A6F9044644F242308442DB
:10A6400018D14FF4F0709E4908604FF4887048604C
:10A65000012008814881282088810820C8810520A0
:10A66000088208204882820304214FF49070FFF78B
:10A67000CDFE82E047F28400844219D14FF4487045
:10A680008F4908604FF4F0704860012008814881CC
:10A690002E2088811720C881D22008821620488267
:10A6A0004FF4803203214FF4C670FFF7AFFE64E031
:10A6B00047F2160084421AD14FF480608049086046
:10A6C0004FF41670486014200881032048818C20C4
:10A6D00088811420C881A02008820C2048824FF471
:10A6E000803202214FF4B470FFF790FE45E047F24C
:10A6F0001800844207D14FF4A060714908604FF4FC
:10A700004870486039E044F2843084421AD14FF4F2
:10A7100048706B4908604FF4F07048605820888199
:10A7200028200882302008812020C8810D204882FE
:10A73000032048814FF4803203214FF4C670FFF7A5
:10A7400065FE1AE041F21800844216D14FF4A06071
:10A750005B4908604FF4487048608C2088810A206B
:10A7600008820881C8814882032048814FF48032E2
:10A7700002214FF4B470FFF749FE51480088514957
:10A7800008804F488088488002204D49C8614E4863
:10A790004E4908604E484F4908600020486000213B
:10A7A0004C488160C16000204A4981F8A10041F213
:10A7B0001800844204D14FF080514648016102E004
:10A7C0000021444801613E480089401E41494861DA
:10A7D0003B484089401E8861394800893849898949
:10A7E0000844401E3B49C861354840893449C989FD
:10A7F0000844401E37490862314800893049898938
:10A8000008442F4909680844401E324948622C48D0
:10A8100040892B49C9890844294949680844401E90
:10A820002C49886226480089254989890844244999
:10A83000096808442249098A0844401E2549C8621B
:10A840001F4840891E49C98908441D494968084470
:10A850001B49498A0844401E1E49086300211D48BF
:10A8600080F8361080F8351080F83410F7F7FCFFC8
:10A87000002007210622CDE90002CDE9021013488D
:10A88000FF2302220168002000F028F80C4880888D
:10A8900080B200900A48008883B200221146104618
:10A8A00000F058F8002000F0D5F8012220210A48D5
:10A8B000F7F754FF4FF0FF30FFF796FD1FBD000084
:10A8C00004030220C0010220000000C02400022076
:10A8D0000068014004020220000402402DE9F04F0C
:10A8E0008DB005460E4617469846DDE917ABDDF8F4
:10A8F0005890199C00200090029014480068019024
:10A900001248406803900497CDF81480CDF8189051
:10A910004FEA0A200790CDF820B009960B4800684E
:10A920000A900A4840680B90002001148DF83210FC
:10A9300001128DF83110E0B28DF830002A466946D8
:10A940000348F7F761FF0DB0BDE8F08F0403022064
:10A95000040202202DE9F04104460E4617461D462A
:10A96000DDF8188023463A4631460548F8F7A8F83E
:10A970002346424629460248F8F7D8F8BDE8F08158
:10A980000402022010B586B0002400BF2E480068E3
:10A9900040F040002C4908600846006800F0400084
:10A9A000009000BF00BF00BF0846006840F4807000
:10A9B00008600846006800F48070009000BF00BF87
:10A9C0004020019000200290012003900320049079
:10A9D00001A91E48F7F7A6FD8420019001A91C4893
:10A9E000F7F7A0FD0220FBF775FF40211748F7F7A6
:10A9F000A5FE044604211648F7F7A0FE44EA4000ED
:10AA0000C4B280211248F7F799FE44EA8000C4B22C
:10AA1000062C17D2DFE804F003070A0D101344F2E6
:10AA2000423006B010BD47F28400FAE747F2160044
:10AA3000F7E747F21800F4E744F28430F1E741F217
:10AA40001800EEE70020ECE7303802400018024022
:10AA500000200240014908757047000004030220ED
:10AA600010B500F085F9F7F791FE092302221921AC
:10AA70004FF4D87000F08AF9D820FBF707FF4FF4A5
:10AA8000E13000F0E5F9FFF769FCFCF743F900F06D
:10AA900079F8FEF7DBFE00F007F800F0F1F8FBF7BD
:10AAA00045FF002010BD000010B586B0002400BF97
:10AAB00000BF1648006840F00200144908600846CC
:10AAC000006800F00200009000BF00BF00BF8814C3
:10AAD000019000200290012003900320049001A91E
:10AAE0000B48F7F71FFDFBF7DDFFFCF79BF8402055
:10AAF000FCF762F8FCF7DCF80446FCF7B9F8FF2035
:10AB000000F02CF8204606B010BD0000303802409E
:10AB10000004024010B50024FCF784F84120FCF743
:10AB20004BF8FCF7C5F80020FCF718F80446FCF7D2
:10AB30009FF8204610BD70B504460E46FFF7EAFFA9
:10AB400005461EB90120A040854303E00120A04036
:10AB50002843C5B2284600F001F870BD10B5044680
:10AB6000FCF760F84020FCF727F8FCF7A1F8204636
:10AB7000FCF722F8FCF79CF8FCF77AF80A20FBF7C0
:10AB80008FFE10BD00B587B0184819490860002035
:10AB900048600121164881600821C16010210161CF
:10ABA000402141614FF4C07181610021C1614FF4C6
:10ABB0000061016249004162490081620220009007
:10ABC0000820019006200290039002200490059036
:10ABD000069069460648F9F76DF800F00BF840F268
:10ABE00037310348F9F714F907B000BD400100A060
:10ABF000D001022010B5002400230122114618467E
:10AC000000F01AF84FF4FA70FBF764FE00230122FB
:10AC10000221184600F010F80023082203211846EC
:10AC200000F00AF84FF40C7423460122042100209E
:10AC300000F002F810BD00002DE9FF4104460D466A
:10AC400016461F464FF0000814B94FF0100803E0F5
:10AC5000012C01D14FF008080095CDF80480029630
:10AC600003974FF4805269460448F9F7E5F818B99C
:10AC7000002004B0BDE8F0810120FAE7D0010220F5
:10AC80000EB54FF478401DA120221346CDE90021D6
:10AC90000290DC220A210846FFF7D8FA4FF47840E8
:10ACA00018A118221346CDE900210290DC222F21A1
:10ACB0000A20FFF7CBFA4FF4784015A11022134673
:10ACC000CDE900210290DC224C210A20FFF7BEFAD8
:10ACD00013A0F5F77FFB13A0F5F77CFB1AA0F5F79F
:10ACE00079FB1BA0F5F776FB1DA0F5F773FB0DA014
:10ACF000F5F770FB13A0F5F76DFB0EBD53544D3304
:10AD00003200000041544B2D4D43353634300000A5
:10AD100041544F4D40414C49454E54454B00000075
:10AD20000A0000002A2A2A2A2A2A2A2A2A2A2A2A21
:10AD30002A2A2A2A2A2A2A2A2A2A2A2A2A2A2A2A73
:10AD40002A2A2A2A0D0A000053544D33320D0A00D4
:10AD500041544B2D4D43353634300D0A0000000070
:10AD600041544F4D40414C49454E54454B0D0A000E
:10AD700010B5F9F7B5FCF9F765FC0348006840F039
:10AD800004000149086010BD9CEF00E02DE9F0418E
:10AD900094B080460D4616461F460024342107A86D
:10ADA000F5F756FB142102A8F5F752FB00BF264821
:10ADB000006840F08050244908600846006800F0B0
:10ADC0008050019000BF00BF00BF2048006840F4E1
:10ADD00040401E4908600846006800F44040019069
:10ADE00000BF00BF012007900004089002200D90D2
:10ADF00041050E91CDF840800F951196129707A846
:10AE0000F8F7CEFC04461CB1012014B0BDE8F08177
:10AE1000F7F78AFF04460CB10120F6E70F200290F5
:10AE200002200390002004904FF4A05005904FF4AE
:10AE300080500690072102A8F8F76AFB04460CB17F
:10AE40000120E2E70020E0E74038024000700040C7
:10AE500010B5044609480A490860084644600021C4
:10AE60008160C160016181610C214161F9F78AF95A
:10AE7000012204490248F9F71FFA10BD00100140F1
:10AE8000F40002200E0002204FF04070E1EE100AA4
:10AE900070470000000000000000010203040607E4
:10AEA0000809000000000102030400061016000655
:10AEB000101600000000000000000000000000006C
:10AEC00000003F4000000000000000003000400093
:10AED00030004000000009000BC03D000BC03D00E9
:10AEE000090018C024407FE0224031800000180093
:10AEF00024C01B000D803240018003801C4027408D
:10AF00001C800740004010006000000000000000AE
:10AF100000000000000000001F80204040200000D2
:10AF2000402020401F8000000000090006001F8014
:10AF3000060009000000040004003F800400040033
:10AF4000000000100060000000000000000004008D
:10AF500004000400040004000000000000400000A1
:10AF6000000000000000002001C006003800400082
:10AF700000001F802040204020401F800000000073
:10AF800010403FC000400000000018C02140224097
:10AF900024401840000010802040244024401B80A2
:10AFA000000002000D0011003FC0014000003C8085
:10AFB000244024402440238000001F80244024405B
:10AFC0003440038000003000200027C038002000FB
:10AFD00000001B802440244024401B8000001C00F3
:10AFE00022C0224022401F800000000000000840D4
:10AFF00000000000000000000000046000000000ED
:10B000000000000004000A001100208040400900F8
:10B0100009000900090009000000000040402080EC
:10B0200011000A000400180020002340240018002A
:10B0300000001F802040274029401F4000000040A2
:10B0400007C039000F0001C0004020403FC024402D
:10B0500024401B8000001F80204020402040308082
:10B06000000020403FC0204020401F8000002040C2
:10B070003FC024402E4030C0000020403FC024404C
:10B080002E00300000000F0010802040224033804E
:10B09000020020403FC0040004003FC02040204088
:10B0A00020403FC0204020400000006020202020A1
:10B0B0003FC02000200020403FC024400B0030C093
:10B0C000204020403FC020400040004000C03FC022
:10B0D0003C0003C03C003FC0000020403FC00C408B
:10B0E00023003FC020001F802040204020401F80C0
:10B0F000000020403FC024402400180000001F80B2
:10B100002140214020E01FA0000020403FC02440FB
:10B11000260019C0004018C024402440224031803D
:10B120000000300020403FC02040300000002000E0
:10B130003F80004000403F80200020003E0001C0D2
:10B14000070038002000380007C03C0007C0380066
:10B150000000204039C0060039C020400000200017
:10B16000384007C0384020000000304021C0264051
:10B17000384020C00000000000007FE04020402058
:10B180000000000070000C00038000400000000080
:10B19000402040207FE00000000000002000400030
:10B1A000200000000000001000100010001000102F
:10B1B000001000000000400000000000000000003F
:10B1C00002800540054003C0004020003FC004400D
:10B1D0000440038000000000038004400440064057
:10B1E000000000000380044024403FC000400000F5
:10B1F00003800540054003400000000004401FC0DC
:10B20000244024402000000002E005500550065074
:10B21000042020403FC00440040003C00040000060
:10B22000044027C00040000000000010001004107F
:10B2300027E00000000020403FC00140070004C09C
:10B240000440204020403FC000400040000007C0B4
:10B25000040007C0040003C00000044007C004400D
:10B26000040003C000400000038004400440038049
:10B270000000041007F004500440038000000000A8
:10B2800003800440045007F00010044007C002404F
:10B29000040004000000000006400540054004C012
:10B2A0000000000004001F80044000400000040073
:10B2B00007800040044007C000400400070004C0AD
:10B2C000018006000400060001C0070001C006005E
:10B2D0000000044006C0010006C004400000041045
:10B2E000071004E00180060004000000044005C0CF
:10B2F0000640044000000000000004007BE0402005
:10B300000000000000000000FFF00000000000004E
:10B3100040207BE00400000000004000800040006E
:10B32000200020004000000000000000000000009D
:10B330000000000000000000000000001FCC000C16
:10B34000000000000000000008003000600008005D
:10B35000300060000000022003FC1E20022003FCDD
:10B360001E200220000000000E1811043FFF108470
:10B370000C78000000000F0010840F3800C0077820
:10B3800018840078000000780F8410C411240E98EF
:10B3900000E400840008080068007000000000005D
:10B3A00000000000000000000000000007E0181886
:10B3B000200440020000000040022004181807E0AA
:10B3C0000000000000000240024001800FF00180F8
:10B3D0000240024000000080008000800FF80080E2
:10B3E0000080008000000001000D000E0000000041
:10B3F000000000000000000000800080008000804D
:10B400000080008000800000000C000C00000000A4
:10B41000000000000000000000060018006001802D
:10B42000060018002000000007F0080810041004AF
:10B43000080807F000000000080408041FFC0004CE
:10B4400000040000000000000E0C10141024104432
:10B4500011840E0C000000000C18100411041104DB
:10B4600012880C700000000000E00320042408246F
:10B470001FFC0024000000001F9810841104110418
:10B48000108810700000000007F0088811041104F3
:10B4900018880070000000001C00100010FC130051
:10B4A0001C001000000000000E38114410841084AD
:10B4B00011440E38000000000700088C10441044AE
:10B4C000088807F00000000000000000030C030CD7
:10B4D0000000000000000000000000010106000064
:10B4E0000000000000000000008001400220041065
:10B4F000080810040000022002200220022002207E
:10B50000022002200000000010040808041002209D
:10B5100001400080000000000E001200100C106CB2
:10B5200010800F00000003E00C1813E4142417C46B
:10B53000082807D000000004003C03C41C4007405A
:10B5400000E4001C000410041FFC11041104110489
:10B550000E880070000003E00C18100410041004A2
:10B5600010081C10000010041FFC1004100410042C
:10B57000080807F0000010041FFC1104110417C490
:10B5800010040818000010041FFC1104110017C05B
:10B5900010000800000003E00C1810041004104410
:10B5A0001C780040000010041FFC10840080008004
:10B5B00010841FFC10040000100410041FFC100471
:10B5C00010040000000000030001100110011FFE24
:10B5D00010001000000010041FFC1104038014640C
:10B5E000181C1004000010041FFC100400040004C8
:10B5F0000004000C000010041FFC1F0000FC1F00D2
:10B600001FFC1004000010041FFC0C04030000E0E9
:10B6100010181FFC100007F0080810041004100494
:10B62000080807F0000010041FFC10841080108030
:10B6300010800F00000007F0081810241024101CC0
:10B64000080A07F2000010041FFC1104110011C0C9
:10B6500011300E0C000400000E1C11041084108424
:10B6600010441C3800001800100010041FFC1004C7
:10B6700010001800000010001FF81004000400045F
:10B6800010041FF8100010001E0011E0001C0070D4
:10B6900013801C0010001FC0103C00E01F0000E0E1
:10B6A000103C1FC000001004180C163401C001C06B
:10B6B0001634180C100410001C00130400FC1304B2
:10B6C0001C00100000000804101C106410841304F7
:10B6D0001C04101800000000000000007FFE400263
:10B6E000400240020000000030000C0003800060B7
:10B6F000001C0003000000004002400240027FFEE8
:10B700000000000000000000000020004000400099
:10B7100040002000000000010001000100010001C4
:10B720000001000100010000400040002000000076
:10B7300000000000000000000098012401440144C2
:10B74000014400FC000410001FFC008801040104F7
:10B7500000880070000000000070008801040104EF
:10B76000010400880000000000700088010401044A
:10B7700011081FFC0004000000F8014401440144CA
:10B78000014400C800000000010401040FFC110482
:10B79000110411001800000000D601290129012917
:10B7A00001C90106000010041FFC00840100010013
:10B7B000010400FC000400000104190419FC000449
:10B7C0000004000000000000000300010101190155
:10B7D00019FE0000000010041FFC0024004001B40A
:10B7E000010C010400000000100410041FFC000400
:10B7F000000400000000010401FC0104010001FC40
:10B800000104010000FC010401FC008401000100AE
:10B81000010400FC0004000000F80104010401041C
:10B82000010400F80000010101FF0085010401048A
:10B83000008800700000000000700088010401040E
:10B84000010501FF00010104010401FC0084010461
:10B85000010001800000000000CC0124012401242B
:10B8600001240198000000000100010007F8010414
:10B87000010400000000010001F8000400040004BD
:10B88000010801FC0004010001800170000C00109F
:10B8900001600180010001F0010C003001C00030A6
:10B8A000010C01F0010000000104018C0074017022
:10B8B000018C01040000010101810171000E0018DA
:10B8C00001600180010000000184010C0134014489
:10B8D0000184010C000000000000000000000100D5
:10B8E0003EFC400240020000000000000000FFFF9C
:10B8F0000000000000000000400240023EFC010089
:10B900000000000000000000600080008000400097
:10B9100040002000200000000000000000000000A7
:10B920000000000000000000000000000000000017
:10B930000000000000000000000000000000000007
:10B940000000000000000000000F80380FFE380FDC
:10B95000803800000000000000000000000000002F
:10B96000000000000100000600000C00003800008C
:10B970003100000600000C0000380000300000001C
:10B9800000000000000061800067F807F980006196
:10B99000800061800061800061800067F807F980A5
:10B9A00000618000000000000000000001C0E00312
:10B9B000E0F00630080418081FFFFE040E08078791
:10B9C000F00381E000000000000001F000060C0020
:10B9D000040408060C7001F9C0000E00003BE000F2
:10B9E000EC18070808040C180003E0000000000130
:10B9F000E00007F003F818041C0804170807E1D05A
:10BA000003C0E00023B0003C080020080000100044
:10BA100000000000000100003100003200001C00A6
:10BA20000000000000000000000000000000000016
:10BA30000000000000000000000000000000000006
:10BA40000000000000007F0001FFC00780F00C0034
:10BA50001810000420000200000000000020000276
:10BA60001000040C00180780F001FFC0007F0000E8
:10BA700000000000000000000000000000000000C6
:10BA800000004200006600006600003C0000180054
:10BA900003FFC0001800003C0000660000660000C4
:10BAA0004200000000000800000800000800000834
:10BAB0000000080001FFC0000800000800000800A6
:10BAC0000008000008000000000000010000310034
:10BAD000003200001C000000000000000000000018
:10BAE000000000000000000000000000000008004E
:10BAF000000800000800000800000800000800001E
:10BB00000800000800000800000800000000000015
:10BB1000000000000000380000380000380000007D
:10BB20000000000000000000000000000000000015
:10BB3000000000000000000600001C000070000172
:10BB400080000E0000380000C0000700001C00004C
:10BB5000300000000000000000007F8001FFE003D3
:10BB6000807006001804000804000806001803800E
:10BB70007001FFE0007F8000000000000000000076
:10BB800001000801000801000803FFF807FFF800A2
:10BB9000000800000800000800000000000000008D
:10BBA0000001C03802C058040098040118040218AB
:10BBB000040418061C1803F81801E0F8000000003F
:10BBC000000000000001C0E003C0F0040008040809
:10BBD0000804080806180803F41801E7F00001E05B
:10BBE000000000000000000000000300000D000045
:10BBF000110000610000810803010807FFF80FFF32
:10BC0000F80001080001080000000000000000E04A
:10BC100007FCD006080806100806100806100806DB
:10BC20001838060FF00607C00000000000000000F2
:10BC300000003F8001FFE003843002081804100870
:10BC4000041008041008071810030FF00007C000C4
:10BC5000000000000000000003C000070000060014
:10BC6000000600F80607F806180006E000070000C6
:10BC700006000000000000000001E1E003F7F0060C
:10BC80003410041808041808040C08040C080616DC
:10BC90001803F3F001C1E000000000000000F8000C
:10BCA00003FC3003063804020804020804020804F6
:10BCB00004100308F001FFC0007F00000000000036
:10BCC00000000000000000000000000000007038CC
:10BCD0000070380070380000000000000000000014
:10BCE0000000000000000000000000000000000054
:10BCF0000000301A00301C000000000000000000AE
:10BD0000000000000000000000000000000800002B
:10BD10001400002200004100008080010040020069
:10BD200020040010080008000000000000002100AE
:10BD3000002100002100002100002100002100005E
:10BD4000210000210000210000210000000000006F
:10BD5000000000000800080400100200200100405C
:10BD60000080800041000022000014000008000054
:10BD7000000000000003C00004C000040000080030
:10BD800038080F380808380810000C300007E000A9
:10BD900003C000000000000000003F8000FFE0033F
:10BDA0008070020F1006708804C088048308047F26
:10BDB0008802C09003012000FE4000000800001827
:10BDC0000001F8003E0801C20007020007E200007F
:10BDD000FE00001FC80001F8000038000008040041
:10BDE0000807FFF807FFF804080804080804080813
:10BDF00004080806180803F41801E7F00001E00041
:10BE00000000000000003F8001FFE003807002009E
:10BE100018040008040008040008040010060020AC
:10BE20000780C000000004000807FFF807FFF804BF
:10BE30000008040008040008040018020010038031
:10BE40007001FFE0007F8000000004000807FFF899
:10BE500007FFF80408080408080408080408080490
:10BE60003E080400080600180100600000000400FD
:10BE70000807FFF807FFF804080804080004080092
:10BE8000040800043E0006000006000001800000D7
:10BE90000000000000003F8001FFE003807006000A
:10BEA000180400080402080402080203F00783F0E3
:10BEB00000020000020004000807FFF807FFF80472
:10BEC0000808000800000800000800000800040836
:10BED0000807FFF807FFF804000800000000000052
:10BEE00004000804000804000807FFF807FFF8042E
:10BEF0000008040008040008000000000000000022
:10BF00000000000600000700000104000104000119
:10BF100004000307FFFE07FFFC0400000400000408
:10BF2000000004000807FFF807FFF8040C080018D9
:10BF300000003E0004C7800503C80600F80400386E
:10BF400004001800000804000807FFF807FFF804C1
:10BF500000080000080000080000080000080000B9
:10BF60000800001800006000000004000807FFF847
:10BF700007800807FC00007FC00003F80007C0002E
:10BF8000780007800807FFF807FFF804000804009E
:10BF90000807FFF807000803C00000E000003800B1
:10BFA000001E000007000001C00400F007FFF804B5
:10BFB0000000000000007F8001FFE00380700600A9
:10BFC0001804000804000806001803003001FFE010
:10BFD000007F8000000004000807FFF807FFF80456
:10BFE0000408040400040400040400040400060C13
:10BFF0000003F80001F000000000000000007F8056
:10C0000001FFE00380700600880400880400C80671
:10C01000003C03003E01FFE6007F840000000400B6
:10C020000807FFF807FFF8040808040800040C00DC
:10C03000040F00040BC00610F003F03801E0080004
:10C04000000800000001E0F803F03006301004188A
:10C0500008041808040C08040C080206180207F06B
:10C060000781E000000001800006000004000004D9
:10C07000000004000807FFF807FFF80400080400A8
:10C080000004000006000001800004000007FFE03B
:10C0900007FFF00400180000080000080000080076
:10C0A000000800000804001007FFE004000004007E
:10C0B0000006000007E00007FE00041FE00001F892
:10C0C0000000380001E0043E0007C0000600000444
:10C0D000000004000007E00007FFC0041FF800078D
:10C0E000C007F80007FF80043FF80007C004F8000D
:10C0F0000700000400000000000400080600180704
:10C10000C07805F1C8003E00001F800463E8078086
:10C11000F8060018040008000000040000060000F3
:10C1200007800007E008047C08001FF80007F800FB
:10C13000180804E0080700000600000400000000E2
:10C14000000100080600380400F80403E8040F08A2
:10C15000047C0805F00807C0080700180400600008
:10C1600000000000000000000000000000000000CF
:10C17000003FFFFE200002200002200002200002FB
:10C18000200002000000000000000000080000077E
:10C19000000000C0000038000006000001C00000E0
:10C1A0003000000E00000100000000000000000050
:10C1B0002000022000022000022000022000023F96
:10C1C000FFFE000000000000000000000000000072
:10C1D0000000000000000008000010000030000017
:10C1E00020000030000010000008000000000000E7
:10C1F000000000000100000100000100000100003B
:10C200000100000100000100000100000100000128
:10C2100000000100000100000000000000000020FC
:10C2200000002000001000001000000000000000CE
:10C23000000000000000000000000000000000F00E
:10C240000019F8001B180022080026080024080026
:10C250002410003FF8001FF800000800001800003C
:10C260000004000007FFF80FFFF000181800100886
:10C27000002008002008003018001FF0000FC00048
:10C2800000000000000007C0001FF0001830002070
:10C2900008002008002008003C08001C1000006076
:10C2A0000000000000000000000007C0001FF000B8
:10C2B000381800200800200800200804101007FF8C
:10C2C000F80FFFF000001000000000000000000068
:10C2D0000007C0001FF000123000221800220800E2
:10C2E0002208003208001E10000E2000000000008E
:10C2F0000000200000200800200801FFF803FFF8DC
:10C30000062008042008042008072000030000007D
:10C31000000000000000000E000E6E001FF3003150
:10C32000B10020B10020B1003191001F13002E1E7A
:10C3300000200E00300000000004000807FFF80F86
:10C34000FFF8001008002000002000002008003F37
:10C35000F8001FF8000008000000000000000000C6
:10C36000002008002008002008063FF8063FF800DB
:10C3700000080000080000080000000000000000A5
:10C380000000000000000300000300200100200165
:10C39000002003063FFE063FFC00000000000000F6
:10C3A000000000000004000807FFF80FFFF800017C
:10C3B00088000300002FC00038F800203800200853
:10C3C0000000080000000000000000000400080455
:10C3D000000804000807FFF80FFFF800000800003D
:10C3E00008000008000000000000002008003FF8DE
:10C3F000003FF8001008002000003FF8003FF80060
:10C400001008002000003FF8003FF800000800007E
:10C4100000002008003FF8003FF80010080010005E
:10C42000002000002008003FF8001FF8000008006E
:10C4300000000000000007C0000FF00018300030BE
:10C4400008002008002008003008001830000FF015
:10C450000007C0000000000000002001003FFF00B6
:10C460003FFF0010110020090020080020080030C4
:10C4700038001FF0000FC00000000000000007C0DF
:10C48000001FF000381800200800200800200900D4
:10C490001011001FFF003FFF0000010000000020FE
:10C4A00008002008002008003FF8003FF8000808B6
:10C4B00000100800200800200000300000300000BC
:10C4C0000000000000000000000C78001E1800337F
:10C4D000080023080021080021880021980030F07E
:10C4E0000038600000000000000020000020000074
:10C4F000200000FFF003FFF80020080020080020C3
:10C5000008000030000000000000000000002000D3
:10C51000003FF0007FF8000018000008000008004D
:10C520002010003FF8007FF0000010000000000025
:10C5300000002000003000003C00003F800023F09D
:10C54000000078000070002380003C0000300000F4
:10C550002000002000003C00003FE00023F8000025
:10C56000E0002700003E00003FE00021F80001E06D
:10C57000003E00002000000000002008002008000D
:10C580003838003E680027800003C8002CF80038C7
:10C5900038002018002008000000000000002000E3
:10C5A000003003003C01003F830023EC00007000DA
:10C5B0002380003C0000200000200000000000005C
:10C5C000000000000038080020380020F80023E8B0
:10C5D000002F88003E080038080020180000700076
:10C5E000000000000000000000000000000000004B
:10C5F000000008000014001FF7FC300006200002B5
:10C60000000000000000000000000000000000002A
:10C610000000000000000000FFFFFF00000000001D
:10C62000000000000000000000000000000000000A
:10C630002000023000061FF7FC0014000008000074
:10C6400000000000000000000000000000000000EA
:10C6500000180000600000400000400000200000C2
:10C660001000000800000400000400000C0000108E
:10C6700000000000000000000000000000000000BA
:10C6800000000000000000000000000000000000AA
:10C69000000000000000000000000000000000009A
:10C6A000000000000000000000000000000000008A
:10C6B000000000000000000000000000000000007A
:10C6C0000000000000000000000007F000C007FFAD
:10C6D000E1E007F001E0000000C000000000000001
:10C6E000000000000000000000000000000000004A
:10C6F000000000000000000000000020000001C059
:10C700000000078000001F0000001E0000001C2029
:10C71000000001C00000078000001F0000001E0094
:10C7200000001C00000000000000000000000000ED
:10C7300000000000000000180C0000180C00001899
:10C740000FE0001FFC0003F80C0000180C0000189C
:10C750000C0000180C0000180C0000180FE0001F5F
:10C76000FC0003F80C0000180C0000180C0000007E
:10C7700000000000000000000000000007800078BA
:10C7800007C000FC0640010E002003070020020342
:10C7900080200FFFFFFC0201C0200200E06001309A
:10C7A000704001F03F8000F01F000000000000001A
:10C7B000000000FE000001FF0000030180000200F5
:10C7C0008060030181C001FF070000FE1800000027
:10C7D000E0000003BF00000CFFC00071806001C1D9
:10C7E0000020030180600000FFC000003F00000047
:10C7F000000000001F0000007FC000FCC0C001FF5F
:10C8000080600303E0200202782002061E2003FC61
:10C81000074001F00380000103C000011C6000011B
:10C82000E020000100200001004000000180000025
:10C83000000000000000002000001C6000001C4000
:10C8400000001F8000000F0000000000000000003A
:10C8500000000000000000000000000000000000D8
:10C8600000000000000000000000000000000000C8
:10C8700000000000000000000000000000000000B8
:10C8800000000000000000000000000000000007A1
:10C89000F800003FFF00007807C001C000E003007F
:10C8A000003004000008080000041000000200002E
:10C8B0000000000000001000000208000004040056
:10C8C00000080300003001C000E0007807C0003F0E
:10C8D000FF000007F800000000000000000000005A
:10C8E0000000000000000000000000000000000048
:10C8F00000000000000000000000000C1800000E06
:10C900003800000E380000063000000360000061AF
:10C91000438000FFFF8000614300000360000006C9
:10C920003000000E3800000E3800000C1800000027
:10C930000000000000000000000000008000000077
:10C9400080000000800000008000000080000000E7
:10C950008000007FFF0000008000000080000000D9
:10C9600080000000800000008000000080000000C7
:10C9700000000000000000000001000000E30000D3
:10C9800000E2000000FC0000007800000000000051
:10C990000000000000000000000000000000000097
:10C9A0000000000000000000000000000000000087
:10C9B0000000000000000000800000008000000077
:10C9C0008000000080000000800000008000000067
:10C9D0008000000080000000800000008000000057
:10C9E0008000000080000000800000008000000047
:10C9F00000000000000000000000000000C0000077
:10CA000001E0000001E0000000C0000000000000A4
:10CA10000000000000000000000000000000000016
:10CA20000000000000000000000000000000000006
:10CA30000000000000000000000C000000380000B2
:10CA400000E00000038000000E000000380000003D
:10CA5000E00000038000000E00000038000000E04D
:10CA60000000038000000E0000001800000000001D
:10CA700000000000000000000000000FF800007F30
:10CA8000FF0000F00780018000C00300006002008A
:10CA9000002002000020020000200300006001804E
:10CAA00000C000E00380007FFF00000FF8000000DE
:10CAB00000000000000000000000000000000080F6
:10CAC000002000800020008000200080006001FF26
:10CAD000FFE003FFFFE00000006000000020000016
:10CAE0000020000000200000000000000000000006
:10CAF00000000000000000000000007800E0009846
:10CB0000016001000260020004600200086002008F
:10CB1000106002002060020040600300806001831A
:10CB2000006001FE00E0007C0780000000000000C3
:10CB30000000000000000000000000F0078001F08D
:10CB400007C0010000400200002002010020020195
:10CB5000002002010020030380200186804001FCA8
:10CB6000C0C000787F8000001E00000000000000B0
:10CB70000000000000000000080000003800000075
:10CB800048000001880000060800000C0810003072
:10CB900008100040081001FFFFF003FFFFF003FF43
:10CBA000FFF000000810000008100000081000004E
:10CBB0000000000000000000000000000780001FCF
:10CBC000864003E100200302002003040020030448
:10CBD0000020030400200304002003060040030398
:10CBE00001C00301FF8003007E0000000000000080
:10CBF000000000000000000000000007FC00003FF3
:10CC0000FF000070C380008180C00101006003024A
:10CC10000020020200200202002002020020020383
:10CC2000004001C180C000C0FF8000007E00000005
:10CC30000000000000000000000000F0000003C041
:10CC400000000380000003000000030007E0030071
:10CC50003FE00301C000030600000318000003606A
:10CC6000000003800000030000000000000000003E
:10CC700000000000000000001F0000783F8000FC62
:10CC800060C0018EC0400307802002030020020123
:10CC90008020020180200201C0200301E0400186C3
:10CCA00070C000FC3F8000781F0000000000000002
:10CCB000000000000000003F000000FF81C001C034
:10CCC000C1C00100602002002020020020200200DC
:10CCD000202002002060020040C00100C18000C18D
:10CCE0008F00007FFE00001FF00000000000000029
:10CCF0000000000000000000000000000000000034
:10CD000000000000000000000000000300C0000759
:10CD100081E0000781E0000300C000000000000087
:10CD20000000000000000000000000000000000003
:10CD300000000000000000000000000000000000F3
:10CD40000000000000000000000000060066000671
:10CD5000007800000000000000000000000000005B
:10CD600000000000000000000000000000000000C3
:10CD70000000000000000000000000008000000132
:10CD8000C0000003600000063000000C180000180E
:10CD90000C00003006000060030000C001800100AC
:10CDA000004002000020040000100000000000000D
:10CDB0000000000000000004100000041000000447
:10CDC0001000000410000004100000041000000413
:10CDD0001000000410000004100000041000000403
:10CDE00010000004100000041000000410000000F7
:10CDF000000000000000000000000400001002001D
:10CE000000200100004000C00180006003000030ED
:10CE1000060000180C00000C18000006300000038B
:10CE200060000001C0000000800000000000000061
:10CE3000000000000000000000000078000001F881
:10CE400000000238000002000000040000C00400DE
:10CE500079E0040081E0040100C004030000020244
:10CE600000000306000001FC000000F800000000C4
:10CE7000000000000000000FF800003FFE000070FE
:10CE8000078000C000C00101F8400307FC20021E1B
:10CE900004200230082002203020023FFC20013F05
:10CEA000044001800CC000E03180001FC20000007F
:10CEB00000000000002000000060000003E000000F
:10CEC0003E200003E020003E200003E0200003801D
:10CED000200007FC2000003FE0000003FE200000CF
:10CEE0003FE0000001E00000002000000020000002
:10CEF000000000000000020000200200002003FFEC
:10CF0000FFE003FFFFE00201002002010020020118
:10CF100000200201002002010020030300200186FE
:10CF2000806001FCC0C000F87F8000001F0000008E
:10CF30000000000000000007F800003FFF00007044
:10CF4000078000C000C00100004003000020020074
:10CF5000002002000020020000200200002001004A
:10CF60000040018000C003C00180003006000000C6
:10CF7000000000000000020000200200002003FF6B
:10CF8000FFE003FFFFE0020000200200002002009B
:10CF9000002002000020030000600100004001802A
:10CFA00000C000F00780007FFE00000FF8000000C6
:10CFB000000000000000020000200200002003FF2B
:10CFC000FFE003FFFFE00201002002010020020158
:10CFD0000020020100200201002002038020020F35
:10CFE000E0200300006003C000E0006003000000D8
:10CFF000000000000000020000200200002003FFEB
:10D00000FFE003FFFFE00201002002010020020117
:10D010000000020100000201000002010000020302
:10D020008000030FE0000300000003C00000006068
:10D030000000000000000007F800003FFE00007044
:10D04000078001C001C00100004003000020020071
:10D05000002002000020020000200100202001002A
:10D06000204003C03F8000303F80000020000000CF
:10D070002000020000200200002003FFFFE003FF69
:10D08000FFE00200802002008020000080000000FD
:10D09000800000008000020080200200802003FF4A
:10D0A000FFE003FFFFE0020000200200002000007C
:10D0B000000000000000000000000000000002006E
:10D0C000002002000020020000200200002003FFD8
:10D0D000FFE003FFFFE0020000200200002002004A
:10D0E00000200200002000000000000000000000FE
:10D0F0000000000000000000000E0000000F000013
:10D10000000F000000010200000102000001020007
:10D1100000030200000603FFFFFC03FFFFF802000C
:10D1200000000200000002000000020000000000F9
:10D13000000000000000020000200200002003FFA9
:10D14000FFE003FFFFE00200C02002010020000713
:10D150008000000FE0000030F80002603E200380F5
:10D160000F20030003E0020000E0020000200000A6
:10D17000002000000000020000200200002003FF49
:10D18000FFE003FFFFE0020000200200002000009B
:10D19000002000000020000000200000002000000F
:10D1A000002000000060000000E00000030000001C
:10D1B0000000020000200200002003FFFFE003E067
:10D1C000002003FF0020001FF0000001FF8000008E
:10D1D0000FE000001E000003E000003E002003E01E
:10D1E000002003FFFFE003FFFFE002000020020039
:10D1F0000020020000200200002003FFFFE0038067
:10D20000002003F0002000FC0000001F00000007C9
:10D21000C0000001F00000007C0002001F8002003E
:10D2200007E003FFFFE00200000002000000000032
:10D23000000000000000000FF800003FFE0000F0BA
:10D240000780018000C001000040020000200200B1
:10D2500000200200002002000020010000400180A8
:10D2600000C000F00380003FFE00000FF800000047
:10D27000000000000000020000200200002003FF68
:10D28000FFE003FFFFE00200802002008020020098
:10D290008000020080000200800002008000030184
:10D2A00080000183000000FE0000007C0000000000
:10D2B000000000000000000FF800007FFF0000F0F9
:10D2C0000380018001C0010006400200042002002A
:10D2D000042002000620020003E0010000F80180A3
:10D2E000005C00E0038C003FFF0C000FFC18000006
:10D2F000000000000000020000200200002003FFE8
:10D30000FFE003FFFFE00201002002010020020114
:10D3100080000201E0000201FC0003033F8001865F
:10D3200007E001FC00E000F8002000000020000001
:10D33000000000000000000000000078060000FE71
:10D3400001E0018600C00303004002030020020147
:10D350008020020180200201C0200200C0200100C4
:10D36000E060018070C003E03F8000001F0000000B
:10D3700000000000000000600000038000000300C7
:10D38000000002000000020000200200002003FF55
:10D39000FFE003FFFFE00200002002000020020087
:10D3A0000000020000000380000000E00000000018
:10D3B0000000020000000200000003FFFF0003FF66
:10D3C000FFC00200004002000060000000200000DA
:10D3D00000200000002000000020020000400200A9
:10D3E000008003FFFF0002000000020000000000B8
:10D3F000000000000000020000000200000003C066
:10D40000000003FC0000023FC0000003F800000021
:10D410007F80000007E00000078000007800020322
:10D42000C000023C000003C0000002000000020037
:10D4300000000200000003C0000003FF8000023F64
:10D44000FE0002007FE000000F000200F00003EF8A
:10D45000000003FF8000020FFE0000003FE000001C
:10D460001F000207E00003F80000030000000200B4
:10D4700000000000000002000020020000200380E5
:10D4800000E003F0032002FC0C20021F3000000724
:10D49000C0000007F00002187C0002601F2003801B
:10D4A00003E0020000E00200002000000020000075
:10D4B000000000000000020000000300000003C0A4
:10D4C000000003F80000023E0020020FC02000010F
:10D4D000FFE000007FE000038020021C00200270BB
:10D4E00000000380000002000000020000000000B5
:10D4F00000000000000000000020006000E0038049
:10D5000003E003000FA002003E200200F820020307
:10D51000E020020F8020023E00200278002003E07D
:10D520000060038000E00200030000000000000033
:10D5300000000000000000000000000000000000EB
:10D54000000000000000000000001FFFFFFC1000B2
:10D55000000410000004100000041000000410007B
:10D56000000410000004100000040000000000008F
:10D5700000000000000000000000000000000700A4
:10D58000000003C0000000780000001E000000033F
:10D59000C0000000F00000001E0000000780000036
:10D5A00000F00000003C0000000600000000000049
:10D5B0000000000000000000000010000004100047
:10D5C000000410000004100000041000000410000B
:10D5D0000004100000041FFFFFFC0000000000001A
:10D5E000000000000000000000000000000000003B
:10D5F000000000000000000000000000000000002B
:10D6000000000200000004000000080000001800F4
:10D6100000001000000018000000180000000400C6
:10D6200000000200000000000000000000000000F8
:10D6300000000000000100000001000000010000E7
:10D6400000010000000100000001000000010000D6
:10D6500000010000000100000001000000010000C6
:10D6600000010000000100000001000000010000B6
:10D670000001000000000000000000000000100099
:10D68000000010000000100000001800000008005A
:10D690000000040000000000000000000000000086
:10D6A000000000000000000000000000000000007A
:10D6B0000000000000000000038000018FC0000394
:10D6C0008C600006182000041020000410200004C4
:10D6D000202000042040000620400003FFC000017D
:10D6E000FFE00000002000000020000000C000005B
:10D6F000000000000000020000000200000003FF24
:10D70000FFE007FFFFC0000180C0000200600002D0
:10D710000020000400200004002000040020000677
:10D720000040000300C00001FF800000FE00000078
:10D730000000000000000000000000007E0000016A
:10D74000FF80000381C000020040000600200004AA
:10D750000020000400200004002000060020000338
:10D76000C0400001C0800000030000000000000075
:10D770000000000000000000000000007E0000012A
:10D78000FF80000380C00006006000040020000449
:10D79000002000040020020400400202008003FF79
:10D7A000FFE007FFFFC00000004000000040000055
:10D7B0000000000000000000000000007E000001EA
:10D7C000FF80000311C0000210400004106000043C
:10D7D0001020000410200004102000061020000378
:10D7E00010400001F0C000007100000000000000C7
:10D7F0000000000000000000000000040000000421
:10D8000000200004002000040020007FFFE001FF52
:10D81000FFE00104002003040020020400200204B1
:10D820000020020400000200000001C0000001C04E
:10D83000000000000000000000000000001C0000CC
:10D84000E33E0003FFC200020CC3000404C1000455
:10D8500004C1000404C1000404C100060CC100039B
:10D86000F8C30005F0620006007E0006003C0000E0
:10D87000000000000000020000200200002003FF62
:10D88000FFE007FFFFE0000100200002002000068B
:10D890000000000400000004000000040020000656
:10D8A00000200003FFE00001FFE000000020000076
:10D8B0000020000000000000000000000000000444
:10D8C0000020000400200004002000040020038742
:10D8D000FFE0038FFFE00380002000000020000035
:10D8E00000200000002000000000000000000000F8
:10D8F0000000000000000000000000000000000028
:10D900000006000000070000000100000001000404
:10D910000001000400010004000300040006038766
:10D92000FFFC038FFFF803800000000000000000F0
:10D93000000000000000020000200200002003FFA1
:10D94000FFE007FFFFE000000820000010200000BB
:10D9500030000000FC0000058E00000707A0000654
:10D9600001E0000400E000040020000000200000AE
:10D9700000000000000000000000000000000200A5
:10D98000002002000020020000200200002003FF0F
:10D99000FFE007FFFFE00000002000000020000083
:10D9A0000020000000200000000000000000000037
:10D9B000000000000000000400200007FFE0000F4E
:10D9C000FFE0000200200004000000040020000727
:10D9D000FFE00003FFE0000200200004000000045C
:10D9E00000200007FFE00003FFE00000002000002F
:10D9F00000000000000000040020000400200007D8
:10DA0000FFE0000FFFE00001002000020020000204
:10DA100000000004000000040000000400200006D4
:10DA200000200003FFE00001FFE0000000200000F4
:10DA30000020000000000000000000007E00000048
:10DA4000FF80000381C000020040000600200004A7
:10DA50000020000400200004002000060020000236
:10DA60000040000381C00001FF8000007E00000034
:10DA70000000000000000004000100040001000795
:10DA8000FFFF000FFFFF000100C100020041000482
:10DA900000200004002000040020000400200006F4
:10DAA0000040000301C00001FF8000007E00000074
:10DAB0000000000000000000000000007E000001E7
:10DAC000FF80000380C0000200600004002000040A
:10DAD0000020000400200004002000020041000398
:10DAE00000C10003FFFF0007FFFF0000000100006E
:10DAF00000010000000000040020000400200004D9
:10DB0000002000040020000FFFE0000FFFE00000F5
:10DB1000C0200001002000020020000600200004B8
:10DB200000000004000000070000000300000000E7
:10DB300000000000000000000000000003E0000101
:10DB4000C0E00003E0400006302000043020000464
:10DB50001820000418200004182000040C200002E3
:10DB60000C60000307C00007838000000000000075
:10DB7000000000000000000000000004000000049D
:10DB8000000000040000000C0000001FFF8000FFE8
:10DB9000FFC0000400600004002000040020000416
:10DBA0000020000400400000018000000000000090
:10DBB0000000000000000004000000040000000756
:10DBC000FF80000FFFC00000006000000020000088
:10DBD000002000000020000000200004004000049D
:10DBE00000800007FFE0000FFFC0000000400000C1
:10DBF00000400000000000040000000400000007D6
:10DC000080000007F0000004FE0000041FC00000B8
:10DC100003E00000038000001C0000046000000717
:10DC2000800000060000000400000000000000006A
:10DC3000000000040000000600000007C00000070C
:10DC4000FC0000043F80000003E000040F80000699
:10DC5000F0000007F0000007FF8000040FE0000064
:10DC6000038000043C000007C00000060000000420
:10DC7000000000000000000000200004002000045C
:10DC80000060000700E0000783200007E6000004B2
:10DC9000F80000003C0000045E20000587A000069C
:10DCA00001E00004006000040020000000200000EB
:10DCB0000000000000000004000000040003000752
:10DCC00000030007E0010004F80100041F02000047
:10DCD00007FC000000E00000070000043800000717
:10DCE000C000000600000004000000040000000066
:10DCF0000000000000000000000000078060000637
:10DD000000E0000403E0000407A000040E2000046B
:10DD10003C20000470200005E02000078020000760
:10DD20000060000400E0000003800000000000002C
:10DD300000000000000000000000000000000000E3
:10DD400000000000000000000000000000000000D3
:10DD50008000000080000001400007FE3FF808003E
:10DD6000000410000002100000020000000000008B
:10DD700000000000000000000000000000000000A3
:10DD80000000000000000000000000000000000093
:10DD90000000FFFFFFFF0000000000000000000087
:10DDA0000000000000000000000000000000000073
:10DDB0000000000000000000000010000002100041
:10DDC00000020800000407FE3FF8000140000000C8
:10DDD0008000000080000000000000000000000043
:10DDE0000000000000000000000000000000000033
:10DDF000000000000000180000003000000040009B
:10DE00000000400000004000000020000000300042
:10DE100000000800000004000000020000000200F2
:10DE20000000020000000C000000180000000000CC
:10DE3000000008304200033103001730FF001830A3
:10DE4000FF0034301A00373013000831010030363B
:10DE5000360031360E003236E200333612002136FB
:10DE6000E0000437A00003375A0015377800173751
:10DE700001000B37600005371A000539020006392A
:10DE8000100001390A00313712000036080001364F
:10DE900033002D306000203652001B3720001C4715
:10DEA0005000133A4300183A0000193AF80035368A
:10DEB0001300363603003436400022360100013CA0
:10DEC0003400043C2800053C9800063C0000073C58
:10DED0000800083C0000093C1C000A3C9C000B3C6C
:10DEE00040001038000011381000123800000837C8
:10DEF00064000140020005401A00003000000430B8
:10DF0000FF000E3058002E300000004330001F503C
:10DF100000000E4400000050A7000F3A3000103AF5
:10DF200028001B3A30001E3A2600113A60001F3AC2
:10DF30001400005823000158140002580F00035821
:10DF40000F00045812000558260006580C00075808
:10DF5000080008580500095805000A5808000B5821
:10DF60000D000C5808000D5803000E5800000F5803
:10DF700000001058030011580900125807001358E8
:10DF800003001458000015580100165803001758D4
:10DF9000080018580D00195808001A5805001B5899
:10DFA00006001C5808001D580E001E5829001F5856
:10DFB000170020581100215811002258150023582D
:10DFC00028002458460025582600265808002758BF
:10DFD000260028586400295826002A5824002B5867
:10DFE00022002C5824002D5824002E5806002F58AB
:10DFF0002200305840003158420032582400335833
:10E00000260034582400355822003658220037584C
:10E01000260038584400395824003A5826003B5806
:10E0200028003C5842003D58CE008051FF008151ED
:10E03000F200825100008351140084512500855163
:10E04000240086510900875109008851090089512F
:10E0500075008A5154008B51E0008C51B2008D51F3
:10E0600042008E513D008F51560090514600915113
:10E07000F80092510400935170009451F0009551B2
:10E08000F0009651030097510100985104009951F6
:10E0900012009A5104009B5100009C5106009D51B2
:10E0A00082009E513800805401008154080082543F
:10E0B000140083542800845451008554650086540C
:10E0C000710087547D0088548700895491008A54D8
:10E0D0009A008B54AA008C54B8008D54CD008E54F5
:10E0E000DD008F54EA0090541D0081531E008253BE
:10E0F0005B008353080084530A0085537E008653D7
:10E10000880087537C0088536C00895310008A5321
:10E1100001008B53980080550600835540008455BC
:10E120001000895510008A5500008B55F8001D50CD
:10E130004000005308000153300002531000035305
:10E14000000004530800055330000653080007532D
:10E150001600095308000A5330000B5304000C53F7
:10E16000060025500000083002004047210000430F
:10E170006F001F5001003530410036306900073C08
:10E1800007002038460021380000143831001538C7
:10E190003100003800000138000002380000033868
:10E1A000000004380A0005383F000638060007382A
:10E1B000A90008380500093800000A3802000B38A9
:10E1C000D0000C3805000D38F8000E3803000F3869
:10E1D000840013380400183600001236290009376D
:10E1E00052000C370300023A0200033AE000143AEE
:10E1F0000200153AE0000440020002301C00063024
:10E20000C30013470300074404000B4637000C46C5
:10E21000200037481600243804000150A3000335BD
:10E220000000004330001F50000035302100363020
:10E230006900073C070020384600213820001438C8
:10E2400011001538110000380000013800000238B4
:10E2500000000338000004380A0005383F00063883
:10E26000070007389F0008380200093880000A3884
:10E2700001000B38E0000C380B000D381C000E3884
:10E2800007000F38B00013380400183604001236A7
:10E290002B00093712000C37000004400600023042
:10E2A00000000630FF0013470300074401000B463F
:10E2B00035000C4622003748160024380200015071
:10E2C000A30003350000020FD6020A39C201222240
:10E2D00000020FB2E51F7072F51ED235FFEF25E088
:10E2E000244EF8E4F608F60FBF34F2900E93E49350
:10E2F000FFE54BC39F50047F0580027FFB78BDA6DE
:10E3000007120F0440047F0380027F3078BCA60709
:10E31000E618F608E678B9F678BCE678BAF678BF7B
:10E320007633E408F678B87601754A0278B6F608CE
:10E33000F674FF78C1F608F6751F0178BCE675F033
:10E3400005A4F54B120AFFC2372278B8E6D3940031
:10E3500040021622E51FB40523E4F51FC20178B67A
:10E36000E6FE08E6FF784EA60608A607A237E433C5
:10E37000F53C903028F0751E10D23522E54B75F033
:10E38000058478BCF6900E8CE493FF25E0240AF80F
:10E39000E6FC08E6FD78BCE625E0244EF8A6040875
:10E3A000A605EF120F0BD378B796EE1896400D78AE
:10E3B000BCE678B9F678B6A60608A607900E8CE4F7
:10E3C00093120F0BC378C296EE1896500D78BCE6E8
:10E3D00078BAF678C1A60608A60778B6E6FE08E67B
:10E3E000C378C296FFEE189678C3F608A607900E7B
:10E3F00095E418120EE94002D23778BCE6082608E8
:10E40000F6E51F6401704AE6C378C0120EDF4005CE
:10E41000120EDA4039120F0240047FFE80027F02A2
:10E4200078BDA60778B9E6240378BFF678B9E62464
:10E43000FD78C0F6120F02400678C0E6FF8004782F
:10E44000BFE6FF78BEA607751F0278B87601020204
:10E450004AE51F6402600302022A78BEE6FFC37821
:10E46000C0120EE04008120EDA5003020228120F0A
:10E470000240047FFF80027F0178BDA60778B9E6DD
:10E480000478BFF678B9E61478C0F618120F044085
:10E4900004E6FF80027F0078BFA607D308E6648009
:10E4A00094804004E6FF80027F0078C0A607C3186E
:10E4B000E6648094B35004E6FF80027F3378BFA601
:10E4C00007C308E6648094B35004E6FF80027F33FC
:10E4D00078C0A607120F02400678C0E6FF800478D5
:10E4E000BFE6FF78BEA607751F0378B876018020C7
:10E4F000E51F6403702678BEE6FFC378C0120EE005
:10E500004005120EDA400978B9E678BEF6751F04A8
:10E5100078BEE675F005A4F54B020AFFE51FB404CA
:10E5200010900E94E478C3120EE94002D237751FA2
:10E5300005223001030204C03002030204C09051DE
:10E54000A5E07893F6A3E008F6A3E008F6E51F70CF
:10E550003C751E20D235120C7A787EA60608A607D6
:10E56000788BA609187601120C5B784EA60608A6D1
:10E5700007788BE6786EF6751F017893E67890F64B
:10E580007894E67891F67895E67892F6227990E795
:10E59000D37893964005E796FF8008C37993E77890
:10E5A0009096FF7888760008A6077991E7D378944B
:10E5B000964005E796FF8008C37994E7789196FF27
:10E5C000120C8E7992E7D37895964005E796FF80F6
:10E5D00008C37995E7789296FF120C8E120C5B783F
:10E5E0008AE625E0244EF8A60608A607788AE624DF
:10E5F0006EF8A609788AE62401FFE433FED3EF948F
:10E600000FEE6480948040047F008005788AE604E1
:10E61000FF788AA607E51FB4010AE660030204C07A
:10E62000751F0222120C7A7880A60608A607120C23
:10E630007A7882A60608A607786EE6788CF6786E59
:10E64000E6788DF67F01EF25E0244FF9C37881E667
:10E650009718E61997500A120C827880A60408A62B
:10E6600005746E2FF9788CE6C3975008746E2FF8F6
:10E67000E6788CF6EF25E0244FF9D37883E69718F7
:10E68000E61997400A120C827882A60408A605743F
:10E690006E2FF9788DE6D3974008746E2FF8E678E0
:10E6A0008DF60FEF6410709EC37981E7788396FF33
:10E6B00019E718967884F608A607C3798CE7788D51
:10E6C0009608F6D37981E7787F9619E71896400582
:10E6D00009E7088006C3797FE7788196FF19E71874
:10E6E00096FE7886A60608A607798CE7D3788B96DF
:10E6F0004005E796FF8008C3798BE7788C96FF7812
:10E700008FA607E51F64027069900E9193FF18E6CB
:10E71000C39F5072120C4A120C2F900E8E120C389E
:10E720007880120C6B7B04120C1DC31206455056E8
:10E73000900E92E493FF788FE69F40028011900E36
:10E7400090E493FFD37889E69F18E6940040037520
:10E750001F05120C4A120C2F900E8F120C38787E67
:10E76000120C6B7B40120C1DD31206454018751F0E
:10E770000522E51FB4050FD201C202E4F51FF51E04
:10E78000D235D233D23622EF8DF0A4A8F0CF8CF060
:10E79000A428CE8DF0A42EFE22BC000BBE0029EFD3
:10E7A0008DF084FFADF022E4CCF875F008EF2FFF78
:10E7B000EE33FEEC33FCEE9DEC984005FCEE9DFE46
:10E7C0000FD5F0E9E4CEFD22EDF8F5F0EE8420D28D
:10E7D0001CFEADF075F008EF2FFFED33FD400798FC
:10E7E0005006D5F0F222C398FD0FD5F0EA22E88F4B
:10E7F000F0A4CC8BF0A42CFCE98EF0A42CFC8AF0C5
:10E80000EDA42CFCEA8EF0A4CDA8F08BF0A42DCCC6
:10E810003825F0FDE98FF0A42CCD35F0FCEB8EF01F
:10E82000A4FEA9F0EB8FF0A4CFC5F02ECD39FEE405
:10E830003CFCEAA42DCE35F0FDE43CFC2275F0084A
:10E84000758200EF2FFFEE33FECD33CDCC33CCC538
:10E850008233C5829BED9AEC99E58298400CF58253
:10E86000EE9BFEED9AFDEC99FC0FD5F0D6E4CEFBC5
:10E87000E4CDFAE4CCF9A88222B800C1B90059BAB3
:10E88000002DEC8BF084CFCECDFCE5F0CBF97818E1
:10E89000EF2FFFEE33FEED33FDEC33FCEB33FB10DB
:10E8A000D703994004EB99FB0FD8E5E4F9FA2278F5
:10E8B00018EF2FFFEE33FEED33FDEC33FCC933C907
:10E8C00010D7059BE99A4007EC9BFCE99AF90FD811
:10E8D000E0E4C9FAE4CCFB2275F010EF2FFFEE3331
:10E8E000FEED33FDCC33CCC833C810D7079BEC9A70
:10E8F000E899400AED9BFDEC9AFCE899F80FD5F0F9
:10E90000DAE4CDFBE4CCFAE4C8F922EB9FF5F0EAB7
:10E910009E42F0E99D42F0E89C45F022E8600FEC51
:10E92000C313FCED13FDEE13FEEF13FFD8F122E845
:10E93000600FEFC333FFEE33FEED33FDEC33FCD855
:10E94000F122E493FC740193FD740293FE7403932B
:10E95000FF22E6FB08E6F908E6FA08E6CBF822EC27
:10E96000F608EDF608EEF608EFF622A42582F58209
:10E97000E5F03583F58322D083D082F8E4937012DA
:10E98000740193700DA3A393F8740193F5828883A7
:10E99000E4737402936860EFA3A3A380DF9038044C
:10E9A0007852120BFD903800E0FEA3E0FDEDFFC3AE
:10E9B000120B9E903810120B929038067854120B5E
:10E9C000FD903802E0FEA3E0FDEDFFC3120B9E9028
:10E9D0003812120B92A3E0B4310778527952120C1C
:10E9E00013903814E0B471157852E6FE08E6780208
:10E9F000CEC313CE13D8F97953F7EE19F790381523
:10EA0000E0B4310778547954120C13903815E0B4FF
:10EA100071157854E6FE08E67802CEC313CE13D8FB
:10EA2000F97955F7EE19F77952120BD909120BD96A
:10EA3000AF47120BB2E544FB7A00FD7C001204D311
:10EA4000785AA60608A607AF45120BB2AD037C00A4
:10EA50001204D37856A60608A607AF487854120BBE
:10EA6000B4E543FBFD7C001204D3785CA60608A63F
:10EA700007AF467E007854120BB6AD037C0012043B
:10EA8000D37858A60608A607C3785BE6940818E66C
:10EA9000940050057600087608C3785DE69408185F
:10EAA000E6940050057600087608785A120BC6FFE7
:10EAB000D37857E69F18E69E400E785AE613FE0874
:10EAC000E67857120C0880047E007F00785E120BF7
:10EAD000BEFFD37859E69F18E69E400E785CE61399
:10EAE000FE08E67859120C0880047E007F00E4FCE2
:10EAF000FD7862120699785A120BC6785726FFEEF7
:10EB00001836FE7866120BBE785926FFEE1836FED0
:10EB1000E4FCFD786A120699120BCE786612068C18
:10EB2000D31206454008120BCE7866120699785427
:10EB3000120BD0786A12068CD3120645400A78541C
:10EB4000120BD0786A1206997861E6906001F0782D
:10EB500065E6A3F07869E6A3F07855E6A3F07D01B9
:10EB60007861120BE92401120BA67865120BE924D7
:10EB700002120BA67869120BE92403120BA6786D1A
:10EB8000120BE92404120BA60DBD05D4C20EC20659
:10EB900022850841903024E0F53DA3E0F53EA3E056
:10EBA000F53FA3E0F540A3E0F53CD234E541120681
:10EBB000B1093103093504093B05093E060941073E
:10EBC000094A08095B12097318098919095E1A09AB
:10EBD0006A1B09AD8009B2810A1D8F0A09900A1DBE
:10EBE000910A1D920A1D930A1D940A1D980A179FE7
:10EBF0000A1AEC00000A38120F7422120F74D203A2
:10EC000022D20322C20322A237E433F53C020A1DBA
:10EC1000C201C202C203120D0D751E70D235020A66
:10EC20001D020A0485404A853C4B120AFF020A1D58
:10EC3000854A40854B3C020A1DE4F522F5238540B8
:10EC400031853F30853E2F853D2E120F46801F7542
:10EC5000220075230174FFF52DF52CF52BF52A12F2
:10EC60000F46852D40852C3F852B3E852A3DE4F5BA
:10EC70003C8070120F16806B853D45853E46E5470A
:10EC8000C313FFE545C39F50028F45E548C313FFFB
:10EC9000E546C39F50028F46E547C313FFFDE54598
:10ECA0002DFDE433FCE544120F904005E5449FF54B
:10ECB00045E548C313FFFDE5462DFDE433FCE54380
:10ECC000120F904005E5439FF5461206D780148544
:10ECD0004048853F47853E46853D4580060206D72C
:10ECE000120D7E903024E53DF0A3E53EF0A3E53F14
:10ECF000F0A3E540F0A3E53CF0903023E4F022C01F
:10ED0000E0C083C082C0D0903F0CE0F532E53230E5
:10ED1000E374303666906019E0F50AA3E0F50B90D5
:10ED2000601DE0F514A3E0F515906021E0F50CA35B
:10ED3000E0F50D906029E0F50EA3E0F50F9060314D
:10ED4000E0F510A3E0F511906039E0F512A3E0F5CD
:10ED500013300106303303D38001C3920930020619
:10ED6000303303D38001C3920A30330C30030920BF
:10ED70000206200103D38001C3920B903001E044CE
:10ED800040F0E054BFF0E53230E1143034119030FF
:10ED900022E0F508E4F0300003D38001C39208E5D7
:10EDA0003230E5129056A1E0F50930310930050303
:10EDB000D38001C3920D903F0CE532F0D0D0D082C9
:10EDC000D083D0E032900E7EE493FE740193FFC3B3
:10EDD000900E7C7401939FFFE4939EFEE48F3B8E24
:10EDE0003AF539F538AB3BAA3AA939A838AF4BFC0C
:10EDF000FDFE120528120DE1E47BFFFAF9F8120579
:10EE0000B3120DE1900E69E4120DF6120DE1E485E6
:10EE10004A37F536F535F534AF37AE36AD35AC3467
:10EE2000A3120DF68F378E368D358C34E53B453782
:10EE3000F53BE53A4536F53AE5394535F539E538F6
:10EE40004534F538E4F522F523853B31853A3085A4
:10EE5000392F85382E020F46E0A3E075F002A4FF9B
:10EE6000AEF0C308E69FF618E69EF622FFE5F03402
:10EE7000608F82F583ECF02278527E00E6FC08E693
:10EE8000FD0204C1E4FCFD120699785CE6C313FEA2
:10EE900008E613227852E6FE08E6FFE4FCFD22E7CE
:10EEA000C4F854F0C868F709E7C4540F48F722E6DD
:10EEB000FCED75F004A42212067C8F488E478D4627
:10EEC0008C4522E0FEA3E0FDEEF6ED08F62213FFEE
:10EED000C3E69FFF18E69EFE22E6C313F708E6137B
:10EEE00009F722AD39AC38FAF9F81205288F3B8EB4
:10EEF0003A8D398C38AB37AA36A935A8342293FF1E
:10EF0000E4FCFDFE1205288F378E368D358C3422B9
:10EF10007884E6FE08E6FFE48F378E36F535F53463
:10EF200022900E8CE49325E0240AF8E6FE08E6FF22
:10EF300022E6FE08E6FFE48F3B8E3AF539F53822EB
:10EF4000784EE6FE08E6FF22EF25E0244EF8E6FCC8
:10EF500008E6FD227889EF26F618E436F622758950
:10EF60000375A80175B8047534FF75350E7536152F
:10EF700075370D120E9A120009120F16120006D2E2
:10EF800000D234D2AF7534FF75350E7536497537FA
:10EF900003120E9A300809C2341208CBC208D234C8
:10EFA000300B09C23612026CC20BD236300909C2CC
:10EFB0003612000EC209D236300E031206D7303593
:10EFC000D3903029E51EF0B41005903023E4F0C250
:10EFD0003580C1E4F54B900E7A93FFE48F37F53618
:10EFE000F535F534AF37AE36AD35AC34900E6A1228
:10EFF0000DF68F378E368D358C34900E7212067C5E
:10F00000EF4537F537EE4536F536ED4535F535EC58
:10F010004534F534E4F522F52385373185363085DE
:10F02000352F85342E120F46E4F522F523900E720B
:10F03000120DEA120F46E4F522F523900E6E120D22
:10F04000EA020F46E54024F2F537E53F3443F53652
:10F05000E53E34A2F535E53D3428F534E537FFE4E7
:10F06000FEFDFC78181206698F408E3F8D3E8C3D68
:10F07000E53754A0FFE536FEE4FDFC78071206569E
:10F080007810120F9AE4FFFEE535FDE4FC780E12CD
:10F090000656120F9DE4FFFEFDE534FC78181206BB
:10F0A000567808120F9A228F3B8E3A8D398C38226F
:10F0B00012067C8F318E308D2F8C2E2293F9F80220
:10F0C000066900000000120117083115535444204E
:10F0D000202020201301100156401A30297E0030D4
:10F0E0000420DF300540BF500300FD502701FE60C3
:10F0F0000011003F0530003F0622003F012A003F7B
:10F10000020000360607003F0B0FF0000000003041
:10F110000140BF300100BF302970003A0000FF3AC3
:10F120000000FF360336024144582018100A040438
:10F130000003FF64000080000000000000020406DD
:10F1400006000351007A503C281E1010502D28163E
:10F1500010100200100C10040C6E060500A55A00D9
:10F16000AE35AF36E4FDEDC395375033120FE2E410
:10F1700093F538740193F5394538602385398285D4
:10F180003883E0FC120FE27403935204120FE2740E
:10F1900002934204853982853883ECF00D80C722C2
:10F1A00078BEE6D308FFE66480F8EF648098229387
:10F1B000FF7E00E6FC08E6FD1204C178C1E6FC080B
:10F1C000E6FDD3EF9DEE9C2278BDD3E6648094806B
:10F1D0002225E0240AF8E6FE08E6FF22E53CD39467
:10F1E00000400B900E88120BF1900E868009900E55
:10F1F00082120BF1900E80E493F544A3E493F5435F
:10F20000D206300603D38001C3920E22A2AF9232FF
:10F21000C2AFE5234522900E5D600E120FCBE0F5E4
:10F220002C120FC8E0F52D800C120FCBE530F01238
:10F230000FC8E531F0A23292AF22D201C202E4F54A
:10F240001FF51ED235D233D236D201C202F51FF5D8
:10F250001ED235D23322FBD3ED9B7480F86C9822FA
:10F26000120669E5402FF540E53F3EF53FE53E3D9E
:10F27000F53EE53D3CF53D22C0E0C083C082903FB5
:10F280000DE0F533E533F0D082D083D0E032900E3C
:10F290005FE493FE740193F5828E8322787FE4F617
:10F2A000D8FD7581CD020C988F828E8375F004EDA8
:10F2B0000206A500D4F20008000002202C00000085
:10F2C0003402000800F300082C0002201C08000093
:10F2D000500200080024F4000000000000000000BC
:10F2E000000000000000000010000000010000000D
:10F2F000000000FFFFFFFFFF000000000000000013
:04000005080001F9F5
:00000001FF
