:020000040800F2
:10000000800C0024410300080F6D0008F76A000807
:100010000B6D0008810700088980000800000000BF
:10002000000000000000000000000000DD6F00087C
:10003000E50E000800000000136D0008DF6F0008E7
:1000400067030008670300086703000867030008E8
:1000500067030008670300086703000867030008D8
:1000600067030008670300086703000867030008C8
:1000700067030008670300086703000867030008B8
:1000800067030008670300086703000867030008A8
:100090006703000867030008670300086703000898
:1000A0006703000867030008670300086703000888
:1000B0006703000867030008670300086703000878
:1000C0006703000867030008670300086703000868
:1000D0006703000839800008670300086703000809
:1000E00067030008670300080000000067030008BA
:1000F0006703000867030008670300086703000838
:100100006703000867030008670300086703000827
:100110006703000867030008670300086703000817
:10012000670300087D0800086703000867030008EC
:1001300067030008670300086703000867030008F7
:1001400000000000000000000000000000000000AF
:1001500067030008670300086703000867030008D7
:1001600067030008670300086703000867030008C7
:1001700067030008670300086D080008000000001E
:1001800067030008670300086703000867030008A7
:100190006703000867030008670300086703000897
:1001A0006703000867030008670300086703000887
:1001B0006703000867030008670300086703000877
:1001C0006703000867030008670300086703000867
:1001D0006703000867030008670300086703000857
:1001E0006703000867030008670300086703000847
:1001F0006703000867030008670300086703000837
:100200006703000867030008670300086703000826
:100210006703000867030008670300086703000816
:100220006703000867030008670300080000000078
:100230006703000867030008000000006703000868
:1002400067030008670300086703000867030008E6
:1002500067030008670300086703000867030008D6
:1002600067030008670300086703000867030008C6
:100270006703000867030008670300080000000028
:100280006703000867030008670300080000000018
:10029000000000006703000800F002F800F041F8D9
:1002A0000AA090E8000C82448344AAF10107DA45D1
:1002B00001D100F036F8AFF2090EBAE80F0013F0E2
:1002C000010F18BFFB1A43F001031847C4240100B3
:1002D000E4240100103A24BF78C878C1FAD8520744
:1002E00024BF30C830C144BF04680C6070470000B0
:1002F0000023002400250026103A28BF78C1FBD82F
:10030000520728BF30C148BF0B607047782900F002
:10031000F580002070471FB50EF008F81FBD10B51E
:1003200010BD00F0FBF91146FFF7F5FF0DF09CFC46
:1003300000F019FA03B4FFF7F2FF03BC07F0C2FEA6
:10034000DFF83000016841F4700101600A4880471D
:100350000A480047FEE7FEE7FEE7FEE7FEE7FEE7A6
:10036000FEE7FEE7FEE7FEE705480649044A064BBE
:100370007047000088ED00E0E96F0008990200086E
:1003800080040024800C002480040024704753EA79
:10039000020C00F069802DE9F04B4FF00006002BB5
:1003A0001FBFB3FA83F503FA05F424FA05F65E409D
:1003B00012BF1643B2FA82F502FA05F4C5F1200520
:1003C0001EBF22FA05FC44EA0C04203556EA044C10
:1003D0004FEA144418BF641C4FF000084FF00009A6
:1003E000904271EB030C39D3002919BFB1FA81F7A0
:1003F00001FA07F6B0FA80F700FA07F6C7F120070E
:100400001EBF20FA07FC46EA0C062037B6FBF4FCB8
:10041000A7EB0507103F07F01F0BCBF120060CFAE6
:100420000BFB2CFA06F644BFB3460026202FA4BFD0
:100430005E464FF0000B5BEA060C08BF4FF0010B65
:1004400019EB0B09ABFB027C48EB0608C01B06FB53
:1004500002CC0BFB03CC71EB0C01C1E70B4602464F
:1004600041464846BDE8F08B13B54FF000004FF011
:100470000001AFF30080BDE81C4070470FB4044991
:1004800010B503AA029800F01BF910BC5DF814FB2C
:100490000C0000242DE9F0410E46044600202062A5
:1004A0002046E168884730B3252805D0D4E90121EA
:1004B0009047206A401CF2E7E16820460027884701
:1004C000050018D0A5F14100192802D820354FF4B5
:1004D00000673246294620462760FFF717FF40B1E4
:1004E000012804D0F61D26F007060836D8E7361D89
:1004F000D6E72846DAE7206ABDE8F08170B5044601
:100500000D4621461068AFF300802188090502D509
:100510000F4A7A4402E00E4A7A440E32002104F176
:10052000240305E000F00F060009965D5E54491CA7
:100530000028F7D120780023000704D5702D02D0C1
:1005400009B1022311322046BDE8704000F05FB8C7
:100550005122010010B5203AC0F00B80B1E81850CC
:10056000203AA0E81850B1E81850A0E81850BFF49D
:10057000F5AF5FEA027C24BFB1E81850A0E818503C
:1005800044BF18C918C0BDE810405FEA827C24BF90
:1005900051F8043B40F8043B08BF7047D20728BF1E
:1005A00031F8023B48BF11F8012B28BF20F8023B6D
:1005B00048BF00F8012B70474FF0000200B513460A
:1005C00094469646203922BFA0E80C50A0E80C5073
:1005D000B1F12001BFF4F7AF090728BFA0E80C5024
:1005E00048BF0CC05DF804EB890028BF40F8042B1D
:1005F00008BF704748BF20F8022B11F0804F18BF8A
:1006000000F8012B704770477047704770472DE91D
:10061000F0470D4699469246044600F124080168C9
:10062000880604D5E06921F01001216000E0012076
:10063000A84201DD471B00E00027A1697A1902EBFF
:100640000900081AA0612078C00602D42046AFF342
:100650000080002608E0D4E901211AF8060090473E
:10066000206A401C761C20624E45F4DB2078C006D0
:100670000AD52046AFF3008006E0D4E901213020FE
:100680009047206A401C2062381EA7F10107F4DC65
:1006900007E0D4E9012118F805009047206A401CC2
:1006A0002062281EA5F10105F3DC2046AFF300808F
:1006B0002078000602D50220BDE8F0870120FBE784
:1006C000074B70B50D467B4400F011F804462846F0
:1006D00000F020F810B14FF0FF3070BD204670BD23
:1006E0002795000001694A1C02610878704700B52F
:1006F0008FB0CDE901310021059105497944CDE95B
:10070000031011466846FFF7C5FE0FB000BD00009C
:10071000E5FFFFFF007B00F080007047754600F0AA
:100720002BF8AE4605006946534620F00700854683
:1007300018B020B5FFF718FEBDE820404FF00006C6
:100740004FF000074FF000084FF0000B21F00701B9
:10075000AC46ACE8C009ACE8C009ACE8C009ACE8FC
:10076000C0098D46704710B50446AFF3008020469F
:10077000BDE81040FFF7DEBD0048704720040024AC
:1007800000BFFEE770B50546AC6BA06C406D02285B
:1007900006D0012084F83500E06C40F04000E064B1
:1007A000204600F0E5FC70BD70B50646B46BA06B4A
:1007B00068B3A06C0068006800F40025A06B00F02E
:1007C000010078B975B1A06C0068C568E26B0823B8
:1007D00003FB02510022A06C01F014F8A06B401E34
:1007E000A0632FE0A06C0068006800F4002048BB04
:1007F000A06C00680569E26B082303FB025101222B
:10080000A06C00F0FFFFA06B401EA0631AE0A06C7C
:100810000068006800F4002020B1D4E911010968E3
:10082000C8600FE0A06C0068006800F4002048B9C0
:10083000656CE06B042101FB0050A16C0968086144
:10084000206CA063A06B216C88420ED12068C06828
:1008500040F001002168C8602068006800F00200D4
:10086000022802D1012084F8350070BD10B502487D
:1008700000F08AFC10BD00005403002410B50249AA
:10088000886C01F0FDFE10BD540300240146374A78
:100890000868904249D0354A18320868904244D0DE
:1008A000324A3032086890423FD0304A48320868B5
:1008B00090423AD02D4A60320868904235D02B4A97
:1008C00078320868904230D0284A903208689042C6
:1008D0002BD0264AA8320868904226D0244A0868BD
:1008E000904222D0224A1832086890421DD0204AF5
:1008F00030320868904218D01D4A48320868904249
:1009000013D01B4A6032086890420ED0184A7832E1
:100910000868904209D0164A90320868904204D084
:10092000134AA8320868904201D1012000E000205B
:10093000B0B10A78103A1823B2FBF3F000F00702C6
:100940000C4B9A5CCA65032805D90A686FF3090243
:10095000121D8A6503E00A686FF309028A6503E0E5
:10096000086820F0FF008865886D7047100002401D
:100970001004024046E3000810B502682B4C0368DF
:10098000A34222D0294C14340368A3421DD0274C23
:1009900028340368A34218D0244C3C340368A34293
:1009A00013D0224C50340368A3420ED01F4C643441
:1009B0000368A34209D01D4C78340368A34204D0D5
:1009C0001A4C8C340368A34201D1012300E00023B8
:1009D0008BB10378083B1424B3FBF4F1144B03EB05
:1009E00081030366124B8033436601F01F04012329
:1009F000A340836618E00378103B1824B3FBF4F19E
:100A00000C4B9A4204D80B4BA83B9A4200D30831B6
:100A1000094B03EB81030366074B8033436601F008
:100A20001F040123A340836610BD00000854025830
:100A300000580258B8040240000802400179A9B3E6
:100A4000082940D8204B02689A4222D01E4B14330A
:100A500002689A421DD01C4B283302689A4218D073
:100A6000194B3C3302689A4213D0174B503302683B
:100A70009A420ED0144B643302689A4209D0124B4A
:100A8000783302689A4204D00F4B8C3302689A4242
:100A900001D1012200E000224AB14A1E0B4B03EBB8
:100AA0008202C266094A4032026708E00BE04A1E31
:100AB000074B03EB8202C266054A403202674A1EB8
:100AC0000123934043677047085402580059025865
:100AD00000090240014600208A69D2B98A6A32B10F
:100AE000012A0DD0022A03D0032A10D10EE000BF44
:100AF000CA6A02F08072B2F1807F00D1012007E063
:100B0000CA6AB2F1C07F00D1012001E000E000BF5D
:100B100036E08A69B2F5005F1BD18A6A32B1012AD8
:100B200007D0022A03D0032A11D10AE000BF012016
:100B30000EE0CA6A02F08072B2F1807F00D101201B
:100B400006E0CA6AB2F1C07F00D1012000E000BF18
:100B500016E08A6A32B1012A05D0022A04D0032A9B
:100B60000CD103E000BF00BF012008E0CA6A02F018
:100B70008072B2F1807F00D1012000E000BF00BF91
:100B80007047000030B5384D0468AC4249D0364D4E
:100B900018350468AC4244D0334D30350468AC425B
:100BA0003FD0314D48350468AC423AD02E4D6035C7
:100BB0000468AC4235D02C4D78350468AC4230D056
:100BC000294D90350468AC422BD0274DA8350468D8
:100BD000AC4226D0254D0468AC4222D0234D1835B6
:100BE0000468AC421DD0214D30350468AC4218D0A9
:100BF0001E4D48350468AC4213D01C4D6035046866
:100C0000AC420ED0194D78350468AC4209D0174D6E
:100C100090350468AC4204D0144DA8350468AC4249
:100C200001D1012400E0002474B104686360846889
:100C3000402C04D10468A2600468E16012E00468FA
:100C4000A1600468E2600DE0046863608468402C81
:100C500004D10468A2600468E16003E00468A16054
:100C60000468E26030BD0000100002401004024041
:100C7000F0B5856D846D984F0668BE4270D0964F72
:100C800018370668BE426BD0934F30370668BE42B5
:100C900066D0914F48370668BE4261D08E4F6037AC
:100CA0000668BE425CD08C4F78370668BE4257D08B
:100CB000894F90370668BE4252D0874FA8370668E2
:100CC000BE424DD0854F0668BE4249D0834F18378B
:100CD0000668BE4244D0814F30370668BE423FD0DE
:100CE0007E4F48370668BE423AD07C4F6037066870
:100CF000BE4235D0794F78370668BE4230D0774F44
:100D000090370668BE422BD0744FA8370668BE42A3
:100D100026D0734F0668BE4222D0714F1437066842
:100D2000BE421DD06E4F28370668BE4218D06C4FA9
:100D30003C370668BE4213D0694F50370668BE4242
:100D40000ED0674F64370668BE4209D0644F7837CB
:100D50000668BE4204D0624F8C370668BE4201D19D
:100D6000012600E000263EB1D0E919767E60C66E0D
:100D700016B1D0E91C767E60574F0668BE4249D056
:100D8000554F18370668BE4244D0534F3037066877
:100D9000BE423FD0504F48370668BE423AD04E4F11
:100DA00060370668BE4235D04B4F78370668BE4282
:100DB00030D0494F90370668BE422BD0464FA837F7
:100DC0000668BE4226D0454F0668BE4222D0434F39
:100DD00018370668BE421DD0404F30370668BE4205
:100DE00018D03E4F48370668BE4213D03B4F60379D
:100DF0000668BE420ED0394F78370668BE4209D029
:100E0000364F90370668BE4204D0344FA837066884
:100E1000BE4201D1012600E00026DEB190F85C6000
:100E200006F01F073F26BE40AE600668366826F40F
:100E3000802607683E60066873608668402E04D18D
:100E40000668B2600668F16044E00668B160066852
:100E5000F2603FE0224F0668BE4222D0204F143796
:100E60000668BE421DD01E4F28370668BE4218D005
:100E70001B4F3C370668BE4213D0194F50370668E7
:100E8000BE420ED0164F64370668BE4209D0144FDA
:100E900078370668BE4204D0114F8C370668BE42D0
:100EA00001D1012600E00026A6B190F85C6006F0B2
:100EB0001F070126BE406660066873608668402E84
:100EC00004D10668B2600668F16003E00668B160AC
:100ED0000668F260F0BD00001000024010040240FD
:100EE000085402587047000070B50446B3F5804FAF
:100EF00013D1D1E9000540EA05108D6840EA0520CC
:100F00008D6928438D8940EA054054F82250064EE9
:100F10003540284344F8220003E06FF0704044F865
:100F20002200002070BD00000000F0CF70B5024626
:100F3000086852F8200020F001000E6842F82600F0
:100F40008868082801D1402500E00025486828432A
:100F50008E683043CE6830430E6930434E6930436B
:100F60008E693043CE6930430E6A30434E6A304357
:100F70008E6A3043CE6A40EA0603086B0343486B2F
:100F80000343886B0343114C44F4801444F400146D
:100F900044F4E024086852F82000A04318430E6887
:100FA00042F82600086BB0F5801F07D1086828B109
:100FB000106820F480100E6B30431060086818B180
:100FC00010684E6B30431060002070BD7FFB08003E
:100FD00030B50346D1E9000540EA05108D6840EAC6
:100FE00005208D8940EA0545088A401E45EA0055DE
:100FF000087D801E45EA00608D692843551C53F822
:10100000255005F040452843551C43F82500186835
:1010100000F48010B0F5801F0BD1586820F47004E4
:10102000088A401E44EA0054586820F470002043A7
:101030005860002030BD02460868B0B9D1E901030C
:101040001843CB6818430B6918434B6918438B69E5
:101050001843CB6918430B6A18434B6A184313684B
:101060006FF30E031843106019E0D1E9070318432A
:101070004B6A1843136823F4F84318431060D1E90E
:1010800001031843CB6818430B6918434B69184395
:101090008B69184353686FF30E03184350600020A8
:1010A00070470246506943F6FE73984340EA410098
:1010B00050610020704710B50346D1E90004204379
:1010C0008C68641E40EA4410CC6840EA44201C69E5
:1010D0006FF3150420431861002010BD30B503469E
:1010E000FAB90868401E4C68641E40EA0414886817
:1010F000401E44EA0024C868401E44EA0034088ABE
:10110000401E44EA0044888A401E44EA0054087E97
:10111000401E44EA00609C6804F0704420439860DC
:1011200022E0C868401E0403888A401E44EA00503A
:101130009C680E4D2C40204398600868401E4C6807
:10114000641E40EA04148868401E44EA0024088AA9
:10115000401E44EA0044087E401E44EA0060DC6809
:1011600004F070442043D860002030BDFF0F0FFF13
:10117000704700000349884203D10121014A82F8E7
:10118000501070475403002470B504462068056968
:1011900005F0040004280ED121684861E06C40F09D
:1011A0000200E064042084F835002348A16C08653F
:1011B000A06C01F099F805F0020002280ED1216818
:1011C0004861E06C40F00100E064042084F83500E0
:1011D0001948A16C0865A06C01F086F805F01000B4
:1011E000102804D121684861204600F077F805F006
:1011F0000800082804D121684861204600F000FB5F
:1012000005F00100B8B12068006800F00200022873
:1012100005D12068C06820F01E002168C8602068E1
:10122000C06820F001002168C86001202168486181
:101230002046FFF79FFF70BD8507000810B50446E4
:101240000CB9012010BD94F8350010B9204600F00B
:1012500047F8022084F83500A06908B100216162D6
:10126000206800681C49084021680860616960685E
:101270000843E168084321690843A1680843A1695C
:101280000843216A0843616A0843A16A0843E16A86
:101290000843216B084321680968084321680860F6
:1012A000606810280BD1217F607F41EA0021A07F78
:1012B00041EA0041E07F41EA0060216888612068DE
:1012C000C06840F01E002168C8600020E064012072
:1012D00084F835000020B5E707F0E0FF7047000014
:1012E00010B586B00446142101A8FFF765F9CF4870
:1012F00084427DD100BF00BFCD48006840F00100AE
:10130000CB4908600846006800F00100009000BF6B
:1013100000BF00BF00BF00BF081F006840F0020010
:10132000091F08600846006800F00200009000BF36
:1013300000BF00BF00BF00BFBD48001D006840F0F7
:101340000200BB49091D08600846006800F0020061
:10135000009000BF00BF00BF00BF00BF084600688C
:1013600040F0800008600846006800F080000090AF
:1013700000BF00BF00BF00BF00BF0846006840F0CC
:10138000010008600846006800F00100009000BFFE
:1013900000BF00BF00BF00BF0846006840F0040067
:1013A00008600846006800F00400009000BF00BF1D
:1013B00000BF00BF00BF0846006840F0040008609E
:1013C0000846006800F00400009000BF00BF00BFA6
:1013D00000BF00BF0846006840F0040008600846EF
:1013E000006800F00400009000BF00BF00BF00E0F4
:1013F0001AE100BF00BF0846006840F00400086022
:101400000846006800F00400009000BF00BF00BF65
:1014100000BF00BF0846006840F0040008600846AE
:10142000006800F00400009000BF00BF00BF00BFD4
:1014300000BF0846006840F00800086008460068E1
:1014400000F00800009000BF00BF00BF00BF00BF59
:101450000846006840F0020008600846006800F096
:101460000200009000BF00BF00BF00BF00BF0846E1
:10147000006840F0020008600846006800F00200C2
:10148000009000BF00BF00BF8020019002200290AA
:1014900001200390022004900D20059001A96548C9
:1014A00002F0F4FA4FF480700190022002900120C3
:1014B0000390022004900D20059001A95E4802F0DF
:1014C000E5FA4020019002200290012003900220C2
:1014D00004900D20059001A9584802F0D7FA402049
:1014E00001900220029001200390022004900D2020
:1014F000059001A9524802F0C9FA8020019002200B
:10150000029001200390022004900D20059001A973
:101510004B4802F0BBFA4FF4807001900220029019
:1015200001200390022004900D20059001A9444859
:1015300002F0ACFA4FF400700190022002900120FA
:101540000390022004900D20059001A93C4802F070
:101550009DFA4FF400600190022002900120039058
:10156000022004900D20059001A9354802F08EFA62
:101570000820019002200290012003900220049094
:101580000D20059001A92F4802F080FA4FF48070D9
:1015900001900220029001200390022004900D206F
:1015A000059001A9234802F071FA4FF400700190F0
:1015B0000220029001200390022004900D2005904B
:1015C00001A91C4802F062FA1F48204908604B201C
:1015D000486000211D488160C16001614FF4805165
:1015E0004161490081614911C161490201620421DF
:1015F0004162012181620021C162016300BFA064D8
:10160000846300BF01F0B8FD022211464E2002F0B3
:1016100034FE4E2002F01DFE03220221392002F08A
:101620002CFE392002F015FE06B010BD5403002434
:10163000DC44025800040258001C02580000025802
:1016400000080258000C025828040240A803002495
:101650002DE9F84304460F4615461E4600BF94F890
:101660003400012802D10220BDE8F883012084F86B
:10167000340000BF022084F835002068006840F480
:101680008040216808602068006820F0020021681E
:101690000860206800683843216808603248A16CFF
:1016A000C8633248A16CC8640020A16C0865A063BF
:1016B0002064E0636064B6F5803F15D2226802F1D1
:1016C000280133462A46A06C01F0E6FF00283DD0F1
:1016D0004020E064012084F8350000BF002084F839
:1016E000340000BF0120BFE71F48A16C48640120FF
:1016F000A063E663656405E0E06B4008E063A06B0F
:101700004000A063E06BB0F5803FF5D2A06B801E77
:10171000A063A06B2064E06B042101FB0058E06B28
:101720000090226802F1280143462A46A06C00F08E
:10173000D1F858B14020E064012084F8350000BFA2
:10174000002084F8340000BF01208DE72068006885
:1017500040F001002168086000BF002084F83400D8
:1017600000BF00BF80E70000A90700088507000848
:1017700070B5044621480068C0084FF47A71B0FB88
:10178000F1F000FB01F5002600BF94F834000128B9
:1017900001D1022070BD012084F8340000BF022076
:1017A00084F835002068006820F001002168086096
:1017B00000BF6D1E2DB9E06C40F02000E0640326F0
:1017C00005E02068006800F001000028F1D100BFAA
:1017D0002068006820F4804021680860A06C00F058
:1017E00015FBE06CE064012084F8350000BF0020A8
:1017F00084F8340000BF3046CCE70000000000242D
:101800007047000010B50346304C1868A04249D01C
:101810002E4C18341868A04244D02C4C3034186830
:10182000A0423FD0294C48341868A0423AD0274CF7
:1018300060341868A04235D0244C78341868A0422F
:1018400030D0224C90341868A0422BD01F4CA834C2
:101850001868A04226D01E4C1868A04222D01C4C0A
:1018600018341868A0421DD0194C30341868A042B2
:1018700018D0174C48341868A04213D0144C603468
:101880001868A0420ED0124C78341868A04209D0D3
:101890000F4C90341868A04204D00D4CA83418683E
:1018A000A04201D1012000E0002030B112B9186837
:1018B000C16008E01868016105E012B91868C160EC
:1018C00001E018680161002010BD00001000024016
:1018D000100402402DE9F04704460F4690461E468C
:1018E000DDF820904FF0000AA068802804D1400065
:1018F00060650120BDE8F08700BF94F8340001283E
:1019000001D10220F6E7012084F8340000BF94F8EA
:10191000350001287ED1022084F835000020606562
:10192000F9492068884249D0F7491831206888422F
:1019300044D0F5493031206888423FD0F2494831DF
:10194000206888423AD0F04960312068884235D01A
:10195000ED4978312068884230D0EB4990312068D9
:1019600088422BD0E849A8312068884226D0E74930
:101970002068884222D0E5491831206888421DD06D
:10198000E24930312068884218D0E0494831206867
:10199000884213D0DD496031206888420ED0DB498F
:1019A00078312068884209D0D8499031206888422F
:1019B00004D0D649A8312068884201D1012000E036
:1019C000002090B12068006840F480202168086001
:1019D00020680661A06D00F1080594F85C0000F035
:1019E0001F013F208840286011E02068006848F20D
:1019F000200108432168086020680661A06D051D6C
:101A000094F85C0000F01F010120884028604B46DC
:101A1000424600E0EFE139462046FFF7B3F8BA4905
:101A20002068884270D0B8491831206888426BD04D
:101A3000B54930312068884266D0B34948312068C2
:101A4000884261D0B0496031206888425CD0AE499C
:101A500078312068884257D0AB499031206888425D
:101A600052D0A949A831206888424DD0A7492068A2
:101A7000884249D0A54918312068884244D0A349FA
:101A80003031206888423FD0A049483120688842E0
:101A90003AD09E4960312068884235D09B497831E0
:101AA0002068884230D099499031206888422BD0F4
:101AB0009649A8312068884226D0954920688842F6
:101AC00022D093491431206888421DD09049283192
:101AD0002068884218D08E493C312068884213D053
:101AE0008B495031206888420ED089496431206882
:101AF000884209D0864978312068884204D08449D8
:101B00008C312068884201D1012000E0002038B1EA
:101B1000D4E919104860E06E10B1D4E91C10486097
:101B200079492068884249D077491831206888422D
:101B300044D075493031206888423FD072494831DD
:101B4000206888423AD0704960312068884235D098
:101B50006D4978312068884230D06B4990312068D7
:101B600088422BD06849A8312068884226D067492E
:101B70002068884222D065491831206888421DD0EB
:101B8000624930312068884218D060494831206865
:101B9000884213D05D496031206888420ED05B498D
:101BA00078312068884209D05849903120688842AD
:101BB00004D05649A8312068884201D1012000E0B4
:101BC0000020C0B12068006820F01E0040F0160020
:101BD000216808602068406940F080002168486101
:101BE000206C08B9A06CC0B12068006840F0080003
:101BF0002168086011E02068006820F00E0040F0C5
:101C00000A0021680860206C08B9A06C28B120681F
:101C1000006840F00400216808603B492068884261
:101C200070D039491831206888426BD0364930313C
:101C30002068884266D0344948312068884261D0A3
:101C400031496031206888425CD02F497831206862
:101C5000884257D02C4990312068884252D02A4976
:101C6000A831206888424DD028492068884249D050
:101C7000264918312068884244D0244930312068F0
:101C800088423FD021494831206888423AD01F49D4
:101C900060312068884235D01C49783120688842FC
:101CA00030D01A499031206888422BD01749A8318A
:101CB0002068884226D016492068884222D01449DC
:101CC0001431206888421DD011492831206888428B
:101CD00018D00F493C312068884213D00C4950314C
:101CE000206888420ED00A4964312068884209D0B1
:101CF000074978312068884204D005498C31206832
:101D0000884207D1012006E0100002401004024082
:101D100008540258002090B1206E006800F4803012
:101D200028B1206E006840F48070216E0860E06E7B
:101D300028B1E06E006840F48070E16E08603149BF
:101D40002068884249D02F4918312068884244D001
:101D50002C493031206888423FD02A4948312068D8
:101D600088423AD0274960312068884235D02549D9
:101D700078312068884230D02249903120688842EA
:101D80002BD02049A8312068884226D01E492068DF
:101D9000884222D01C491831206888421DD01A4937
:101DA00030312068884218D017494831206888426D
:101DB00013D015496031206888420ED0124978311D
:101DC0002068884209D0104990312068884204D0A8
:101DD0000D49A8312068884206D12068006840F08B
:101DE0000100216808600BE02068006840F00100F5
:101DF0002168086004E04FF4006060654FF0010A5C
:101E0000504677E510000240100402402DE9F041F1
:101E1000044601F057FF804614B90120BDE8F08167
:101E200094F83500022808D08020606500BF0020AB
:101E300084F8340000BF0120F0E7FE4920688842A2
:101E400049D0FC4918312068884244D0F9493031E2
:101E5000206888423FD0F7494831206888423AD00C
:101E6000F44960312068884235D0F24978312068E1
:101E7000884230D0EF499031206888422BD0ED491C
:101E8000A8312068884226D0EB492068884222D0B9
:101E9000E9491831206888421DD0E749303120686F
:101EA000884218D0E44948312068884213D0E2497A
:101EB0006031206888420ED0DF497831206888423E
:101EC00009D0DD4990312068884204D0DA49A83130
:101ED0002068884201D1012000E0002068B120681C
:101EE000006820F01E00216808602068406920F02A
:101EF000800021684861256806E02068006820F0BD
:101F00000E00216808602568CA492068884270D0A0
:101F1000C8491831206888426BD0C64930312068E2
:101F2000884266D0C34948312068884261D0C1499F
:101F30006031206888425CD0BE4978312068884290
:101F400057D0BC4990312068884252D0B949A83155
:101F5000206888424DD0B8492068884249D0B649A7
:101F600018312068884244D0B34930312068884213
:101F70003FD0B1494831206888423AD0AE496031FB
:101F80002068884235D0AC4978312068884230D00A
:101F9000A9499031206888422BD0A749A8312068F0
:101FA000884226D0A5492068884222D0A34914310E
:101FB000206888421DD0A14928312068884218D065
:101FC0009E493C312068884213D09C49503120689A
:101FD00088420ED0994964312068884209D09749D7
:101FE00078312068884204D094498C312068884236
:101FF00001D1012000E0002028B1206E006820F40B
:102000008070216E08608B492068884249D08949D8
:1020100018312068884244D086493031206888428F
:102020003FD084494831206888423AD081496031A4
:102030002068884235D07F4978312068884230D086
:102040007C499031206888422BD07A49A831206899
:10205000884226D078492068884222D076491831B3
:10206000206888421DD0744930312068884218D0D9
:10207000714948312068884213D06F496031206827
:1020800088420ED06C4978312068884209D06A496C
:1020900090312068884204D06749A831206888427E
:1020A00006D12068006820F001002168086005E082
:1020B0002068006820F001002168086011E001F04C
:1020C00001FEA0EB080005280BD920206065032045
:1020D00084F8350000BF002084F8340000BF0120E0
:1020E0009CE6286800F001000028E8D151492068EA
:1020F000884249D04F4918312068884244D04D4920
:102100003031206888423FD04A49483120688842AF
:102110003AD0484960312068884235D04549783105
:102120002068884230D043499031206888422BD0C3
:102130004049A8312068884226D03F49206888421B
:1021400022D03D491831206888421DD03A493031AB
:102150002068884218D0384948312068884213D016
:1021600035496031206888420ED033497831206883
:10217000884209D0304990312068884204D02E49E5
:10218000A8312068884201D1012000E0002040B140
:10219000A66D94F85C0000F01F013F208840B060FD
:1021A00007E0A76D94F85C0000F01F010120884053
:1021B000786020492068884276D01E49183120680E
:1021C000884271D01B493031206888426CD019494F
:1021D00048312068884267D01649603120688842BB
:1021E00062D014497831206888425DD0114990311D
:1021F0002068884258D00F49A8312068884253D0BF
:102200000D49206888424FD00B4918312068884218
:102210004AD0094930312068884245D006494831C2
:102220002068884240D004496031206888423BD011
:10223000014905E010000240100402400854025811
:102240007831206888422FD02549206888422BD0D9
:10225000234918312068884226D0224920688842C4
:1022600022D020491431206888421DD01D492831D0
:102270002068884218D01B493C312068884213D01E
:1022800018495031206888420ED0164964312068C0
:10229000884209D0134978312068884204D0114916
:1022A0008C312068884201D1012000E0002068B113
:1022B000D4E919104860E06E40B1E06E006820F487
:1022C0008070E16E0860D4E91C104860012084F839
:1022D000350000BF002084F8340000BF00BF9DE53A
:1022E000A00402400854025870B504460CB90120FD
:1022F00070BD94F83500022803D08020606501206D
:10230000F6E7DC492068884249D0DA49183120686C
:10231000884244D0D7493031206888423FD0D549DF
:102320004831206888423AD0D249603120688842DA
:1023300035D0D04978312068884230D0CD499031AD
:10234000206888422BD0CB49A8312068884226D00B
:10235000C9492068884222D0C7491831206888427C
:102360001DD0C54930312068884218D0C249483153
:102370002068884213D0C0496031206888420ED05E
:10238000BD4978312068884209D0BB499031206826
:10239000884204D0B849A8312068884201D1012080
:1023A00000E00020F0B3042084F83500B149206833
:1023B00088424BD0AF4918312068884246D0AD4999
:1023C00030312068884241D0AA494831206888428B
:1023D0003CD0A84960312068884237D0A54978317F
:1023E0002068884232D0A3499031206888422DD09D
:1023F000A049A8312068884228D09F492068884297
:1024000024D09D491831206888421FD09A49303124
:10241000206888421AD0984948312068884215D0EF
:10242000954900E020E06031206888420ED0924952
:1024300078312068884209D08F49903120688842DD
:1024400004D08D49A8312068884206D120680068F0
:1024500020F001002168086009E12068006820F090
:1024600001002168086002E12068006820F00E0089
:10247000216808607F492068884249D07D49183129
:102480002068884244D07B493031206888423FD060
:1024900078494831206888423AD0764960312068CE
:1024A000884235D0734978312068884230D07149EC
:1024B0009031206888422BD06E49A831206888422C
:1024C00026D06D492068884222D06B491831206897
:1024D00088421DD0684930312068884218D066494A
:1024E00048312068884213D06349603120688842AF
:1024F0000ED0614978312068884209D05E49903118
:102500002068884204D05C49A8312068884206D1FE
:102510002068006820F001002168086005E020685C
:10252000006820F001002168086052492068884254
:1025300070D050491831206888426BD04D493031F5
:102540002068884266D04B4948312068884261D073
:1025500048496031206888425CD04649783120681B
:10256000884257D0434990312068884252D041492F
:10257000A831206888424DD03F492068884249D020
:102580003D4918312068884244D03B4930312068A9
:1025900088423FD038494831206888423AD036498D
:1025A00060312068884235D03349783120688842CC
:1025B00030D031499031206888422BD02E49A83143
:1025C0002068884226D02D492068884222D02B4995
:1025D0001431206888421DD028492831206888425B
:1025E00018D026493C312068884213D02349503105
:1025F000206888420ED0214964312068884209D081
:102600001E4978312068884204D01C498C312068EA
:10261000884201D1012000E00020D8B1206E00687E
:1026200020F48070216E0860A56D94F85C0000F0C5
:102630001F01012088406860D4E919104860E06EED
:1026400040B1E06E006820F48070E16E0860D4E96B
:102650001C104860012084F8350000BF002084F879
:10266000340000BF206D10B12046216D8847002046
:102670003EE60000100002401004024008540258D8
:102680002DE9F84F044600200090FE4800684FF402
:102690001651B0FBF1FAA66DD4F858803768D8F817
:1026A0000090F9492068884249D0F74918312068DC
:1026B000884244D0F4493031206888423FD0F24902
:1026C0004831206888423AD0EF496031206888421A
:1026D00035D0ED4978312068884230D0EA499031D0
:1026E000206888422BD0E849A8312068884226D04B
:1026F000E6492068884222D0E4491831206888429F
:102700001DD0E24930312068884218D0DF49483175
:102710002068884213D0DD496031206888420ED09D
:10272000DA4978312068884209D0D8499031206848
:10273000884204D0D549A8312068884201D10120BF
:1027400000E0002000287DD094F85C0000F01F011C
:10275000082088403840002868D0CB49206888424B
:1027600049D0C94918312068884244D0C64930311F
:10277000206888423FD0C4494831206888423AD016
:10278000C14960312068884235D0BF49783120681E
:10279000884230D0BC499031206888422BD0BA4959
:1027A000A8312068884226D0B8492068884222D0C3
:1027B000B6491831206888421DD0B44930312068AC
:1027C000884218D0B14948312068884213D0AF49B7
:1027D0006031206888420ED0AC4978312068884248
:1027E00009D0AA4990312068884204D0A749A8316D
:1027F0002068884204D12068006800F0040003E0EB
:102800002068006800F0080080B12068006820F0AF
:1028100004002168086094F85C0000F01F010820A3
:102820008840B060606D40F00100606594F85C0025
:1028300000F01F01012088403840E8B39249206829
:10284000884200E0B7E24BD08F49183120688842B7
:1028500046D08D4930312068884241D08A4948317C
:10286000206888423CD0884960312068884237D04F
:10287000854978312068884232D083499031206878
:1028800088422DD08049A8312068884228D07F49CD
:102890002068884224D07D491831206888421FD0A2
:1028A0007A493031206888421AD078494831206806
:1028B000884215D0754900E026E0603120688842E2
:1028C0000ED0724978312068884209D06F49903122
:1028D0002068884204D06D49A8312068884204D11C
:1028E0002068406900F0800002E020680068002055
:1028F00050B194F85C0000F01F0101208840B060E6
:10290000606D40F00200606594F85C0000F01F010B
:10291000042088403840E8B35B49206888424BD0A7
:10292000594918312068884246D0574930312068CB
:10293000884241D054494831206888423CD05249AD
:1029400060312068884237D04F497831206888420A
:1029500032D04D499031206888422DD04A49A83163
:102960002068884228D049492068884224D04749B5
:102970001831206888421FD044493031206888428D
:102980001AD0424948312068884215D03F49603109
:10299000206800E024E088420ED03C49783120686D
:1029A000884209D0394990312068884204D037499B
:1029B000A8312068884204D12068006800F0020035
:1029C00002E020680068002050B194F85C0000F03C
:1029D0001F0104208840B060606D40F00400606515
:1029E00094F85C0000F01F01102088403840E8B3E4
:1029F00025492068884251D02349183120688842EF
:102A00004CD0214930312068884247D01E49483196
:102A10002068884242D01C496031206888423DD0FD
:102A2000194978312068884238D017499031206898
:102A3000884233D01449A831206888422ED01349E7
:102A4000206888422AD0114918312068884225D050
:102A50000E4930312068884220D00C494831206826
:102A600088421BD009496031206800E04DE088426F
:102A700014D006497831206888420FD0034990313C
:102A8000206805E00000002410000240100402400D
:102A9000884203D0FE492068884204D1206800683B
:102AA00000F0080003E02068006800F0040060B354
:102AB00094F85C0000F01F0110208840B06020688E
:102AC000006800F4802080B12068006800F40020D5
:102AD00028B9206CC8B12046216C884715E0A06C4D
:102AE00098B12046A16C88470FE02068006800F488
:102AF000807028B92068006820F00800216808600C
:102B0000206C10B12046216C884794F85C0000F0DE
:102B10001F0120208840384000287DD0DD492068F2
:102B2000884249D0DB4918312068884244D0D949CD
:102B30003031206888423FD0D649483120688842E9
:102B40003AD0D44960312068884235D0D1497831B3
:102B50002068884230D0CF499031206888422BD0FD
:102B6000CC49A8312068884226D0C949A8392068B4
:102B7000884221D0C6499039206888421CD0C44977
:102B800078392068884217D0C14960392068884266
:102B900012D0BF494839206888420DD0BC4930392D
:102BA0002068884208D0BA4918392068884203D082
:102BB000B7492068884204D12068006800F01000FE
:102BC00003E02068006800F0020028B394F85C007D
:102BD00000F01F0120208840B06094F835000428E0
:102BE0002DD12068006820F0160021680860206858
:102BF000406920F0800021684861206C08B9A06C11
:102C000028B12068006820F008002168086094F866
:102C10005C0000F01F0100E03FE03F208840B06012
:102C2000012084F8350000BF002084F8340000BF84
:102C3000206D10B12046216D8847BDE8F88F2068CF
:102C4000006800F4802080B12068006800F4002053
:102C500028B9606C08B32046616C88471DE0E06BC2
:102C6000D8B12046E16B884717E02068006800F47F
:102C7000807068B92068006820F010002168086042
:102C8000012084F8350000BF002084F8340000BF24
:102C9000E06B10B12046E16B8847606D00287AD068
:102CA000606D00F00100E8B3042084F83500794934
:102CB000206888424BD0774918312068884246D036
:102CC000744930312068884241D0724948312068C7
:102CD00088423CD06F4960312068884237D06D49C6
:102CE00078312068884232D06A4990312068884221
:102CF0002DD06849A8312068884228D06449A83975
:102D00002068884223D062499039206888421ED0CA
:102D10005F4978392068884219D05D496039206858
:102D2000884200E040E012D0594948392068884282
:102D30000DD0574930392068884208D05449183995
:102D40002068884203D052492068884206D1206812
:102D5000006820F001002168086005E02068006834
:102D600020F001002168086000BF0098401C00901E
:102D7000504500D905E02068006800F001000028F7
:102D8000F3D100BF2068006800F0010020B10320EB
:102D900084F8350003E00DE0012084F8350000BF21
:102DA000002084F8340000BFE06C002802D02046E8
:102DB000E16C8847D9E138492068884222D03649F9
:102DC0001431206888421DD0334928312068884258
:102DD00018D031493C312068884213D02E495031F7
:102DE000206888420ED02C4964312068884209D07E
:102DF000294978312068884204D027498C312068DD
:102E0000884201D1012000E000200028D2D02068B3
:102E1000056894F85C0000F01F010420884000EA77
:102E20000900D8B305F00400C0B394F85C0000F0CA
:102E30001F0104208840C8F8040005F4004080B158
:102E400005F4803030B9A06C0028B3D02046A16CC6
:102E500088478AE1206C0028ACD02046216C884746
:102E600083E105F02000E8BB0A492068884253D07E
:102E700008491831206888424ED006493031206810
:102E8000884249D0034948312068884244D006E04E
:102E9000B804024010000240085402584FE0B44900
:102EA00060312068884237D0B14978312068884243
:102EB00032D0AF499031206888422DD0AC49A8313A
:102EC0002068884228D0AB492068884224D0A9498C
:102ED0001831206888421FD0A649303120688842C6
:102EE0001AD000E025E0A34948312068884213D079
:102EF000A0496031206888420ED09E497831206810
:102F0000884209D09B4990312068884204D0994971
:102F1000A8312068884206D12068006820F00800A7
:102F20002168086005E02068006820F0040021683E
:102F30000860206C10B32046216C884715E194F896
:102F40005C0000F01F010220884000EA0900E8B39D
:102F500005F00200D0B394F85C0000F01F010220DD
:102F60008840C8F8040005F4004070B105F48030D2
:102F700028B9606C10B12046616C8847F5E0E06BC1
:102F8000F0B32046E16B8847EFE005F02000C0BBBE
:102F90007749206888424ED07549183120688842A8
:102FA00049D0734930312068884244D07049483153
:102FB000206888423FD06E496031206888423AD00C
:102FC0006B4978312068884235D000E04EE068498E
:102FD0009031206888422ED06549A8312068884207
:102FE00029D064492068884225D062491831206878
:102FF000884220D05F493031206888421BD001E0F0
:103000006EE02DE05B4948312068884213D0594971
:103010006031206888420ED0564978312068884255
:1030200009D0544990312068884204D05149A831D0
:103030002068884206D12068006820F014002168CA
:10304000086005E02068006820F00A002168086038
:10305000012084F8350000BF002084F8340000BF50
:10306000E06BE8B32046E16B88477EE094F85C00B3
:1030700000F01F010820884000EA090080B305F035
:10308000080068B33A49206888424BD03849183163
:103090002068884246D0364930312068884241D085
:1030A00033494831206888423CD03149603120683A
:1030B000884237D02E4978312068884232D02C4956
:1030C0009031206888422DD02949A8312068884253
:1030D00028D028492068884224D02649183100E0A9
:1030E00043E0206888421DD0224930312068884260
:1030F00018D0204948312068884213D01D496031DA
:10310000206888420ED01B4978312068884209D057
:10311000184990312068884204D01649A8312068A7
:10312000884206D12068006820F01C0021680860F1
:1031300005E02068006820F00E002168086094F81F
:103140005C0000F01F0101208840C8F80400012045
:10315000606584F8350000BF002084F8340000BFAB
:10316000E06C10B12046E16C884700BF65E50000C7
:1031700010000240100402402DE9F041044600F026
:10318000A1FD804614B90120BDE8F081FE49206808
:10319000884249D0FC4918312068884244D0FA4915
:1031A0003031206888423FD0F74948312068884252
:1031B0003AD0F54960312068884235D0F2497831FB
:1031C0002068884230D0F0499031206888422BD066
:1031D000ED49A8312068884226D0EC492068884211
:1031E00022D0EA491831206888421DD0E7493031A1
:1031F0002068884218D0E54948312068884213D0B9
:10320000E2496031206888420ED0E0497831206878
:10321000884209D0DD4990312068884204D0DB49DA
:10322000A8312068884201D1012000E00020002858
:1032300073D0606A00B100BF022084F8350000BF7F
:10324000002084F8340000BFCF492068884249D06C
:10325000CD4918312068884244D0CB4930312068AC
:1032600088423FD0C8494831206888423AD0C64990
:1032700060312068884235D0C3497831206888425F
:1032800030D0C1499031206888422BD0BE49A83146
:103290002068884226D0BD492068884222D0BB4998
:1032A0001831206888421DD0B849303120688842E2
:1032B00018D0B64948312068884213D0B3496031EC
:1032C000206888420ED0B14978312068884209D000
:1032D000AE4990312068884204D0AC49A8312068BA
:1032E000884206D12068006820F00100216808604B
:1032F00005E02068006820F00100216808600DE00A
:1033000000F0E0FCA0EB0800052807D9202060654C
:10331000032084F83500012036E76AE02068006861
:1033200000F001000028EBD12068056898480540AE
:10333000D4E9020108432169084361690843A1698E
:103340000843E1690843216A08430543606A042889
:1033500003D1D4E90B01084305438E4800686FF39D
:103360000F00B0F1005F1DD36068292802D36068A8
:103370002E2811D960683F2802D3606842280BD9F3
:103380006068472802D36068482805D960684F28DC
:1033900004D36068522801D8012000E0002008B161
:1033A00045F48015206805602068456925F007050B
:1033B000606A0543606A04280DD1A06A0543E06A8B
:1033C00048B12046FDF786FB28B14020606501200A
:1033D00084F83500D8E6206845612046FDF756FAA6
:1033E000064694F85C0000F01F013F208840B06062
:1033F0009EE069492068884222D0674914312068DC
:1034000088421DD0644928312068884218D062491A
:103410003C312068884213D05F495031206888428F
:103420000ED05D4964312068884209D05A4978310C
:103430002068884204D058498C312068884201D1E4
:10344000012000E00020E0B353492068884222D0E8
:1034500051491431206888421DD04F4928312068D5
:10346000884218D04C493C312068884213D04A49E0
:103470005031206888420ED0474964312068884224
:1034800009D0454978312068884204D042498C31BE
:103490002068884201D1012000E0002000B100BF77
:1034A000022084F8350000BF002084F8340000BFFB
:1034B0002068056839480540A068402802D11021DD
:1034C00006E02EE0A068802801D1C10100E00021C3
:1034D000E06841EAD001206941EAD001606941EA2F
:1034E000D001A06941EAD001E06941EAD001206A37
:1034F00041EA101005432068056027492068401AFA
:103500001421B0FBF1F08000E0652046FDF7BEF924
:10351000074694F85C0000F01F01012088407860A5
:1035200006E040206065032084F8350001202BE68A
:103530001549206888427FD0134918312068884295
:103540007AD0114930312068884275D00E4948310F
:103550002068884270D00C496031206888426BD066
:10356000094978312068884266D00749903120683F
:10357000884261D00449A831206888425CD0034960
:103580002068884258D00BE010000240100402402E
:103590003F8010FE0010005C085402580F00FEFF30
:1035A0003B4918312068884246D03949303120687B
:1035B000884241D036494831206888423CD034495D
:1035C00060312068884237D031497831206888429C
:1035D00032D02F499031206888422DD02C49A83113
:1035E0002068884228D02B492068884224D0294965
:1035F0001431206888421FD026492831206888422B
:103600001AD024493C312068884215D021495031D4
:103610002068884210D01F496431206888420BD04E
:103620001C4978312068884206D01A498C312068BC
:10363000884200E000E001D1012000E0002000B35A
:103640002046FDF799F9A068802801D1002060602C
:103650002079216E0860D4E919104860606860B173
:103660006068082809D82046FDF7E8F90020E16ED7
:103670000860D4E91C10486003E00020E066206781
:10368000606700206065012084F8350000207BE53C
:1036900010040240085402582DE9F04104460D463A
:1036A00016461F464FF0000814B90120BDE8F0810E
:1036B00000BF94F83400012801D10220F6E7012070
:1036C00084F8340000BF94F8350001287ED1022030
:1036D00084F8350000206065E4492068884249D0BC
:1036E000E24918312068884244D0E04930312068EE
:1036F00088423FD0DD494831206888423AD0DB49D2
:1037000060312068884235D0D849783120688842B5
:1037100030D0D6499031206888422BD0D349A83187
:103720002068884226D0D2492068884222D0D049D9
:103730001831206888421DD0CD4930312068884238
:1037400018D0CB4948312068884213D0C84960312D
:10375000206888420ED0C64978312068884209D056
:10376000C34990312068884204D0C149A8312068FB
:10377000884206D12068006820F0010021680860B6
:1037800005E02068006820F00100216808603B46E1
:10379000324629462046FDF76BFAB4492068884234
:1037A0004BD0B24918312068884246D0AF493031F9
:1037B0002068884241D0AD494831206888423CD0D9
:1037C000AA4960312068884237D000E042E1A74929
:1037D00078312068884230D0A449903120688842EE
:1037E0002BD0A249A8312068884226D0A049206861
:1037F000884222D09E491831206888421DD09C49B9
:1038000030312068884218D0994948312068884270
:1038100013D097496031206888420ED0944978319E
:103820002068884209D0924990312068884204D0AB
:103830008F49A8312068884201D1012000E0002092
:1038400080B12068006820F01E0040F0160021685A
:103850000860206CB0B12068006840F00800216862
:1038600008600FE02068006820F00E0040F00A00B9
:1038700021680860206C28B12068006840F00400CE
:103880002168086079492068884270D077491831EA
:10389000206888426BD0754930312068884266D0F4
:1038A000724948312068884261D07049603120688F
:1038B00088425CD06D4978312068884257D06B4986
:1038C00090312068884252D06849A83120688842E7
:1038D0004DD067492068884249D065491831206831
:1038E000884244D062493031206888423FD06049E4
:1038F0004831206888423AD05D496031206888426A
:1039000035D05B4978312068884230D058499031B1
:10391000206888422BD05649A8312068884226D09A
:1039200054492068884222D0524914312068884284
:103930001DD0504928312068884218D04D493C316B
:103940002068884213D04B495031206888420ED0FD
:10395000484964312068884209D046497831206856
:10396000884204D043498C312068884201D101202B
:1039700000E0002090B1206E006800F4803028B193
:10398000206E006840F48070216E0860E06E28B1FF
:10399000E06E006840F48070E16E08603349206892
:1039A000884249D0314918312068884244D02F4993
:1039B0003031206888423FD02C4948312068884205
:1039C0003AD02A4960312068884235D02749783179
:1039D0002068884230D025499031206888422BD019
:1039E0002249A8312068884226D02149206888428F
:1039F00022D01F491831206888421DD01C4930311F
:103A00002068884218D01A4948312068884213D06B
:103A100017496031206888420ED0154978312068F6
:103A2000884209D0124990312068884204D0104958
:103A3000A8312068884206D12068006840F0010063
:103A40002168086010E02068006840F001002168EB
:103A5000086009E04FF40060606500BF002084F852
:103A6000340000BF4FF0010840461FE6100002403E
:103A700010040240085402580348006840F0010056
:103A8000014908607047000020040058F8B502465C
:103A90000B4600216F4DD7E001278F401E6806EAD4
:103AA0000704002C72D01E7906F00306012E04D004
:103AB0001E7906F00306022E13D190684F000326EC
:103AC000BE40B0434F00DE68BE4030439060506857
:103AD00001268E40B0431E79C6F300168E40304357
:103AE00050601E7906F00306032E09D0D0684F00FF
:103AF0000326BE40B0434F009E68BE403043D060B6
:103B00001E7906F00306022E13D1CF0802F120061B
:103B100056F827004E07F70E0F26BE40B0434F075A
:103B2000FF0E1E69BE403043CF0802F1200646F862
:103B3000270010684F000326BE40B0431E7906F0F0
:103B400003064F00BE40304310605E6806F4403606
:103B5000002E78D000BF404E366846F002063E4F39
:103B60003E603E46366806F00206009600BF00BF83
:103B70003A4E8F0856F827008E07370F0F26BE40A3
:103B8000B043374EB24202D100262EE05BE0354E04
:103B9000B24201D1012628E0334EB24201D10226C1
:103BA00023E0324EB24201D103261EE0304EB24233
:103BB00001D1042619E02F4EB24201D1052614E0AE
:103BC0002D4EB24201D106260FE02C4EB24201D159
:103BD00007260AE02A4EB24201D1082605E0294E06
:103BE000B24201D1092600E00A268F073F0FBE40EE
:103BF00030431A4E8F0846F827004FF0B046306821
:103C0000A0435E6806F4801606B120434FF0B0462C
:103C100030607068A0435E6806F4001606B1204369
:103C20004FF0B04670606868A0435E6806F40036E6
:103C300006B1204368602868A0435E6806F48036B9
:103C400006B120432860491C1E68CE40002E7FF438
:103C500023AFF8BD80000058F4440258080400580F
:103C6000000002580004025800080258000C0258D4
:103C7000001002580014025800180258001C025884
:103C80000020025800240258024613690B400BB171
:103C9000012000E00020704710B5426921EA0203CC
:103CA00002EA010443EA0443836110BD0AB1816161
:103CB00001E00B048361704701480068000C704705
:103CC0000010005C014800687047000014000024E8
:103CD00003480068034909780844014908607047AF
:103CE000140000241C00002410B5052000F002FB85
:103CF00001F0ECFC10490968C1F303210F4A515C43
:103D000001F01F0120FA01F40B48006800F00F00D9
:103D10001146085C00F01F0024FA00F00849086012
:103D2000084804600F2000F00FF808B1012010BD12
:103D300000F08EFA0020FAE71844025836E3000833
:103D4000040000240000002470B5044611480078E7
:103D500008B9012070BD0F4800784FF47A71B1FBAB
:103D6000F0F00D490968B1FBF0F5284602F054FB6C
:103D700008B10120EEE7102C07D200222146501E88
:103D800000F07BFA0548046001E00120E2E7002032
:103D9000E0E700001C0000240000002418000024BC
:103DA00070B504460E46154600BF94F8A0000128E1
:103DB00001D1022070BD012084F8A00000BF0220C4
:103DC00084F8A10005EB850101EBC50204F138017F
:103DD00001EB820034223146FCF7BCFB2A46314617
:103DE000204602F08AFE01202168486284F8A10082
:103DF00000BF002084F8A00000BF00BFDAE7000089
:103E000070B504460CB9012070BD94F8A10028B922
:103E1000002084F8A000204600F07EF8022084F8FC
:103E2000A1002068806920F0704021688861D4E991
:103E300001010843E1680843216908432168896951
:103E400008432168886120688068324908402168F9
:103E50008860A08A050420688068A1692943084316
:103E6000216888602068C0682A4908402168C860C5
:103E7000A08B05042068C068216A29430843216893
:103E8000C860206800692349084021680861A08C47
:103E9000050420680069A16A294308432168086174
:103EA000206840691B49084021684861A08D0504CD
:103EB00020684069216B294308432168486194F8D0
:103EC0003500050294F8360006042068C06A00F048
:103ED0007F402168C86246EA050094F83410084320
:103EE0002168C96A08432168C8622068406B40F0B5
:103EF0000600216848632068806940F0010021685D
:103F000088610020C4F8A400012084F8A1000020EA
:103F10007AE7000000F800F010B586B0044600BF54
:103F20005D48006840F008005B490860084600688A
:103F300000F00800009000BF00BF00BF56481038D6
:103F4000006840F0100054491039086008460068C5
:103F500000F01000009000BF00BF00BF00BF4E483F
:103F6000001F006840F002004B49091F0860084626
:103F7000006800F00200009000BF00BF00BF00BF5B
:103F800000BF0846006840F020000860084600684E
:103F900000F02000009000BF00BF00BF00BF00BFC6
:103FA0000846006840F4807008600846006800F425
:103FB0008070009000BF00BF00BF00BF00BF084678
:103FC000006840F4807008600846006800F4807063
:103FD000009000BF00BF00BF00BF00BF08460068E0
:103FE00040F0400008600846006800F04000009083
:103FF00000BF00BF00BF00BF0846006840F080005F
:1040000008600846006800F08000009000BF00BF14
:10401000202001900120029003900320049001A928
:104020001E48FFF733FD4FF480600190022002909C
:1040300000200390032004900E20059001A9184849
:10404000FFF724FD4FF40070019001A91548FFF718
:104050001DFD4FF48060019001A91248FFF716FD85
:104060008020019001A91048FFF710FD4FF4046073
:10407000019001A90C48FFF709FD4FF47E40019023
:1040800001A90A48FFF702FDF720019001A90548A0
:10409000FFF7FCFC06B010BDE444025800040258CF
:1040A000001402580020025800180258001C025840
:1040B0002DE9F04104460E461746984600BF94F895
:1040C000A000012802D10220BDE8F081012084F87F
:1040D000A00000BF022084F8A10008EB880000EBDC
:1040E000C80104F1380000EB81052E60A86A304455
:1040F0006860AF60E86A3844E86042462946204676
:1041000002F0FBFC01202168486284F8A10000BF96
:10411000002084F8A00000BF00BFD5E72DE9F041E2
:1041200004460E461746984600BF94F8A0000128A2
:1041300002D10220BDE8F081012084F8A00000BF78
:10414000022084F8A10008EB880000EBC80104F10C
:10415000380000EB8105286830446860A86838445E
:10416000E860AE62EF6242462946204602F0C5FC96
:1041700001202168486284F8A10000BF002084F873
:10418000A00000BF00BFD5E74178154A1160017853
:10419000F9B1121D41681160017B0907C27A41EA39
:1041A0000261827A41EAC241427B41EA8241827BDA
:1041B00041EA4241C27B41EA0241427A41EA02219C
:1041C000027A41EA420102781143054A083211603D
:1041D00005E00021024A121D1160121D1160704796
:1041E00098ED00E000BF00BF00BFBFF35F8F00BFCE
:1041F00000BF00BF0548006820F480300349086014
:1042000000200249703108607047000024ED00E092
:1042100040F001010D4A11600C497039096841F400
:1042200080310A4A703A116000BF00BF00BFBFF37F
:104230004F8F00BF00BF00BF00BF00BF00BFBFF374
:104240006F8F00BF00BF00BF7047000094ED00E01B
:1042500070470146084600280DDB00BF00BF00F094
:104260001F0301229A4043099B0003F1E023C3F896
:10427000002100BF00BF00BF70472DE9F05F8046FE
:104280000D46164603F002FF074639462A463346D6
:1042900001F00700C0F1070ABAF1040F02D94FF08C
:1042A000040A01E0C0F1070AD14600F1040ABAF19C
:1042B000070F02D24FF0000A01E0A0F1030AD44632
:1042C0004FF0010A0AFA09FAAAF1010A0AEA020AF7
:1042D0000AFA0CFA4FF0010B0BFA0CFBABF1010BD5
:1042E0000BEA030B4AEA0B042146404603F0D6FED4
:1042F000BDE8F09F00BF00F00702064B19684FF6BB
:10430000FF031940044B0B4343EA0221014B1960A0
:1043100000BF70470CED00E00000FA05034800689C
:1043200040F0807001490860704700000C48025856
:1043300010B501F081F905490968C1F30211044A79
:10434000515C01F01F01C84010BD0000204402581C
:1043500036E3000870B50146844D2D6805F003036F
:10436000824D2D68C5F30530804D2D1D2D68C5F398
:1043700000147E4D14352D68C5F3CC0515FB04F5EE
:1043800001EE105AB8EE411AF0EE410A00286FD043
:1043900023B1012B4ED0022B6BD16BE0734D283D26
:1043A0002D68C5F340153DB3704D283D2D68C5F30C
:1043B000C1066F4D25FA06F201EE102AF8EE411AF9
:1043C00001EE100AB8EE411A81EE812A9FED691ABA
:1043D000C0EE811A654D10352D68C5F3080501EE54
:1043E000105AB8EE411A31EE811AF7EE001A31EE8A
:1043F000211A22EE010A1CE001EE100AB8EE411A61
:10440000DFED5D1A81EE812A9FED5A1AC0EE811A06
:10441000564D10352D68C5F3080501EE105AB8EE5B
:10442000411A31EE811AF7EE001A31EE211A22EE0E
:10443000010A5BE001EE100AB8EE411ADFED4F1AF7
:1044400081EE812A9FED4B1AC0EE811A474D10353F
:104450002D68C5F3080501EE105AB8EE411A31EE89
:10446000811AF7EE001A31EE211A22EE010A3DE020
:1044700077E01DE001EE100AB8EE411A9FED402AE8
:10448000C2EE011A9FED3B1A80EE812A374D10359E
:104490002D68C5F3080501EE105AB8EE411A32EE48
:1044A000011AB7EE002A31EE021A21EE810A1DE050
:1044B00001EE100AB8EE411ADFED301A81EE812AC2
:1044C0009FED2C1AC0EE811A284D10352D68C5F3CA
:1044D000080501EE105AB8EE411A31EE811AF7EED6
:1044E000001A31EE211A22EE010A00BF00BF1F4D53
:1044F00010352D68C5F3462501EE105AB8EE411A65
:10450000F7EE001A31EE211AC0EE011ABCEEE11AE4
:1045100081ED001A154D10352D68C5F3064501EEE5
:10452000105AB8EE411AF7EE001A31EE211AC0EE19
:10453000011ABCEEE11A81ED011A0C4D10352D68FF
:10454000C5F3066501EE105AB8EE411AF7EE001AEF
:1045500031EE211AC0EE011ABCEEE11A81ED021A09
:1045600003E000250D604D608D6070BD2844025849
:104570000090D003000000460024744C0024744ACC
:1045800020BCBE4B70B50146844D2D6805F0030379
:10459000824D2D68C5F30550804D2D1D2D68C5F346
:1045A00000247E4D1C352D68C5F3CC0515FB04F5A4
:1045B00001EE105AB8EE411AF0EE410A00286FD011
:1045C00023B1012B4ED0022B6BD16BE0734D283DF4
:1045D0002D68C5F340153DB3704D283D2D68C5F3DA
:1045E000C1066F4D25FA06F201EE102AF8EE411AC7
:1045F00001EE100AB8EE411A81EE812A9FED691A88
:10460000C0EE811A654D18352D68C5F3080501EE19
:10461000105AB8EE411A31EE811AF7EE001A31EE57
:10462000211A22EE010A1CE001EE100AB8EE411A2E
:10463000DFED5D1A81EE812A9FED5A1AC0EE811AD4
:10464000564D18352D68C5F3080501EE105AB8EE21
:10465000411A31EE811AF7EE001A31EE211A22EEDC
:10466000010A5BE001EE100AB8EE411ADFED4F1AC5
:1046700081EE812A9FED4B1AC0EE811A474D183505
:104680002D68C5F3080501EE105AB8EE411A31EE57
:10469000811AF7EE001A31EE211A22EE010A3DE0EE
:1046A00077E01DE001EE100AB8EE411A9FED402AB6
:1046B000C2EE011A9FED3B1A80EE812A374D183564
:1046C0002D68C5F3080501EE105AB8EE411A32EE16
:1046D000011AB7EE002A31EE021A21EE810A1DE01E
:1046E00001EE100AB8EE411ADFED301A81EE812A90
:1046F0009FED2C1AC0EE811A284D18352D68C5F390
:10470000080501EE105AB8EE411A31EE811AF7EEA3
:10471000001A31EE211A22EE010A00BF00BF1F4D20
:1047200018352D68C5F3462501EE105AB8EE411A2A
:10473000F7EE001A31EE211AC0EE011ABCEEE11AB2
:1047400081ED001A154D18352D68C5F3064501EEAB
:10475000105AB8EE411AF7EE001A31EE211AC0EEE7
:10476000011ABCEEE11A81ED011A0C4D18352D68C5
:10477000C5F3066501EE105AB8EE411AF7EE001ABD
:1047800031EE211AC0EE011ABCEEE11A81ED021AD7
:1047900003E000250D604D608D6070BD2844025817
:1047A0000090D003000000460024744C0024744A9A
:1047B00020BCBE4B2DE9F04104460025A8462068E8
:1047C00000F00060B0F1006F30D1606E48B1B0F51C
:1047D000801F0DD0B0F5001F10D0B0F5401F15D1CF
:1047E00013E0F948006840F40030F74908600FE032
:1047F0000221201D02F08EFA054609E0022104F193
:10480000240002F039FB054602E001E0012500BF6B
:1048100000BF55B9EC482430006820F44010616EA8
:104820000843E9492431086000E0A846208800F4E4
:104830008070B0F5807F2DD1606D05281AD2DFE839
:1048400000F0030A10171800DF48006840F4003039
:10485000DD49086010E00021201D02F05BFA0546EA
:104860000AE0002104F1240002F006FB054603E003
:1048700002E001E0012500BF00BF55B9D248243055
:10488000006820F00700616D0843CF4924310860BB
:1048900000E0A846208800F40070B0F5007F33D116
:1048A000A06D802817D003DC40B140281CD10CE05B
:1048B000C02817D0B0F5807F16D114E0C248006838
:1048C00040F40030C049086010E00021201D02F0D3
:1048D00021FA05460AE0002104F1240002F0CCFA96
:1048E000054603E002E001E0012500BF00BF55B925
:1048F000B5482430006820F4E070A16D0843B24947
:104900002431086000E0A846208800F48060B0F5FB
:10491000806F38D1D4F8A400B0F5800F19D004DC32
:1049200050B1B0F5001F1DD10DE0B0F5C00F17D08C
:10493000B0F5000F16D114E0A348006840F4003031
:10494000A149086010E00021201D02F0E3F90546AE
:104950000AE0002104F1240002F08EFA054603E08B
:1049600002E001E0012500BF00BF5DB996482C3090
:10497000006820F46000D4F8A410084392492C3158
:10498000086000E0A846208800F40060B0F5006FE1
:1049900038D1D4F8A800B0F1007F19D004DC50B1B0
:1049A000B0F1807F1DD10DE0B0F1407F17D0B0F1A4
:1049B000806F16D114E08448006840F400308249CA
:1049C000086010E00021201D02F0A4F905460AE06D
:1049D000002104F1240002F04FFA054603E002E052
:1049E00001E0012500BF00BF5DB977482C300068A9
:1049F00020F0E060D4F8A810084373492C31086017
:104A000000E0A846206800F00070B0F1007F27D1D8
:104A1000A06CA0B1102804D0202809D030280FD1D4
:104A20000CE06948006840F400306749086009E01C
:104A30000221201D02F06EF9054603E002E001E0CC
:104A4000012500BF00BF55B95F482030006820F045
:104A50003000A16C08435C492031086000E0A846A2
:104A6000208800F48050B0F5805F36D1E06DB0F55D
:104A7000005F19D004DC50B1B0F5805F1DD10DE0AE
:104A8000B0F5405F17D0B0F5804F16D114E04E4816
:104A9000006840F400304C49086010E00021201DFF
:104AA00002F038F905460AE0002104F1240002F082
:104AB000E3F9054603E002E001E0012500BF00BF85
:104AC00055B941482430006820F4E040E16D0843C6
:104AD0003D492431086000E0A846208800F40050D9
:104AE000B0F5005F34D1206EB0F5403F1DD007DC3B
:104AF00068B1B0F5803F0BD0B0F5003F18D10DE0A4
:104B0000B0F5802F12D0B0F5A02F11D10FE011E039
:104B10000121201D02F0FEF805460BE0012104F101
:104B2000240002F0A9F9054604E003E002E001E0F8
:104B3000012500BF00BF55B923482430006820F488
:104B4000E020216E084320492431086000E0A84697
:104B5000208800F48040B0F5804F38D1D4F8AC0004
:104B6000B0F1405F1DD007DC68B1B0F1805F0BD0C1
:104B7000B0F1005F18D10DE0B0F1804F12D0B0F16C
:104B8000A04F11D10FE011E00121201D02F0C2F869
:104B900005460BE0012104F1240002F06DF9054601
:104BA00004E003E002E001E0012500BF00BF6DB9B1
:104BB00005482C30006820F0E040D4F8AC100843E1
:104BC00001492C31086002E02C440258A846208894
:104BD00000F40040B0F5004F26D1E06E98B1B0F17E
:104BE000805F03D0B0F1005F0ED106E0F9480068A5
:104BF00040F40030F749086008E00121201D02F070
:104C000089F8054602E001E0012500BF00BF55B963
:104C1000F0482430006820F04050E16E0843ED4930
:104C20002431086000E0A846206800F08070B0F1F0
:104C3000807F27D1606CA0B1012804D0022809D060
:104C400003280FD10CE0E348006840F40030E1494C
:104C5000086009E00221201D02F05CF8054603E02F
:104C600002E001E0012500BF00BF55B9D94820305E
:104C7000006820F00300616C0843D64920310860C9
:104C800000E0A846206800F48000B0F5800F7DD1D8
:104C9000D148006840F48070CF490860FFF712F8EF
:104CA000064606E0FFF70EF8801B642801D90325AD
:104CB00005E0C948006800F480700028F2D000BF09
:104CC00085BBC4484430006800F44070B4F8B010AC
:104CD00001F44071884213D0BE484430006820F48B
:104CE0004077BC484430006840F48030B9494431D2
:104CF00008600846006820F48030086008460760B5
:104D0000D4F8B000B0F5807F15D1FEF7DBFF064682
:104D100009E0FEF7D7FF801B41F28831884202D9B3
:104D2000032507E038E0AB4844300068C0F340009A
:104D30000028EED000BF55BB00BFB4F8B00000F4AF
:104D40004070B0F5407F0ED1A2481C38006820F4B6
:104D50007C51A24AD4F8B000104041EA10109D499D
:104D60001C39086007E09B481C38006820F47C5020
:104D700098491C390860974844300068B4F8B0106E
:104D8000C1F30B0108439349443101E005E001E020
:104D9000086002E0A84600E0A846207800F0010084
:104DA00068B3A06F182819D005DC48B1082808D0CE
:104DB000102816D10BE0202811D0282811D10FE09F
:104DC00011E00121201D01F0A5FF05460BE00121A6
:104DD00004F1240002F050F8054604E003E002E08C
:104DE00001E0012500BF00BF55B97A4828300068AE
:104DF00020F03800A16F084376492831086000E0B0
:104E0000A846207800F00200022828D1606F06280A
:104E100015D2DFE800F003040A11121311E001219A
:104E2000201D01F077FF05460BE0012104F124006D
:104E300002F022F8054604E003E002E001E001256B
:104E400000BF00BF55B963482830006820F0070054
:104E5000616F08435F492831086000E0A846207868
:104E600000F0040004282AD1D4F89000062815D2B6
:104E7000DFE800F003040A11121311E00121201DE4
:104E800001F048FF05460BE0012104F1240001F088
:104E9000F3FF054604E003E002E001E0012500BF66
:104EA00000BF5DB94B482C30006820F00700D4F8F3
:104EB0009010084347492C31086000E0A84620784C
:104EC00000F02000202836D1D4F88C00B0F1405FEB
:104ED0001DD007DC68B1B0F1805F0BD0B0F1005F8E
:104EE00018D10DE0B0F1804F12D0B0F1A04F11D128
:104EF0000FE011E00021201D01F00CFF05460BE042
:104F0000022104F1240001F0B7FF054604E003E0AC
:104F100002E001E0012500BF00BF5DB92D48283047
:104F2000006820F0E040D4F88C100843294928316B
:104F3000086000E0A846207800F04000402836D104
:104F4000D4F89800B0F5406F1DD007DC68B1B0F51B
:104F5000806F0BD0B0F5006F18D10DE0B0F5805F19
:104F600012D0B0F5A05F11D10FE011E00021201D9B
:104F700001F0D0FE05460BE0022104F1240001F00F
:104F80007BFF054604E003E002E001E0012500BFED
:104F900000BF5DB90F482C30006820F4E050D4F811
:104FA000981008430B492C31086000E0A84620788F
:104FB00000F0800080283AD1D4F89C00B0F5C04FB2
:104FC00023D00DDC98B1B0F5005F11D0B0F5804F63
:104FD0001ED113E02C44025800480258FFFCFF0F7A
:104FE000B0F5004F12D0B0F5204F11D10FE011E015
:104FF0000021201D01F08EFE05460BE0022104F188
:10500000240001F039FF054604E003E002E001E07E
:10501000012500BF00BF4DB9BE48006820F46040C4
:10502000D4F89C100843BB49086000E0A8462078EB
:1050300000F00800082817D1D4F88000B0F5805F90
:1050400007D1022104F1240001F016FF08B14FF04E
:105050000108B048001F006820F44050D4F88010C8
:105060000843AC49091F0860207800F010001028A0
:1050700015D1D4F89400B0F5807F07D1022104F156
:10508000240001F0F9FE08B14FF00108A1480068C2
:1050900020F44070D4F8941008439E4908602068BA
:1050A00000F40020B0F5002F26D1D4F8A00030B1D4
:1050B000B0F5803F09D0B0F5003F0ED10CE00021E3
:1050C000201D01F027FE054609E0022104F124001D
:1050D00001F0D2FE054602E001E0012500BF00BF5D
:1050E0004DB98C48006820F44030D4F8A010084333
:1050F0008849086000E0A846206800F48020B0F5E8
:10510000802F2DD1D4F88400B0F5801F06D0B0F5E3
:10511000001F0CD0B0F5401F11D10FE07D482C3896
:10512000006840F400307B492C39086009E0012117
:1051300004F1240001F0A0FE054602E001E0012593
:1051400000BF00BF5DB97348001F006820F4401025
:10515000D4F8841008436F49091F086000E0A8468E
:10516000206800F48030B0F5803F24D1E06C18B1A5
:10517000B0F5803F0FD108E066482C38006840F455
:10518000003064492C39086007E00221201D01F03D
:10519000C1FD054601E0012500BF00BF55B95D48CE
:1051A0000C38006820F48030E16C084359490C3910
:1051B000086000E0A846206800F00050B0F1005FF1
:1051C00007D1022104F1240001F056FE08B14FF08E
:1051D0000108206800F40030B0F5003F27D1E06FEF
:1051E000A0B1B0F5807F06D0B0F5007F0CD0B0F54F
:1051F000407F0CD109E047482C38006840F400306B
:1052000044492C39086004E003E002E001E0012594
:1052100000BF00BF55B93F48001F006820F4407030
:10522000E16F08433B49091F086000E0A846206879
:1052300000F48010B0F5801F09D1364808380068A6
:1052400020F00040216F0843324908390860206887
:1052500000F08050B0F1805F0AD12E4848380068D5
:1052600020F48040D4F8B41008432A494839086033
:10527000206800F40010B0F5001F09D12548083857
:10528000006820F08070A16E084322490839086048
:10529000206800F08040B0F1804F11D100BF1D4860
:1052A0004838006820F400401A4948390860084628
:1052B0000068D4F8B810084316494839086000BFA0
:1052C000206800F00040B0F1004F09D111480C38BF
:1052D000006820F04050216D08430E490C390860E9
:1052E000206800F40000B0F5000F0AD10948001F43
:1052F000006820F44000D4F8881008430549091FCD
:105300000860B8F1000F02D10020BDE8F081012053
:10531000FBE70000584402582DE9F04104460D46D1
:1053200014B90120BDE8F081BD48006800F00F000D
:10533000A8420ED2BA48006820F00F002843B849AE
:1053400008600846006800F00F00A84201D0012064
:10535000E8E7207800F0040004280ED1B149206964
:10536000096801F07001884207D9AE48006820F052
:10537000700021690843AB490860207800F00800FC
:10538000082811D1A749091D6069096801F0700159
:10539000884209D9A348001D006820F070006169A7
:1053A0000843A049091D0860207800F0100010286B
:1053B00011D19C49091DA069096801F4E061884286
:1053C00009D99848001D006820F4E060A1690843ED
:1053D0009449091D0860207800F02000202811D190
:1053E00090490831E069096801F07001884209D9E3
:1053F0008C480830006820F07000E1690843894952
:1054000008310860207800F0020002280ED185499A
:10541000E068096801F00F01884207D981480068F7
:1054200020F00F00E16808437E490860207800F012
:105430000100002850D07B48006820F47060A1680B
:105440000843784908606068022807D17548183811
:105450000068C0F34040F8B9012063E760680328A2
:1054600007D1704818380068C0F34060A0B9012027
:1054700058E76068012807D16A4818380068C0F307
:10548000002048B901204DE7664818380068C0F38D
:10549000800008B9012045E762480838006820F01C
:1054A0000700616808435F4908390860FEF70AFC95
:1054B000064608E0FEF706FC801B41F28831884270
:1054C00001D903202EE757480838006800F038005B
:1054D0006168B0EBC10FEDD1207800F00200022826
:1054E0000ED15049E068096801F00F01884207D2E7
:1054F0004C48006820F00F00E16808434949086003
:105500004748006800F00F00A8420ED944480068E0
:1055100020F00F002843424908600846006800F068
:105520000F00A84201D00120FCE6207800F0040022
:1055300004280ED13B492069096801F070018842B6
:1055400007D23848006820F07000216908433549C7
:105550000860207800F00800082811D13149091DA1
:105560006069096801F07001884209D22D48001D68
:10557000006820F07000616908432A49091D08602D
:10558000207800F01000102811D12649091DA069CB
:10559000096801F4E061884209D22248001D0068D0
:1055A00020F4E060A16908431E49091D08602078C5
:1055B00000F02000202811D11A490831E06909685B
:1055C00001F07001884209D216480830006820F0C6
:1055D0007000E169084313490831086000F076F86B
:1055E00010490968C1F303210F4A515C01F01F0102
:1055F00020FA01F70B48006800F00F001146085C24
:1056000000F01F0027FA00F008490860084807600A
:1056100008480068FEF798FB8046404682E6000096
:10562000002000521844025836E300080400002409
:10563000000000241800002410B500F047F80D49C0
:105640000968C1F303210C4A515C01F01F0120FAE3
:1056500001F40848006800F00F001146085C00F0F3
:105660001F0024FA00F00549086005480460084658
:10567000006810BD1844025836E3000804000024F6
:105680000000002400B5FFF7D7FF05490968C1F302
:105690000211044A515C01F01F01C84000BD000026
:1056A0001C44025836E3000800B5FFF7C5FF054962
:1056B0000968C1F30221044A515C01F01F01C8408E
:1056C00000BD00001C44025836E30008F0B5824ECD
:1056D000366806F0380636B1082E15D0102E15D0D3
:1056E000182E7DD114E07C4E103E3668C6F340166D
:1056F00046B1794E103E3668C6F3C107774E26FA9A
:1057000007F000E07548E5E07548E3E07548E1E042
:10571000714E1836366806F003046F4E1836366838
:10572000C6F305116C4E1C36366806F001056A4E4C
:1057300024363668C6F3CC0616FB05F601EE106A71
:10574000B8EE410A002971D024B1012C50D0022CAE
:105750006DD16DE0604E103E3668C6F340163EB324
:105760005D4E103E3668C6F3C1075C4E26FA07F35D
:1057700001EE103AF8EE411A01EE101AB8EE411A95
:1057800081EE812A9FED581AC0EE011A524E203642
:105790003668C6F3080601EE106AB8EE411A31EE1B
:1057A000811AF7EE001A31EE211A62EE010A1EE0AC
:1057B00001EE101AB8EE411ADFED4C1A81EE812A83
:1057C0009FED491AC0EE011A434E20363668C6F3E3
:1057D000080601EE106AB8EE411A31EE811A00E0B7
:1057E00076E0F7EE001A31EE211A62EE010A5BE074
:1057F00001EE101AB8EE411A9FED3D2AC2EE011AD1
:105800009FED391A80EE012A334E20363668C6F3F2
:10581000080601EE106AB8EE411A32EE011AB7EE30
:10582000002A31EE021A61EE810A3DE04EE01DE0F1
:1058300001EE101AB8EE411ADFED2E1A81EE812A20
:105840009FED291AC0EE011A234E20363668C6F3A2
:10585000080601EE106AB8EE411A31EE811AF7EE31
:10586000001A31EE211A62EE010A1DE001EE101A53
:10587000B8EE411A9FED1E2AC2EE011A9FED1A1AC8
:1058800080EE012A144E20363668C6F3080601EE73
:10589000106AB8EE411A32EE011AB7EE002A31EE64
:1058A000021A61EE810A00BF00BF0B4E2036366837
:1058B000C6F34626721C01EE102AB8EE411AC0EE5D
:1058C000811ABCEEE11A11EE100A00E0002001E09E
:1058D000034800BF00BFF0BD104402580090D00341
:1058E00000093D0040787D01000000460024744C12
:1058F0000024744A20BCBE4B2DE9F047044614B97D
:105900000120BDE8F087207800F00100002870D069
:10591000FA48006800F03808F8481830D0F80090CD
:10592000B8F1100F06D0B8F1180F0FD109F003002D
:1059300002280BD1F14810380068C0F3404000281D
:105940006AD06068002867D10120DAE700BF60688C
:10595000B0F5803F08D1E9481038006840F4803045
:10596000E649103908602EE0606868B9E3481038ED
:10597000006820F48030E14910390860084600686A
:1059800020F4802008601EE06068B0F5A02F0DD1E3
:10599000DA481038006840F48020D849103908608F
:1059A0000846006840F4803008600CE0D3481038A6
:1059B000006820F48030D14910390860084600683A
:1059C00020F48020086000BF606898B1FEF77AF983
:1059D000054606E0FEF776F9401B642801D903204E
:1059E0008FE7C64810380068C0F340400028F1D067
:1059F00012E012E0FEF766F9054606E0FEF762F9EE
:105A0000401B642801D903207BE7BC48103800689C
:105A1000C0F340400028F1D100BF207800F0020020
:105A2000022874D1B548006800F03808B34818302F
:105A3000D0F80090B8F1000F05D0B8F1180F56D18A
:105A400009F00300D0BBAD4810380068C0F38000F7
:105A500018B1E06808B9012053E7A8481038006879
:105A600020F01900E1680843A44910390860FEF7E6
:105A700029F9054606E0FEF725F9401B022801D961
:105A800003203EE79D4810380068C0F380000028DE
:105A9000F1D000BFFEF710F941F2030188421AD895
:105AA000206940280BD195480C38006820F47C30E0
:105AB00040F4003091490C39086017E017E08F4836
:105AC0000C38006820F47C30216940EA01308B49B1
:105AD0000C3908600AE089480C38006820F0FE4064
:105AE000217C40EA016085490C39086066E0E06885
:105AF00088B382481038006820F01900E168084334
:105B00007E4910390860FEF7DDF8054607E056E0EB
:105B1000FEF7D8F8401B022801D90320F1E67748A8
:105B200010380068C0F380000028F1D000BFFEF7F5
:105B3000C3F841F2030188421AD8206940280BD1EA
:105B40006E480C38006820F47C3040F400306B491B
:105B50000C39086017E017E068480C38006820F43A
:105B60007C30216940EA013064490C3908600AE060
:105B700062480C38006820F0FE40217C40EA016059
:105B80005E490C39086019E05C481038006820F064
:105B900001005A4910390860FEF794F8054606E0FE
:105BA000FEF790F8401B022801D90320A9E65348CC
:105BB00010380068C0F380000028F1D100BF2078C1
:105BC00000F0100010287CD14C48006800F0380824
:105BD0004A481830D0F80090B8F1080F06D0B8F154
:105BE000180F3DD109F00300012839D1434810387E
:105BF0000068C0F3002020B1E069802801D00120B6
:105C00007FE600BFFEF758F841F2030188421AD838
:105C1000206A20280AD139480C38006820F0F84062
:105C200040F0804035490C39086018E033480C38A2
:105C3000006820F0F84094F8201040EA81602F4975
:105C40000C3908600BE02D48001F006820F07C50E4
:105C500094F8201040EA01602849091F086066E0B6
:105C6000E06978B325481038006840F08000234987
:105C700010390860FEF726F8054606E0FEF722F820
:105C8000401B022801D903203BE61C48103800685D
:105C9000C0F300200028F1D000BFFEF70DF841F25C
:105CA000030188421CD8206A20280CD113480C38E4
:105CB000006820F0F84040F0804010490C3908603E
:105CC0001AE035E01CE00D480C38006820F0F84080
:105CD00094F8201040EA816008490C3908600BE014
:105CE0000648001F006820F07C5094F8201040EA1D
:105CF00001600249091F086019E0000010440258C1
:105D0000FA48006820F08000F8490860FDF7DAFFE3
:105D1000054606E0FDF7D6FF401B022801D9032007
:105D2000EFE5F2480068C0F300200028F2D100BF80
:105D3000207800F00800082836D16069D0B1EB481F
:105D40007430006840F00100E84974310860FDF7E4
:105D5000B9FF054606E0FDF7B5FF401B022801D953
:105D60000320CEE5E14874300068C0F3400000280D
:105D7000F1D019E0DD487430006820F00100DB4903
:105D800074310860FDF79EFF054606E0FDF79AFFB7
:105D9000401B022801D90320B3E5D44874300068C1
:105DA000C0F340000028F1D1207800F02000202826
:105DB00030D1A069B8B1CD48006840F48050CB49DB
:105DC0000860FDF77FFF054606E0FDF77BFF401BFF
:105DD000022801D9032094E5C4480068C0F340308C
:105DE0000028F2D016E0C148006820F48050BF4976
:105DF0000860FDF767FF054606E0FDF763FF401BFF
:105E0000022801D903207CE5B8480068C0F340307F
:105E10000028F2D1207800F0040004287DD1B44895
:105E2000006840F48070B2490860FDF74BFF0546FA
:105E300006E0FDF747FF401B642801D9032060E519
:105E4000AB48006800F480700028F2D000BFA06862
:105E5000012808D1A5487030006840F00100A3492E
:105E6000703108602DE0A06868B9A0487030006803
:105E700020F001009D49703108600846006820F05C
:105E8000040008601DE0A06805280DD19748703017
:105E9000006840F0040095497031086008460068C9
:105EA00040F0010008600CE090487030006820F07D
:105EB00001008E49703108600846006820F0040037
:105EC000086000BFA068A0B1FDF7FCFE054608E031
:105ED000FDF7F8FE401B41F28831884201D90320CA
:105EE0000FE5824870300068C0F340000028EFD012
:105EF00013E0FDF7E7FE054608E0FDF7E3FE401B73
:105F000041F28831884201D90320FAE477487030A1
:105F10000068C0F340000028EFD1606A00287DD0FF
:105F200072481030006800F03800182877D0606A96
:105F3000022875D16D48006820F080706B490860B8
:105F4000FDF7C0FE054606E0FDF7BCFE401B02283B
:105F500001D90320D5E465480068C0F340600028FB
:105F6000F2D100BFD4E90A1041EA00105F4928319C
:105F7000096840F2F332914308435C4928310860D4
:105F8000208E401EC0F30800616B491E4FF47E4214
:105F900002EA41210843218F491ED20102EA014150
:105FA00008433C21095D491E120202EA01610843CF
:105FB0004E493031086000BF081F006820F0010022
:105FC000091F08604948343000684FF6F87188436B
:105FD000A16C40EAC10045493431086043482C3087
:105FE000006820F00C00216C084340492C31086007
:105FF0000846006820F00200616C08433B492C31E0
:1060000008600846006840F4803008600846006870
:1060100040F4003008600846006802E06AE038E0BA
:106020001FE040F4802008600846006840F001004E
:1060300008602E48006840F080702C490860FDF729
:1060400041FE054606E0FDF73DFE401B022801D952
:10605000032056E425480068C0F340600028F2D0D1
:1060600048E02248006820F0807020490860FDF771
:1060700029FE054606E0FDF725FE401B022801D952
:1060800003203EE419480068C0F340600028F2D1C4
:1060900030E0164828300768144830300668606AD7
:1060A000012821D007F00301A06A81421CD1C7F367
:1060B0000511E06A884217D1C6F30801206B401E23
:1060C000814211D1606B401EC6F3462188420BD13C
:1060D000A06B401EC6F30641884205D1E06B401E0E
:1060E000C6F30661884205D001200AE40044025844
:1060F00000480258002004E470B504460D460CB96F
:10610000012070BD94F82C0028B9002084F82D00DF
:10611000204600F019F8022084F82C00211D206888
:10612000FAF789FF2946D4E90002FAF7D7FF0548B4
:10613000006840F0004003490860012084F82C000A
:106140000020DEE70040005210B586B0044600BFD4
:106150003E48006840F480503C49086008460068AA
:1061600000F48050009000BF00BF00BF37480C30E3
:10617000006840F0040035490C31086008460068AA
:1061800000F00400009000BF00BF00BF0846006898
:1061900040F0080008600846006800F00800009021
:1061A00000BF00BF00BF0846006840F01000086054
:1061B0000846006800F01000009000BF00BF00BF5C
:1061C0000846006840F0200008600846006800F0BB
:1061D0002000009000BF00BF00BF0846006840F0EC
:1061E000400008600846006800F04000009000BFD2
:1061F00000BF0D2001900220029001200390032097
:1062000004900C20059001A91148FDF73FFC4CF2C9
:106210000370019001A90F48FDF738FC4FF6837019
:10622000019001A90C48FDF731FC4FF63F000190A9
:1062300001A90A48FDF72AFC48F23710019001A98C
:106240000748FDF723FC06B010BD0000D4440258F7
:1062500000080258000C025800100258001402589E
:106260000018025870B504460D4694F82C00022818
:1062700000D170BD94F82C0001280AD1022084F8C6
:106280002C0029462068FAF70CFF012084F82C0026
:1062900001E00120EDE70020EBE72DE9F0410446A5
:1062A0000E46174694F82C50022D02D10220BDE86C
:1062B000F081012D01D0052D12D1022084F82C008F
:1062C0003A4631462068FAF7F6FE3068022803D1D4
:1062D000052084F82C0005E0012084F82C0001E062
:1062E0000120E4E70020E2E770B504460E461546BB
:1062F0000CB9012070BD94F8450028B9002084F83D
:106300004400204600F028F804F108012068FAF75C
:106310000DFE3146A2682068FAF75AFE2946E36A64
:10632000D4E90102FAF7E0FDA168206850F82100E5
:1063300040F00100A268216841F822000548006889
:1063400040F0004003490860012084F84500002027
:10635000D0E700000040005210B586B0044600BFF0
:106360002048006840F480501E49086008460068D4
:1063700000F48050009000BF00BF00BF19480C30EF
:10638000006840F0080017490C31086008460068B2
:1063900000F00800009000BF00BF00BF0846006882
:1063A00040F0100008600846006800F010000090FF
:1063B00000BF00BF4EF2B370019002200290012096
:1063C0000390022004900C20059001A90648FDF7D7
:1063D0005DFB4FF68070019001A90448FDF756FB64
:1063E00006B010BDD4440258000C025800100258E8
:1063F000042808D14FF0E021096941F004014FF071
:10640000E022116107E04FF0E021096921F0040169
:106410004FF0E0221161704770B504462546681EB2
:10642000B0F1807F01D301200FE0681E4FF0E02122
:1064300048610F214FF0FF3001F030FE00204FF097
:10644000E021886107200861002070BD7047704717
:106450007047704770470146D1F88430D1F88820E2
:1064600043EA0200704700002DE9F0470446206827
:10647000C569206806682068876840F60F0005EA4D
:106480000009B9F1000F0FD105F0200060B106F04E
:10649000200010B907F0805030B1206F10B12046B5
:1064A000216F8847BDE8F087B9F1000F7ED0F94829
:1064B000384018B9F84830400028F7D005F00100FE
:1064C00058B106F4807040B1012021680862D4F808
:1064D0008C0040F00100C4F88C0005F0020058B1B7
:1064E00007F0010040B1022021680862D4F88C0056
:1064F00040F00400C4F88C0005F0040058B107F027
:10650000010040B1042021680862D4F88C0040F0FA
:106510000200C4F88C0005F0080070B106F02000FD
:1065200010B9DC48384040B1082021680862D4F82E
:106530008C0040F00800C4F88C0005F4006060B1E5
:1065400006F0806048B14FF4006021680862D4F81A
:106550008C0040F02000C4F88C00D4F88C00002897
:106560004ED005F0200050B106F0200010B907F021
:10657000805020B1206F10B12046216F8847D4F899
:106580008CA02068806800F04000402802D00AF00B
:10659000280070B3204600F069FE2068806800F093
:1065A0004000402821D100BF00BF00E029E0216861
:1065B000083151E8001F21F040002168083141E80E
:1065C0000002002AF1D100BFE06F50B1B348E16F83
:1065D0000865E06FFBF788FE90B1E06F016D8847BA
:1065E0000EE02046FFF736FF0AE02046FFF732FFB5
:1065F00006E0FFE72046FFF72DFF0020C4F88C00DF
:1066000050E7E06E012872D105F0100000286ED02E
:1066100006F010000028FAD01020216808622068D7
:10662000806800F0400040287ED1E06F00689C49FF
:10663000884258D0E06F006899491831884252D09A
:10664000E06F00689649303188424CD0E06F0068B6
:1066500093494831884246D0E06F006890496031E4
:10666000884240D0E06F00688D49783188423AD046
:10667000E06F00688A499031884234D0E06F00684A
:106680008749A83188422ED0E06F0068854988424A
:1066900029D0E06F006883491831884223D0E06F29
:1066A00000688049303188421DD0E06F00687D4924
:1066B0004831884217D0E06F00687A4960318842DB
:1066C00011D0E06F00687749783188420BD0E06FD5
:1066D000006874499031884205D0E06F00687149C4
:1066E000A831884204D1E06F0068406803E0A0E070
:1066F000E06F006840681FFA80F8B8F1000F55D0CD
:10670000B4F85C00404551DDA4F85E80E06FC069DC
:10671000B0F5807F41D000BF00BF216851E8001F65
:1067200021F48070226800E041E042E80001002985
:10673000F3D100BF00BF00BF2168083151E8001F3E
:1067400021F001002168083141E80002002AF3D15C
:1067500000BF00BF00BF2168083151E8001F21F0D1
:1067600040002168083141E80002002AF3D100BF4F
:106770002020C4F888000020E06600BF00BF216828
:1067800051E8001F21F01000226842E800010029B2
:10679000F5D100BFE06FFBF739FBB4F85C00B4F84B
:1067A0005E20801A81B22046FFF750FE7AE634F868
:1067B0005C0F6188401A1FFA80F860885C3CB8B3AF
:1067C000B8F1000F34D000BF00BF216851E8001FAE
:1067D00021F49070226842E800010029F5D100BF41
:1067E00000BF00BF2168083151E8001F294AD24389
:1067F00001EA02002168083141E80002002AF1D1D3
:1068000000BF2020C4F888000020E066206700BF99
:1068100000BF216851E8001F21F01000226842E803
:1068200000010029F5D100BF41462046FFF70EFECA
:1068300038E605F4801050B107F4800038B14FF409
:106840008010216808622046FFF703FE2AE605F063
:10685000800058B106F0800010B907F4000028B19C
:10686000606F10B12046616F88471BE605F040005D
:1068700030B106F0400018B1204600F02DFD11E6C1
:1068800005F4000080B106F0804068B12046FFF7B3
:10689000DFFD07E60100001020010004537200082C
:1068A000100002401004024005F0807030B106F084
:1068B000004018B12046FFF7CAFDF3E500BFF1E53F
:1068C00010B504460CB9012010BDA06900B100E06C
:1068D00000BFD4F8840028B9002084F88000204646
:1068E00000F02AF82420C4F884002068006820F012
:1068F000010021680860204600F0A0FF012800D1B7
:10690000E2E7A06A10B1204600F0ECFB2068406886
:1069100020F49040216848602068806820F02A00B8
:10692000216888602068006840F0010021680860E4
:10693000204600F053FCC7E710B586B004462B494B
:106940002068884250D100BF00BF2948006840F04D
:106950001000274908600846006800F01000009009
:1069600000BF00BF00BF00BF00BF21481038006853
:1069700040F001001E49103908600846006800F028
:106980000100009000BF00BF00BF00BF00BF08466D
:10699000006840F0010008600846006800F001004F
:1069A000009000BF00BF00BF4FF4007001900220B4
:1069B000029001200390022004900720059001A975
:1069C0000C48FDF763F84FF48060019007200590B4
:1069D00001A90848FDF75AF82520FDF73AFC0322E3
:1069E00011462520FDF749FC06B010BD00100140FE
:1069F000F04402580000025870B504460D46164691
:106A0000D4F8880020282CD105B10EB9012070BD22
:106A100000BF94F88000012801D10220F7E701208F
:106A200084F8800000BF0020E0660F49206888429B
:106A300011D02068406800F4000060B100BF00BFC2
:106A4000216851E8001F41F08060226842E800019F
:106A50000029F5D100BF32462946204601F0B4F99D
:106A6000D5E70220D3E70000000C00581D4A01685A
:106A7000914236D11C49098801F4004189BB1A4969
:106A8000098801F4804171B1184909780A2903D0B5
:106A90000021154A118024E01349098841F400417E
:106AA000114A11801DE0114909780D2906D10E49BE
:106AB000098841F480410C4A118012E00B490978A1
:106AC000094A1288C2F30D02094B995406490988F4
:106AD000491C054A118011460988C72901DD00219A
:106AE00011807047001001401000002412000024A3
:106AF00030000024704700BFFEE7F0B58E880768BD
:106B0000FF68C7F30B473E4433040668843680278A
:106B100007FB0266766806F47047066884364FF015
:106B2000800C0CFB026677600E680768FF68C7F38D
:106B30000B473E44761C1E43076884370CFB0277E4
:106B40007E608E890768FF68C7F30A073E443304F6
:106B500006688436802707FB0266B66806F470472D
:106B6000066884360CFB0266B7608E680768FF68AB
:106B7000C7F30A073E44761C46EA030706688436D4
:106B80000CFB0266B76006688436802707FB026646
:106B9000366926F00707066884360CFB0266376103
:106BA0000F69066884360CFB026637613126765C15
:106BB00033023226765C34040E7E3506066884364F
:106BC000802707FB0266B6690027066884360CFB3F
:106BD0000266B76191F830601E43264346EA050716
:106BE000066884360CFB0266B76106688436802727
:106BF00007FB0266766926F0FF07066884360CFB01
:106C0000026677614F69066884360CFB026677611D
:106C100006688436802707FB0266F66940F207772C
:106C2000BE43076884370CFB0277FE61D1E9077623
:106C30003743066884360CFB0266F76106688436C3
:106C4000802707FB0266B66A0027066884360CFBBD
:106C50000266B7624F6A066884360CFB0266B7624A
:106C60000E690EB9042313E00E69012E01D103232E
:106C70000EE00E69042E08D00E69022E05D00E69B2
:106C8000032E02D00E69072E01D1022300E001235A
:106C900006688436802707FB0266F66A06F0E0275E
:106CA000066884364FF0800C0CFB0266F762D1E96F
:106CB0000076F61B5E43F61D0F8D5F4346EA0747DD
:106CC000066884360CFB0266F76206688436802705
:106CD00007FB0266366BF70AFF02066884360CFB78
:106CE00002663763CF6A066884360CFB0266376338
:106CF00006688436D701F65946F0010706688436DF
:106D00004FEAC21C46F80C70F0BD00BFFEE700BFA2
:106D1000FEE770472DE9F04104460E46002755482E
:106D2000006800F00300032802D10120BDE8F081D3
:106D300050482838006820F080604E4928390860A3
:106D4000FCF7C0FF054606E0FCF7BCFF401B02282D
:106D500001D90320EAE7474828380068C0F3C0603B
:106D60000028F1D100BF4348006820F47C3021683E
:106D700040EA01303F490860A088401EC0F3080087
:106D8000A168491E4FF47E4202EA41210843A189CD
:106D9000491ED20102EA01410843217C491E120228
:106DA00002EA0161084333491031086000BF3148ED
:106DB000001D006820F0C000616908432D49091DCD
:106DC00008600846006820F02000A16908432949AE
:106DD000091D08600846006820F01000086025487A
:106DE000143000684FF6F8718843E16940EAC10049
:106DF0002049143108601F48001D006840F0100051
:106E00001C49091D08602EB90846006840F400209E
:106E1000086012E0012E08D11648001D006840F4F9
:106E200080101449091D086007E01248001D006821
:106E300040F400100F49091D08600E48283800680A
:106E400040F080600B4928390860FCF73BFF05469D
:106E500006E0FCF737FF401B022801D9032065E755
:106E6000044828380068C0F3C0600028F1D03846D4
:106E70005CE70000284402582DE9F04104460E4624
:106E800000275548006800F00300032802D10120C4
:106E9000BDE8F08150482838006820F080504E4905
:106EA00028390860FCF70EFF054606E0FCF70AFFEC
:106EB000401B022801D90320EAE747482838006828
:106EC000C0F340700028F1D100BF4348006820F0B3
:106ED0007C70218840EA01503F490860A088401E2C
:106EE000C0F30800A168491E4FF47E4202EA412126
:106EF0000843A189491ED20102EA01410843217CCD
:106F0000491E120202EA0161084333491831086040
:106F100000BF3148001D006820F4406061690843EB
:106F20002D49091D08600846006820F40070A16919
:106F300008432949091D08600846006820F480704C
:106F4000086025481C3000684FF6F8718843E169F5
:106F500040EAC10020491C3108601F48001D00683C
:106F600040F480701C49091D08602EB9084600686D
:106F700040F48000086012E0012E08D11648001D80
:106F8000006840F400001449091D086007E0124839
:106F9000001D006840F080700F49091D08600E4810
:106FA0002838006840F080500B4928390860FCF709
:106FB00089FE054606E0FCF785FE401B022801D944
:106FC000032065E7044828380068C0F340700028B3
:106FD000F1D038465CE7000028440258704710B5ED
:106FE000FCF776FE10BD00003448006840F47000E5
:106FF000324908603248006800F00F00072806D2C6
:107000002F48006820F00F00C01D2D4908602D4852
:10701000006840F001002B49086000202949103128
:107020000860284800682849084026490860244824
:10703000006800F00F00072806D92148006820F0FA
:107040000F00C01D1E49086000201E49183108604D
:10705000091D0860091D08601C481A49283108608C
:107060001B48091D08601B48091D08600020091DF8
:1070700008601848091D08600020091D08601548AF
:10708000091D08600020091D08600E48006820F4F2
:1070900080200C49086000200A49603108600E48D1
:1070A00000686FF30F00B0F1005F02D201200B49BE
:1070B000086043F2D2000A490860704788ED00E09A
:1070C00000200052004402587FEDF6EA000202025E
:1070D0000000FF01800201010010005C08810051E6
:1070E0000040005290F8281001F0010139B1016808
:1070F000496821F40031C26A11430268516090F876
:10710000281001F00201022907D10168496821F421
:107110008031026B11430268516090F8281001F031
:107120000401042907D10168496821F48021426BD8
:1071300011430268516090F8281001F008010829F5
:1071400007D10168496821F40041826B114302684C
:10715000516090F8281001F01001102907D1016842
:10716000896821F48051C26B11430268916090F8E4
:10717000281001F02001202907D10168896821F435
:107180000051026C11430268916090F8281001F0E0
:107190004001402913D10168496821F48011426CF3
:1071A000114302685160416CB1F5801F07D101683D
:1071B000496821F4C001826C11430268516090F863
:1071C000281001F08001802907D10168496821F465
:1071D0000021C26C114302685160704738B5044603
:1071E0000020C4F88C00FCF76DFD0546206800689F
:1071F00000F0080008280CD16FF07E402B460022DA
:107200004FF400110090204600F096FE08B10320D4
:1072100038BD2068006800F0040004280CD16FF02D
:107220007E402B4600224FF480010090204600F063
:1072300083FE08B10320EBE72020C4F88400C4F8E3
:1072400088000020E06600BF84F8800000BF00BF17
:10725000DEE770B50546AC6B0020A4F85E00A4F82C
:1072600056002046FFF7F6F870BD000000BF00BFD3
:10727000026852E8002F22F49071036843E800127C
:10728000002AF5D100BF00BF00BF0268083252E8F3
:10729000002F104B02EA03010268083242E8001393
:1072A000002BF2D100BFC16E01290CD100BF00BF7D
:1072B000026852E8002F22F01001036843E8001230
:1072C000002AF5D100BF2021C0F888100021C16636
:1072D00001677047FEFFFFEF10B5044600BF00BF17
:1072E000216851E8001F21F04000226842E80001B7
:1072F0000029F5D100BF2020C4F884000020606779
:107300002046FFF7F7FB10BD2DE9F0410446B4F825
:107310006070D4F88800222857D12068406A86B26D
:10732000A56D06EA07002880A06D801CA065B4F852
:107330005E00401EA4F85E00B4F85E0000284AD14A
:1073400000BF00BF216851E8001F21F4907022683F
:1073500042E800010029F5D100BF00BF00BF21684D
:10736000083151E8001F21F001002168083141E88F
:107370000002002AF3D100BF2020C4F888000020BA
:107380002067E06E01281CD10020E06600BF00BF2E
:10739000216851E8001F21F01000226842E8000136
:1073A0000029F5D100BF2068C069C0F3001010B1FA
:1073B000102021680862B4F85C102046FFF746F8F8
:1073C00009E02046FFF752FB05E02068806940F0A5
:1073D000080021688861BDE8F08100002DE9F84FC0
:1073E0000446B4F860B02068C56920680068009061
:1073F0002068D0F808A0D4F8880022287ED1B4F8FC
:10740000689096E02068406A1FFA80F8A76D08EA45
:107410000B003880A06D801CA065B4F85E00401E93
:10742000A4F85E002068C56905F00700B0B305F058
:10743000010060B1009800F4807040B10120216823
:107440000862D4F88C0040F00100C4F88C0005F00C
:10745000020058B10AF0010040B102202168086220
:10746000D4F88C0040F00400C4F88C0005F004004F
:1074700058B10AF0010040B1042021680862D4F834
:107480008C0040F00200C4F88C00D4F88C0028B1C5
:107490002046FEF7DFFF0020C4F88C00B4F85E0041
:1074A00068BB00BF00BF216851E8001F21F4807055
:1074B000226842E800010029F5D100BF00BF00BFEB
:1074C0002168083151E8001F344A01EA02002168AE
:1074D000083141E80002002AF2D100BF2020C4F8A0
:1074E000880000202067E06E01281FD10020E066A0
:1074F00000BF00BF216851E8001F01E046E018E02E
:1075000021F01000226842E800010029F2D100BFFA
:107510002068C069C0F3001010B110202168086213
:10752000B4F85C102046FEF791FF02E02046FFF71A
:107530009DFAB9F1000F04D005F0200000287FF477
:1075400061AFB4F85E6006B3B4F86800B04223DD02
:1075500000BF00BF2168083151E8001F21F08050B2
:107560002168083141E80002002AF3D100BF0C482D
:10757000206700BF00BF216851E8001F41F02000D4
:10758000226842E800010029F5D105E02068806901
:1075900040F0080021688861BDE8F88FFEFFFFEF2A
:1075A0000973000870B50446B4F86060D4F8880028
:1075B000222857D12068406A85B2F0B22840A16DD8
:1075C0000870A06D401CA065B4F85E00401EA4F8D1
:1075D0005E00B4F85E0000284AD100BF00BF2168F9
:1075E00051E8001F21F49070226842E80001002950
:1075F000F5D100BF00BF00BF2168083151E8001F6E
:1076000021F001002168083141E80002002AF3D18D
:1076100000BF2020C4F8880000202067E06E012809
:107620001CD10020E06600BF00BF216851E8001FA8
:1076300021F01000226842E800010029F5D100BFC6
:107640002068C069C0F3001010B1102021680862E2
:10765000B4F85C102046FEF7F9FE09E02046FFF77B
:1076600005FA05E02068806940F00800216888611B
:1076700070BD00002DE9F05F0446B4F860A02068FA
:10768000C5692068D0F800B02068D0F80890D4F818
:10769000880022287DD1B4F8688095E02068406A8F
:1076A00087B20AF0FF003840A16D0870A06D401C41
:1076B000A065B4F85E00401EA4F85E002068C569AD
:1076C00005F00700A8B305F0010058B10BF4807075
:1076D00040B1012021680862D4F88C0040F001001C
:1076E000C4F88C0005F0020058B109F0010040B167
:1076F000022021680862D4F88C0040F00400C4F82D
:107700008C0005F0040058B109F0010040B10420DC
:1077100021680862D4F88C0040F00200C4F88C00A4
:10772000D4F88C0028B12046FEF794FE0020C4F85F
:107730008C00B4F85E0068BB00BF00BF216851E850
:10774000001F21F48070226842E800010029F5D171
:1077500000BF00BF00BF2168083151E8001F354A53
:1077600001EA02002168083141E80002002AF2D152
:1077700000BF2020C4F8880000202067E06E0128A8
:107780001FD10020E06600BF00BF216851E8001F44
:1077900001E046E018E021F01000226842E8000114
:1077A0000029F2D100BF2068C069C0F3001010B1F9
:1077B000102021680862B4F85C102046FEF746FEEF
:1077C00002E02046FFF752F9B8F1000F04D005F0AF
:1077D000200000287FF462AFB4F85E6006B3B4F80E
:1077E0006800B04223DD00BF00BF2168083151E8C6
:1077F000001F21F080502168083141E80002002A72
:10780000F3D100BF0C48206700BF00BF216851E8DA
:10781000001F41F02000226842E800010029F5D154
:1078200005E02068806940F0080021688861BDE8B3
:10783000F09F0000FEFFFFEFA57500082DE9F04F57
:1078400089B0054600200890F8492868884200D190
:1078500000E000BF2969A868084369690843E9692D
:1078600040EA010828680068F149084040EA080039
:10787000296808602868406820F44050E968084397
:1078800029684860D5F81880E8492868884202D0FD
:10789000286A40EA080828688068E649084040EA03
:1078A0000800296888602868C06A20F00F00696AAB
:1078B00008432968C86200BFDF492868884220D190
:1078C000DE48006800F03800182811D005DC48B107
:1078D000082809D0102811D108E020280AD028282B
:1078E0000CD109E001240BE0042409E0082407E09E
:1078F000102405E0202403E0402401E0802400BFA0
:10790000F8E0CF492868884219D1CC48006800F0D7
:107910000700062810D2DFE800F0030507090B0D69
:1079200000240BE0042409E0082407E0102405E00B
:10793000202403E0402401E0802400BFDAE0C149B4
:107940002868884219D1BD48006800F00700062861
:1079500010D2DFE800F0030507090B0D00240BE04F
:10796000042409E0082407E0102405E0202403E0B3
:10797000402401E0802400BFBCE0B349286888426D
:1079800019D1AE48006800F00700062810D2DFE8E1
:1079900000F0030507090B0D00240BE0042409E0A7
:1079A000082407E0102405E0202403E0402401E03F
:1079B000802400BF9EE0A5492868884219D19F48CD
:1079C000006800F00700062810D2DFE800F0030589
:1079D00007090B0D00240BE0042409E0082407E04C
:1079E000102405E0202403E0402401E0802400BFAF
:1079F00080E097492868884220D19048006800F0CC
:107A00003800182811D005DC48B1082809D0102802
:107A100011D108E020280AD028280CD109E001243F
:107A20000BE0042409E0082407E0102405E02024EA
:107A300003E0402401E0802400BF5BE08549286822
:107A4000884219D17D48006800F00700062810D24E
:107A5000DFE800F0030507090B0D00240BE0042408
:107A600009E0082407E0102405E0202403E0402476
:107A700001E0802400BF3DE077492868884219D1A1
:107A80006E48006800F00700062810D2DFE800F01A
:107A9000030507090B0D00240BE0042409E008246A
:107AA00007E0102405E0202403E0402401E08024C6
:107AB00000BF1FE05D49286888421AD15F48001D59
:107AC000006800F00700062810D2DFE800F0030588
:107AD00007090B0D02240BE0042409E0082407E049
:107AE000102405E0202403E0402401E0802400BFAE
:107AF00000E0802400BF4D49286888427DD1102CC9
:107B00001AD006DC022C09D0042C0BD0082C29D169
:107B10000DE0202C21D0402C24D120E0FCF708FCE3
:107B2000064623E005A8FCF715FC069E1EE002A809
:107B3000FCF728FD039E19E0404854380068C0F364
:107B4000401040B13D4854380068C0F3C10143487B
:107B500020FA01F600E0414E08E0414E06E04FF405
:107B6000004603E000260120089000BF00BF002E61
:107B700010D03C49686A31F81000B6FBF0F968682B
:107B800000EB4000484503D868680003484502D22E
:107B90000120089003E13349686A31F810C0624659
:107BA000002330461946F8F7F2FB4FF480730022A9
:107BB0008446ACFB030B01FB03B10CFB021C6968A0
:107BC0004908034659184CEB0200CDE90010D5F8DE
:107BD00004C06246002308460199F8F7D8FB07461F
:107BE000B7F5407F06D3B7F5801F03D22868C7607A
:107BF000D5E002E001200890D1E0E869B0F5004F3F
:107C00007BD1082C39D005DC5CB1012C2CD0042CA4
:107C10004CD12DE0102C35D0202C42D0402C45D119
:107C200041E0FDF72FFD064644E00000000C00583F
:107C3000F369FFCFFFF4FF110010014054440258D4
:107C40000044004000480040004C0040005000400C
:107C50000014014000780040007C00400090D003F8
:107C600000093D004EE30008FDF71EFD064621E039
:107C700005A8FCF76FFB069E1CE002A8FCF782FC3F
:107C8000039E17E04C480068C0F3401038B14A48E2
:107C90000068C0F3C101494820FA01F600E0474EF0
:107CA00008E0474E06E04FF4004603E000260120BE
:107CB000089000BF00BFFEB14249686A31F8100069
:107CC000B6FBF0F04000696800EB5100B0FBF1F743
:107CD000102F0FD3B7F5803F0CD24FF6F07007EAA4
:107CE000000AC7F342004AEA000A2868C0F80CA05C
:107CF00055E002E00120089051E0082C1AD005DC84
:107D00005CB1012C0DD0042C2DD10EE0102C16D01E
:107D1000202C23D0402C26D122E0FDF7B3FC0646D0
:107D200025E0FDF7C1FC064621E005A8FCF712FBA3
:107D3000069E1CE002A8FCF725FC039E17E01E48E7
:107D40000068C0F3401038B11B480068C0F3C1019F
:107D50001A4820FA01F600E0184E08E0184E06E036
:107D60004FF4004603E000260120089000BF00BF4A
:107D7000AEB11449686A31F81000B6FBF0F06968DA
:107D800000EB5100B0FBF1F7102F06D3B7F5803FA1
:107D900003D2B8B22968C86001E001200890012030
:107DA000A5F86A00A5F868000020286768670898A9
:107DB00009B0BDE8F08F0000004402580090D003E5
:107DC00000093D004EE3000830B503469965A3F86D
:107DD0005C20A3F85E200020186700BF9868B0F50B
:107DE000805F0AD1186920B940F2FF10A3F8600043
:107DF00020E0FF20A3F860001CE0986848B91869EB
:107E000018B9FF20A3F8600014E07F20A3F86000F9
:107E100010E09868B0F1805F09D1186918B97F2027
:107E2000A3F8600006E03F20A3F8600002E0002015
:107E3000A3F8600000BF0020C3F88C002220C3F824
:107E4000880000BF00BF1C68083454E8004F44F0AD
:107E500001001C68083444E80005002DF3D100BF80
:107E6000586EB0F1005F31D1B3F8680090422DDC5C
:107E70009868B0F5805F04D1186910B92A4818676E
:107E800001E02A48186700BF002083F8800000BF87
:107E9000186960B100BF00BF1C6854E8004F44F48B
:107EA00080701D6845E80004002CF5D100BF00BFBC
:107EB00000BF1C68083454E8004F44F080501C6830
:107EC000083444E80005002DF3D12BE09868B0F5A4
:107ED000805F04D1186910B91548186701E015488A
:107EE000186700BF002083F8800000BF186960B1E8
:107EF00000BF00BF1C6854E8004F44F490701D6838
:107F000045E80004002CF5D10CE000BF00BF1C6860
:107F100054E8004F44F020001D6845E80004002CA0
:107F2000F5D100BF002030BDDD7300087576000874
:107F300009730008A57500082DE9F04104460D46B7
:107F400017469846069E6AE0701C002867D0FBF72B
:107F5000B9FEA0EB0800B04200D846BB00BF00BF8E
:107F6000216851E8001F21F4D070226842E8000126
:107F70000029F5D100BF00BF00BF2168083151E8DA
:107F8000001F21F001002168083141E80002002AA9
:107F9000F3D100BF2020C4F88400C4F8880000BFDB
:107FA000002084F8800000BF0320BDE8F081206835
:107FB000006800F0040088B32068C069C0F3C020E6
:107FC00060B34FF400602168086200BF00BF216801
:107FD00051E8001F21F4D070226842E80001002916
:107FE000F5D100BF00BF00BF2168083151E8001F74
:107FF00021F001002168083141E80002002AF3D194
:1080000000BF202044F8840F6060A060843C00BF63
:10801000002084F8800000BF0320C6E7FFE7206847
:10802000C0692840A84201D1012000E00020B842E8
:108030008AD00020B9E7000070B500240F4D104829
:10804000FEF712FA00BF03E0641CAC4200D904E062
:108050000B48FEF700FA2028F6D100BF002403E009
:10806000641CAC4200D906E0012206490448FEF730
:10807000C3FC0028F4D100BF70BD0000FFFF010069
:10808000F80000241200002400BFFEE70248006848
:10809000C0F30220704700000CED00E010B500288E
:1080A00004DB0A07130E054A135406E00A07140EF0
:1080B000034A00F00F031B1FD45410BD00E400E07E
:1080C00018ED00E000BF704770B5FF2400250121C6
:1080D00043F2230001F0B2FC082143F2220001F038
:1080E000ADFC09E0012001F0BDFC43F2230000F0EB
:1080F00001FA0446681C85B21CB141F28830854201
:10810000F0DB0CB1052070BDFF240025012143F2F6
:10811000230001F093FC042143F2220001F08EFCC5
:1081200009E0012001F09EFC43F2230000F0E2F997
:108130000446681C85B21CB141F288308542F0DBF0
:108140000CB10520DFE70020DDE700002DE9F0415C
:108150000026002720214FF4405001F06FFC4FF41F
:108160000045002407E02848015D284601F066FC30
:10817000681C85B2641C40F6ED708442F3D3002184
:1081800043F2220001F05AFC002143F2230001F0E7
:1081900055FC002143F2240001F050FC002143F281
:1081A000250001F04BFC002143F2260001F046FCC3
:1081B000002143F2270001F041FC002143F2280096
:1081C00001F03CFC7F2143F2290001F037FC002143
:1081D0004FF4405001F032FC09E0012001F042FC74
:1081E00043F2290000F086F90646781C87B2702E0B
:1081F00003D041F288308742EFDB702E02D0052099
:10820000BDE8F0810020FBE77A17010810B50848A7
:10821000084908600020486020210648816000214C
:10822000C1600161416181610162F9F707F810BD28
:1082300000000248540300242DE9F04104460D4695
:1082400016461F461248806C05611148806C866195
:108250000F49886CFAF790FF00200D4981F8500013
:1082600008460068C06840F001000968C8603B46E5
:10827000224602210648F9F7EBF900BF044890F8BE
:1082800050000028FAD00248F9F772FABDE8F081F0
:108290005403002410B500BF00224FF400410D48E4
:1082A000FBF704FD00BF142001F0DCFB00BF002140
:1082B000022005F0D2FD00BF052001F0D3FB00BF76
:1082C0000122D1030348FBF7F1FC00BF142001F0A9
:1082D000C9FB10BD0000025810B543F20A0000F0BF
:1082E00009F9040243F20B0000F004F904432046AC
:1082F00010BD00002DE9F04781460F469046062F3D
:108300003FD2DFE807F0030C16202A3400240025B2
:10831000244800892349498900FB01F634E04FF4E1
:10832000806400251F4800891E49498900FB01F629
:108330002AE000244FF400551A4800891949498958
:108340004843460820E04FF48064E5001548008962
:10835000144949894843460816E000244FF48045F3
:10836000104800890F494989484386080CE04FF4BA
:10837000806425010B4800890A49498948438608D9
:1083800002E00220BDE8F08700BFB8F1000F00D086
:10839000C04733462A4621464846FFF74DFF002096
:1083A000F0E70000480300242DE9F047642001F0C5
:1083B00059FB43F6080000F09DF8044643F6090017
:1083C00000F098F8054643F60A0000F093F80646D8
:1083D00043F60B0000F08EF8074604F00F0045EA64
:1083E000002806F0070047EA00290348A0F80880A3
:1083F000A0F80A90BDE8F0874803002400B587B0D4
:10840000142102A8F8F7D8F800BF00BF144800688C
:1084100040F00100124908600846006800F00100C1
:10842000019000BF00BF00BF4FF400400290012048
:10843000039004900220059002A90A48FBF726FB4E
:1084400000BF0122D1030748FBF730FC00BF00BF8B
:108450000121022005F001FD00BF07B000BD0000B2
:10846000E04402580000025810B500BF00224FF44B
:1084700000410948FBF71AFC00BF142001F0F2FA92
:1084800000BF0122D1030448FBF710FC00BF1420F9
:1084900001F0E8FA10BD00000000025810B5FFF727
:1084A000ADFFFFF7F7FEFFF7DFFF00F075F801F013
:1084B000AFFAFFF711FF044645F24060844201D055
:1084C000012010BD00F004F8FFF7A0FE0020F8E73F
:1084D00010B5002409E0064A02EB84029178044AB0
:1084E00032F8240001F0AAFA641CCF2CF3D310BD9B
:1084F000E612010838B504460020009021463C20D1
:1085000000F018F869463C2000F003F89DF80000E0
:1085100038BD70B504460D4600F0F6F8012101EBB8
:108520004401C8B200F034F9284600F079F800F0B0
:108530000FF970BD70B505460C4600F0E5F8002156
:1085400041EA4501C8B200F023F9200A00F020F901
:10855000E0B200F01DF900F0FBF870BD70B5054603
:108560000C46164600F0D0F8002141EA4501C8B299
:1085700000F00EF9200A00F00BF9E0B200F008F963
:10858000304600F005F900F0E3F870BD10B50520A5
:1085900001F082FA10BD000000B587B0142102A8D6
:1085A000F8F70AF800BF00BF1B48006840F002005F
:1085B000194908600846006800F00200019000BFF9
:1085C00000BF00BF00BF00BF0846006840F00200C7
:1085D00008600846006800F00200019000BF00BF7C
:1085E00000BF10200290012003900490022005900B
:1085F00002A90A48FBF74AFA0820029001200390DA
:1086000004900220059002A90448FBF73FFA00F00D
:108610009FF807B000BD0000E04402580004025873
:1086200070B5044600F044F807251DE0FFF7AEFFE3
:1086300000BF012210211D48FBF738FB00BF0821B5
:108640001A48FBF721FB0646207806FA05F1084395
:108650002070FFF79BFF00BF002210211348FBF79B
:1086600025FB00BF681E45B2002DDFDAFFF78EFF45
:1086700000BF012210210D48FBF718FB00BFFFF7D8
:1086800085FF00BF002210210848FBF70FFB00BF49
:10869000FFF77CFF00BF002208210448FBF706FB20
:1086A00000BFFFF773FF00F019F870BD0004025817
:1086B00000B585B014216846F7F77EFF08200090CA
:1086C0000020019001200290022003906946024898
:1086D000FBF7DCF905B000BD0004025800B585B019
:1086E00014216846F7F768FF0820009001200190E8
:1086F00002900220039069460248FBF7C7F905B0D3
:1087000000BD00000004025810B500BF012208217E
:108710000E48FBF7CBFA00BF00BF012210210B4827
:10872000FBF7C4FA00BFFFF731FF00BF00220821AA
:108730000648FBF7BBFA00BFFFF728FF00BF002287
:1087400010210248FBF7B2FA00BF10BD0004025826
:1087500010B500BF002208210C48FBF7A7FA00BFA4
:10876000FFF714FF00BF012210210848FBF79EFA13
:1087700000BFFFF70BFF00BF012208210348FBF7F2
:1087800095FA00BFFFF702FF10BD00000004025879
:1087900070B50646072425E046FA04F000F001050E
:1087A00000BF2DB1012208211C48FBF77FFA04E02D
:1087B000002208211948FBF779FA00BFFFF7E6FE0F
:1087C00000BF012210211548FBF770FA00BFFFF728
:1087D000DDFE00BF002210211048FBF767FA00BF42
:1087E000601E44B2002CD7DA00BF012208210B48DA
:1087F000FBF75CFA00BFFFF7C9FE00BF01221021A2
:108800000648FBF753FA00BFFFF7C0FE00BF002287
:1088100010210248FBF74AFA00BF70BD000402585D
:1088200010B50446092C6FD2DFE804F0051A2F4476
:10883000596F8499AE00FF2145F2010001F0FEF866
:10884000402145F2875001F0F9F804214FF4AB4084
:1088500001F0F4F8012145F2885001F0EFF8AAE0A8
:10886000FF2145F2010001F0E9F8302145F287507F
:1088700001F0E4F804214FF4AB4001F0DFF80121EE
:1088800045F2885001F0DAF895E0FF2145F2010049
:1088900001F0D4F8202145F2875001F0CFF80421EF
:1088A0004FF4AB4001F0CAF8012145F2885001F0C5
:1088B000C5F880E0FF2145F2010001F0BFF810216A
:1088C00045F2875001F0BAF804214FF4AB4001F0B3
:1088D000B5F8012145F2885001F0B0F86BE0FF21B6
:1088E00045F2010001F0AAF8002145F2875001F09D
:1088F000A5F804214FF4AB4001F0A0F8012145F2A6
:10890000885001F09BF856E053E0FF2145F201004A
:1089100001F094F8102145F2875001F08FF80421FE
:108920004FF4AB4001F08AF8092145F2885001F07C
:1089300085F840E0FF2145F2010001F07FF8202199
:1089400045F2875001F07AF804214FF4AB4001F072
:1089500075F8092145F2885001F070F82BE0FF21ED
:1089600045F2010001F06AF8302145F2875001F02C
:1089700065F804214FF4AB4001F060F8092145F29D
:10898000885001F05BF816E0FF2145F2010001F08C
:1089900055F8402145F2875001F050F804214FF47A
:1089A000AB4001F04BF8092145F2885001F046F840
:1089B00001E0022010BD00BF0020FBE710B5044617
:1089C000092C6ED2DFE804F0051F39536E88A2BC73
:1089D000D600FF2145F2010001F030F8802145F278
:1089E000835001F02BF8802145F2845001F026F8E5
:1089F00002214FF4AB4001F021F8412145F28850AB
:108A000001F01CF8D2E0FF2145F2010001F016F858
:108A1000702145F2835001F011F8702145F2845025
:108A200001F00CF802214FF4AB4001F007F84121AE
:108A300045F2885001F002F8B8E0FF2145F201004C
:108A400000F0FCFF602145F2835000F0F7FF602149
:108A500045F2845000F0F2FF02214FF4AB4000F0E9
:108A6000EDFF412145F2885000F0E8FF9EE0FF2134
:108A700045F2010000F0E2FF502145F2835000F082
:108A8000DDFF502145F2845000F0D8FF02214FF461
:108A9000AB4000F0D3FF412145F2885000F0CEFFFB
:108AA00084E081E0FF2145F2010000F0C7FF402192
:108AB00045F2835000F0C2FF402145F2845000F09F
:108AC000BDFF02214FF4AB4000F0B8FF412145F259
:108AD000885000F0B3FF69E0FF2145F2010000F08B
:108AE000ADFF302145F2835000F0A8FF302145F260
:108AF000845000F0A3FF02214FF4AB4000F09EFF32
:108B0000412145F2885000F099FF4FE0FF2145F2E6
:108B1000010000F093FF202145F2835000F08EFF0A
:108B2000202145F2845000F089FF02214FF4AB4030
:108B300000F084FF412145F2885000F07FFF35E0CE
:108B4000FF2145F2010000F079FF102145F283502A
:108B500000F074FF102145F2845000F06FFF0221F5
:108B60004FF4AB4000F06AFF412145F2885000F01D
:108B700065FF1BE0FF2145F2010000F05FFF0021CF
:108B800045F2835000F05AFF002145F2845000F076
:108B900055FF02214FF4AB4000F050FF412145F258
:108BA000885000F04BFF01E0022010BD00BF002004
:108BB000FBE710B50446092C6ED2DFE804F0051F70
:108BC00039536E88A2BCD600FF2145F2010000F0A7
:108BD00035FF04214FF4AB4000F030FF302145F267
:108BE000865000F02BFF302145F2855000F026FF23
:108BF000412145F2885000F021FFD2E0FF2145F2EB
:108C0000010000F01BFF04214FF4AB4000F016FF01
:108C10002C2145F2865000F011FF2C2145F28550A1
:108C200000F00CFF412145F2885000F007FFB8E04A
:108C3000FF2145F2010000F001FF04214FF4AB4099
:108C400000F0FCFE282145F2865000F0F7FE2821B6
:108C500045F2855000F0F2FE412145F2885000F0C7
:108C6000EDFE9EE0FF2145F2010000F0E7FE042149
:108C70004FF4AB4000F0E2FE242145F2865000F0B4
:108C8000DDFE242145F2855000F0D8FE412145F259
:108C9000885000F0D3FE84E081E0FF2145F201001E
:108CA00000F0CCFE04214FF4AB4000F0C7FE2021C1
:108CB00045F2865000F0C2FE202145F2855000F0BA
:108CC000BDFE412145F2885000F0B8FE69E0FF2169
:108CD00045F2010000F0B2FE04214FF4AB4000F079
:108CE000ADFE1C2145F2865000F0A8FE1C2145F285
:108CF000855000F0A3FE412145F2885000F09EFE11
:108D00004FE0FF2145F2010000F098FE04214FF4EE
:108D1000AB4000F093FE182145F2865000F08EFE25
:108D2000182145F2855000F089FE412145F2885016
:108D300000F084FE35E0FF2145F2010000F07EFEE8
:108D400004214FF4AB4000F079FE142145F2865027
:108D500000F074FE142145F2855000F06FFE4121B1
:108D600045F2885000F06AFE1BE0FF2145F2010049
:108D700000F064FE04214FF4AB4000F05FFE1021D0
:108D800045F2865000F05AFE102145F2855000F061
:108D900055FE412145F2885000F050FE01E00220CE
:108DA00010BD00BF0020FBE710B504460B2C7CD2A1
:108DB000DFE804F00625446384A3C2E1FEFDFC0065
:108DC000102143F60F2000F039FE082143F6102051
:108DD00000F034FE102143F61B2000F02FFE082186
:108DE00043F61E2000F02AFE202143F6112000F059
:108DF00025FE102143F61F2000F020FE3DE1182142
:108E000043F60F2000F01AFE102143F6102000F068
:108E100015FE182143F61B2000F010FE102143F62A
:108E20001E2000F00BFE302143F6112000F006FE5C
:108E3000102143F61F2000F001FE1EE1202143F621
:108E40000F2000F0FBFD182143F6102000F0F6FD86
:108E5000412143F6112000F0F1FD202143F61B20B3
:108E600000F0ECFD182143F61E2000F0E7FD102174
:108E700043F61F2000F0E2FDFFE0282143F60F201B
:108E800000F0DCFD202143F6102000F0D7FD512139
:108E900043F6112000F0D2FD282143F61B2000F0FC
:108EA000CDFD202143F61E2000E0E4E000F0C6FDE9
:108EB000102143F61F2000F0C1FDDEE0302143F613
:108EC0000F2000F0BBFD282143F6102000F0B6FD76
:108ED000612143F6112000F0B1FD302143F61B2043
:108EE00000F0ACFD282143F61E2000F0A7FD102164
:108EF00043F61F2000F0A2FDBFE0382143F60F200B
:108F000000F09CFD302143F6102000F097FD612118
:108F100043F6112000F092FD382143F61B2000F0AB
:108F20008DFD302143F61E2000F088FD102143F610
:108F30001F2000F083FDA0E0402143F60F2000F049
:108F40007DFD382143F6102000F078FD712143F6B5
:108F5000112000F073FD402143F61B2000F06EFD50
:108F6000382143F61E2000F069FD102143F61F2032
:108F700000F064FD81E0482143F60F2000F05EFD23
:108F8000402143F6102000F059FD802143F61120C6
:108F900000F054FD482143F61B2000F04FFD402116
:108FA00043F61E2000F04AFD202102E044E024E0C8
:108FB00004E043F61F2000F041FD5EE0502143F63F
:108FC0000F2000F03BFD482143F6102000F036FD55
:108FD000902143F6112000F031FD502143F61B2073
:108FE00000F02CFD482143F61E2000F027FD202133
:108FF00043F61F2000F022FD3FE0582143F60F20EA
:1090000000F01CFD502143F6102000F017FD9121C7
:1090100043F6112000F012FD582143F61B2000F00A
:109020000DFD502143F61E2000F008FD202143F6DF
:109030001F2000F003FD20E0602143F60F2000F028
:10904000FDFC582143F6102000F0F8FCA02143F667
:10905000112000F0F3FC602143F61B2000F0EEFC31
:10906000582143F61E2000F0E9FC202143F61F2082
:1090700000F0E4FC01E0022010BD00BF0020FBE78F
:1090800010B504460C2C6FD2DFE804F006203A54E9
:109090006F89A3BDD7F4F2F1FF2145F2010000F082
:1090A000CDFC01214FF4AB4000F0C8FC802145F21B
:1090B000815000F0C3FC002145F2825000F0BEFC5C
:1090C000322145F2885000F0B9FC23E1FF2145F23E
:1090D000010000F0B3FC01214FF4AB4000F0AEFC06
:1090E0006F2145F2815000F0A9FC402145F28250E9
:1090F00000F0A4FC322145F2885000F09FFC09E109
:10910000FF2145F2010000F099FC01214FF4AB4032
:1091100000F094FC402145F2815000F08FFC6F215B
:1091200045F2825000F08AFC322145F2885000F06E
:1091300085FCEFE0FF2145F2010000F07FFC0121FA
:109140004FF4AB4000F07AFC002145F2815000F072
:1091500075FC802145F2825000F070FC022145F23E
:10916000885000F06BFCD5E0D2E0FF2145F2010011
:1091700000F064FC01214FF4AB4000F05FFC4021A3
:1091800045F2815000F05AFC6F2145F2825000F008
:1091900055FC022145F2885000F050FCBAE0FF2156
:1091A00045F2010000F04AFC01214FF4AB4000F011
:1091B00045FC6F2145F2815000F040FC402145F212
:1091C000825000F03BFC022145F2885000F036FC52
:1091D000A0E0FF2145F2010000F030FC01214FF436
:1091E000AB4000F02BFC802145F2815000F026FCC2
:1091F000002145F2825000F021FC012145F2885007
:1092000000F01CFC86E0FF2145F2010000F016FC96
:1092100001214FF4AB4000F011FC6F2145F2815069
:1092200000F00CFC402145F2825000F007FC0121C7
:1092300045F2885000F002FC6CE0FF2145F201008D
:1092400000F0FCFB01214FF4AB4000F0F7FB4021A4
:1092500045F2815000F0F2FB6F2145F2825000F0A0
:10926000EDFB012145F2885000F0E8FB52E035E0CB
:109270001AE0FFE7FF2145F2010000F0DFFB0121CA
:109280004FF4AB4000F0DAFB002145F2815000F0D2
:10929000D5FB802145F2825000F0D0FB312145F210
:1092A000885000F0CBFB35E0FF2145F2010000F0D3
:1092B000C5FB01214FF4AB4000F0C0FB402145F25B
:1092C000815000F0BBFB6F2145F2825000F0B6FBED
:1092D000312145F2885000F0B1FB1BE0FF2145F23F
:1092E000010000F0ABFB01214FF4AB4000F0A6FB06
:1092F0006F2145F2815000F0A1FB402145F28250E0
:1093000000F09CFB312145F2885000F097FB01E012
:10931000022010BD00BF0020FBE710B50446062C5C
:1093200078D2DFE804F003788DB1D5FA002143F25A
:10933000064000F083FB042145F2921000F07EFB12
:10934000F82145F2911000F079FB702145F293105D
:1093500000F074FBF02145F2941000F06FFBF02157
:1093600045F2951000F06AFB3D2145F28D1000F0AA
:1093700065FB542145F28F1000F060FB3D2145F262
:109380008E1000F05BFB542145F2901000F056FB6C
:10939000A82145F28B1000F051FBA82145F28C105A
:1093A00000F04CFB182145F2871000F047FB182114
:1093B00045F2881000F042FB6E2145F2891000F062
:1093C0003DFB682145F28A1000F038FB1C2145F274
:1093D000861000F033FB502145F2811000F02EFB87
:1093E000252145F2841000F029FB112145F282105D
:1093F00000F024FB142145F2831000F01FFB25210F
:1094000045F2841000F01AFB242145F2851000F08B
:1094100015FBA8E0A5E0002143F2064000F00EFB9A
:10942000942145F2831000F009FBFF2145F29110D1
:1094300000F004FB002145F2921000F0FFFA92E0E8
:10944000012143F2064000F0F9FA06214FF4505092
:1094500000F0F4FA1C2143F2014000F0EFFA04217D
:1094600043F2024000F0EAFA002143F2034000F028
:10947000E5FA042143F2044000F0E0FAF32143F25C
:10948000054000F0DBFA6EE0012143F2064000F0F7
:10949000D5FA04214FF4505000F0D0FA102143F2D5
:1094A000014000F0CBFA042143F2024000F0C6FA7A
:1094B000002143F2034000F0C1FA082143F20440C6
:1094C00000F0BCFAB62143F2054000F0B7FA4AE0DA
:1094D000012143F2064000F0B1FA05214FF450504B
:1094E00000F0ACFA482143F2014000F0A7FA042151
:1094F00043F2024000F0A2FA002143F2034000F0E0
:109500009DFA072143F2044000F098FACF2143F27C
:10951000054000F093FA26E0FFE7012143F2064000
:1095200000F08CFA06214FF4505000F087FA4821E1
:1095300043F2014000F082FA042143F2024000F0BD
:109540007DFA002143F2034000F078FA042143F24F
:10955000044000F073FAD32143F2054000F06EFAA4
:1095600001E0022010BD00BF0020FBE770B50646F9
:1095700036B1012E20D0022E3AD0032E71D154E004
:1095800043F62000FEF7B6FF044604F0F90400BFDE
:10959000214643F6200000F051FA43F62100FEF781
:1095A000A9FF054605F0F90545F00605294643F6ED
:1095B000210000F043FA56E043F62000FEF79AFF40
:1095C000044604F0F90444F00604214643F6200062
:1095D00000F034FA43F62100FEF78CFF054605F053
:1095E000F90500BF294643F6210000F027FA3AE0CA
:1095F00043F62000FEF77EFF044604F0F90444F031
:109600000604214643F6200000F018FA43F6210034
:10961000FEF770FF054605F0F90545F006052946F9
:1096200043F6210000F00AFA1DE043F62000FEF7A1
:1096300061FF044604F0F90400BF214643F6200010
:1096400000F0FCF943F62100FEF754FF054605F053
:10965000F90500BF294643F6210000F0EFF902E0CA
:10966000FFE7022070BD00BF0020FBE770B5054694
:1096700015B1012D1ED10EE0002409E0104A02EBC5
:10968000840291780E4A32F8240000F0D7F9641C65
:109690002D2CF3D310E0002409E00A4A02EB8402E7
:1096A0009178084A32F8240000F0C8F9641C292C8B
:1096B000F3D301E0022070BD00BF0020FBE70000F3
:1096C00022160108D61601082DE9F04704460D467A
:1096D00043F60800FEF70EFF064643F60A00FEF7C3
:1096E00009FF074626F00F06C4F30320064304F0E3
:1096F000FF0827F00707C5F30220074305F0FF091D
:10970000032143F2122000F099F9314643F6080094
:1097100000F094F9414643F6090000F08FF939460C
:1097200043F60A0000F08AF9494643F60B0000F0C0
:1097300085F9132143F2122000F080F9A32143F2AE
:10974000122000F07BF9FEF72FFE0020BDE8F08725
:1097500010B504460A2C7CD2DFE804F005101B2665
:10976000313C47525D68652145F2083000F066F9EA
:10977000002145F2023000F061F989E0652145F2EF
:10978000083000F05BF9022145F2023000F056F992
:109790007EE0652145F2083000F050F9042145F2E1
:1097A000023000F04BF973E0652145F2083000F01B
:1097B00045F9082145F2023000F040F968E06521E2
:1097C00045F2083000F03AF90C2145F2023000F081
:1097D00035F95DE0652145F2083000F02FF91021E0
:1097E00045F2023000F02AF952E0652145F20830D6
:1097F00000F024F9142145F2023000F01FF947E08F
:10980000652145F2083000F019F9182145F20230BF
:1098100000F014F93CE0652145F2083000F00EF943
:10982000202145F2023000F009F931E0252145F20E
:10983000083000F003F908214FF4A64000F0FEF8CC
:10984000302145F2013000F0F9F8102145F20230E4
:1098500000E01BE000F0F2F8002145F2033000F0D8
:10986000EDF8082145F2093000F0E8F8302145F222
:109870000A3000F0E3F8042145F20B3000F0DEF886
:10988000062145F20C3000F0D9F801E0022010BDAD
:1098900000BF0020FBE710B50446072C79D2DFE8B3
:1098A00004F0040F24394E6379007F2145F2010052
:1098B00000F0C4F800214FF4AB4000F0BFF876E0B0
:1098C000FF2145F2010000F0B9F818214FF4AB4038
:1098D00000F0B4F8802145F2835000F0AFF8802109
:1098E00045F2845000F0AAF861E0FF2145F2010042
:1098F00000F0A4F818214FF4AB4000F09FF8A0212D
:1099000045F2835000F09AF8402145F2845000F06F
:1099100095F84CE0FF2145F2010000F08FF8182186
:109920004FF4AB4000F08AF8402145F2835000F03C
:1099300085F8A02145F2845000F080F837E0FF213F
:1099400045F2010000F07AF818214FF4AB4000F026
:1099500075F8802145F2835000F070F8C02145F27F
:10996000845000F06BF822E0FF2145F2010000F086
:1099700065F818214FF4AB4000F060F8602145F223
:10998000835000F05BF8602145F2845000F056F8F7
:109990000DE00AE0FF2145F2010000F04FF8402100
:1099A0004FF4AB4000F04AF801E0022010BD00BFC8
:1099B0000020FBE710B5044624B1012C0DD0022C89
:1099C00021D115E0002145F23D0000F037F80021DB
:1099D00044F2417000F032F817E0802145F23D007A
:1099E00000F02CF8002144F2417000F027F80CE060
:1099F000822145F23D0000F021F8002144F241703F
:109A000000F01CF801E0022010BD00BF0020FBE7C1
:109A100010B543F20310FEF76DFD044624F0020476
:109A2000214643F2031000F009F8822143F20800B6
:109A300000F004F80A2000F015F810BD70B50446D7
:109A40000D462A4621463C20FEF788FD70BD0000E9
:109A500010B504460420FCF7CBFC0148048010BD7F
:109A60000800002470B504461E2094FBF0F594FB1A
:109A7000F0F100FB114604E047F2305000F00CF822
:109A80006D1E002DF8D12EB14FF47A7106FB01F056
:109A900000F002F870BD000070B5034600224FF0E0
:109AA000E02675690D4E368803FB06F44FF0E0267C
:109AB000B16910E04FF0E026B06988420BD08842CF
:109AC00002D20E1A324402E02E1A0E4432440146EB
:109AD000A24200D300E0EDE700BF70BD0800002403
:109AE00010B50021084603F077FB03F01BFD10BD05
:109AF000FEF7D4FC04460020FFF7B8FD2044C4B2B2
:109B0000FEF724FB2044C4B2FEF7DEFA2044C4B2C0
:109B10000020FFF702FC2044C4B20420FEF74EFFF1
:109B20002044C4B20420FEF77BFE2044C4B20420CB
:109B3000FFF73FF82044C4B20620FFF7A1FA204403
:109B4000C4B20020FFF7A7FE2044C4B20520FFF7EF
:109B50002BF92044C4B20020FFF7FAFD2044C4B220
:109B60000120FFF703FD2044C4B20020FFF722FFCD
:109B70002044C4B213480088B0F5F07F02D14FF4FE
:109B8000207501E00F4845880E4908882946FFF7EF
:109B90009BFD2044C4B26CB10BA0F6F76FFC08E04B
:109BA00000BF02210F48FAF777F800BFC820FFF77F
:109BB00059FFF5E704E00C4A02210C48FEF79AFB36
:109BC000F9E70000D401002441544B2D4D433536B4
:109BD000343020696E6974206661696C6564210D9A
:109BE0000A00000000040258E19A00080000086022
:109BF00000BF054AD26902F04002002AF9D0C2B281
:109C0000014B9A62704700000010014010B500BF80
:109C1000002220211048FAF749F800BF00F01EF892
:109C200000BF012210210C48FAF740F800BF00F0F5
:109C300015F800BF002210210748FAF737F800BFD7
:109C400000F00CF800BF012220210348FAF72EF89B
:109C500000BF00F003F810BD001C025810B5022030
:109C6000FFF71AFF10BD000000B587B000BF00BFAE
:109C70001948006840F080001749086008460068ED
:109C800000F08000019000BF00BF00BF00BF00BF18
:109C90000846006840F0800008600846006800F050
:109CA0008000019000BF00BF00BF10200290012083
:109CB000039004900320059002A90848F9F7E6FEF6
:109CC000202002901120039002A90448F9F7DEFE3B
:109CD00000F0B0F807B000BDE0440258001C025884
:109CE00010B500BF012220210C48F9F7DFFF00BFAB
:109CF000FFF7B4FF00BF012210210848F9F7D6FF93
:109D000000BFFFF7ABFF00BF002210210348F9F7A7
:109D1000CDFF00BFFFF7A2FF10BD0000001C0258DE
:109D200070B50546002400261CE06006040E00BF46
:109D3000012210211048F9F7B9FF00BFFFF78EFF8D
:109D400020210D48F9F7A0FF08B1601CC4B200BF84
:109D5000002210210848F9F7A9FF00BFFFF77EFF96
:109D6000701CC6B2082EE0DB15B9FFF7B9FF01E0A1
:109D7000FFF74CFF204670BD001C025870B504462A
:109D8000002524E000BFE00928B101222021154868
:109D9000F9F78CFF04E0002220211248F9F786FF32
:109DA00000BFFFF75BFF00BF012210210D48F9F74C
:109DB0007DFF00BFFFF752FF00BF002210210948BE
:109DC000F9F774FF00BF6006040E681CC5B2082DC9
:109DD000D8DB00BF012220210248F9F767FF00BF4E
:109DE00070BD0000001C025810B500BF01222021E8
:109DF0000F48F9F75BFF00BF00BF012210210C489C
:109E0000F9F754FF00BFFFF729FF00BF0022202110
:109E10000748F9F74BFF00BFFFF720FF00BF002204
:109E200010210348F9F742FF00BFFFF717FF10BDED
:109E3000001C025810B500BF002220210C48F9F781
:109E400035FF00BFFFF70AFF00BF012210210848BD
:109E5000F9F72CFF00BFFFF701FF00BF012220210F
:109E60000348F9F723FF00BFFFF7F8FE10BD00001D
:109E7000001C025870B50024002500BF01222021DB
:109E80001448F9F713FF00BFFFF7E8FE00BF0122F7
:109E900010211048F9F70AFF00BFFFF7DFFE07E0C7
:109EA000601CC4B2FA2C03DDFFF7C4FF012505E0F6
:109EB00020210848F9F7E8FE0028F1D100BF00BFD3
:109EC000002210210348F9F7F1FE00BFFFF7C6FE9C
:109ED000284670BD001C025800B587B000BF00BF07
:109EE0003648006840F08000344908600846006841
:109EF00000F08000019000BF00BF00BF00BF00BFA6
:109F00000846006840F0800008600846006800F0DD
:109F10008000019000BF00BF00BF00BF00BF084627
:109F2000006840F0040008600846006800F0040083
:109F3000019000BF00BF00BF00BF00BF084600681F
:109F400040F0010008600846006800F00100019040
:109F500000BF00BF00BF0820029000200390012036
:109F600004900220059002A91548F9F78FFD0420FE
:109F7000029000200390012004900220059002A985
:109F80000F48F9F783FD4FF4005002900020039032
:109F9000012004900220059002A90A48F9F776FDF5
:109FA000012002900020039002200490059002A955
:109FB0000548F9F76BFD07B000BD0000E04402580A
:109FC000001C0258000802580000025870B50446F0
:109FD00000260D4805880D48006818B1204603F09A
:109FE000F9FA0FE00848408845430021084603F08D
:109FF000F3F803F097FA002602E005480480761C87
:10A00000AE42FAD370BD0000D4010024280300241E
:10A010000000086010B5044660488471604800681C
:10A0200050B1204603F000FB5D48C08A5B490880C0
:10A030005B48008B488010BD002C58D1F020574958
:10A0400008804FF4A07048800846808845F210517F
:10A05000884210D14FF43050504908814FF42850B5
:10A0600048814FF42C5088814FF4F07008804FF4F1
:10A07000487048801AE04948808841F66311884258
:10A080000DD12C20454908812B2048812A20888128
:10A090004FF4F07008804FF44870488006E02C20A0
:10A0A0003E4908812A2048812B2088813B488088AE
:10A0B00045F21031884205D03848808847F29671C1
:10A0C000884206D14FF4A070344908804FF4F070F4
:10A0D00048803248808849F60601884258D14FF4BA
:10A0E000F0702E4908804FF44870488050E04FF4DB
:10A0F000A0702A490880F02048800846808845F2F0
:10A100001051884210D14FF43050244908814FF447
:10A11000285048814FF42C5088814FF448700880B3
:10A120004FF4F070488020E01C48808841F66311AD
:10A13000884205D01948808849F6060188420DD129
:10A140002C20164908812A2048812B2088814FF431
:10A15000487008804FF4F070488006E02C200F49CA
:10A1600008812A2048812B2088810C48808845F26C
:10A170001031884205D00948808847F2967188429C
:10A1800006D14FF4F070054908804FF4A070488064
:10A19000002002F003FF00BF4DE70000D4010024BF
:10A1A0002803002470B505460E461446084800688A
:10A1B00028B122463146284603F04CFA07E03146E2
:10A1C000284603F009F803F0ADF902490C8070BD90
:10A1D000280300240000086010B5CF2003F096F992
:10A1E000002003F087F9C12003F084F9302003F048
:10A1F00081F9ED2003F08AF9642003F07BF9032054
:10A2000003F078F9122003F075F9812003F072F958
:10A21000E82003F07BF9852003F06CF9102003F0AF
:10A2200069F97A2003F066F9CB2003F06FF9392041
:10A2300003F060F92C2003F05DF9002003F05AF9D7
:10A24000342003F057F9022003F054F9F72003F00B
:10A250005DF9202003F04EF9EA2003F057F90020C1
:10A2600003F048F9002003F045F9C02003F04EF94F
:10A270001B2003F03FF9C12003F048F9012003F04F
:10A2800039F9C52003F042F9302003F033F93020CA
:10A2900003F030F9C72003F039F9B72003F02AF9A9
:10A2A000362003F033F9482003F024F93A2003F074
:10A2B0002DF9552003F01EF9B12003F027F90020F5
:10A2C00003F018F91A2003F015F9B62003F01EF96F
:10A2D0000A2003F00FF9A22003F00CF9F22003F09A
:10A2E00015F9002003F006F9262003F00FF90120EC
:10A2F00003F000F9E02003F009F90F2003F0FAF869
:10A300002A2003F0F7F8282003F0F4F8082003F0DF
:10A31000F1F80E2003F0EEF8082003F0EBF85420DB
:10A3200003F0E8F8A92003F0E5F8432003F0E2F891
:10A330000A2003F0DFF80F2003F0DCF8002003F020
:10A34000D9F8002003F0D6F8002003F0D3F800205D
:10A3500003F0D0F8E12003F0D9F8002003F0CAF8A8
:10A36000152003F0C7F8172003F0C4F8072003F006
:10A37000C1F8112003F0BEF8062003F0BBF82B2033
:10A3800003F0B8F8562003F0B5F83C2003F0B2F81B
:10A39000052003F0AFF8102003F0ACF80F2003F015
:10A3A000A9F83F2003F0A6F83F2003F0A3F80F2000
:10A3B00003F0A0F82B2003F0A9F8002003F09AF88E
:10A3C000002003F097F8012003F094F83F2003F0F9
:10A3D00091F82A2003F09AF8002003F08BF800206F
:10A3E00003F088F8002003F085F8EF2003F082F8EE
:10A3F000112003F08BF87820FFF734FB292003F0BD
:10A4000085F810BD10B5FF2003F080F8FF2003F0A1
:10A4100071F8982003F06EF8062003F06BF8BC206A
:10A4200003F074F8012003F065F80F2003F062F8E0
:10A43000612003F05FF8FF2003F05CF8012003F0D7
:10A4400059F8012003F056F80B2003F053F81020C0
:10A4500003F050F8372003F04DF8632003F04AF87A
:10A46000FF2003F047F8FF2003F044F8012003F039
:10A4700041F8012003F03EF8002003F03BF80020F3
:10A4800003F038F8FF2003F035F8522003F032F8DB
:10A49000012003F02FF8002003F02CF8402003F0F7
:10A4A00029F8BD2003F032F8012003F023F823201F
:10A4B00003F020F8452003F01DF8672003F01AF898
:10A4C000012003F017F8232003F014F8452003F0CF
:10A4D00011F8672003F00EF8BE2003F017F80020F3
:10A4E00003F008F8012003F005F8AB2003F002F8B0
:10A4F000602002F0FFFF222002F0FCFF222002F089
:10A50000F9FF222002F0F6FF222002F0F3FF2220C2
:10A5100002F0F0FFC72002F0F9FF362002F0EAFF58
:10A52000ED2002F0F3FF7F2002F0E4FF0F2002F0A5
:10A53000E1FFC02002F0EAFF0F2002F0DBFF0B205A
:10A5400002F0D8FF0A2002F0D5FFFC2002F0DEFF67
:10A55000082002F0CFFFDF2002F0D8FF002002F039
:10A56000C9FF002002F0C6FF002002F0C3FF002058
:10A5700002F0C0FF002002F0BDFF202002F0BAFF71
:10A58000F32002F0C3FF742002F0B4FFB42002F005
:10A59000BDFF002002F0AEFF002002F0ABFF002064
:10A5A00002F0A8FFF72002F0B1FF822002F0A2FF24
:10A5B000B12002F0ABFF002002F09CFF132002F05C
:10A5C00099FF132002F096FFF22002F09FFF8020F7
:10A5D00002F090FF042002F08DFF402002F08AFF7D
:10A5E000282002F087FFC12002F090FF172002F020
:10A5F00081FF882002F07EFF882002F07BFF202070
:10A6000002F078FFE02002F081FF002002F072FFEC
:10A610000A2002F06FFF122002F06CFF102002F0FF
:10A6200069FF0E2002F066FF202002F063FFCC20BD
:10A6300002F060FF072002F05DFF062002F05AFFE3
:10A640000B2002F057FF0E2002F054FF0F2002F003
:10A6500051FF0D2002F04EFF152002F04BFF10209D
:10A6600002F048FF002002F045FFE12002F04EFF1B
:10A67000002002F03FFF0B2002F03CFF132002F00D
:10A6800039FF0D2002F036FF0E2002F033FF1B20B1
:10A6900002F030FF712002F02DFF062002F02AFFA9
:10A6A000062002F027FF0A2002F024FF0F2002F00C
:10A6B00021FF0E2002F01EFF0F2002F01BFF1520CD
:10A6C00002F018FF0C2002F015FF002002F012FF2C
:10A6D0002A2002F01BFF002002F00CFF002002F0F5
:10A6E00009FF012002F006FFDF2002F003FF2B200C
:10A6F00002F00CFF002002F0FDFE002002F0FAFE46
:10A70000032002F0F7FE1F2002F0F4FE3A2002F0D0
:10A71000FDFE552002F0EEFE362002F0F7FE00208E
:10A7200002F0E8FE112002F0F1FE7820FFF79AF91E
:10A73000292002F0EBFE1420FFF794F92C2002F000
:10A74000E5FE10BD10B5ED2002F0E0FE012002F0A4
:10A75000D1FEFE2002F0CEFEEE2002F0D7FEDE207B
:10A7600002F0C8FE212002F0C5FEF12002F0CEFE6C
:10A77000012002F0BFFEDF2002F0C8FE102002F030
:10A78000B9FEC42002F0C2FE8F2002F0B3FEC62044
:10A7900002F0BCFE002002F0ADFEE22002F0AAFEB4
:10A7A000E22002F0A7FEE22002F0A4FEBF2002F0A9
:10A7B000ADFEAA2002F09EFEB02002F0A7FE0D2002
:10A7C00002F098FE002002F095FE0D2002F092FEAD
:10A7D000002002F08FFE112002F08CFE002002F01B
:10A7E00089FE192002F086FE002002F083FE21205F
:10A7F00002F080FE002002F07DFE2D2002F07AFEA5
:10A80000002002F077FE3D2002F074FE002002F0EE
:10A8100071FE5D2002F06EFE002002F06BFE5D20F6
:10A8200002F068FE002002F065FEB12002F06EFE2C
:10A83000802002F05FFE002002F05CFE8B2002F020
:10A8400059FE002002F056FE962002F053FE002032
:10A8500002F050FEB22002F059FE002002F04AFE43
:10A86000002002F047FE022002F044FE002002F029
:10A8700041FE032002F03EFE002002F03BFEB3202A
:10A8800002F044FE002002F035FE002002F032FE0D
:10A89000002002F02FFE002002F02CFE002002F02B
:10A8A00029FE002002F026FE002002F023FE0020F8
:10A8B00002F020FE002002F01DFE002002F01AFE31
:10A8C000002002F017FE002002F014FE002002F02B
:10A8D00011FE002002F00EFE002002F00BFE002010
:10A8E00002F008FE002002F005FE002002F002FE49
:10A8F000002002F0FFFD002002F0FCFD002002F02D
:10A90000F9FD002002F0F6FD002002F0F3FD00202A
:10A9100002F0F0FDB42002F0F9FD8B2002F0EAFD18
:10A92000002002F0E7FD962002F0E4FD002002F096
:10A93000E1FDA12002F0DEFD002002F0DBFDB520EC
:10A9400002F0E4FD022002F0D5FD002002F0D2FD6D
:10A95000032002F0CFFD002002F0CCFD042002F025
:10A96000C9FD002002F0C6FDB62002F0CFFD002098
:10A9700002F0C0FD002002F0BDFDB72002F0C6FDD0
:10A98000002002F0B7FD002002F0B4FD3F2002F0ED
:10A99000B1FD002002F0AEFD5E2002F0ABFD002014
:10A9A00002F0A8FD642002F0A5FD002002F0A2FD47
:10A9B0008C2002F09FFD002002F09CFDAC2002F0F4
:10A9C00099FD002002F096FDDC2002F093FD0020AE
:10A9D00002F090FD702002F08DFD002002F08AFD53
:10A9E000902002F087FD002002F084FDEB2002F0B1
:10A9F00081FD002002F07EFDDC2002F07BFD0020C6
:10AA000002F078FDB82002F081FD002002F072FD16
:10AA1000002002F06FFD002002F06CFD002002F02B
:10AA200069FD002002F066FD002002F063FD0020B9
:10AA300002F060FD002002F05DFDBA2002F066FD2C
:10AA4000242002F057FD002002F054FD002002F007
:10AA500051FD002002F04EFDC12002F057FD2020E4
:10AA600002F048FD002002F045FD542002F042FDB6
:10AA7000002002F03FFDFF2002F03CFD002002F02C
:10AA800039FDC22002F042FD0A2002F033FD002011
:10AA900002F030FD042002F02DFD002002F02AFD1E
:10AAA000C32002F033FD3C2002F024FD002002F020
:10AAB00021FD3A2002F01EFD002002F01BFD39208E
:10AAC00002F018FD002002F015FD372002F012FD03
:10AAD000002002F00FFD3C2002F00CFD002002F0EF
:10AAE00009FD362002F006FD002002F003FD3220B1
:10AAF00002F000FD002002F0FDFC2F2002F0FAFC25
:10AB0000002002F0F7FC2C2002F0F4FC002002F000
:10AB1000F1FC292002F0EEFC002002F0EBFC2620E4
:10AB200002F0E8FC002002F0E5FC242002F0E2FC48
:10AB3000002002F0DFFC242002F0DCFC002002F008
:10AB4000D9FC232002F0D6FC002002F0D3FC3C20EC
:10AB500002F0D0FC002002F0CDFC362002F0CAFC4E
:10AB6000002002F0C7FC322002F0C4FC002002F0FA
:10AB7000C1FC2F2002F0BEFC002002F0BBFC2C2008
:10AB800002F0B8FC002002F0B5FC292002F0B2FC73
:10AB9000002002F0AFFC262002F0ACFC002002F006
:10ABA000A9FC242002F0A6FC002002F0A3FC242033
:10ABB00002F0A0FC002002F09DFC232002F09AFC91
:10ABC000002002F097FCC42002F0A0FC622002F0FA
:10ABD00091FC002002F08EFC052002F08BFC00208E
:10ABE00002F088FC842002F085FC002002F082FC48
:10ABF000F02002F07FFC002002F07CFC182002F024
:10AC000079FC002002F076FCA42002F073FC002006
:10AC100002F070FC182002F06DFC002002F06AFCCB
:10AC2000502002F067FC002002F064FC0C2002F0CF
:10AC300061FC002002F05EFC172002F05BFC0020AB
:10AC400002F058FC952002F055FC002002F052FC66
:10AC5000F32002F04FFC002002F04CFCE62002F052
:10AC600049FC002002F046FCC52002F04FFC3220D7
:10AC700002F040FC002002F03DFC442002F03AFCCF
:10AC8000002002F037FC652002F034FC002002F0C6
:10AC900031FC762002F02EFC002002F02BFC8820F4
:10ACA00002F028FC002002F025FCC62002F02EFC59
:10ACB000202002F01FFC002002F01CFC172002F0F4
:10ACC00019FC002002F016FC012002F013FC002009
:10ACD00002F010FCC72002F019FC002002F00AFC70
:10ACE000002002F007FC002002F004FC002002F02B
:10ACF00001FCC82002F00AFC002002F0FBFB00204F
:10AD000002F0F8FB002002F0F5FB002002F0F2FB5D
:10AD1000C92002F0FBFB002002F0ECFB002002F057
:10AD2000E9FB002002F0E6FB002002F0E3FB00203C
:10AD300002F0E0FB002002F0DDFB002002F0DAFB75
:10AD4000002002F0D7FB002002F0D4FB002002F02C
:10AD5000D1FB002002F0CEFB002002F0CBFB002054
:10AD600002F0C8FB002002F0C5FB002002F0C2FB8D
:10AD7000002002F0BFFBE02002F0C8FB162002F02A
:10AD8000B9FB002002F0B6FB1C2002F0B3FB002050
:10AD900002F0B0FB212002F0ADFB002002F0AAFB84
:10ADA000362002F0A7FB002002F0A4FB462002F0B0
:10ADB000A1FB002002F09EFB522002F09BFB002032
:10ADC00002F098FB642002F095FB002002F092FB59
:10ADD0007A2002F08FFB002002F08CFB8B2002F027
:10ADE00089FB002002F086FB992002F083FB002003
:10ADF00002F080FBA82002F07DFB002002F07AFB2D
:10AE0000B92002F077FB002002F074FBC42002F0AE
:10AE100071FB002002F06EFBCA2002F06BFB0020E9
:10AE200002F068FBD22002F065FB002002F062FB1A
:10AE3000D92002F05FFB002002F05CFBE02002F072
:10AE400059FB002002F056FBF32002F053FB0020D8
:10AE500002F050FBE12002F059FB162002F04AFB01
:10AE6000002002F047FB1C2002F044FB002002F00F
:10AE700041FB222002F03EFB002002F03BFB36208B
:10AE800002F038FB002002F035FB452002F032FBD7
:10AE9000002002F02FFB522002F02CFB002002F0D9
:10AEA00029FB642002F026FB002002F023FB7A201D
:10AEB00002F020FB002002F01DFB8B2002F01AFBA9
:10AEC000002002F017FB992002F014FB002002F092
:10AED00011FBA82002F00EFB002002F00BFBB920B2
:10AEE00002F008FB002002F005FBC42002F002FB88
:10AEF000002002F0FFFACA2002F0FCFA002002F063
:10AF0000F9FAD22002F0F6FA002002F0F3FAD82083
:10AF100002F0F0FA002002F0EDFAE02002F0EAFA86
:10AF2000002002F0E7FAF32002F0E4FA002002F039
:10AF3000E1FAE22002F0EAFA052002F0DBFA002052
:10AF400002F0D8FA0B2002F0D5FA002002F0D2FA73
:10AF50001B2002F0CFFA002002F0CCFA342002F0DD
:10AF6000C9FA002002F0C6FA442002F0C3FA002019
:10AF700002F0C0FA4F2002F0BDFA002002F0BAFA47
:10AF8000612002F0B7FA002002F0B4FA792002F052
:10AF9000B1FA002002F0AEFA882002F0ABFA0020ED
:10AFA00002F0A8FA972002F0A5FA002002F0A2FA17
:10AFB000A62002F09FFA002002F09CFAB72002F0CF
:10AFC00099FA002002F096FAC22002F093FA0020CB
:10AFD00002F090FAC72002F08DFA002002F08AFAFF
:10AFE000D12002F087FA002002F084FAD62002F085
:10AFF00081FA002002F07EFADD2002F07BFA0020C8
:10B0000002F078FAF32002F075FA002002F072FAEA
:10B01000E32002F07BFA052002F06CFA002002F037
:10B0200069FA0A2002F066FA002002F063FA1C2096
:10B0300002F060FA002002F05DFA332002F05AFAC2
:10B04000002002F057FA442002F054FA002002F0E7
:10B0500051FA502002F04EFA002002F04BFA622022
:10B0600002F048FA002002F045FA782002F042FA95
:10B07000002002F03FFA882002F03CFA002002F0A3
:10B0800039FA972002F036FA002002F033FAA620AF
:10B0900002F030FA002002F02DFAB72002F02AFA6E
:10B0A000002002F027FAC22002F024FA002002F069
:10B0B00021FAC72002F01EFA002002F01BFAD1206C
:10B0C00002F018FA002002F015FAD52002F012FA68
:10B0D000002002F00FFADD2002F00CFA002002F04E
:10B0E00009FAF32002F006FA002002F003FAE42045
:10B0F00002F00CFA012002F0FDF9002002F0FAF94A
:10B10000012002F0F7F9002002F0F4F9022002F029
:10B11000F1F9002002F0EEF92A2002F0EBF900200C
:10B1200002F0E8F93C2002F0E5F9002002F0E2F933
:10B130004B2002F0DFF9002002F0DCF95D2002F084
:10B14000D9F9002002F0D6F9742002F0D3F90020DA
:10B1500002F0D0F9842002F0CDF9002002F0CAF903
:10B16000932002F0C7F9002002F0C4F9A22002F0F7
:10B17000C1F9002002F0BEF9B32002F0BBF90020B3
:10B1800002F0B8F9BE2002F0B5F9002002F0B2F9E1
:10B19000C42002F0AFF9002002F0ACF9CD2002F09B
:10B1A000A9F9002002F0A6F9D32002F0A3F90020AB
:10B1B00002F0A0F9DD2002F09DF9002002F09AF9DA
:10B1C000F32002F097F9002002F094F9E52002F054
:10B1D0009DF9002002F08EF9002002F08BF900208A
:10B1E00002F088F9002002F085F9022002F082F9CD
:10B1F000002002F07FF9292002F07CF9002002F003
:10B2000079F93C2002F076F9002002F073F94B2026
:10B2100002F070F9002002F06DF95D2002F06AF989
:10B22000002002F067F9742002F064F9002002F0B7
:10B2300061F9842002F05EF9002002F05BF99320AE
:10B2400002F058F9002002F055F9A22002F052F95C
:10B25000002002F04FF9B32002F04CF9002002F078
:10B2600049F9BE2002F046F9002002F043F9C4205B
:10B2700002F040F9002002F03DF9CD2002F03AF949
:10B28000002002F037F9D32002F034F9002002F058
:10B2900031F9DC2002F02EF9002002F02BF9F32026
:10B2A00002F028F9002002F025F9E62002F02EF93C
:10B2B000112002F01FF9002002F01CF9342002F0E6
:10B2C00019F9002002F016F9562002F013F90020B7
:10B2D00002F010F9762002F00DF9002002F00AF9D0
:10B2E000772002F007F9002002F004F9662002F04E
:10B2F00001F9002002F0FEF8882002F0FBF800209F
:10B3000002F0F8F8992002F0F5F8002002F0F2F8C7
:10B31000BB2002F0EFF8002002F0ECF8992002F0D8
:10B32000E9F8002002F0E6F8662002F0E3F80020D9
:10B3300002F0E0F8552002F0DDF8002002F0DAF823
:10B34000552002F0D7F8002002F0D4F8452002F092
:10B35000D1F8002002F0CEF8432002F0CBF8002014
:10B3600002F0C8F8442002F0C5F8002002F0C2F84C
:10B37000E72002F0CBF8322002F0BCF8002002F007
:10B38000B9F8552002F0B6F8002002F0B3F87620A4
:10B3900002F0B0F8002002F0ADF8662002F0AAF842
:10B3A000002002F0A7F8672002F0A4F8002002F0C5
:10B3B000A1F8672002F09EF8002002F09BF8872099
:10B3C00002F098F8002002F095F8992002F092F827
:10B3D000002002F08FF8BB2002F08CF8002002F071
:10B3E00089F8992002F086F8002002F083F877208F
:10B3F00002F080F8002002F07DF8442002F07AF894
:10B40000002002F077F8562002F074F8002002F0D5
:10B4100071F8232002F06EF8002002F06BF8332060
:10B4200002F068F8002002F065F8452002F062F8AA
:10B43000002002F05FF8E82002F068F8002002F037
:10B4400059F8002002F056F8992002F053F8002035
:10B4500002F050F8872002F04DF8002002F04AF880
:10B46000882002F047F8002002F044F8772002F02C
:10B4700041F8002002F03EF8662002F03BF8002080
:10B4800002F038F8882002F035F8002002F032F897
:10B49000AA2002F02FF8002002F02CF8BB2002F0C6
:10B4A00029F8002002F026F8992002F023F8002065
:10B4B00002F020F8662002F01DF8002002F01AF8D1
:10B4C000552002F017F8002002F014F8552002F081
:10B4D00011F8002002F00EF8442002F00BF80020D2
:10B4E00002F008F8442002F005F8002002F002F80B
:10B4F000552001F0FFFF002001F0FCFFE92002F0E1
:10B5000005F8AA2001F0F6FF002001F0F3FF00206B
:10B5100001F0F0FF002001F0EDFF002001F0F6FF48
:10B52000AA2001F0E7FFCF2001F0F0FF002001F09A
:10B53000E1FF002001F0DEFF002001F0DBFF002032
:10B5400001F0D8FF002001F0D5FF002001F0D2FF6C
:10B55000002001F0CFFF002001F0CCFF002001F01F
:10B56000C9FF002001F0C6FF002001F0C3FF00204A
:10B5700001F0C0FF002001F0BDFF002001F0BAFF84
:10B58000002001F0B7FF002001F0B4FF002001F01F
:10B59000B1FFF02001F0BAFF002001F0ABFF502016
:10B5A00001F0A8FF002001F0A5FF002001F0A2FF9C
:10B5B000002001F09FFFF32001F0A8FF002001F020
:10B5C00099FFF92001F0A2FF062001F093FF10205F
:10B5D00001F090FF292001F08DFF002001F08AFF8B
:10B5E0003A2001F093FF552001F084FF112001F073
:10B5F0008DFF6420FEF736FA292001F087FF352001
:10B6000001F084FF002001F075FF512001F07EFF62
:10B61000FF2001F06FFF532001F078FF2C2001F094
:10B6200069FF552001F072FF822001F063FF2C209A
:10B6300001F06CFF10BD10B555214FF4704001F0C2
:10B640007BFFAA214FF2010001F076FF52214FF259
:10B65000020001F071FF08214FF2030001F06CFFBE
:10B6600001214FF2040001F067FF0D214FF430403B
:10B6700001F062FF0D214BF2010001F05DFF0D2191
:10B680004BF2020001F058FF34214FF4364001F034
:10B6900053FF34214BF2016001F04EFF34214BF295
:10B6A000026001F049FF0D214FF4314001F044FFE9
:10B6B0000D214BF2011001F03FFF0D214BF2021062
:10B6C00001F03AFF34214FF4374001F035FF3421C7
:10B6D0004BF2017001F030FF34214BF2027001F0A7
:10B6E0002BFF00214FF4324001F026FF00214BF2E6
:10B6F000012001F021FF00214BF2022001F01CFF8C
:10B7000024214FF4384001F017FF24214BF60100AB
:10B7100001F012FF24214BF6020001F00DFF012180
:10B720004FF43F4001F008FF0F214FF4334001F088
:10B7300003FF0F214BF2013001F0FEFE0F214BF20F
:10B74000023001F0F9FE34214FF4394001F0F4FEEB
:10B7500034214BF6011001F0EFFE34214BF60210BC
:10B7600001F0EAFE08214FF4354001F0E5FE082122
:10B770004BF2015001F0E0FE08214BF2025001F0C3
:10B78000DBFE03214FF4424001F0D6FE24214FF4AA
:10B790003A4001F0D1FE24214BF6012001F0CCFE0D
:10B7A00024214BF6022001F0C7FE00214FF43C405B
:10B7B00001F0C2FE78214BF6014001F0BDFE0021F0
:10B7C0004BF6024001F0B8FE00214FF43D4001F07D
:10B7D000B3FE78214BF6015001F0AEFE00214BF68E
:10B7E000025001F0A9FE00214FF43E4001F0A4FEFA
:10B7F00064214BF6016001F09FFE00214FF451409F
:10B8000001F09AFE33214DF2011001F095FE002166
:10B810004DF2021001F090FE34214DF2031001F0C0
:10B820008BFE00214DF2041001F086FE3A214DF20C
:10B83000051001F081FE00214DF2061001F07CFEA2
:10B840004A214DF2071001F077FE00214DF2081059
:10B8500001F072FE5C214DF2091001F06DFE002135
:10B860004DF20A1001F068FE81214DF20B1001F03B
:10B8700063FE00214DF20C1001F05EFEA6214DF298
:10B880000D1001F059FE00214DF20E1001F054FE92
:10B89000E5214DF20F1001F04FFE01214DF2101085
:10B8A00001F04AFE13214DF2111001F045FE012175
:10B8B0004DF2121001F040FE54214DF2131001F030
:10B8C0003BFE01214DF2141001F036FE82214DF2B3
:10B8D000151001F031FE01214DF2161001F02CFE81
:10B8E000CA214DF2171001F027FE02214DF2181067
:10B8F00001F022FE00214DF2191001F01DFE02217F
:10B900004DF21A1001F018FE01214DF21B1001F04A
:10B9100013FE02214DF21C1001F00EFE34214DF2F7
:10B920001D1001F009FE02214DF21E1001F004FE6F
:10B9300067214DF21F1001F0FFFD02214DF2201092
:10B9400001F0FAFD84214DF2211001F0F5FD0221F4
:10B950004DF2221001F0F0FDA4214DF2231001F070
:10B96000EBFD02214DF2241001F0E6FDB7214DF26E
:10B97000251001F0E1FD02214DF2261001F0DCFD61
:10B98000CF214DF2271001F0D7FD02214DF22810F2
:10B9900001F0D2FDDE214DF2291001F0CDFD022192
:10B9A0004DF22A1001F0C8FDF2214DF22B1001F0EA
:10B9B000C3FD02214DF22C1001F0BEFDFE214DF21F
:10B9C0002D1001F0B9FD03214DF22E1001F0B4FD50
:10B9D00010214DF22F1001F0AFFD03214DF2301078
:10B9E00001F0AAFD33214DF2311001F0A5FD032134
:10B9F0004DF2321001F0A0FD6D214DF2331001F037
:10BA00009BFD00214FF4524001F096FD33214DF291
:10BA1000012001F091FD00214DF2022001F08CFD8A
:10BA200034214DF2032001F087FD00214DF2042066
:10BA300001F082FD3A214DF2052001F07DFD00214B
:10BA40004DF2062001F078FD4A214DF2072001F069
:10BA500073FD00214DF2082001F06EFD5C214DF2D6
:10BA6000092001F069FD00214DF20A2001F064FD7A
:10BA700081214DF20B2001F05FFD00214DF20C20E1
:10BA800001F05AFDA6214DF20D2001F055FD0021D7
:10BA90004DF20E2001F050FDE5214DF20F2001F096
:10BAA0004BFD01214DF2102001F046FD13214DF216
:10BAB000112001F041FD01214DF2122001F03CFD69
:10BAC00054214DF2132001F037FD01214DF21420D5
:10BAD00001F032FD82214DF2152001F02DFD0121F2
:10BAE0004DF2162001F028FDCA214DF2172001F079
:10BAF00023FD02214DF2182001F01EFD00214DF220
:10BB0000192001F019FD02214DF21A2001F014FD57
:10BB100001214DF21B2001F00FFD02214DF21C20EE
:10BB200001F00AFD34214DF21D2001F005FD022136
:10BB30004DF21E2001F000FD67214DF21F2001F0A3
:10BB4000FBFC02214DF2202001F0F6FC84214DF295
:10BB5000212001F0F1FC02214DF2222001F0ECFC49
:10BB6000A4214DF2232001F0E7FC02214DF2242014
:10BB700001F0E2FCB7214DF2252001F0DDFC0221AD
:10BB80004DF2262001F0D8FCCF214DF2272001F004
:10BB9000D3FC02214DF2282001F0CEFCDE214DF233
:10BBA000292001F0C9FC02214DF22A2001F0C4FC39
:10BBB000F2214DF22B2001F0BFFC02214DF22C208E
:10BBC00001F0BAFCFE214DF22D2001F0B5FC03215D
:10BBD0004DF22E2001F0B0FC10214DF22F2001F08B
:10BBE000ABFC03214DF2302001F0A6FC33214DF2D5
:10BBF000312001F0A1FC03214DF2322001F09CFC28
:10BC00006D214DF2332001F097FC00214FF4534099
:10BC100001F092FC33214DF2013001F08DFC002146
:10BC20004DF2023001F088FC34214DF2033001F076
:10BC300083FC00214DF2043001F07EFC3A214DF2EC
:10BC4000053001F079FC00214DF2063001F074FC62
:10BC50004A214DF2073001F06FFC00214DF208300F
:10BC600001F06AFC5C214DF2093001F065FC002115
:10BC70004DF20A3001F060FC81214DF20B3001F0F1
:10BC80005BFC00214DF20C3001F056FCA6214DF278
:10BC90000D3001F051FC00214DF20E3001F04CFC52
:10BCA000E5214DF20F3001F047FC01214DF210303B
:10BCB00001F042FC13214DF2113001F03DFC012155
:10BCC0004DF2123001F038FC54214DF2133001F0E6
:10BCD00033FC01214DF2143001F02EFC82214DF293
:10BCE000153001F029FC01214DF2163001F024FC41
:10BCF000CA214DF2173001F01FFC02214DF218301D
:10BD000001F01AFC00214DF2193001F015FC02215E
:10BD10004DF21A3001F010FC01214DF21B3001F000
:10BD20000BFC02214DF21C3001F006FC34214DF2D7
:10BD30001D3001F001FC02214DF21E3001F0FCFB30
:10BD400067214DF21F3001F0F7FB02214DF2203048
:10BD500001F0F2FB84214DF2213001F0EDFB0221D4
:10BD60004DF2223001F0E8FBA4214DF2233001F026
:10BD7000E3FB02214DF2243001F0DEFBB7214DF24E
:10BD8000253001F0D9FB02214DF2263001F0D4FB21
:10BD9000CF214DF2273001F0CFFB02214DF22830A8
:10BDA00001F0CAFBDE214DF2293001F0C5FB022172
:10BDB0004DF22A3001F0C0FBF2214DF22B3001F0A0
:10BDC000BBFB02214DF22C3001F0B6FBFE214DF2FF
:10BDD0002D3001F0B1FB03214DF22E3001F0ACFB10
:10BDE00010214DF22F3001F0A7FB03214DF230302E
:10BDF00001F0A2FB33214DF2313001F09DFB032114
:10BE00004DF2323001F098FB6D214DF2333001F0EC
:10BE100093FB00214FF4544001F08EFB33214DF28F
:10BE2000014001F089FB00214DF2024001F084FB4A
:10BE300034214DF2034001F07FFB00214DF204401C
:10BE400001F07AFB3A214DF2054001F075FB00212B
:10BE50004DF2064001F070FB4A214DF2074001F01F
:10BE60006BFB00214DF2084001F066FB5C214DF2B6
:10BE7000094001F061FB00214DF20A4001F05CFB3A
:10BE800081214DF20B4001F057FB00214DF20C4097
:10BE900001F052FBA6214DF20D4001F04DFB0021B7
:10BEA0004DF20E4001F048FBE5214DF20F4001F04C
:10BEB00043FB01214DF2104001F03EFB13214DF2F6
:10BEC000114001F039FB01214DF2124001F034FB29
:10BED00054214DF2134001F02FFB01214DF214408B
:10BEE00001F02AFB82214DF2154001F025FB0121D2
:10BEF0004DF2164001F020FBCA214DF2174001F02F
:10BF00001BFB02214DF2184001F016FB00214DF2FF
:10BF1000194001F011FB02214DF21A4001F00CFB17
:10BF200001214DF21B4001F007FB02214DF21C40A4
:10BF300001F002FB34214DF21D4001F0FDFA022117
:10BF40004DF21E4001F0F8FA67214DF21F4001F05A
:10BF5000F3FA02214DF2204001F0EEFA84214DF275
:10BF6000214001F0E9FA02214DF2224001F0E4FA09
:10BF7000A4214DF2234001F0DFFA02214DF22440CA
:10BF800001F0DAFAB7214DF2254001F0D5FA02218D
:10BF90004DF2264001F0D0FACF214DF2274001F0BA
:10BFA000CBFA02214DF2284001F0C6FADE214DF213
:10BFB000294001F0C1FA02214DF22A4001F0BCFAF9
:10BFC000F2214DF22B4001F0B7FA02214DF22C4044
:10BFD00001F0B2FAFE214DF22D4001F0ADFA03213D
:10BFE0004DF22E4001F0A8FA10214DF22F4001F041
:10BFF000A3FA03214DF2304001F09EFA33214DF2B5
:10C00000314001F099FA03214DF2324001F094FAE7
:10C010006D214DF2334001F08FFA00214FF455406D
:10C0200001F08AFA33214DF2015001F085FA002126
:10C030004DF2025001F080FA34214DF2035001F02C
:10C040007BFA00214DF2045001F076FA3A214DF2CC
:10C05000055001F071FA00214DF2065001F06CFA22
:10C060004A214DF2075001F067FA00214DF20850C5
:10C0700001F062FA5C214DF2095001F05DFA0021F5
:10C080004DF20A5001F058FA81214DF20B5001F0A7
:10C0900053FA00214DF20C5001F04EFAA6214DF258
:10C0A0000D5001F049FA00214DF20E5001F044FA12
:10C0B000E5214DF20F5001F03FFA01214DF21050F1
:10C0C00001F03AFA13214DF2115001F035FA012135
:10C0D0004DF2125001F030FA54214DF2135001F09C
:10C0E0002BFA01214DF2145001F026FA82214DF273
:10C0F000155001F021FA01214DF2165001F01CFA01
:10C10000CA214DF2175001F017FA02214DF21850D2
:10C1100001F012FA00214DF2195001F00DFA02213E
:10C120004DF21A5001F008FA01214DF21B5001F0B6
:10C1300003FA02214DF21C5001F0FEF934214DF2B8
:10C140001D5001F0F9F902214DF21E5001F0F4F9F1
:10C1500067214DF21F5001F0EFF902214DF22050FE
:10C1600001F0EAF984214DF2215001F0E5F90221B4
:10C170004DF2225001F0E0F9A4214DF2235001F0DC
:10C18000DBF902214DF2245001F0D6F9B7214DF22E
:10C19000255001F0D1F902214DF2265001F0CCF9E1
:10C1A000CF214DF2275001F0C7F902214DF228505E
:10C1B00001F0C2F9DE214DF2295001F0BDF9022152
:10C1C0004DF22A5001F0B8F9F2214DF22B5001F056
:10C1D000B3F902214DF22C5001F0AEF9FE214DF2DF
:10C1E0002D5001F0A9F903214DF22E5001F0A4F9D0
:10C1F00010214DF22F5001F09FF903214DF23050E4
:10C2000001F09AF933214DF2315001F095F90321F3
:10C210004DF2325001F090F96D214DF2335001F0A2
:10C220008BF900214FF4564001F086F933214DF28D
:10C23000016001F081F900214DF2026001F07CF90A
:10C2400034214DF2036001F077F900214DF20460D2
:10C2500001F072F93A214DF2056001F06DF900210B
:10C260004DF2066001F068F94A214DF2076001F0D5
:10C2700063F900214DF2086001F05EF95C214DF296
:10C28000096001F059F900214DF20A6001F054F9FA
:10C2900081214DF20B6001F04FF900214DF20C604D
:10C2A00001F04AF9A6214DF20D6001F045F9002197
:10C2B0004DF20E6001F040F9E5214DF20F6001F002
:10C2C0003BF901214DF2106001F036F913214DF2D6
:10C2D000116001F031F901214DF2126001F02CF9E9
:10C2E00054214DF2136001F027F901214DF2146041
:10C2F00001F022F982214DF2156001F01DF90121B2
:10C300004DF2166001F018F9CA214DF2176001F0E4
:10C3100013F902214DF2186001F00EF900214DF2DF
:10C32000196001F009F902214DF21A6001F004F9D7
:10C3300001214DF21B6001F0FFF802214DF21C605B
:10C3400001F0FAF834214DF21D6001F0F5F80221F8
:10C350004DF21E6001F0F0F867214DF21F6001F010
:10C36000EBF802214DF2206001F0E6F884214DF255
:10C37000216001F0E1F802214DF2226001F0DCF8C9
:10C38000A4214DF2236001F0D7F802214DF2246080
:10C3900001F0D2F8B7214DF2256001F0CDF802216D
:10C3A0004DF2266001F0C8F8CF214DF2276001F070
:10C3B000C3F802214DF2286001F0BEF8DE214DF2F3
:10C3C000296001F0B9F802214DF22A6001F0B4F8B9
:10C3D000F2214DF22B6001F0AFF802214DF22C60FA
:10C3E00001F0AAF8FE214DF22D6001F0A5F803211D
:10C3F0004DF22E6001F0A0F810214DF22F6001F0F7
:10C400009BF803214DF2306001F096F833214DF294
:10C41000316001F091F803214DF2326001F08CF8A7
:10C420006D214DF2336001F087F855214FF47040D3
:10C4300001F082F8AA214FF2010001F07DF85221AB
:10C440004FF2020001F078F808214FF2030001F0EA
:10C4500073F800214FF2040001F06EF8CC214FF484
:10C46000314001F069F800214BF2011001F064F84D
:10C4700005214FF4364001F05FF870214FF437404A
:10C4800001F05AF870214BF2017001F055F80121CA
:10C490004FF4384001F050F803214BF6010001F051
:10C4A0004BF803214BF6020001F046F803214BF64E
:10C4B000030001F041F802214FF43C4001F03CF848
:10C4C00000214BF6014001F037F800214BF6024005
:10C4D00001F032F8D0214FF4494001F02DF802214B
:10C4E0004CF6011001F028F850214CF6021001F032
:10C4F00023F850214CF6031001F01EF850214CF6A1
:10C50000041001F019F800214FF4545001F014F810
:10C5100055214FF4685001F00FF84FF4885000F0A7
:10C52000F5FF7820FDF7B8FA4FF4245000F0EEFF45
:10C5300010BD10B5E22000F0E9FF1D2000F0DAFF89
:10C54000022000F0D7FF042000F0D4FF6420FDF7A4
:10C55000A3FAE02000F0DAFF012000F0CBFF0A2070
:10C56000FDF780FAE02000F0D1FF032000F0C2FFC9
:10C570000C20FDF777FA012000F0C8FF0A20FDF734
:10C5800071FAE62000F0C2FF2F2000F0B3FFFF2079
:10C5900000F0B0FFFF2000F0ADFFB02000F0B6FFCC
:10C5A000202000F0A7FF002000F0A4FF032000F0EF
:10C5B000A1FF40F21F3000F09DFF012000F09AFF24
:10C5C00040F2DF1000F096FF002000F093FFB4204F
:10C5D00000F09CFF042000F08DFF40F21F4000F0AF
:10C5E00089FF002000F086FF2E2000F083FF00204E
:10C5F00000F080FF002000F07DFF002000F07AFFB7
:10C60000002000F077FFB62000F080FF022000F04D
:10C6100071FF4FF4037000F06DFF002000F06AFF1F
:10C62000172000F067FF152000F064FF002000F0E5
:10C6300061FF002000F05EFFF02000F067FF0320A4
:10C6400000F058FF292000F061FFD02000F05EFFCD
:10C65000002000F04FFFBE2000F058FF052000F042
:10C6600049FFFE2000F046FF012000F043FF0020BC
:10C6700000F040FF002000F03DFF002000F03AFFF6
:10C68000B82000F043FF032000F034FF012000F049
:10C6900031FFBA2000F03AFF012000F02BFF10BD5F
:10C6A00010B5112000F032FF7820FDF7DBF93620BD
:10C6B00000F02CFF002000F01DFF3A2000F026FFC4
:10C6C000052000F017FFB22000F020FF0C2000F042
:10C6D00011FF0C2000F00EFF002000F00BFF3320B4
:10C6E00000F008FF332000F005FFB72000F00EFF38
:10C6F000352000F0FFFEBB2000F008FF322000F0E4
:10C70000F9FEC02000F002FF0C2000F0F3FEC22072
:10C7100000F0FCFE012000F0EDFEC32000F0F6FE6C
:10C72000102000F0E7FEC42000F0F0FE202000F012
:10C73000E1FEC62000F0EAFE0F2000F0DBFED02074
:10C7400000F0E4FEA42000F0D5FEA12000F0D2FE0F
:10C75000E02000F0DBFED02000F0CCFE002000F056
:10C76000C9FE022000F0C6FE072000F0C3FE0A202A
:10C7700000F0C0FE282000F0BDFE322000F0BAFE1E
:10C78000442000F0B7FE422000F0B4FE062000F086
:10C79000B1FE0E2000F0AEFE122000F0ABFE142021
:10C7A00000F0A8FE172000F0A5FEE12000F0AEFE8C
:10C7B000D02000F09FFE002000F09CFE022000F040
:10C7C00099FE072000F096FE0A2000F093FE282034
:10C7D00000F090FE312000F08DFE542000F08AFE23
:10C7E000472000F087FE0E2000F084FE1C2000F0A1
:10C7F00081FE172000F07EFE1B2000F07BFE1E2035
:10C8000000F078FE2A2000F081FE002000F072FE89
:10C81000002000F06FFE002000F06CFEEF2000F022
:10C8200069FE2B2000F072FE002000F063FE002065
:10C8300000F060FE012000F05DFE3F2000F05AFE97
:10C84000292000F063FE10BD10B5112000F05EFE3F
:10C850007820FDF707F9362000F058FE482000F058
:10C8600049FE3A2000F052FE552000F043FEF02031
:10C8700000F04CFEC32000F03DFEF02000F046FE2C
:10C88000962000F037FEB42000F040FE012000F0BA
:10C8900031FEB62000F03AFE0A2000F02BFEA22066
:10C8A00000F028FEB72000F031FEC62000F022FE86
:10C8B000B92000F02BFE022000F01CFEE02000F06A
:10C8C00019FEC02000F022FE802000F013FE16208A
:10C8D00000F010FEC12000F019FE192000F00AFE41
:10C8E000C22000F013FEA72000F004FEC52000F0D7
:10C8F0000DFE162000F0FEFDE82000F007FE4020AF
:10C9000000F0F8FD8A2000F0F5FD002000F0F2FDB7
:10C91000002000F0EFFD292000F0ECFD192000F0D0
:10C92000E9FDA52000F0E6FD332000F0E3FDE02066
:10C9300000F0ECFDF02000F0DDFD072000F0DAFD56
:10C940000D2000F0D7FD042000F0D4FD052000F0FC
:10C95000D1FD142000F0CEFD362000F0CBFD542098
:10C9600000F0C8FD4C2000F0C5FD382000F0C2FDED
:10C97000132000F0BFFD142000F0BCFD2E2000F0BD
:10C98000B9FD342000F0B6FDE12000F0BFFDF0203D
:10C9900000F0B0FD102000F0ADFD142000F0AAFD65
:10C9A0000E2000F0A7FD0C2000F0A4FD082000F0F0
:10C9B000A1FD352000F09EFD442000F09BFD4C20A1
:10C9C00000F098FD262000F095FD102000F092FD6B
:10C9D000122000F08FFD2C2000F08CFD322000F0A2
:10C9E00089FDF02000F092FD3C2000F083FDF02056
:10C9F00000F08CFD692000F07DFD7820FDF732F815
:10CA0000212000F083FD292000F080FD10BD0000F2
:10CA100000B595B001F0BAF8FB49888008468088D7
:10CA200010B100F009FF71E200BF00BFF7480068D5
:10CA300040F00800F54908600846006800F008006A
:10CA4000019000BF00BF00BF00BF00BF08460068E4
:10CA500040F0080008600846006800F008000190F7
:10CA600000BF00BF00BF00BF00BF0846006840F025
:10CA7000080008600846006800F00800019000BF48
:10CA800000BF00BF00BF00BF0846006840F00800BC
:10CA900008600846006800F00800019000BF00BF71
:10CAA00000BF00BF00BF0846006840F002000860F9
:10CAB0000846006800F00200019000BF00BF00BF00
:10CAC00080201090022011900120129002201390DB
:10CAD0000C20149010A9CE48F6F7D8FF2020109013
:10CAE00010A9CB48F6F7D2FF1020109010A9C84823
:10CAF000F6F7CCFF4FF40050109010A9C448F6F799
:10CB0000C5FF202010900120119010A9C148F6F710
:10CB1000BDFF00F011FAC048C0490860C048486035
:10CB2000002088600021BD48C16001611021416181
:10CB300000218161C16101624FF480514162002195
:10CB400081624FF48041C1620021016341634FF46F
:10CB5000801181630F20099000200A904E200B90D5
:10CB600000200F900F200290002003900F200490CF
:10CB70000020089002AA09A9A848F9F7B5FB3220BD
:10CB8000FCF770FFD32000F0C1FC00F0FDF99E49D6
:10CB9000888000F0F9F99C49888000F0F5F99A49FD
:10CBA0008880084680884FF6FF7101EA0020964988
:10CBB000888000F0E9F9944989880843924988807F
:10CBC0000846808849F2413188427CD0042000F038
:10CBD0009DFC00F0D9F98C49888000F0D5F98A498C
:10CBE000888000F0D1F988498880084680884FF60F
:10CBF000FF7101EA00208449888000F0C5F982496C
:10CC000089880843804988800846808848F25251C4
:10CC1000884203D147F289707B4988807A488088AE
:10CC200047F289718842D0D0D42000F06FFC00F028
:10CC3000ABF97549888000F0A7F97349888000F046
:10CC4000A3F971498880084680884FF6FF7101EA90
:10CC500000206D49888000F097F96B498988084366
:10CC6000694988800846808845F210318842ACD0F6
:10CC7000D32000F04BFC00F087F96349888000F076
:10CC800083F96149888000F07FF95F498880084610
:10CC900080884FF6FF7101EA00205B49888000F030
:10CCA00073F959498988084357498880084680881C
:10CCB00047F29671884288D055214FF4704000F0B9
:10CCC0003BFCAA2100E07EE04FF2010000F034FCC2
:10CCD00052214FF2020000F02FFC08214FF2030016
:10CCE00000F02AFC01214FF2040000F025FC4FF473
:10CCF000454000F00BFC00F047F9434988800846A6
:10CD000080884FF6FF7101EA00203F4988804CF28D
:10CD1000015000F0FBFB00F037F93B4989880843DC
:10CD2000394988800520FCF79DFE3748808845F208
:10CD30001051884247D0D32000F0E8FB00F024F9DE
:10CD40003149888000F020F92F49888000F01CF9D3
:10CD50002D498880084680884FF6FF7101EA00203F
:10CD60002949888000F010F9274989880843264915
:10CD700088800846808849F60601884223D0A12091
:10CD800000F0C4FB00F000F91F49888000F0FCF8B7
:10CD90001D498880084680884FF6FF7101EA00200F
:10CDA0001949888000F0F0F8174989880843164926
:10CDB00088800846808845F26171884203D141F637
:10CDC0006310114988801048818816A0F3F756FB3C
:10CDD0000D48808847F28971884202D1FFF760FCD4
:10CDE0004CE00948808849F24131884202D1FDF780
:10CDF000F3F943E00448808845F21031884217D1A6
:10CE0000FDF7A0FC3AE00000D4010024E044025801
:10CE1000000C02580004025800400052880100240F
:10CE2000044100524C43442049443A25780D0A00FD
:10CE30003E48808847F29671884202D1FFF704FD90
:10CE40001CE03A48808845F21051884202D1FEF732
:10CE5000F2FB13E03548808849F60601884202D18A
:10CE6000FDF7D0FA0AE03148808841F66311884224
:10CE700004D1FFF75EFB642000F014FB2B48808890
:10CE800049F24131884205D02848808847F28971AB
:10CE9000884209D10520029004902549CB6A8A680E
:10CEA000486802A9F4F720F82048808841F6631109
:10CEB000884209D10720029004901D49CB6A8A68F4
:10CEC000486802A9F4F710F81848808845F2103134
:10CED000884211D01548808845F2105188420BD005
:10CEE0001248808847F29671884205D00F488088A2
:10CEF00049F60601884209D10320029004900C49AA
:10CF0000CB6A8A68486802A9F3F7EEFF0020FDF7B4
:10CF100081F800BF012220210648F6F7C7FE00BFB6
:10CF20004FF6FF70FDF752F815B000BDD401002494
:10CF300088010024000402581FB5F7F753F90120B7
:10CF40008DF8000000208DF801004FF0C0400190E6
:10CF50001B208DF8080000208DF809008DF80A00CC
:10CF600003208DF80B0000208DF80C008DF80D00CB
:10CF70008DF80E0001208DF80F006846F7F704F9D0
:10CF80000420F7F745F91FBD08B503480088009055
:10CF9000BDF8000008BD000000000860F0B50546BF
:10CFA000002400278B488079012805D18948808892
:10CFB00041F66311884208D186488079F0B98548E6
:10CFC000808841F66311884218D1082D15D2DFE818
:10CFD00005F00406080A0C0E101206250DE00725C0
:10CFE0000BE0042509E0052507E0012505E0002503
:10CFF00003E0032501E0022500BF00BF082D1CD27D
:10D00000DFE805F00406090C0F12151800BF14E044
:10D0100044F0800411E044F040040EE044F0C00409
:10D020000BE044F0200408E044F0600405E044F024
:10D03000A00402E044F0E00400BF00BF36276548CA
:10D04000808845F21051884200D13F0261488088B3
:10D0500049F2413188420BD05E48808847F289719D
:10D06000884205D05B48808847F29671884201D19A
:10D0700044F008042146384600F05EFA554880889E
:10D0800041F6631188421DD004F0200068B1514878
:10D09000008850494988884214DA4E4806884088FA
:10D0A0004C490880084646800CE04A4800884949B7
:10D0B0004988884206DD47480688408845490880F7
:10D0C000084646804348808845F21051884252D134
:10D0D0004049488900F01AFA002000F00BFA3D4957
:10D0E0004989491C88B200F011FA002000F002FAC8
:10D0F00038494989891C88B200F008FA35490988FD
:10D10000491EC1F30F2000F0F5F932494989C91CC5
:10D1100088B200F0FBF92F490978491EC8B200F027
:10D12000E9F92C49888900F0F1F9002000F0E2F9D2
:10D1300028498989491C88B200F0E8F9002000F0EC
:10D14000D9F924498989891C88B200F0DFF921497D
:10D150004988491EC1F30F2000F0CCF91D49898987
:10D16000C91C88B200F0D2F91A498978491EC8B2A0
:10D1700000F0C0F92DE01749488900F0C7F90020F8
:10D1800000F0B8F9002000F0B5F912490988491EED
:10D19000C1F30F2000F0AEF90E490978491EC8B25C
:10D1A00000F0A8F90B49888900F0B0F9002000F0E0
:10D1B000A1F9002000F09EF906494988491EC1F3F3
:10D1C0000F2000F097F903498978491EC8B200F092
:10D1D00091F9F0BDD401002410B502460C46454833
:10D1E000808841F66311884247D142488079A8B9C6
:10D1F00040480088401E801A82B23E49488900F0AB
:10D2000085F9002000F076F9002000F073F9101283
:10D2100000F070F9D0B200F06DF916E03549488998
:10D2200000F074F9101200F065F9D0B200F062F964
:10D2300030490988491EC1F30F2000F05BF92D49E0
:10D240000978491EC8B200F055F92A49888900F0CA
:10D250005DF9201200F04EF9E0B200F04BF92549DB
:10D260004988491EC1F30F2000F044F9214989780B
:10D27000491EC8B200F03EF93AE01E48808845F2E7
:10D280001051884220D11B49488900F03FF9101203
:10D2900000F030F917494989491C88B200F036F985
:10D2A000D0B200F027F91349888900F02FF9201235
:10D2B00000F020F90F498989491C88B200F026F94D
:10D2C000E0B200F017F913E00A49488900F01EF9AE
:10D2D000101200F00FF9D0B200F00CF9054988895E
:10D2E00000F014F9201200F005F9E0B200F002F9A4
:10D2F00010BD0000D40100242DE9FC5F80460E46DD
:10D3000015461C46B3460020019000902046E317C6
:10D3100004EB5373DB1021464FEAE47C04EB5C7CA6
:10D320004FEAEC0CA4EBCC0CBCF1000F02D04FF098
:10D33000010C01E04FF0000C6344224604EBD27C68
:10D340004FEA6C0C03FB0CF3DBB20193A5F1200058
:10D35000C5B20C2C06D0102C0BD0182C0ED0202CC3
:10D3600018D112E005EB45002D4901EB800000903B
:10D3700012E02C4800EB051000900DE005EBC50015
:10D38000294901EB8000009006E0284800EB851059
:10D39000009001E0BDE8FC9F00BF00273AE0009844
:10D3A00010F807904FF0000A2EE009F0800028B135
:10D3B000314640460D9AFCF7F5FE07E00C9828B977
:10D3C0001B48314602684046FCF7ECFE4FEA4960D4
:10D3D0004FEA1069701C86B216484088B04200DCE3
:10D3E000D8E7A6EB0B00A0420AD15E4608F1010087
:10D3F0001FFA80F80F480088404500DCCAE706E0C5
:10D400000AF1010000F0FF0ABAF1080FCDDB00BFFE
:10D41000781CC7B201988742C1DB00BFBAE70000A1
:10D4200066E30008DAE70008CAED000826FB0008FA
:10D4300024000024D40100242DE9FC5F04460D469D
:10D4400090469946DDE90D7A0C9E04F0FF0B08EB3F
:10D4500004001FFA80F809EB05001FFA80F917E0B5
:10D46000444502DB5C46A81985B24D4500DB15E05A
:10D470000020CDE9000A3A78334629462046FFF7D6
:10D480003BFF304606EBD07104EB61018CB27F1C90
:10D4900038787E2802DC38782028E1DA00BFBDE841
:10D4A000FC9F000000B50246BE2000F02FF80520CA
:10D4B00000F020F800EE102AB8EE400B9FED0B1B99
:10D4C00020EE010BBCEEC00B10EE101A88B200F07B
:10D4D00011F8012000F00EF8FF2000F00BF80020FA
:10D4E00000F008F8002000F005F800BD66666666EA
:10D4F0006666044001B5BDF800000090BDF800006C
:10D500000149088008BD00000000086001B5BDF8B1
:10D5100000000090BDF800000149088008BD00002F
:10D52000FEFF07600248008902490880704700003A
:10D53000D4010024FEFF0760024A1080921C118073
:10D5400070470000FEFF076000B587B000BF00BF56
:10D550001E48006840F002001C4908600846006848
:10D5600000F00200019000BF00BF00BF00BF00BF7D
:10D570000846006840F0020008600846006800F0B5
:10D580000200019000BF00BF00BF022002900120F6
:10D5900003900490059002A90D48F6F777FA012050
:10D5A000029002A90A48F6F771FA00BF012202218F
:10D5B0000748F6F77BFB00BF00BF01221146044875
:10D5C000F6F774FB00BF07B000BD0000E04402584E
:10D5D0000004025818B5044606480094008B401E0B
:10D5E00083B20448C08A401E82B20021084600F07F
:10D5F00059F818BD2803002470B5B0B006460C4693
:10D6000015464FF0005001900A940B9602210C91A0
:10D610000D910E9501A8F7F7CDF810B9002030B0A4
:10D6200070BD0120FBE700000949487530B98988C1
:10D63000074AD18211460988118308E0012806D1E2
:10D6400003490988024AD1821146898811837047AB
:10D650002803002470B5114B5B7D6BB10F4BDB6968
:10D660000E4D2D6805FB01056B430C4D2D7D0C4EB9
:10D6700056F82550EA520FE0084B1D685B681B1AEC
:10D680005B1E05FB0313054DED696B43034D2D7DBB
:10D69000034E56F82550EA5270BD000028030024BE
:10D6A000280000242DE9F84F04460D461E464FF091
:10D6B000000CDFF8749199F81590B9F1000F04D0BF
:10D6C00020462946134637462DE0DFF85C91D9F80D
:10D6D0000490914507D8DFF85091B9F80490A9F16A
:10D6E00001091FFA89F2DFF84091D9F80490A145A9
:10D6F00007D8DFF83491B9F80490A9F101091FFAAD
:10D7000089F42846DFF82091D9F80490A9EB0209A2
:10D71000A9F101013346DFF81091D9F80490A9EB83
:10D720000409A9F10107DFF80091B9F80090A3EB13
:10D73000000A0AF1010AA9EB0A091FFA89F8DFF8C1
:10D74000E89099F81490DFF8E4A05AF82990DFF8EF
:10D75000D8A0DAF81CA0DFF8D0B0DBF800B00BFBE3
:10D76000010B0AFB0B9E00BFDFF8C490D9F80090B4
:10D7700049F01009DFF8B8A0CAF80090D146D9F8EE
:10D78000009009F01009CDF8009000BF00BFDFF84D
:10D79000A490D9F8009029F00109DFF898A0CAF800
:10D7A00000904FF44039CAF800904FF00209CAF8CF
:10D7B0003490D146C9F84080C9F83CE0A7EB010994
:10D7C00009F10109A3EB000A0AF1010A49EA0A4931
:10D7D000DFF860A0CAF84490DDF82890CAF83890C5
:10D7E000D146D9F8009049F00109CAF8009005E047
:10D7F0000CF1010CBCF5001F00D308E0DFF83490F9
:10D80000D9F8049009F00209B9F1000FF0D000BF77
:10D81000DFF82090D9F8089049F00209DFF814A049
:10D82000CAF80890BDE8F88F2803002428000024D7
:10D83000D4440258001000521FB5002400F0A6F98D
:10D84000044644F24230844218D14FF4F0709D49AE
:10D8500008604FF4887048600120088148812820C2
:10D8600088810820C881052008820820488221225A
:10D8700019214FF49670FFF7BFFE7EE047F2840057
:10D88000844218D14FF448708E4908604FF4F0700C
:10D8900048600120088148812E2088811720C88196
:10D8A000D220088216204882092219214FF496704E
:10D8B000FFF7A2FE61E047F21600844219D14FF44F
:10D8C0008060804908604FF4167048601420088119
:10D8D000032048818C2088811420C881A0200882E0
:10D8E0000C204882062219214FF49670FFF784FE1F
:10D8F00043E047F21800844207D14FF4A060714919
:10D9000008604FF44870486037E044F28430844245
:10D9100019D14FF448706B4908604FF4F0704860BB
:10D920005820888128200882302008812020C88142
:10D930000D20488203204881092219214FF4967056
:10D94000FFF75AFE19E041F21800844215D14FF456
:10D95000A0605C4908604FF4487048608C20888162
:10D960000A2008820881C881488203204881062253
:10D9700019214FF49670FFF73FFE52480088524934
:10D98000088050488088488002204E49C8614F482E
:10D990004F4908604F485049086000204860002106
:10D9A0004D488160C16000204B4981F8A10041F2DF
:10D9B0001800844204D14FF080514748016102E0D1
:10D9C0000021454801613F480089401E42494861A5
:10D9D0003C484089401E88613A4800893949898914
:10D9E0000844401E3C49C861364840893549C989C8
:10D9F0000844401E38490862324800893149898903
:10DA00000844304909680844401E334948622D489B
:10DA100040892C49C98908442A4949680844401E5C
:10DA20002D49886227480089264989890844254963
:10DA3000096808442349098A0844401E2649C862E7
:10DA4000204840891F49C98908441E49496808443B
:10DA50001C49498A0844401E1F49086300211E488A
:10DA600080F8361080F8351080F83410F6F7C8F9D1
:10DA7000002007210622CDE90002CDE9021014485A
:10DA8000FF2302220168002000F02AF80D48808858
:10DA900080B200900B48008883B2002211461046E5
:10DAA00000F05CF8002000F0D9F800BF012220212E
:10DAB0000A48F6F7FBF800BF4FF0FF30FFF78AFD8A
:10DAC0001FBD000028030024D4010024000000C072
:10DAD00028000024001000501802002400040258FE
:10DAE0002DE9F04F8DB005460E4617469846DDE904
:10DAF00017ABDDF85890199C002000900290154853
:10DB0000006801901348406803900497CDF8148092
:10DB1000CDF818904FEA0A2007904FEA0B200890A2
:10DB200009960C4800680A900A4840680B9000204B
:10DB300001148DF8321001128DF83110E0B28DF819
:10DB400030002A4669460448F6F72AF90DB0BDE8C8
:10DB5000F08F000028030024180200242DE9F04172
:10DB600004460E4617461D46DDF8188023463A4601
:10DB700031460548F6F79CFA2346424629460248B4
:10DB8000F6F7CCFABDE8F0811802002410B586B093
:10DB9000002400BF2E48006840F040002C49086077
:10DBA0000846006800F04000009000BF00BF00BFC2
:10DBB0000846006840F4807008600846006800F479
:10DBC0008070009000BF00BF4020019000200290B4
:10DBD000012003900320049001A91E48F5F756FF89
:10DBE0008420019001A91C48F5F750FF0220FBF7A3
:10DBF00053FF40211748F6F747F80446042116481A
:10DC0000F6F742F844EA4000C4B280211248F6F721
:10DC10003BF844EA8000C4B2062C17D2DFE804F0D7
:10DC200003070A0D101344F2423006B010BD47F24C
:10DC30008400FAE747F21600F7E747F21800F4E726
:10DC400044F28430F1E741F21800EEE70020ECE7FF
:10DC5000E044025800180258002002580149087593
:10DC6000704700002803002410B500F013FAF6F7FF
:10DC70003BF8042302220521A02000F0ABFA4FF468
:10DC8000C870FBF7E5FE4FF4E13000F033FB00F025
:10DC900010F8FFF759FCFCF71FF900F005F9FEF743
:10DCA000B7FE00F093F800F07DF9FBF721FF0020AC
:10DCB00010BD1FB5012000220323CDE901200093F0
:10DCC0000390134602461021400700F04FF8012050
:10DCD00000220323CDE90120009303901346022282
:10DCE0001221480600F042F8012000220323CDE96A
:10DCF000012000930390134603221221100700F025
:10DD000035F8012000220323CDE901200093039080
:10DD1000134604220F214FF0605000F027F8002036
:10DD20000323CDE900300290034605221921039018
:10DD30004FF0C04000F01AF8012000220323CDE983
:10DD4000012000930390134606221821C80600F014
:10DD50000DF800200323CDE90030029001230722B3
:10DD60001B210390C80700F001F81FBD2DE9FF5FDC
:10DD700004460D4616461F46DDE910ABDDE90E8967
:10DD8000F6F730FA01208DF80000F0B28DF80100AE
:10DD900001948DF80C70E8B28DF8080000208DF821
:10DDA00009008DF80A008DF80B808DF80D908DF824
:10DDB0000EA08DF80FB06846F6F7E6F90420F6F7E6
:10DDC00027FA002004B0BDE8F09F000010B586B02F
:10DDD000002400BF00BF1648006840F0020014494C
:10DDE00008600846006800F00200009000BF00BF15
:10DDF00000BF4FF48050019000200290012003905A
:10DE00000320049001A90B48F5F740FEFBF72CFF17
:10DE1000FBF7EAFF4020FBF7B1FFFCF72BF80446C5
:10DE2000FCF708F8FF2000F02BF8204606B010BDE4
:10DE3000E04402580004025810B50024FBF7D4FF58
:10DE40004120FBF79BFFFCF715F80020FBF768FF6C
:10DE50000446FBF7EFFF204610BD70B504460E46A2
:10DE6000FFF7EAFF05461EB90120A040854303E005
:10DE70000120A0402843C5B2284600F001F870BD3B
:10DE800010B50446FBF7B0FF4020FBF777FFFBF728
:10DE9000F1FF2046FBF772FFFBF7ECFFFBF7CAFF31
:10DEA0000A20FBF7DFFD10BD00B587B018481949FF
:10DEB0000860002048600121164881600821C16087
:10DEC00010210161402141614FF4C0718161002145
:10DED000C1614FF400610162490041624900816201
:10DEE0000220009008200190072002900390022059
:10DEF00004900590069069460648F8F7FDF800F092
:10DF00000BF840F247310348F8F7ACF907B000BD11
:10DF100040410052E401002410B5002400230122F6
:10DF20001146184600F01AF84FF4FA70FBF7B4FDEA
:10DF3000002301220221184600F010F800230822D5
:10DF40000321184600F00AF84FF40C74234601220E
:10DF50000421002000F002F810BD00002DE9FF416F
:10DF600004460D4616461F464FF0000814B94FF000
:10DF7000100803E0012C01D14FF008080095CDF8FE
:10DF80000480029603974FF4805269460448F8F7DC
:10DF900084F918B9002004B0BDE8F0810120FAE747
:10DFA000E40100240EB54FF478401DA12022134651
:10DFB000CDE900210290DC220A210846FFF73CFA55
:10DFC0004FF4784018A118221346CDE900210290A1
:10DFD000DC222F210A20FFF72FFA4FF4784015A1F9
:10DFE00010221346CDE900210290DC224C210A20A8
:10DFF000FFF722FA13A0F2F741FA13A0F2F73EFA64
:10E000001AA0F2F73BFA1BA0F2F738FA1DA0F2F7BC
:10E0100035FA0DA0F2F732FA13A0F2F72FFA0EBD7F
:10E0200053544D333200000041544B2D4D4335368F
:10E030003430000041544F4D40414C49454E544509
:10E040004B0000000A0000002A2A2A2A2A2A2A2A2B
:10E050002A2A2A2A2A2A2A2A2A2A2A2A2A2A2A2A20
:10E060002A2A2A2A2A2A2A2A0D0A000053544D3322
:10E07000320D0A0041544B2D4D43353634300D0AD4
:10E080000000000041544F4D40414C49454E54451D
:10E090004B0D0A0010B500BF4C48006800F400307A
:10E0A00000B139E000BF00BF00BFBFF34F8F00BF1A
:10E0B00000BF00BF00BF00BF00BFBFF36F8F00BF36
:10E0C00000BF00BF00204249086000BF00BF00BF82
:10E0D000BFF34F8F00BF00BF00BF00BF00BF00BF36
:10E0E000BFF36F8F00BF00BF00BF3848006840F427
:10E0F00000303649086000BF00BF00BFBFF34F8F3C
:10E1000000BF00BF00BF00BF00BF00BFBFF36F8FE5
:10E1100000BF00BF00BF00BF00BF2C4B1B6803F453
:10E12000803303B148E00023284C7034236000BFE3
:10E1300000BF00BFBFF34F8F00BF00BF00BF231F52
:10E140001868C0F34E3100BFC0F3C90200BF43F6E8
:10E15000E07303EA41134FF0404404EA827423431E
:10E160001B4C1034236000BF00BF131EA2F101023C
:10E17000EDD10B1EA1F10101E6D100BF00BF00BF30
:10E18000BFF34F8F00BF00BF00BF104B1B6843F4AD
:10E1900080330E4C236000BF00BF00BFBFF34F8F22
:10E1A00000BF00BF00BF00BF00BF00BFBFF36F8F45
:10E1B00000BF00BF00BF00BF05484C30006840F002
:10E1C000040003494C31086010BD000014ED00E06C
:10E1D00050EF00E02DE9F0419CB080460C4615461A
:10E1E0001E4600274048006820F004003E490860B1
:10E1F00000BF002000903D48006820F001003B492E
:10E2000008600846006800F00100009036480C30B5
:10E21000006840F4404034490C310860084600680A
:10E2200000F44040009000BF00BF00BF2E480C30FB
:10E23000006800F40050B0F5005FF7D12120019094
:10E240004FF4803002900020049008900120079045
:10E2500002200A9002210B91CDF834800C940E9587
:10E260000F9600211291082111910021139101A80C
:10E27000F7F742FB07461FB101201CB0BDE8F08153
:10E280003F2014900320159000201690082017902E
:10E290004020199000011A90402018901B900421F2
:10E2A00014A8F7F739F807460FB10120E5E7F6F7AC
:10E2B00035F80F48006840F080000D49086000BF45
:10E2C0000B48F430006840F002000949F43108605E
:10E2D0000846006800F00200009000BF00BFF5F79C
:10E2E000CBFB0020C9E700000C4802582C04005862
:10E2F0000044025810B5044609480A490860084617
:10E30000446000218160C160016181610C21416133
:10E31000F8F7D6FA012204490248F8F76DFB10BD60
:10E3200000100140F8000024120000244FF040705B
:10E33000E1EE100A70470000000001020304010230
:10E34000030406070809000610160006101601004F
:10E3500002000400060008000A000C001000200063
:10E3600040008000000100000000000000000000EC
:10E370000000000000003F4000000000000000001E
:10E380003000400030004000000009000BC03D009C
:10E390000BC03D00090018C024407FE022403180BE
:10E3A0000000180024C01B000D8032400180038053
:10E3B0001C4027401C800740004010006000000007
:10E3C0000000000000000000000000001F8020404E
:10E3D00040200000402020401F8000000000090075
:10E3E00006001F80060009000000040004003F80B2
:10E3F00004000400000000100060000000000000A5
:10E4000000000400040004000400040000000000F8
:10E4100000400000000000000000002001C00600D5
:10E420003800400000001F802040204020401F8016
:10E430000000000010403FC000400000000018C075
:10E4400021402240244018400000108020402440F9
:10E4500024401B80000002000D0011003FC001405D
:10E4600000003C80244024402440238000001F8082
:10E47000244024403440038000003000200027C0A6
:10E480003800200000001B802440244024401B80D2
:10E4900000001C0022C0224022401F80000000001B
:10E4A00000000840000000000000000000000460C0
:10E4B000000000000000000004000A00110020809D
:10E4C000404009000900090009000900000000009F
:10E4D0004040208011000A00040018002000234062
:10E4E0002400180000001F802040274029401F40C2
:10E4F0000000004007C039000F0001C0004020406C
:10E500003FC0244024401B8000001F80204020404A
:10E5100020403080000020403FC0204020401F802D
:10E52000000020403FC024402E4030C0000020406A
:10E530003FC024402E00300000000F00108020401B
:10E5400022403380020020403FC0040004003FC04E
:10E550002040204020403FC020402040000000607C
:10E56000202020203FC02000200020403FC0244029
:10E570000B0030C0204020403FC020400040004001
:10E5800000C03FC03C0003C03C003FC00000204032
:10E590003FC00C4023003FC020001F80204020408F
:10E5A00020401F80000020403FC02440240018006D
:10E5B00000001F802140214020E01FA000002040DB
:10E5C0003FC02440260019C0004018C02440244009
:10E5D000224031800000300020403FC02040300009
:10E5E000000020003F80004000403F8020002000CD
:10E5F0003E0001C0070038002000380007C03C0082
:10E6000007C038000000204039C0060039C0204053
:10E6100000002000384007C0384020000000304093
:10E6200021C02640384020C00000000000007FE0EC
:10E63000402040200000000070000C0003800040DB
:10E6400000000000402040207FE0000000000000AB
:10E65000200040002000000000000010001000100A
:10E66000001000100010000000004000000000003A
:10E670000000000002800540054003C0004020006B
:10E680003FC00440044003800000000003800440B9
:10E6900004400640000000000380044024403FC0C6
:10E6A00000400000038005400540034000000000DA
:10E6B00004401FC0244024402000000002E0055018
:10E6C00005500650042020403FC00440040003C011
:10E6D00000400000044027C000400000000000107F
:10E6E0000010041027E00000000020403FC001405F
:10E6F000070004C00440204020403FC000400040CC
:10E70000000007C0040007C0040003C0000004406C
:10E7100007C00440040003C0004000000380044020
:10E72000044003800000041007F0045004400380FC
:10E730000000000003800440045007F00010044073
:10E7400007C002400400040000000000064005402D
:10E75000054004C00000000004001F800440004089
:10E760000000040007800040044007C0004004008F
:10E77000070004C0018006000400060001C0070075
:10E7800001C006000000044006C0010006C00440AD
:10E7900000000410071004E00180060004000000DF
:10E7A000044005C0064004400000000000000400D2
:10E7B0007BE040200000000000000000FFF00000AF
:10E7C0000000000040207BE004000000000040004A
:10E7D00080004000200020004000000000000000F9
:10E7E0000000000000000000000000000000000029
:10E7F0001FCC000C000000000000000008003000EA
:10E8000060000800300060000000022003FC1E20B1
:10E81000022003FC1E200220000000000E1811043C
:10E820003FFF10840C78000000000F0010840F38A8
:10E8300000C0077818840078000000780F8410C4A6
:10E8400011240E9800E4008400080800680070009D
:10E8500000000000000000000000000000000000B8
:10E8600007E01818200440020000000040022004C5
:10E87000181807E00000000000000240024001807C
:10E880000FF0018002400240000000800080008004
:10E890000FF800800080008000000001000D000ED5
:10E8A0000000000000000000000000000080008068
:10E8B000008000800080008000800000000C000CC0
:10E8C000000000000000000000000000000600182A
:10E8D00000600180060018002000000007F0080812
:10E8E00010041004080807F00000000008040804E1
:10E8F0001FFC000400040000000000000E0C1014B7
:10E900001024104411840E0C000000000C18100498
:10E910001104110412880C700000000000E00320B4
:10E92000042408241FFC0024000000001F98108409
:10E9300011041104108810700000000007F008880E
:10E940001104110418880070000000001C00100061
:10E9500010FC13001C001000000000000E381144D1
:10E960001084108411440E38000000000700088C49
:10E9700010441044088807F0000000000000000068
:10E98000030C030C00000000000000000000000168
:10E9900001060000000000000000000000800140AF
:10E9A00002200410080810040000022002200220A7
:10E9B00002200220022002200000000010040808AB
:10E9C0000410022001400080000000000E00120030
:10E9D000100C106C10800F00000003E00C1813E402
:10E9E000142417C4082807D000000004003C03C406
:10E9F0001C40074000E4001C000410041FFC11042C
:10EA0000110411040E880070000003E00C181004BB
:10EA10001004100410081C10000010041FFC100447
:10EA200010041004080807F0000010041FFC110473
:10EA3000110417C410040818000010041FFC11046E
:10EA4000110017C010000800000003E00C181004AB
:10EA5000100410441C780040000010041FFC1084B7
:10EA60000080008010841FFC1004000010041004BB
:10EA70001FFC10041004000000000003000110013E
:10EA800010011FFE10001000000010041FFC1104F4
:10EA900003801464181C1004000010041FFC1004F0
:10EAA000000400040004000C000010041FFC1F0000
:10EAB00000FC1F001FFC1004000010041FFC0C04CD
:10EAC000030000E010181FFC100007F008081004F5
:10EAD00010041004080807F0000010041FFC108444
:10EAE0001080108010800F00000007F0081810241C
:10EAF0001024101C080A07F2000010041FFC110467
:10EB0000110011C011300E0C000400000E1C110485
:10EB10001084108410441C380000180010001004E9
:10EB20001FFC100410001800000010001FF8100453
:10EB30000004000410041FF8100010001E0011E073
:10EB4000001C007013801C0010001FC0103C00E06F
:10EB50001F0000E0103C1FC000001004180C163409
:10EB600001C001C01634180C100410001C0013045E
:10EB700000FC13041C00100000000804101C1064AA
:10EB8000108413041C041018000000000000000092
:10EB90007FFE4002400240020000000030000C00F6
:10EBA00003800060001C00030000000040024002DF
:10EBB00040027FFE00000000000000000000200076
:10EBC0004000400040002000000000010001000162
:10EBD00000010001000100010001000040004000B0
:10EBE0002000000000000000000000000098012448
:10EBF00001440144014400FC000410001FFC008893
:10EC0000010401040088007000000000007000880A
:10EC10000104010401040088000000000070008865
:10EC20000104010411081FFC0004000000F8014465
:10EC300001440144014400C8000000000104010433
:10EC40000FFC1104110411001800000000D6012966
:10EC50000129012901C90106000010041FFC0084DC
:10EC600001000100010400FC00040000010419047B
:10EC700019FC000400040000000000000003000173
:10EC80000101190119FE0000000010041FFC0024FE
:10EC9000004001B4010C0104000000001004100445
:10ECA0001FFC0004000400000000010401FC01043A
:10ECB000010001FC0104010000FC010401FC0084CE
:10ECC00001000100010400FC0004000000F8010440
:10ECD00001040104010400F80000010101FF0085A6
:10ECE000010401040088007000000000007000882A
:10ECF00001040104010501FF00010104010401FCFC
:10ED000000840104010001800000000000CC012407
:10ED100001240124012401980000000001000100E9
:10ED200007F80104010400000000010001F80004DC
:10ED300000040004010801FC0004010001800170CE
:10ED4000000C001001600180010001F0010C003096
:10ED500001C00030010C01F0010000000104018C31
:10ED600000740170018C0104000001010181017136
:10ED7000000E001801600180010000000184010CF8
:10ED8000013401440184010C000000000000000077
:10ED9000000001003EFC40024002000000000000B4
:10EDA0000000FFFF000000000000000040024002E1
:10EDB0003EFC010000000000000000006000800038
:10EDC0008000400040002000200000000000000003
:10EDD0000000000000000000000000000000000033
:10EDE0000000000000000000000000000000000023
:10EDF000000000000000000000000000000F80384C
:10EE00000FFE380F803800000000000000000000F6
:10EE100000000000000000000100000600000C00DF
:10EE2000003800003100000600000C00003800002F
:10EE30003000000000000000000061800067F8075B
:10EE4000F98000618000618000618000618000675E
:10EE5000F807F98000618000000000000000000059
:10EE600001C0E003E0F00630080418081FFFFE04AC
:10EE70000E080787F00381E000000000000001F0A9
:10EE800000060C00040408060C7001F9C0000E0016
:10EE9000003BE000EC18070808040C180003E00031
:10EEA00000000001E00007F003F818041C08041734
:10EEB0000807E1D003C0E00023B0003C08002008B0
:10EEC00000001000000000000001000031000032CE
:10EED00000001C0000000000000000000000000016
:10EEE0000000000000000000000000000000000022
:10EEF000000000000000000000007F0001FFC007CC
:10EF000080F00C0018100004200002000000000037
:10EF1000002000021000040C00180780F001FFC060
:10EF2000007F000000000000000000000000000062
:10EF30000000000000004200006600006600003C87
:10EF40000000180003FFC0001800003C000066002D
:10EF500000660000420000000000080000080000F9
:10EF6000080000080000080001FFC00008000008B9
:10EF70000000080000080000080000000000000178
:10EF800000003100003200001C0000000000000002
:10EF90000000000000000000000000000000000071
:10EFA0000000080000080000080000080000080039
:10EFB0000008000008000008000008000008000029
:10EFC00000000000000000000000380000380000D1
:10EFD00038000000000000000000000000000000F9
:10EFE00000000000000000000000000600001C00FF
:10EFF0000070000180000E0000380000C000070013
:10F00000001C0000300000000000000000007F80B5
:10F0100001FFE003807006001804000804000806E1
:10F02000001803807001FFE0007F800000000000F6
:10F030000000000001000801000801000803FFF8BB
:10F0400007FFF800000800000800000800000000AA
:10F05000000000000001C03802C0580400980401FC
:10F0600018040218040418061C1803F81801E0F824
:10F0700000000000000000000001C0E003C0F00438
:10F08000000804080804080806180803F41801E733
:10F09000F00001E00000000000000000000003009C
:10F0A000000D000011000061000081080301080745
:10F0B000FFF80FFFF8000108000108000000000041
:10F0C000000000E007FCD00608080610080610083B
:10F0D000061008061838060FF00607C000000000EA
:10F0E0000000000000003F8001FFE00384300208C0
:10F0F00018041008041008041008071810030FF073
:10F100000007C000000000000000000003C000076E
:10F1100000000600000600F80607F806180006E0E2
:10F120000007000006000000000000000001E1E010
:10F1300003F7F0063410041808041808040C080437
:10F140000C0806161803F3F001C1E00000000000EF
:10F150000000F80003FC300306380402080402082B
:10F160000402080404100308F001FFC0007F00003F
:10F17000000000000000000000000000000000008F
:10F180000000703800703800703800000000000087
:10F19000000000000000000000000000000000006F
:10F1A000000000000000301A00301C0000000000C9
:10F1B000000000000000000000000000000000004F
:10F1C00000080000140000220000410000808001BF
:10F1D00000400200200400100800080000000000A9
:10F1E000000021000021000021000021000021007A
:10F1F000002100002100002100002100002100006A
:10F2000000000000000000000800080400100200D8
:10F210002001004000808000410000220000140016
:10F2200000080000000000000003C00004C000044B
:10F230000000080038080F380808380810000C30A3
:10F240000007E00003C000000000000000003F8055
:10F2500000FFE0038070020F1006708804C088046D
:10F260008308047F8802C09003012000FE40000054
:10F27000080000180001F8003E0801C20007020063
:10F2800007E20000FE00001FC80001F8000038007F
:10F29000000804000807FFF807FFF804080804083E
:10F2A0000804080804080806180803F41801E7F021
:10F2B0000001E0000000000000003F8001FFE003CB
:10F2C000807002001804000804000804000804000C
:10F2D000100600200780C000000004000807FFF8A7
:10F2E00007FFF804000804000804000804001802DE
:10F2F000001003807001FFE0007F80000000040028
:10F300000807FFF807FFF8040808040808040808BD
:10F31000040808043E080400080600180100600004
:10F32000000004000807FFF807FFF80408080408B5
:10F3300000040800040800043E0006000006000067
:10F34000018000000000000000003F8001FFE0039A
:10F350008070060018040008040208040208020372
:10F36000F00783F000020000020004000807FFF825
:10F3700007FFF80408080008000008000008000063
:10F38000080004080807FFF807FFF8040008000059
:10F390000000000004000804000804000807FFF84B
:10F3A00007FFF8040008040008040008000000003B
:10F3B000000000000000000600000700000104003B
:10F3C0000104000104000307FFFE07FFFC04000026
:10F3D00004000004000004000807FFF807FFF80419
:10F3E0000C08001800003E0004C7800503C8060092
:10F3F000F804003804001800000804000807FFF8AB
:10F4000007FFF804000800000800000800000800DA
:10F410000008000008000018000060000000040060
:10F420000807FFF807800807FC00007FC00003F80A
:10F430000007C000780007800807FFF807FFF804FE
:10F44000000804000807FFF807000803C00000E0F8
:10F4500000003800001E000007000001C00400F09A
:10F4600007FFF8040000000000007F8001FFE003B8
:10F470008070060018040008040008060018030045
:10F480003001FFE0007F8000000004000807FFF863
:10F4900007FFF80404080404000404000404000442
:10F4A0000400060C0003F80001F00000000000005A
:10F4B00000007F8001FFE003807006008804008860
:10F4C0000400C806003C03003E01FFE6007F840004
:10F4D000000004000807FFF807FFF8040808040804
:10F4E00000040C00040F00040BC00610F003F038F9
:10F4F00001E00800000800000001E0F803F0300619
:10F500003010041808041808040C08040C0802063B
:10F51000180207F00781E0000000018000060000EB
:10F5200004000004000004000807FFF807FFF804C7
:10F530000008040000040000060000018000040030
:10F540000007FFE007FFF0040018000008000008B3
:10F5500000000800000800000804001007FFE00495
:10F56000000004000006000007E00007FE00041F82
:10F57000E00001F80000380001E0043E0007C00090
:10F5800006000004000004000007E00007FFC004BC
:10F590001FF80007C007F80007FF80043FF80007C6
:10F5A000C004F80007000004000000000004000888
:10F5B00006001807C07805F1C8003E00001F80044F
:10F5C00063E80780F8060018040008000000040043
:10F5D0000006000007800007E008047C08001FF810
:10F5E0000007F800180804E00807000006000004FF
:10F5F00000000000000100080600380400F80403C1
:10F60000E8040F08047C0805F00807C00807001884
:10F610000400600000000000000000000000000086
:10F6200000000000003FFFFE20000220000220003A
:10F630000220000220000200000000000000000084
:10F6400008000007000000C00000380000060000AD
:10F6500001C000003000000E0000010000000000AA
:10F660000000000020000220000220000220000212
:10F670002000023FFFFE000000000000000000002C
:10F680000000000000000000000000080000100062
:10F6900000300000200000300000100000080000D2
:10F6A0000000000000000000010000010000010057
:10F6B0000001000001000001000001000001000045
:10F6C0000100000100000100000100000000000036
:10F6D00000000020000020000010000010000000CA
:10F6E000000000000000000000000000000000001A
:10F6F000000000F00019F8001B180022080026087E
:10F70000002408002410003FF8001FF80000080043
:10F71000001800000004000007FFF80FFFF00018B9
:10F7200018001008002008002008003018001FF002
:10F73000000FC00000000000000007C0001FF00024
:10F740001830002008002008002008003C08001C99
:10F75000100000600000000000000000000007C072
:10F76000001FF000381800200800200800200804BE
:10F77000101007FFF80FFFF000001000000000005D
:10F78000000000000007C0001FF000123000221827
:10F79000002208002208003208001E10000E20007F
:10F7A000000000000000200000200800200801FFE9
:10F7B000F803FFF8062008042008042008072000AA
:10F7C00003000000000000000000000E000E6E00AC
:10F7D0001FF30031B10020B10020B1003191001FB2
:10F7E00013002E1E00200E00300000000004000850
:10F7F00007FFF80FFFF800100800200000200000AD
:10F800002008003FF8001FF800000800000000007A
:10F8100000000000002008002008002008063FF833
:10F82000063FF80000080000080000080000000083
:10F8300000000000000000000000030000030020A2
:10F8400001002001002003063FFE063FFC000000EF
:10F8500000000000000000000004000807FFF80F8F
:10F86000FFF8000188000300002FC00038F80020D6
:10F870003800200800000800000000000000000020
:10F8800004000804000804000807FFF80FFFF80050
:10F890000008000008000008000000000000002030
:10F8A00008003FF8003FF8001008002000003FF873
:10F8B000003FF8001008002000003FF8003FF8006B
:10F8C0000008000000002008003FF8003FF800108A
:10F8D00008001000002000002008003FF8001FF87A
:10F8E0000000080000000000000007C0000FF0004A
:10F8F00018300030080020080020080030080018E8
:10F9000030000FF00007C0000000000000002001E0
:10F91000003FFF003FFF00101100200900200800F9
:10F920002008003038001FF0000FC0000000000069
:10F93000000007C0001FF000381800200800200851
:10F94000002009001011001FFF003FFF0000010010
:10F950000000002008002008002008003FF8003FB9
:10F96000F8000808001008002008002000003000FF
:10F97000003000000000000000000000000C7800D3
:10F980001E180033080023080021080021880021E8
:10F99000980030F0003860000000000000002000F7
:10F9A00000200000200000FFF003FFF80020080006
:10F9B00020080020080000300000000000000000C7
:10F9C00000002000003FF0007FF800001800000851
:10F9D000000008002010003FF8007FF00000100039
:10F9E0000000000000002000003000003C00003F4C
:10F9F000800023F0000078000070002380003C00AD
:10FA0000003000002000002000003C00003FE0002B
:10FA100023F80000E0002700003E00003FE0002146
:10FA2000F80001E0003E0000200000000000200877
:10FA3000002008003838003E680027800003C80016
:10FA40002CF80038380020180020080000000000C2
:10FA500000002000003003003C01003F830023EC45
:10FA6000000070002380003C000020000020000007
:10FA700000000000000000000038080020380020CE
:10FA8000F80023E8002F88003E08003808002018FE
:10FA900000007000000000000000000000000000F6
:10FAA00000000000000008000014001FF7FC3000F8
:10FAB000062000020000000000000000000000001E
:10FAC000000000000000000000000000FFFFFF0039
:10FAD0000000000000000000000000000000000026
:10FAE000000000002000023000061FF7FC00140098
:10FAF00000080000000000000000000000000000FE
:10FB000000000000001800006000004000004000FD
:10FB100000200000100000080000040000040000A5
:10FB20000C000010000000000000000000000000B9
:10FB300000000000000000000000000000000000C5
:10FB400000000000000000000000000000000000B5
:10FB500000000000000000000000000000000000A5
:10FB60000000000000000000000000000000000095
:10FB7000000000000000000000000000000007F08E
:10FB800000C007FFE1E007F001E0000000C0000056
:10FB90000000000000000000000000000000000065
:10FBA0000000000000000000000000000000002035
:10FBB000000001C00000078000001F0000001E00C0
:10FBC00000001C20000001C00000078000001F0092
:10FBD00000001E0000001C000000000000000000EB
:10FBE0000000000000000000000000180C000018D9
:10FBF0000C0000180FE0001FFC0003F80C000018B8
:10FC00000C0000180C0000180C0000180C00001864
:10FC10000FE0001FFC0003F80C0000180C00001897
:10FC20000C000000000000000000000000000000C8
:10FC30000780007807C000FC0640010E0020030783
:10FC40000020020380200FFFFFFC0201C020020001
:10FC5000E0600130704001F03F8000F01F000000C4
:10FC600000000000000000FE000001FF0000030192
:10FC7000800002008060030181C001FF070000FED8
:10FC800018000000E0000003BF00000CFFC000717E
:10FC9000806001C10020030180600000FFC00000FF
:10FCA0003F000000000000001F0000007FC000FCBB
:10FCB000C0C001FF80600303E0200202782002063A
:10FCC0001E2003FC074001F00380000103C0000177
:10FCD0001C600001E0200001002000010040000045
:10FCE00001800000000000000000002000001C60F7
:10FCF00000001C4000001F8000000F0000000000FA
:10FD000000000000000000000000000000000000F3
:10FD100000000000000000000000000000000000E3
:10FD200000000000000000000000000000000000D3
:10FD300000000000000000000000000000000000C3
:10FD400000000007F800003FFF00007807C001C076
:10FD500000E0030000300400000808000004100068
:10FD60000002000000000000000010000002080077
:10FD70000004040000080300003001C000E0007827
:10FD800007C0003FFF000007F8000000000000006F
:10FD90000000000000000000000000000000000063
:10FDA0000000000000000000000000000000000C47
:10FDB0001800000E3800000E380000063000000366
:10FDC00060000061438000FFFF800061430000038A
:10FDD000600000063000000E3800000E3800000CF5
:10FDE00018000000000000000000000000000000FB
:10FDF0008000000080000000800000008000000003
:10FE0000800000008000007FFF00000080000000F4
:10FE100080000000800000008000000080000000E2
:10FE20008000000000000000000000000001000051
:10FE300000E3000000E2000000FC00000078000089
:10FE400000000000000000000000000000000000B2
:10FE500000000000000000000000000000000000A2
:10FE60000000000000000000000000008000000012
:10FE70008000000080000000800000008000000082
:10FE80008000000080000000800000008000000072
:10FE90008000000080000000800000008000000062
:10FEA00080000000000000000000000000000000D2
:10FEB00000C0000001E0000001E0000000C0000000
:10FEC0000000000000000000000000000000000032
:10FED0000000000000000000000000000000000022
:10FEE000000000000000000000000000000C000006
:10FEF0000038000000E00000038000000E00000059
:10FF000038000000E00000038000000E0000003810
:10FF1000000000E00000038000000E000000180058
:10FF20000000000000000000000000000000000FC2
:10FF3000F800007FFF0000F00780018000C0030090
:10FF400000600200002002000020020000200300E8
:10FF50000060018000C000E00380007FFF00000F10
:10FF6000F800000000000000000000000000000099
:10FF70000000008000200080002000800020008021
:10FF8000006001FFFFE003FFFFE0000000600000F1
:10FF90000020000000200000002000000000000001
:10FFA00000000000000000000000000000000078D9
:10FFB00000E000980160010002600200046002009D
:10FFC0000860020010600200206002004060030030
:10FFD00080600183006001FE00E0007C078000007B
:10FFE000000000000000000000000000000000F021
:10FFF000078001F007C0010000400200002002015C
:020000040801F1
:10000000002002010020020100200303802001865D
:10001000804001FCC0C000787F8000001E0000000E
:1000200000000000000000000000000008000000C8
:100030003800000048000001880000060800000C9D
:100040000810003008100040081001FFFFF003FF07
:10005000FFF003FFFFF00000081000000810000090
:100060000810000000000000000000000000000078
:100070000780001F864003E10020030200200304E4
:1000800000200304002003040020030400200306D2
:100090000040030301C00301FF8003007E00000055
:1000A0000000000000000000000000000000000749
:1000B000FC00003FFF000070C380008180C0010190
:1000C000006003020020020200200202002002025F
:1000D00000200203004001C180C000C0FF8000007A
:1000E0007E0000000000000000000000000000F0A2
:1000F000000003C0000003800000030000000300B4
:1001000007E003003FE00301C000030600000318FE
:1001100000000360000003800000030000000000F6
:100120000000000000000000000000001F00007838
:100130003F8000FC60C0018EC040030780200203A6
:10014000002002018020020180200201C020030162
:10015000E040018670C000FC3F8000781F00000076
:1001600000000000000000000000003F000000FF51
:1001700081C001C0C1C00100602002002020020037
:1001800020200200202002002060020040C0010068
:10019000C18000C18F00007FFE00001FF000000042
:1001A000000000000000000000000000000000004F
:1001B000000000000000000000000000000000033C
:1001C00000C0000781E0000781E0000300C00000DC
:1001D000000000000000000000000000000000001F
:1001E000000000000000000000000000000000000F
:1001F00000000000000000000000000000000006F9
:10020000006600060078000000000000000000000A
:1002100000000000000000000000000000000000DE
:1002200000000000000000000000000000000000CE
:1002300080000001C0000003600000063000000CD8
:10024000180000180C00003006000060030000C019
:1002500001800100004002000020040000100000A6
:100260000000000000000000000000041000000476
:10027000100000041000000410000004100000042E
:10028000100000041000000410000004100000041E
:10029000100000041000000410000004100000040E
:1002A000100000000000000000000000000004003A
:1002B0000010020000200100004000C0018000602A
:1002C00003000030060000180C00000C18000006A7
:1002D0003000000360000001C0000000800000004A
:1002E0000000000000000000000000000000007896
:1002F000000001F8000002380000020000000400C5
:1003000000C0040079E0040081E0040100C004039F
:100310000000020200000306000001FC000000F8DB
:1003200000000000000000000000000FF800003F87
:10033000FE000070078000C000C00101F840030704
:10034000FC20021E04200230082002203020023F40
:10035000FC20013F044001800CC000E03180001F00
:10036000C20000000000000000200000006000004B
:1003700003E000003E200003E020003E200003E0F8
:1003800020000380200007FC2000003FE000000365
:10039000FE2000003FE0000001E00000002000001F
:1003A0000020000000000000000002000020020009
:1003B000002003FFFFE003FFFFE002010020020135
:1003C000002002010020020100200201002003039E
:1003D00000200186806001FCC0C000F87F80000022
:1003E0001F0000000000000000000007F800003FB0
:1003F000FF000070078000C000C001000040030043
:100400000020020000200200002002000020020064
:10041000002001000040018000C003C001800030C6
:1004200006000000000000000000020000200200A2
:10043000002003FFFFE003FFFFE0020000200200B6
:1004400000200200002002000020030000600100E4
:100450000040018000C000F00780007FFE00000F18
:10046000F800000000000000000002000020020070
:10047000002003FFFFE003FFFFE002010020020174
:1004800000200201002002010020020100200203DE
:100490008020020FE0200300006003C000E0006045
:1004A0000300000000000000000002000020020025
:1004B000002003FFFFE003FFFFE002010020020134
:1004C0000020020100000201000002010000020100
:1004D000000002038000030FE0000300000003C0DF
:1004E000000000600000000000000007F800003F6E
:1004F000FE000070078001C001C001000040030041
:100500000020020000200200002002000020010064
:1005100020200100204003C03F8000303F800000C9
:10052000200000002000020000200200002003FF45
:10053000FFE003FFFFE002008020020080200000B7
:100540008000000080000000800002008020020087
:10055000802003FFFFE003FFFFE002000020020015
:10056000002000000000000000000000000000006B
:100570000000020000200200002002000020020013
:10058000002003FFFFE003FFFFE002000020020065
:1005900000200200002002000020000000000000F7
:1005A000000000000000000000000000000E00003D
:1005B000000F0000000F0000000102000001020017
:1005C0000001020000030200000603FFFFFC03FF1E
:1005D000FFF802000000020000000200000002001C
:1005E00000000000000000000000020000200200E7
:1005F000002003FFFFE003FFFFE00200C020020134
:10060000002000078000000FE0000030F8000260CA
:100610003E2003800F20030003E0020000E0020000
:100620000020000000200000000002000020020066
:10063000002003FFFFE003FFFFE0020000200200B4
:10064000002000000020000000200000002000002A
:1006500000200000002000000060000000E000001A
:10066000030000000000020000200200002003FF41
:10067000FFE003E0002003FF0020001FF000000166
:10068000FF8000000FE000001E000003E000003EBD
:10069000002003E0002003FFFFE003FFFFE0020073
:1006A000002002000020020000200200002003FFC2
:1006B000FFE00380002003F0002000FC0000001F8A
:1006C00000000007C0000001F00000007C000200F4
:1006D0001F80020007E003FFFFE0020000000200AD
:1006E00000000000000000000000000FF800003FC4
:1006F000FE0000F00780018000C001000040020001
:100700000020020000200200002002000020010062
:100710000040018000C000F00380003FFE00000F99
:10072000F8000000000000000000020000200200AD
:10073000002003FFFFE003FFFFE002008020020033
:100740008020020080000200800002008000020081
:100750008000030180000183000000FE0000007C97
:1007600000000000000000000000000FF800007F03
:10077000FF0000F00380018001C00100064002007C
:1007800004200200042002000620020003E0010011
:1007900000F80180005C00E0038C003FFF0C000FBC
:1007A000FC18000000000000000002000020020011
:1007B000002003FFFFE003FFFFE002010020020131
:1007C0000020020180000201E0000201FC0003039E
:1007D0003F80018607E001FC00E000F800200000F7
:1007E0000020000000000000000000000000007871
:1007F000060000FE01E0018600C003030040020382
:10080000002002018020020180200201C02002009D
:10081000C0200100E060018070C003E03F80000064
:100820001F000000000000000000006000000380C6
:10083000000003000000020000000200002002008F
:10084000002003FFFFE003FFFFE0020000200200A2
:10085000002002000000020000000380000000E011
:10086000000000000000020000000200000003FF82
:10087000FF0003FFFFC00200004002000060000014
:1008800000200000002000000020000000200200E6
:1008900000400200008003FFFF0002000000020091
:1008A0000000000000000000000002000000020044
:1008B000000003C0000003FC0000023FC000000372
:1008C000F80000007F80000007E0000007800000C3
:1008D00078000203C000023C000003C000000200D8
:1008E0000000020000000200000003C0000003FF3F
:1008F0008000023FFE0002007FE000000F000200C7
:10090000F00003EF000003FF8000020FFE00000074
:100910003FE000001F000207E00003F800000300B2
:1009200000000200000000000000020000200200A1
:100930000020038000E003F0032002FC0C20021FD3
:1009400030000007C0000007F00002187C000260C1
:100950001F20038003E0020000E0020000200000EE
:100960000020000000000000000002000000030062
:10097000000003C0000003F80000023E0020020F48
:10098000C0200001FFE000007FE000038020021C87
:10099000002002700000038000000200000002003E
:1009A00000000000000000000000000000200060C7
:1009B00000E0038003E003000FA002003E200200DD
:1009C000F8200203E020020F8020023E002002787F
:1009D000002003E00060038000E00200030000004C
:1009E0000000000000000000000000000000000007
:1009F00000000000000000000000000000001FFFD9
:100A0000FFFC10000004100000041000000410009F
:100A10000004100000041000000410000004000096
:100A200000000000000000000000000000000000C6
:100A300000000700000003C0000000780000001E56
:100A400000000003C0000000F00000001E000000D5
:100A50000780000000F00000003C000000060000DD
:100A60000000000000000000000000000000100076
:100A70000004100000041000000410000004100026
:100A8000000410000004100000041FFFFFFC000021
:100A90000000000000000000000000000000000056
:100AA0000000000000000000000000000000000046
:100AB0000000000000000200000004000000080028
:100AC00000001800000010000000180000001800CE
:100AD0000000040000000200000000000000000010
:100AE0000000000000000000000100000001000004
:100AF00000010000000100000001000000010000F2
:100B000000010000000100000001000000010000E1
:100B100000010000000100000001000000010000D1
:100B200000010000000100000000000000000000C3
:100B3000000010000000100000001000000018006D
:100B40000000080000000400000000000000000099
:100B50000000000000000000000000000000000095
:100B60000000000000000000000000000380000101
:100B70008FC000038C6000061820000410200004C1
:100B80001020000420200004204000062040000324
:100B9000FFC00001FFE00000002000000020000076
:100BA00000C0000000000000000002000000020081
:100BB000000003FFFFE007FFFFC0000180C000024C
:100BC0000060000200200004002000040020000457
:100BD000002000060040000300C00001FF8000006C
:100BE000FE00000000000000000000000000000007
:100BF0007E000001FF80000381C00002004000066B
:100C00000020000400200004002000040020000652
:100C100000200003C0400001C0800000030000006D
:100C200000000000000000000000000000000000C4
:100C30007E000001FF80000380C000060060000409
:100C400000200004002000040020020400400202F2
:100C5000008003FFFFE007FFFFC00000004000002E
:100C60000040000000000000000000000000000044
:100C70007E000001FF80000311C00002104000044C
:100C80001060000410200004102000041020000652
:100C90001020000310400001F0C0000071000000AF
:100CA0000000000000000000000000000000000440
:100CB0000000000400200004002000040020007F49
:100CC000FFE001FFFFE00104002003040020020414
:100CD000002002040020020400000200000001C005
:100CE000000001C000000000000000000000000043
:100CF000001C0000E33E0003FFC200020CC300041E
:100D000004C1000404C1000404C1000404C10006BD
:100D10000CC10003F8C30005F0620006007E000667
:100D2000003C000000000000000002000020020063
:100D3000002003FFFFE007FFFFE0000100200002AA
:100D40000020000600000004000000040000000471
:100D50000020000600200003FFE00001FFE000008B
:100D60000020000000200000000000000000000043
:100D70000000000400200004002000040020000403
:100D800000200387FFE0038FFFE0038000200000C6
:100D900000200000002000000020000000000000F3
:100DA0000000000000000000000000000000000043
:100DB0000000000000060000000700000001000025
:100DC000000100040001000400010004000300040D
:100DD00000060387FFFC038FFFF80380000000007C
:100DE00000000000000000000000020000200200DF
:100DF000002003FFFFE007FFFFE0000008200000E5
:100E00001020000030000000FC0000058E000007EC
:100E100007A0000601E0000400E00004002000003C
:100E200000200000000000000000000000000000A2
:100E3000000002000020020000200200002002004A
:100E4000002003FFFFE007FFFFE00000002000009C
:100E50000020000000200000002000000000000032
:100E60000000000000000000000000040020000757
:100E7000FFE0000FFFE0000200200004000000047B
:100E800000200007FFE00003FFE000020020000454
:100E90000000000400200007FFE00003FFE0000066
:100EA00000200000000000000000000400200004FA
:100EB00000200007FFE0000FFFE00001002000021B
:100EC00000200002000000040000000400000004F4
:100ED0000020000600200003FFE00001FFE000000A
:100EE00000200000002000000000000000000000C2
:100EF0007E000000FF80000381C000020040000669
:100F0000002000040020000400200004002000064F
:100F1000002000020040000381C00001FF800000AB
:100F20007E0000000000000000000004000100043A
:100F300000010007FFFF000FFFFF000100C10002DA
:100F400000410004002000040020000400200004F0
:100F5000002000060040000301C00001FF800000E7
:100F60007E00000000000000000000000000000003
:100F70007E000001FF80000380C0000200600004CA
:100F800000200004002000040020000400200002D3
:100F90000041000300C10003FFFF0007FFFF000046
:100FA0000001000000010000000000040020000417
:100FB00000200004002000040020000FFFE0000FCC
:100FC000FFE00000C0200001002000020020000619
:100FD00000200004000000040000000700000003DF
:100FE0000000000000000000000000000000000001
:100FF00003E00001C0E00003E040000630200004F0
:1010000030200004182000041820000418200004D8
:101010000C2000020C60000307C000078380000062
:1010200000000000000000000000000000000004BC
:1010300000000004000000040000000C0000001F7D
:10104000FF8000FFFFC000040060000400200004D7
:101050000020000400200004004000000180000087
:101060000000000000000000000000040000000478
:1010700000000007FF80000FFFC0000000600000BC
:1010800000200000002000000020000000200004DC
:101090000040000400800007FFE0000FFFC00000D8
:1010A00000400000004000000000000400000004B8
:1010B0000000000780000007F0000004FE000004AC
:1010C0001FC0000003E00000038000001C000004BB
:1010D000600000078000000600000004000000001F
:1010E00000000000000000040000000600000007EF
:1010F000C0000007FC0000043F80000003E0000483
:101100000F800006F0000007F0000007FF800004D9
:101110000FE00000038000043C000007C000000650
:101120000000000400000000000000000020000497
:10113000002000040060000700E000078320000793
:10114000E6000004F80000003C0000045E200005FA
:1011500087A0000601E000040060000400200000F9
:101160000020000000000000000000040000000457
:101170000003000700030007E0010004F801000479
:101180001F02000007FC000000E000000700000450
:1011900038000007C0000006000000040000000442
:1011A0000000000000000000000000000000000738
:1011B0008060000600E0000403E0000407A00004D3
:1011C0000E2000043C20000470200005E0200007F1
:1011D000802000070060000400E0000003800000A1
:1011E00000000000000000000000000000000000FF
:1011F00000000000000000000000000000000000EF
:10120000000000008000000080000001400007FE98
:101210003FF8080000041000000210000002000067
:1012200000000000000000000000000000000000BE
:1012300000000000000000000000000000000000AE
:10124000000000000000FFFFFFFF000000000000A2
:10125000000000000000000000000000000000008E
:10126000000000000000000000000000000010006E
:101270000002100000020800000407FE3FF8000111
:10128000400000008000000080000000000000001E
:10129000000000000000000000000000000000004E
:1012A00000000000000000000000180000003000F6
:1012B000000040000000400000004000000020004E
:1012C00000003000000008000000040000000200E0
:1012D000000002000000020000000C0000001800E6
:1012E0000000000000000830420003310300173006
:1012F000FF001830FF0034301A0037301300083177
:1013000001003036360031360E003236E200333618
:1013100012002136E0000437A00003375A001537C9
:101320007800173701000B37600005371A000539C0
:1013300002000639100001390A0031371200003668
:101340000800013633002D306000203652001B3774
:1013500020001C475000133A4300183A0000193A85
:10136000F800353613003636030034364000223696
:101370000100013C3400043C2800053C9800063C78
:101380000000073C0800083C0000093C1C000A3C27
:101390009C000B3C4000103800001138100012383F
:1013A0000000083764000140020005401A000030C8
:1013B00000000430FF000E3058002E3000000043C3
:1013C00030001F5000000E4400000050A7000F3AEC
:1013D0003000103A28001B3A30001E3A2600113A1D
:1013E00060001F3A140000582300015814000258EE
:1013F0000F0003580F000458120005582600065825
:101400000C000758080008580500095805000A583C
:1014100008000B580D000C5808000D5803000E581A
:1014200000000F580000105803001158090012580E
:1014300007001358030014580000155801001658EF
:1014400003001758080018580D00195808001A58BA
:1014500005001B5806001C5808001D580E001E5899
:1014600029001F5817002058110021581100225838
:1014700015002358280024584600255826002658D1
:1014800008002758260028586400295826002A58A2
:1014900024002B5822002C5824002D5824002E58AC
:1014A00006002F5822003058400031584200325870
:1014B000240033582600345824003558220036586A
:1014C00022003758260038584400395824003A582A
:1014D00026003B5828003C5842003D58CE00805121
:1014E000FF008151F20082510000835114008451A9
:1014F0002500855124008651090087510900885133
:101500000900895175008A5154008B51E0008C51BB
:10151000B2008D5142008E513D008F5156009051C6
:1015200046009151F800925104009351700094517B
:10153000F0009551F0009651030097510100985129
:101540000400995112009A5104009B5100009C51D3
:1015500006009D5182009E51380080540100815444
:101560000800825414008354280084545100855488
:1015700065008654710087547D0088548700895423
:1015800091008A549A008B54AA008C54B8008D5450
:10159000CD008E54DD008F54EA0090541D0081531D
:1015A0001E0082535B008353080084530A00855356
:1015B0007E008653880087537C0088536C008953D3
:1015C00010008A5301008B53980080550600835504
:1015D000400084551000895510008A5500008B5535
:1015E000F8001D5040000053080001533000025322
:1015F0001000035300000453080005533000065345
:10160000080007531600095308000A5330000B5313
:1016100004000C530600255000000830020040472B
:10162000210000436F001F5001003530410036306B
:101630006900073C070020384600213800001438B4
:101640003100153831000038000001380000023840
:1016500000000338000004380A0005383F0006384F
:1016600006000738A90008380500093800000A38C4
:1016700002000B38D0000C3805000D38F8000E3889
:1016800003000F38840013380400183600001236A7
:101690002900093752000C370300023A0200033ACE
:1016A000E000143A0200153AE00004400200023063
:1016B0001C000630C30013470300074404000B4618
:1016C00037000C462000374816002438040001502B
:1016D000A30003350000004330001F5000003530E8
:1016E000210036306900073C0700203846002138C9
:1016F000200014381100153811000038000001389E
:101700000000023800000338000004380A000538E1
:101710003F000638070007389F00083802000938E4
:1017200080000A3801000B38E0000C380B000D383F
:101730001C000E3807000F38B000133804001836AC
:10174000040012362B00093712000C370000044049
:101750000600023000000630FF0013470300074474
:1017600001000B4635000C4622003748160024388D
:1017700002000150A30003350000020FD6020A390F
:10178000C201222200020FB2E51F7072F51ED2358F
:10179000FFEF25E0244EF8E4F608F60FBF34F29090
:1017A0000E93E493FFE54BC39F50047F0580027FB7
:1017B000FB78BDA607120F0440047F0380027F3030
:1017C00078BCA607E618F608E678B9F678BCE6789D
:1017D000BAF678BF7633E408F678B87601754A022F
:1017E00078B6F608F674FF78C1F608F6751F01782A
:1017F000BCE675F005A4F54B120AFFC2372278B893
:10180000E6D3940040021622E51FB40523E4F51F39
:10181000C20178B6E6FE08E6FF784EA60608A607DF
:10182000A237E433F53C903028F0751E10D23522F3
:10183000E54B75F0058478BCF6900E8CE493FF259B
:10184000E0240AF8E6FC08E6FD78BCE625E0244E34
:10185000F8A60408A605EF120F0BD378B796EE187A
:1018600096400D78BCE678B9F678B6A60608A607C5
:10187000900E8CE493120F0BC378C296EE1896501C
:101880000D78BCE678BAF678C1A60608A60778B641
:10189000E6FE08E6C378C296FFEE189678C3F6080F
:1018A000A607900E95E418120EE94002D23778BCD4
:1018B000E6082608F6E51F6401704AE6C378C01200
:1018C0000EDF4005120EDA4039120F0240047FFE8F
:1018D00080027F0278BDA60778B9E6240378BFF6B8
:1018E00078B9E624FD78C0F6120F02400678C0E60B
:1018F000FF800478BFE6FF78BEA607751F0278B8A0
:10190000760102024AE51F6402600302022A78BEE1
:10191000E6FFC378C0120EE04008120EDA50030250
:101920000228120F0240047FFF80027F0178BDA6CB
:101930000778B9E60478BFF678B9E61478C0F618E7
:10194000120F044004E6FF80027F0078BFA607D391
:1019500008E6648094804004E6FF80027F0078C03F
:10196000A607C318E6648094B35004E6FF80027FA4
:101970003378BFA607C308E6648094B35004E6FF3B
:1019800080027F3378C0A607120F02400678C0E6B7
:10199000FF800478BFE6FF78BEA607751F0378B8FE
:1019A00076018020E51F6403702678BEE6FFC378C9
:1019B000C0120EE04005120EDA400978B9E678BE92
:1019C000F6751F0478BEE675F005A4F54B020AFF14
:1019D000E51FB40410900E94E478C3120EE940029F
:1019E000D237751F05223001030204C03002030202
:1019F00004C09051A5E07893F6A3E008F6A3E008B0
:101A0000F6E51F703C751E20D235120C7A787EA642
:101A10000608A607788BA609187601120C5B784E8B
:101A2000A60608A607788BE6786EF6751F017893F0
:101A3000E67890F67894E67891F67895E67892F6DE
:101A4000227990E7D37893964005E796FF8008C304
:101A50007993E7789096FF7888760008A6077991C1
:101A6000E7D37894964005E796FF8008C37994E71A
:101A7000789196FF120C8E7992E7D378959640056F
:101A8000E796FF8008C37995E7789296FF120C8E4F
:101A9000120C5B788AE625E0244EF8A60608A60715
:101AA000788AE6246EF8A609788AE62401FFE433F2
:101AB000FED3EF940FEE6480948040047F00800595
:101AC000788AE604FF788AA607E51FB4010AE66073
:101AD000030204C0751F0222120C7A7880A6060841
:101AE000A607120C7A7882A60608A607786EE67812
:101AF0008CF6786EE6788DF67F01EF25E0244FF9BD
:101B0000C37881E69718E61997500A120C827880FC
:101B1000A60408A605746E2FF9788CE6C3975008C2
:101B2000746E2FF8E6788CF6EF25E0244FF9D37821
:101B300083E69718E61997400A120C827882A60469
:101B400008A605746E2FF9788DE6D3974008746E59
:101B50002FF8E6788DF60FEF6410709EC37981E759
:101B6000788396FF19E718967884F608A607C37954
:101B70008CE7788D9608F6D37981E7787F9619E718
:101B80001896400509E7088006C3797FE7788196B3
:101B9000FF19E71896FE7886A60608A607798CE74F
:101BA000D3788B964005E796FF8008C3798BE7785A
:101BB0008C96FF788FA607E51F64027069900E91DE
:101BC00093FF18E6C39F5072120C4A120C2F900E0E
:101BD0008E120C387880120C6B7B04120C1DC31211
:101BE00006455056900E92E493FF788FE69F400290
:101BF0008011900E90E493FFD37889E69F18E694C5
:101C0000004003751F05120C4A120C2F900E8F1204
:101C10000C38787E120C6B7B40120C1DD3120645DB
:101C20004018751F0522E51FB4050FD201C202E45A
:101C3000F51FF51ED235D233D23622EF8DF0A4A88F
:101C4000F0CF8CF0A428CE8DF0A42EFE22BC000B89
:101C5000BE0029EF8DF084FFADF022E4CCF875F0E2
:101C600008EF2FFFEE33FEEC33FCEE9DEC984005C1
:101C7000FCEE9DFE0FD5F0E9E4CEFD22EDF8F5F087
:101C8000EE8420D21CFEADF075F008EF2FFFED338F
:101C9000FD4007985006D5F0F222C398FD0FD5F00D
:101CA000EA22E88FF0A4CC8BF0A42CFCE98EF0A4FF
:101CB0002CFC8AF0EDA42CFCEA8EF0A4CDA8F08BCD
:101CC000F0A42DCC3825F0FDE98FF0A42CCD35F013
:101CD000FCEB8EF0A4FEA9F0EB8FF0A4CFC5F02EA4
:101CE000CD39FEE43CFCEAA42DCE35F0FDE43CFC0D
:101CF0002275F008758200EF2FFFEE33FECD33CD55
:101D0000CC33CCC58233C5829BED9AEC99E58298A1
:101D1000400CF582EE9BFEED9AFDEC99FC0FD5F0A0
:101D2000D6E4CEFBE4CDFAE4CCF9A88222B800C117
:101D3000B90059BA002DEC8BF084CFCECDFCE5F084
:101D4000CBF97818EF2FFFEE33FEED33FDEC33FCCB
:101D5000EB33FB10D703994004EB99FB0FD8E5E474
:101D6000F9FA227818EF2FFFEE33FEED33FDEC3356
:101D7000FCC933C910D7059BE99A4007EC9BFCE9E5
:101D80009AF90FD8E0E4C9FAE4CCFB2275F010EF21
:101D90002FFFEE33FEED33FDCC33CCC833C810D764
:101DA000079BEC9AE899400AED9BFDEC9AFCE899B8
:101DB000F80FD5F0DAE4CDFBE4CCFAE4C8F922EB75
:101DC0009FF5F0EA9E42F0E99D42F0E89C45F02242
:101DD000E8600FECC313FCED13FDEE13FEEF13FFF1
:101DE000D8F122E8600FEFC333FFEE33FEED33FD91
:101DF000EC33FCD8F122E493FC740193FD7402935C
:101E0000FE740393FF22E6FB08E6F908E6FA08E60B
:101E1000CBF822ECF608EDF608EEF608EFF622A471
:101E20002582F582E5F03583F58322D083D082F8D0
:101E3000E4937012740193700DA3A393F87401934B
:101E4000F5828883E4737402936860EFA3A3A38090
:101E5000DF9038047852120BFD903800E0FEA3E0CA
:101E6000FDEDFFC3120B9E903810120B92903806B6
:101E70007854120BFD903802E0FEA3E0FDEDFFC3A5
:101E8000120B9E903812120B92A3E0B431077852D5
:101E90007952120C13903814E0B471157852E6FEA2
:101EA00008E67802CEC313CE13D8F97953F7EE19AA
:101EB000F7903815E0B4310778547954120C139028
:101EC0003815E0B471157854E6FE08E67802CEC302
:101ED00013CE13D8F97955F7EE19F77952120BD9B9
:101EE00009120BD9AF47120BB2E544FB7A00FD7C17
:101EF000001204D3785AA60608A607AF45120BB203
:101F0000AD037C001204D37856A60608A607AF4896
:101F10007854120BB4E543FBFD7C001204D3785CCB
:101F2000A60608A607AF467E007854120BB6AD038E
:101F30007C001204D37858A60608A607C3785BE68F
:101F4000940818E6940050057600087608C3785D7A
:101F5000E6940818E6940050057600087608785A4A
:101F6000120BC6FFD37857E69F18E69E400E785AAC
:101F7000E613FE08E67857120C0880047E007F0006
:101F8000785E120BBEFFD37859E69F18E69E400E8E
:101F9000785CE613FE08E67859120C0880047E008F
:101FA0007F00E4FCFD7862120699785A120BC6781D
:101FB0005726FFEE1836FE7866120BBE785926FFBC
:101FC000EE1836FEE4FCFD786A120699120BCE7804
:101FD0006612068CD31206454008120BCE786612A4
:101FE00006997854120BD0786A12068CD3120645E3
:101FF000400A7854120BD0786A1206997861E690FC
:102000006001F07865E6A3F07869E6A3F07855E61C
:10201000A3F07D017861120BE92401120BA678650B
:10202000120BE92402120BA67869120BE9240312A1
:102030000BA6786D120BE92404120BA60DBD05D476
:10204000C20EC20622850841903024E0F53DA3E08F
:10205000F53EA3E0F53FA3E0F540A3E0F53CD23424
:10206000E5411206B1093103093504093B05093E72
:1020700006094107094A08095B12097318098919F9
:10208000095E1A096A1B09AD8009B2810A1D8F0A0F
:1020900009900A1D910A1D920A1D930A1D940A1D9A
:1020A000980A179F0A1AEC00000A38120F742212BD
:1020B0000F74D20322D20322C20322A237E433F5E3
:1020C0003C020A1DC201C202C203120D0D751E7030
:1020D000D235020A1D020A0485404A853C4B120A89
:1020E000FF020A1D854A40854B3C020A1DE4F52289
:1020F000F523854031853F30853E2F853D2E120FDB
:1021000046801F75220075230174FFF52DF52CF50F
:102110002BF52A120F46852D40852C3F852B3E85B9
:102120002A3DE4F53C8070120F16806B853D458595
:102130003E46E547C313FFE545C39F50028F45E583
:1021400048C313FFE546C39F50028F46E547C313BC
:10215000FFFDE5452DFDE433FCE544120F904005FD
:10216000E5449FF545E548C313FFFDE5462DFDE435
:1021700033FCE543120F904005E5439FF5461206F8
:10218000D78014854048853F47853E46853D45803C
:10219000060206D7120D7E903024E53DF0A3E53E01
:1021A000F0A3E53FF0A3E540F0A3E53CF090302339
:1021B000E4F022C0E0C083C082C0D0903F0CE0F5C4
:1021C00032E53230E374303666906019E0F50AA3E8
:1021D000E0F50B90601DE0F514A3E0F5159060218B
:1021E000E0F50CA3E0F50D906029E0F50EA3E0F515
:1021F0000F906031E0F510A3E0F511906039E0F543
:1022000012A3E0F513300106303303D38001C392EB
:1022100009300206303303D38001C3920A30330CF5
:10222000300309200206200103D38001C3920B90E2
:102230003001E04440F0E054BFF0E53230E11430CA
:102240003411903022E0F508E4F0300003D380012F
:10225000C39208E53230E5129056A1E0F50930311D
:1022600009300503D38001C3920D903F0CE532F095
:10227000D0D0D082D083D0E032900E7EE493FE7432
:102280000193FFC3900E7C7401939FFFE4939EFE25
:10229000E48F3B8E3AF539F538AB3BAA3AA939A819
:1022A00038AF4BFCFDFE120528120DE1E47BFFFA6E
:1022B000F9F81205B3120DE1900E69E4120DF61251
:1022C0000DE1E4854A37F536F535F534AF37AE36EE
:1022D000AD35AC34A3120DF68F378E368D358C3478
:1022E000E53B4537F53BE53A4536F53AE5394535C1
:1022F000F539E5384534F538E4F522F523853B31E9
:10230000853A3085392F85382E020F46E0A3E075D7
:10231000F002A4FFAEF0C308E69FF618E69EF62290
:10232000FFE5F034608F82F583ECF02278527E0076
:10233000E6FC08E6FD0204C1E4FCFD120699785CA7
:10234000E6C313FE08E613227852E6FE08E6FFE431
:10235000FCFD22E7C4F854F0C868F709E7C4540F3D
:1023600048F722E6FCED75F004A42212067C8F48A3
:102370008E478D468C4522E0FEA3E0FDEEF6ED088B
:10238000F62213FFC3E69FFF18E69EFE22E6C31364
:10239000F708E61309F722AD39AC38FAF9F8120557
:1023A000288F3B8E3A8D398C38AB37AA36A935A8A1
:1023B000342293FFE4FCFDFE1205288F378E368D04
:1023C000358C34227884E6FE08E6FFE48F378E36BB
:1023D000F535F53422900E8CE49325E0240AF8E6D6
:1023E000FE08E6FF22E6FE08E6FFE48F3B8E3AF5A4
:1023F00039F53822784EE6FE08E6FF22EF25E02484
:102400004EF8E6FC08E6FD227889EF26F618E43659
:10241000F62275890375A80175B8047534FF753502
:102420000E75361575370D120E9A120009120F1619
:10243000120006D200D234D2AF7534FF75350E7556
:102440003649753703120E9A300809C2341208CB88
:10245000C208D234300B09C23612026CC20BD2361B
:10246000300909C23612000EC209D236300E0312EC
:1024700006D73035D3903029E51EF0B410059030E2
:1024800023E4F0C23580C1E4F54B900E7A93FFE46B
:102490008F37F536F535F534AF37AE36AD35AC346C
:1024A000900E6A120DF68F378E368D358C34900E65
:1024B0007212067CEF4537F537EE4536F536ED45B9
:1024C00035F535EC4534F534E4F522F5238537311F
:1024D00085363085352F85342E120F46E4F522F5EA
:1024E00023900E72120DEA120F46E4F522F52390A6
:1024F0000E6E120DEA020F46E54024F2F537E53F75
:102500003443F536E53E34A2F535E53D3428F5345F
:10251000E537FFE4FEFDFC78181206698F408E3F18
:102520008D3E8C3DE53754A0FFE536FEE4FDFC789A
:10253000071206567810120F9AE4FFFEE535FDE407
:10254000FC780E120656120F9DE4FFFEFDE534FCEA
:1025500078181206567808120F9A228F3B8E3A8D01
:10256000398C382212067C8F318E308D2F8C2E22A2
:1025700093F9F802066900000000120117083115EE
:1025800053544420202020201301100156401A30BB
:10259000297E00300420DF300540BF500300FD508D
:1025A0002701FE600011003F0530003F0622003F7A
:1025B000012A003F020000360607003F0B0FF00023
:1025C000000000300140BF300100BF302970003AE8
:1025D0000000FF3A0000FF3603360241445820183D
:1025E000100A04040003FF640000800000000000E3
:1025F0000002040606000351007A503C281E101009
:10260000502D281610100200100C10040C6E060538
:1026100000A55A00AE35AF36E4FDEDC39537503313
:10262000120FE2E493F538740193F53945386023CD
:10263000853982853883E0FC120FE27403935204DB
:10264000120FE27402934204853982853883ECF0DC
:102650000D80C72278BEE6D308FFE66480F8EF64F9
:1026600080982293FF7E00E6FC08E6FD1204C17804
:10267000C1E6FC08E6FDD3EF9DEE9C2278BDD3E6D3
:10268000648094802225E0240AF8E6FE08E6FF2212
:10269000E53CD39400400B900E88120BF1900E860F
:1026A0008009900E82120BF1900E80E493F544A302
:1026B000E493F543D206300603D38001C3920E2281
:1026C000A2AF9232C2AFE5234522900E5D600E129A
:1026D0000FCBE0F52C120FC8E0F52D800C120FCBBC
:1026E000E530F0120FC8E531F0A23292AF22D201EC
:1026F000C202E4F51FF51ED235D233D236D201C262
:1027000002F51FF51ED235D23322FBD3ED9B748028
:10271000F86C9822120669E5402FF540E53F3EF53A
:102720003FE53E3DF53EE53D3CF53D22C0E0C08342
:10273000C082903F0DE0F533E533F0D082D083D0F6
:10274000E032900E5FE493FE740193F5828E832253
:10275000787FE4F6D8FD7581CD020C988F828E8348
:1027600075F004ED0206A530313233343536373892
:1027700039414243444546403058003031323334C9
:1027800035363738396162636465664030780000F9
:10279000B02701080000002430000000D402000827
:1027A000E027010830000024500C0000F00200086F
:1027B0000090D0030090D003000000000000000053
:1027C00000000000000000001000000001000000F8
:1027D00000F80000FFFF0000000000000000000003
:040000050800029954
:00000001FF
