:020000040800F2
:10000000E80F00244D030008758E00080B4B000814
:10001000D98D0008B7090008A9B600080000000043
:10002000000000000000000000000000A997000888
:100030003D0C000800000000F9910008A998000894
:1000400067030008670300086703000867030008E8
:1000500067030008670300086703000867030008D8
:1000600067030008670300086703000867030008C8
:1000700067030008670300086703000867030008B8
:1000800067030008670300086703000867030008A8
:100090006703000867030008670300086703000898
:1000A0006703000867030008670300086703000888
:1000B0006703000867030008670300086703000878
:1000C0006703000867030008670300086703000868
:1000D0006703000859B600086703000867030008B3
:1000E00067030008670300080000000067030008BA
:1000F0006703000867030008670300086703000838
:100100006703000867030008670300086703000827
:100110006703000867030008670300086703000817
:100120006703000867030008670300086703000807
:1001300067030008670300086703000867030008F7
:1001400000000000000000000000000000000000AF
:1001500067030008670300086703000867030008D7
:1001600067030008670300086703000867030008C7
:1001700067030008670300086703000867030008B7
:1001800067030008670300086703000867030008A7
:100190006703000867030008670300086703000897
:1001A0006703000867030008670300086703000887
:1001B0006703000867030008670300086703000877
:1001C0006703000867030008670300086703000867
:1001D0006703000867030008670300086703000857
:1001E0006703000867030008670300086703000847
:1001F0006703000867030008670300086703000837
:100200006703000867030008670300086703000826
:100210006703000867030008670300086703000816
:100220006703000867030008670300080000000078
:100230006703000867030008000000006703000868
:1002400067030008670300086703000867030008E6
:1002500067030008670300086703000867030008D6
:1002600067030008670300086703000867030008C6
:100270006703000867030008670300080000000028
:10028000670300080000000067030008000000008A
:10029000000000006703000800F002F800F047F8D3
:1002A0000AA090E8000C82448344AAF10107DA45D1
:1002B00001D100F03CF8AFF2090EBAE80F0013F0DC
:1002C000010F18BFFB1A43F0010318479C050100FA
:1002D000BC050100103A24BF78C878C1FAD852078B
:1002E00024BF30C830C144BF04680C6070470000B0
:1002F0000023002400250026103A28BF78C1FBD82F
:10030000520728BF30C148BF0B607047642900F016
:100310001F81782900F05881732900F06182002044
:1003200070471FB50BF0E4FC1FBD10B510BD00F009
:1003300091FA1146FFF7F5FF0BF0D2FB00F0AFFA90
:1003400003B4FFF7F2FF03BC0BF0FFF90948804745
:1003500009480047FEE7FEE7FEE7FEE7FEE7FEE7A7
:10036000FEE7FEE7FEE7FEE704480549054A064BBF
:1003700070470000B198000899020008E8030024C3
:10038000E80F0024E8050024E8050024704753EA3C
:10039000020C00F069802DE9F04B4FF00006002BB5
:1003A0001FBFB3FA83F503FA05F424FA05F65E409D
:1003B00012BF1643B2FA82F502FA05F4C5F1200520
:1003C0001EBF22FA05FC44EA0C04203556EA044C10
:1003D0004FEA144418BF641C4FF000084FF00009A6
:1003E000904271EB030C39D3002919BFB1FA81F7A0
:1003F00001FA07F6B0FA80F700FA07F6C7F120070E
:100400001EBF20FA07FC46EA0C062037B6FBF4FCB8
:10041000A7EB0507103F07F01F0BCBF120060CFAE6
:100420000BFB2CFA06F644BFB3460026202FA4BFD0
:100430005E464FF0000B5BEA060C08BF4FF0010B65
:1004400019EB0B09ABFB027C48EB0608C01B06FB53
:1004500002CC0BFB03CC71EB0C01C1E70B4602464F
:1004600041464846BDE8F08B13B54FF000004FF011
:100470000001AFF30080BDE81C4070470FB4044991
:1004800010B503AA029800F0AFF910BC5DF814FB98
:100490000C0000242DE9F0410E46044600202062A5
:1004A0002046E168884730B3252805D0D4E90121EA
:1004B0009047206A401CF2E7E16820460027884701
:1004C000050018D0A5F14100192802D820354FF4B5
:1004D00000673246294620462760FFF717FF40B1E4
:1004E000012804D0F61D26F007060836D8E7361D89
:1004F000D6E72846DAE7206ABDE8F08170B50C46F9
:100500000546012A05D02878800600D5EA6900232F
:1005100002E0012305E05B1C934202D2E05C00286C
:10052000F9D1A869E618C01AA861286A1844286297
:100530002846AFF3008004E0D5E9012114F8010B4F
:100540009047B442F8D32846AFF3008070BD000056
:100550002DE9F0410646002410687529314616A59C
:1005600010D0AFF30080002802DA404213A507E064
:1005700031688A0701D512A502E0490704D511A503
:10058000012401E0AFF3008000210A2206F12407D4
:1005900009E0B0FBF2FCB0FBF2F302FB1C003030D0
:1005A00078541846491C0028F3D123462A46304681
:1005B000BDE8F04100F0A9B8000000002D000000E7
:1005C0002B0000002000000070B504460D462146B7
:1005D0001068AFF300802188090502D50F4A7A44DC
:1005E00002E00E4A7A440E32002104F1240305E0B1
:1005F00000F00F060009965D5E54491C0028F7D1F3
:1006000020780023000704D5702D02D009B1022301
:1006100011322046BDE8704000F077B8E0010100DB
:1006200010B5203AC0F00B80B1E81850203AA0E88D
:100630001850B1E81850A0E81850BFF4F5AF5FEAC1
:10064000027C24BFB1E81850A0E8185044BF18C974
:1006500018C0BDE810405FEA827C24BF51F8043B1B
:1006600040F8043B08BF7047D20728BF31F8023B6F
:1006700048BF11F8012B28BF20F8023B48BF00F803
:10068000012B70474FF0013C50F8042B51F8043B0C
:100690009A4215D1A2EB0C03934313EACC130BD16E
:1006A00050F8042B51F8043B9A4209D1A2EB0C03F9
:1006B000934313EACC13E7D04FF00000704700BF1C
:1006C000D01A01BAB1FA81F101F0180122FA01F051
:1006D000CB40C1F12001DBB2C0B2C01A2CFA01F349
:1006E000D11A914311EAC311E6D1704770477047A0
:1006F0007047704710B500F089F8006810BD10B55C
:10070000044600F083F8046010BD2DE9F0470D4663
:1007100099469246044600F124080168880604D5EB
:10072000E06921F01001216000E00120A84201DD14
:10073000471B00E00027A1697A1902EB0900081A9B
:10074000A0612078C00602D42046AFF300800026C6
:1007500008E0D4E901211AF806009047206A401CFD
:10076000761C20624E45F4DB2078C0060AD5204670
:10077000AFF3008006E0D4E9012130209047206AE1
:10078000401C2062381EA7F10107F4DC07E0D4E921
:10079000012118F805009047206A401C2062281E9D
:1007A000A5F10105F3DC2046AFF3008020780006B8
:1007B00002D50220BDE8F0870120FBE710B54369B0
:1007C00013B1AFF3008001E0FFF798FE012010BDE8
:1007D000127800F124010A7000224A700122EDE72C
:1007E00011684FF0FF32E9E7074B70B50D467B44C7
:1007F00000F015F80446284600F024F810B14FF038
:10080000FF3070BD204670BDFFB00000004870474B
:100810008803002401694A1C02610878704700B50A
:100820008FB0CDE901310021059105497944CDE929
:10083000031011466846FFF72DFE0FB000BD000003
:10084000E5FFFFFF007B00F0800070470048704725
:10085000880300247546FFF7F9FFAE460500694698
:10086000534620F00700854618B020B5FFF77CFD01
:10087000BDE820404FF000064FF000074FF00008A1
:100880004FF0000B21F00701AC46ACE8C009ACE822
:10089000C009ACE8C009ACE8C0098D46704710B586
:1008A0000446AFF300802046BDE81040FFF748BD86
:1008B00010B504F057F910BD2DE9F04107460C467C
:1008C0000026002509E036023919491B491E88B265
:1008D00000F008F80644681CC5B2A542F3DB3046B8
:1008E000BDE8F08170B50446002604F005FA2546FF
:1008F000E11704EB11610912A02202EB4101C8B219
:1009000004F0BCF904F04CFAE11704EB1161091290
:10091000A4EB0121C8B204F0B1F904F041FA04F0EB
:10092000EBF9A12004F0AAF904F03AFA002004F04F
:100930006FF9064604F00AFA304670BD2DE9F04121
:1009400005460E461746002409E0E20026FA02F2A8
:10095000D1B22A1990B200F006F8601CC4B2BC42B1
:10096000F3DBBDE8F08170B504460E4604F0C4F92F
:100970002546E11704EB11610912A02202EB4101A7
:10098000C8B204F07BF904F00BFAE11704EB116133
:100990000912A4EB0121C8B204F070F904F000FAC6
:1009A000304604F06BF904F0FBF904F0CFF90A20AB
:1009B0000AF06EFF70BD00BFFEE710B502200AF01E
:1009C00073FF10BD10B5002280210D4801F0EEFB31
:1009D000FFF7F3FF012240210A4801F0E7FBFFF790
:1009E000ECFF00224021074801F0E0FBFFF7E5FFA4
:1009F00001228021024801F0D9FBFFF7DEFF10BD84
:100A000000180258001C025800B587B000BF1748F4
:100A1000006840F08000154908600846006800F052
:100A20008000019000BF00BF00BF0846006840F092
:100A3000400008600846006800F04000019000BFD8
:100A400000BF402002901120039001200490032059
:100A5000059002A9064801F077FA8020029002A9C9
:100A6000044801F071FA07B000BD0000E0440258EC
:100A7000001C02580018025810B5012280210A48B3
:100A800001F094FBFFF799FF01224021074801F094
:100A90008DFBFFF792FF00224021044801F086FB06
:100AA000FFF78BFF10BD000000180258001C025811
:100AB00070B505460024002618E06006040E0122E9
:100AC00040210F4801F072FBFFF777FF80210D48AE
:100AD00001F060FB08B1601CC4B20022402108484C
:100AE00001F064FBFFF769FF701CC6B2082EE4DB5F
:100AF00015B9FFF7C1FF01E0FFF764FF204670BDA5
:100B0000001C02580018025870B5044600251EE06B
:100B1000E00928B101228021114801F047FB04E0DF
:100B2000002280210E4801F041FBFFF746FF012221
:100B300040210C4801F03AFBFFF73FFF0022402123
:100B4000084801F033FB6006040E681CC5B2082D8E
:100B5000DEDB01228021024801F028FB70BD00008D
:100B600000180258001C025810B5012280210C48C0
:100B700001F01CFB012240210A4801F017FBFFF79E
:100B80001CFF00228021064801F010FBFFF715FF33
:100B900000224021034801F009FBFFF70EFF10BDC2
:100BA00000180258001C025810B5002280210A4883
:100BB00001F0FCFAFFF701FF01224021074801F094
:100BC000F5FAFFF7FAFE01228021034801F0EEFA60
:100BD000FFF7F3FE10BD000000180258001C025879
:100BE00070B50024002501228021124801F0DEFAB0
:100BF000FFF7E3FE012240210F4801F0D7FAFFF78B
:100C0000DCFE07E0601CC4B2FA2C03DDFFF7CCFF6A
:100C1000012505E08021074801F0BCFA0028F1D148
:100C200000BF00224021044801F0C0FAFFF7C5FED2
:100C3000284670BD00180258001C0258704700007A
:100C400070B504461D460023B5F5804F13D154F806
:100C500022300C480340D1E9000640EA06108E68B5
:100C600040EA06208E8940EA06408E6930430343FD
:100C700044F8223003E06FF0704044F82200002076
:100C800070BD00000000F0CF10B5024600230868D8
:100C900052F820301B480340D1E901042043CC68BE
:100CA00020430C6920434C6920438C692043CC6964
:100CB00020430C6A20434C6A20438C6A2043CC6A50
:100CC00020430C6B20438C6B20434C6B204303432D
:100CD0008868082801D143F04003086842F82030B2
:100CE000086BB0F5801F05D1086818B110680C6B4F
:100CF00020431060086818B110684C6B20431060E6
:100D0000002010BD8004C0FF30B503461446002209
:100D1000601C53F8202002F04042D1E9000540EA6F
:100D200005108D6840EA05208D8940EA0545088A4E
:100D3000401E45EA0055087D801E45EA00608D6929
:100D400028430243601C43F82020186800F48010F8
:100D500038B1586820F47002088A401E42EA0052F6
:100D60005A60002030BD30B50246002300240868D8
:100D7000012816D013686FF30E03D1E9010528434B
:100D8000CD6828430D6928434D6928438D69284360
:100D9000CD6928430D6A28434D6A284303431360F5
:100DA00019E0136823F4F843D1E9070528434D6A95
:100DB0002843034354686FF30E04D1E90105284327
:100DC000CD6828430D6928434D6928438D69284320
:100DD000044313605460002030BD0246506940EA6D
:100DE000410050610020704718B503460020009074
:100DF000D1E9000420438C68641E40EA4410CC68AA
:100E000040EA4420009000981861002018BD0000BE
:100E100070B50346154600220024012D1FD09A68A4
:100E200002F070420868401E4E68761E40EA0616C0
:100E30008868401E46EA0026C868401E46EA00361A
:100E4000088A401E46EA0046888A401E46EA005646
:100E5000087E401E46EA006002439A6022E09A68DB
:100E600011480240C868401E0603888A401E46EAB0
:100E700000500243DC6804F070440868401E4E686D
:100E8000761E40EA06168868401E46EA0026088A52
:100E9000401E46EA0046087E401E46EA00600443C3
:100EA0009A60DC60002070BDFF0F0FFF10B588B0A6
:100EB000012400BF5548006840F080005349086095
:100EC0000846006800F08000009000BF00BF00BF2F
:100ED0000846006840F4807008600846006800F426
:100EE0008070009000BF00BF802001900020029021
:100EF000012003900320049001A9454801F024F843
:100F0000200201900120029001A9424801F01CF842
:100F1000FFF77AFD002221023E4801F047F9142034
:100F20000AF0B6FC012211023A4801F03FF93220E2
:100F30000AF0AEFC00208DF81800022206A9A120BC
:100F400000F078F89DF81800302803D19DF81900BA
:100F5000032807D09DF81900012803D09DF8190037
:100F6000022824D19DF819009DF8182000EB0221D9
:100F700029A0FFF783FA012206A9002000F036FA23
:100F8000012206A9A42000F031FA16208DF81800DD
:100F9000012206A9802000F029FA0C208DF8180003
:100FA000012206A9882000F021FA00242BE0042267
:100FB00006A948F2401000F0F7FA00208DF81C0056
:100FC00006A918A0FFF75AFA1948069901600220ED
:100FD0008DF81800012206A948F2400000F0BCFC80
:100FE000012206A948F2470000F0DEFA0A200AF0C2
:100FF0004FFC00208DF81800012206A948F240009D
:1010000000F0AAFC0024204608B010BDE0440258BD
:10101000001C0258002002584354502049443A25ED
:10102000780D0A004354502049443A25730D0A00B4
:10103000300000242DE9F04106460F461546FFF723
:1010400093FD7020FFF760FDFFF7CAFDF0B2FFF7D8
:101050005BFDFFF7C5FDFFF787FD7120FFF754FD2E
:10106000FFF7BEFD00240BE0691EA14201D0012163
:1010700000E000210846FFF71BFD3855601CC4B294
:10108000AC42F1DBFFF790FDBDE8F08131B582B0F5
:10109000002000900025CD480078401CCB49087006
:1010A000084600780A2190FBF1F201FB120018B10A
:1010B000C64800780A287DDAC5A1C648FFF7E2FADB
:1010C000D8B9012202A948F24E1000F06DFA9DF83D
:1010D000080000F08000A8B19DF8080000F00F00A3
:1010E000BD49097888420DDC002000900122694644
:1010F00048F24E1000F030FC04E0012202A9022068
:10110000FFF798FF9DF8080000F00F00002851D06D
:101110009DF8080000F00F00AF490978884249DCCB
:101120009DF8080000F00F01FF208840C4B2E043A2
:1011300080B240F0C000A949888608468289A64846
:101140000078401E0C3121F81020A448028CA248DF
:101150000078401E143121F8102004200AF098FB7A
:1011600000200090AAE09D48808E9DF8002001217B
:101170009140084000282FD095A19648FFF782FAA9
:10118000E8BB97499DF8002031F81200042201A91C
:1011900000F00AFA914890F8440000F00100E0B134
:1011A0009DF804009DF8051000EB012081B28B48EA
:1011B0000C3000E0C0E09DF8002020F812109DF8EF
:1011C00006009DF8071000EB012081B28348203013
:1011D0009DF8002020F812106BE09DF804009DF8A7
:1011E000051000EB012081B27C4820309DF80020E2
:1011F00020F812109DF806009DF8071000E00CE0A2
:1012000000EB012077490988081A81B273480C3035
:101210009DF8002020F812104BE073499DF8002043
:1012200031F81200042201A9FFF704FF6B4890F87F
:10123000440000F00100E0B19DF805009DF80410A5
:1012400001F00F0100EB0120644920319DF80020DE
:1012500021F812009DF807009DF8061001F00F011B
:1012600000EB01205D490C319DF8002021F81200AF
:101270001FE09DF805009DF8041001F00F0100EB40
:10128000012058490988081A81B254480C309DF849
:10129000002020F812109DF807009DF8061001F0BC
:1012A0000F0100EB01204D4920319DF8002021F86D
:1012B00012009DF80000401CC0B200909DF8000094
:1012C000454909788842FFF64EAF01254348808999
:1012D00044490988884205DC4048008C41494988D6
:1012E000884226DD9DF8080000F00F0001280ADD85
:1012F0003A48C089394988810846408C08840020D2
:101300003249087018E034480078401E33490C31E7
:1013100031F810000C3988812F480078401E2031A8
:1013200031F8100020390884802002900846868613
:1013300002E000202549087025A12648FFF7A2F900
:10134000F0B99DF8080000F08F00802835D12348BF
:1013500090F8340000F0800030B12048808E20F0FA
:1013600080001E49888628E04FF6FF701B4988815F
:101370000884084690F8340000F0E00088861CE0FD
:101380009DF8080000F01F00B8B9144890F8340028
:1013900000F0800030B11148808E20F080000F49AD
:1013A00088860AE04FF6FF700C4988810884084659
:1013B00090F8340000F0E000888604480078F028B7
:1013C00002DD0A200149087028463EBD360000248F
:1013D0003931310030000024350000243C00002465
:1013E000580501081C0200244E0501082DE9F041B2
:1013F00005460E4617464FF00008FFF7B5FB702074
:10140000FFF782FBFFF7ECFBE8B2FFF77DFBFFF78E
:10141000E7FB00240BE0305DFFF776FBFFF7E0FB16
:101420008046B8F1000F00D003E0601CC4B2BC429B
:10143000F1DB00BFFFF7B8FB4046BDE8F0810000DC
:1014400000B589B000BF4A48006840F080004849B4
:1014500008600846006800F08000019000BF00BFEF
:1014600000BF0846006840F48070086008460068C5
:1014700000F48070019000BF00BF80200290002027
:101480000390012004900320059002A9394800F040
:101490005BFD4FF4807002900120039002A9364852
:1014A00000F052FDFFF7B0FA00224FF4807132488D
:1014B00000F07CFE0A200AF0EBF9012211022E480E
:1014C00000F074FE0A200AF0E3F980200290002068
:1014D000039004900320059002A9264800F034FDF3
:1014E00064200AF0D5F9042207A948F2401000F060
:1014F0005BF800208DF8200007A920A0FEF7BEFFB2
:1015000021A107A8FFF7BEF878BB02208DF81C00C8
:10151000012207A948F2400000F01EFA012207A9A3
:1015200048F2470000F040F89DF81C0060280DDAF2
:101530009DF81C1016A0FEF7A1FF1A48808845F2FE
:101540001051884202D1012000F0D8F90A200AF097
:101550009FF900208DF81C00012207A948F24000E5
:1015600000F0FAF9002009B000BDFFE70020FAE71B
:10157000E0440258001C02580020025843545020F6
:1015800049443A25730D0A00393134370000000010
:1015900044656661756C74205665723A25640D0A5F
:1015A000000000001C0200242DE9F04105460F4612
:1015B0001646FFF7D9FA2820FFF7A6FAFFF710FB27
:1015C0002812FFF7A1FAFFF70BFBE8B2FFF79CFA2E
:1015D000FFF706FBFFF7C8FA2920FFF795FAFFF798
:1015E000FFFA00240BE0711EA14201D0012100E0AE
:1015F00000210846FFF75CFA3855601CC4B2B442BB
:10160000F1DBFFF7D1FABDE8F081000071B583B0DE
:1016100000240026B5480078401CB44908700846EC
:1016200000780A2190FBF1F201FB120018B1AF48DB
:1016300000780A2871DA012203A948F24E10FFF758
:10164000B3FF9DF80C0000F0800068B19DF80C001D
:1016500000F00F00062807DA00200190012201A9FE
:1016600048F24E1000F078F99DF80C0000F00F00E1
:10167000002852D09DF80C0000F00F000628D9DA9F
:101680009DF80C0000F00F01FF208840C0B20190CF
:10169000974890F834509DF80400C04380B240F061
:1016A000C00093498886084681898182018C018522
:1016B0000024C3E08E48808E0121A140084000280C
:1016C0002AD08C4931F81400042202A9FFF76CFFDC
:1016D0008948808845F21051884236D1844890F874
:1016E000440000F00100C8B19DF808009DF8091001
:1016F00000EB012081B27E48203020F814109DF8C4
:101700000A009DF80B1000EB0120C0F5487081B273
:1017100077480C3020F814108EE0BFE09DF80800E8
:101720009DF8091000EB012081B271480C3020F8BF
:1017300014109DF80A009DF80B1000EB012081B2F7
:101740006B48203020F8141076E06B48808844F213
:101750004231884235D1664890F8440000F00100DB
:10176000B0B19DF808009DF8091000EB012081B28E
:101770005F480C3020F814109DF80A009DF80B10FB
:1017800000EB012081B25A48203020F8141053E0B9
:101790009DF808009DF8091000EB012081B2544823
:1017A000203020F814109DF80A009DF80B1000EB73
:1017B0000120C0F5887081B24D480C3020F814101B
:1017C0003AE04D48808844F28431884234D1484818
:1017D00090F8440000F00100B0B19DF808009DF8B9
:1017E000091000EB012081B241480C3020F81410A0
:1017F0009DF80A009DF80B1000EB012081B23C48D7
:10180000203020F8141017E09DF808009DF809100A
:1018100000EB012081B23648203020F814109DF8EA
:101820000A009DF80B1000EB0120C0F5F07081B2AA
:101830002F480C3020F81410601CC4B2052CFFF6A1
:1018400039AF01262A4880892B490988884205DC5E
:101850002748008C2849498888421CDD9DF80C00E7
:1018600000F00F0001280ADD2148C0892049888145
:101870000846408C088400201C4908700EE01C4873
:10188000808A1B4988810846008D08848020039047
:101890000846858602E00020144908709DF80C0077
:1018A00000F08F00802817D1114890F8340000F024
:1018B000800030B10E48808E20F080000C49888670
:1018C0000AE04FF6FF700A4988810884084690F8BC
:1018D000340000F0E000888604480078F02802DD3B
:1018E0000A2002490870304604B070BD3700002459
:1018F0003C0000244A0601081C02002438B50546B5
:10190000002400208DF800008DF8015000BF09E090
:101910009DF800000F49095D0844C0B28DF8000031
:10192000601CC4B2B82CF3D39DF80000C043401C27
:10193000C0B28DF80000B822064948F2470000F016
:101940000BF80222694648F2FF0000F005F800207B
:1019500038BD0000920501082DE9F04104460E460D
:1019600017464FF00008FFF7FFF82820FFF7CCF8E4
:10197000FFF736F92012FFF7C7F8FFF731F9E0B2A9
:10198000FFF7C2F8FFF72CF900250BE0705DFFF7B9
:10199000BBF8FFF725F98046B8F1000F00D003E04F
:1019A000681CC5B2BD42F1DB00BFFFF7FDF8404641
:1019B000BDE8F08100B589B000BF4748006840F03D
:1019C0008000454908600846006800F080000190EA
:1019D00000BF00BF00BF0846006840F48070086088
:1019E0000846006800F48070019000BF00BF8020AE
:1019F000029000200390012004900320059002A98A
:101A0000364800F0A1FA4FF4807002900120039054
:101A100002A9334800F098FAFEF7F6FF00224FF4CF
:101A200080712F4800F0C2FB0A2009F031FF01222B
:101A300011022B4800F0BAFB0A2009F029FF802090
:101A400002900020039004900320059002A92348EF
:101A500000F07AFA642009F01BFF042207A948F27B
:101A6000401000F055F800208DF8200007A91DA0B7
:101A7000FEF704FD1FA107A8FEF704FE48BB0220E5
:101A80008DF81C00012207A948F24000FFF764FF0F
:101A9000012207A948F24700FFF786FD9DF81C00C8
:101AA000412807DA9DF81C1014A0FEF7E7FC01207E
:101AB00000F068F90A2009F0EBFE00208DF81C0008
:101AC000012207A948F24000FFF746FF002009B0B5
:101AD00000BD0120FBE70000E0440258001C025852
:101AE000002002584354502049443A25730D0A0DF2
:101AF0000A00000039323731000000004465666199
:101B0000756C74205665723A25640D0A0000000059
:101B10002DE9F04105460F461646FFF725F8282027
:101B2000FEF7F2FFFFF75CF82812FEF7EDFFFFF774
:101B300057F8E8B2FEF7E8FFFFF752F8FFF714F89E
:101B40002920FEF7E1FFFFF74BF800240BE0711EA0
:101B5000A14201D0012100E000210846FEF7A8FFC4
:101B60003855601CC4B2B442F1DBFFF71DF8BDE884
:101B7000F081000071B583B00020019000267D48FF
:101B80000078401C7B490870084600780A2190FBC9
:101B9000F1F201FB120018B1764800780A286EDADB
:101BA000012203A948F24E10FFF7B2FF9DF80C0086
:101BB00000F0800068B19DF80C0000F00F000B28C9
:101BC00007DA00200190012201A948F24E1000F02E
:101BD00007F99DF80C0000F00F0000284FD09DF889
:101BE0000C0000F00F000B28D9DA9DF80C0000F073
:101BF0000F014FF6FF70884084B25F48858EE04346
:101C000080B240F0C0005C49888608468189C18363
:101C1000018C41860020019053E05748808E9DF84A
:101C2000042001219140084040B354499DF804200C
:101C300031F81200062202A9FFF76AFF4E4890F819
:101C4000440000F00100D8B19DF80A009DF80B1087
:101C500000EB012081B2484820309DF8042020F894
:101C600012109DF808009DF8091000EB012081B2C8
:101C700041480C309DF8042020F812101CE051E07F
:101C80009DF80A009DF80B1000EB0120C0F548708C
:101C900081B239480C309DF8042020F812109DF8CC
:101CA00008009DF8091000EB012081B23248203075
:101CB0009DF8042020F812109DF80400401CC0B2CA
:101CC00001909DF804000A28A7DB01262A48808994
:101CD0002B490988884205DC2748008C2849498817
:101CE00088421CDD9DF80C0000F00F0001280ADD81
:101CF0002148C089204988810846408C08840020FA
:101D00001C4908700EE01C48C08B1B49888108469E
:101D1000408E0884802003900846858602E00020DB
:101D2000144908709DF80C0000F08F00802816D12F
:101D3000114890F8340000F0800030B10E48808ED9
:101D400020F080000C49888609E04FF6FF700A49B0
:101D5000888108840846808E00F4604088860548A3
:101D60000078F02802DD0A2002490870304604B0ED
:101D700070BD0000860000243C000024AE0701086E
:101D80001C02002438B50546002400208DF8000010
:101D90008DF8015000BF09E09DF800000F49095D72
:101DA0000844C0B28DF80000601CC4B2B82CF3D354
:101DB0009DF80000C043401CC0B28DF80000BA225C
:101DC000064948F2470000F00BF80222694648F243
:101DD000FF0000F005F8002038BD0000F4060108FF
:101DE0002DE9F04104460E4617464FF00008FEF775
:101DF000BBFE2820FEF788FEFEF7F2FE2012FEF75B
:101E000083FEFEF7EDFEE0B2FEF77EFEFEF7E8FE93
:101E100000250BE0705DFEF777FEFEF7E1FE8046E1
:101E2000B8F1000F00D003E0681CC5B2BD42F1DB81
:101E300000BFFEF7B9FE4046BDE8F08110B504468C
:101E40000CB9012010BD94F83500022803D0802081
:101E500060650120F6E734492068884205D333499C
:101E60002068884201D8012000E00020C0B1042091
:101E700084F835002C49206888420AD32B49206811
:101E8000884206D82068006820F0010021680860B8
:101E900048E02068006820F001002168086041E007
:101EA0002068006820F00E00216808601E49206844
:101EB00088420AD31D492068884206D820680068F5
:101EC00020F001002168086005E02068006820F02B
:101ED000010021680860206E006820F48070216E87
:101EE000086094F85C100120884011490860D4E92A
:101EF00019104860E06E40B1E06E006820F4807018
:101F0000E16E0860D4E91C10486000BF002084F82E
:101F1000340000BF012084F83500206D10B1204648
:101F2000216D884700208DE710000240B804024070
:101F3000045402580348006840F001000149086059
:101F40007047000020040058F8B502460B460021F7
:101F5000002600240020824D00BFFCE0012707FA84
:101F600001F61F6807EA0604B4427CD15F68022FBD
:101F700002D05F68122F1AD14FEAD10C02F120076C
:101F800057F82C004F074FEAD76C0F2707FA0CF7CA
:101F9000B8434FEA417C4FEADC6C1F6907FA0CF743
:101FA00038434FEAD10C02F1200747F82C001068A3
:101FB0004FEA410C032707FA0CF7B8431F7907F0E3
:101FC00003074FEA410C07FA0CF7384310605F68CB
:101FD000012F08D05F68022F05D05F68112F02D053
:101FE0005F68122F17D190684FEA410C032707FA58
:101FF0000CF7B8434FEA410CDF6807FA0CF7384397
:102000009060506801278F40B8431F79C7F30017CD
:102010008F4038435060D0684FEA410C032707FADD
:102020000CF7B8434FEA410C9F6807FA0CF73843A6
:10203000D0605F6807F08057B7F1805F95D100BF2F
:10204000484F3F6847F00207DFF818C1CCF800702E
:1020500067463F6807F00207009700BF00BF424F86
:102060004FEA910C00E075E057F82C008F074FEA1B
:10207000177C0F2707FA0CF7B8433C4FBA4201D13F
:1020800000272DE03A4FBA4201D1012728E0394F0D
:10209000BA4201D1022723E0374FBA4201D10327C8
:1020A0001EE0364FBA4201D1042719E0344FBA423C
:1020B00001D1052714E0334FBA4201D106270FE0C2
:1020C000314FBA4201D107270AE0304FBA4201D15D
:1020D000082705E02E4FBA4201D1092700E00A2760
:1020E0004FEA817C4FEA1C7C07FA0CF738431E4FFD
:1020F0004FEA910C47F82C002868A0435F6807F46A
:102100008037B7F5803F00D1204328606868A0433E
:102110005F6807F40037B7F5003F00D120436860DF
:102120004FF0B0473868A0435F6807F48017B7F5F1
:10213000801F00D120434FF0B04738607868A0433B
:102140005F6807F40017B7F5001F00D120434FF078
:10215000B0477860491C1029FFF400AFF8BD0000BB
:1021600080000058F4440258080400580000025847
:102170000004025800080258000C025800100258CF
:102180000014025800180258001C0258002002587F
:1021900000240258024613690B400BB1012000E0F5
:1021A0000020704742694A40426170470AB101838A
:1021B00000E041837047000001480068704700005C
:1021C00014000024034800680349097808440149C1
:1021D00008607047140000241C00002410B5032080
:1021E00000F098FA0F2000F007F808B1012010BDA8
:1021F00000F042FA0020FAE770B504460E48007875
:102200004FF47A71B1FBF0F00C490968B1FBF0F5BD
:10221000284602F039FA08B1012070BD102C07D20F
:1022200000222146501E00F038FA0548046001E003
:102230000120F2E70020F0E71C0000240000002449
:102240001800002470B504460E46154600BF94F8E9
:10225000A000012801D1022070BD012084F8A00057
:1022600000BF022084F8A10005EB850101EBC50247
:1022700004F1380101EB820034223146FEF7D0F937
:102280002A463146204606F0F1FB012021684862CB
:1022900084F8A10000BF002084F8A00000BF00BFA8
:1022A000DAE7000070B50446002500260CB90120CD
:1022B00070BD94F8A10028B9002084F8A000204641
:1022C00000F07EF8022084F8A1002068806920F0E8
:1022D000704021688861D4E901010843E16808433E
:1022E0002169084321688969084321688861206859
:1022F00080683249084021688860A08A0504206807
:102300008068A16929430843216888602068C06803
:102310002A4908402168C860A08B05042068C0686D
:10232000216A294308432168C8602068006923495D
:10233000084021680861A08C050420680069A16A32
:102340002943084321680861206840691B49084007
:1023500021684861A08D050420684069216B2943EC
:1023600008432168486194F83500050294F8360066
:1023700006042068C06A00F07F402168C86246EA0F
:10238000050094F8341008432168C96A084321689D
:10239000C8622068406B40F00600216848632068EE
:1023A000806940F00100216888610020C4F8A40021
:1023B000012084F8A10000207AE7000000F800F076
:1023C00010B586B0044600BF3E48006840F00800E3
:1023D0003C4908600846006800F00800009000BF13
:1023E00000BF00BF37481038006840F01000354982
:1023F000103908600846006800F01000009000BF27
:1024000000BF00BF2F48001F006840F002002D49A8
:10241000091F08600846006800F00200009000BF35
:1024200000BF00BF0846006840F48070086008469E
:10243000006800F48070009000BF00BF00BF084635
:10244000006840F4007008600846006800F40070FE
:10245000009000BF00BF00BF0846006840F48060E5
:1024600008600846006800F48060009000BF00BF6C
:10247000202001900120029003900320049001A9E4
:102480001148FFF761FD4FF4E040019002200290F7
:1024900000200390032004900E20059001A90B4812
:1024A000FFF752FD48F67C60019001A90848FFF74C
:1024B0004BFDFF20019001A90648FFF745FD06B03E
:1024C00010BD0000E44402580004025800200258E5
:1024D00000240258002802582DE9F04104460E4617
:1024E0001746984600BF94F8A000012802D10220A8
:1024F000BDE8F081012084F8A00000BF022084F82C
:10250000A10008EB880000EBC80104F1380000EBE3
:1025100081052E60A86A30446860AF60E86A38447C
:10252000E86042462946204606F0A0FA01202168CC
:10253000486284F8A10000BF002084F8A00000BF1A
:1025400000BFD5E72DE9F04104460E4617469846F0
:1025500000BF94F8A000012802D10220BDE8F0815C
:10256000012084F8A00000BF022084F8A10008EB3D
:10257000880000EBC80104F1380000EB81052868F1
:1025800030446860A8683844E860AE62EF62424652
:102590002946204606F06AFA01202168486284F83C
:1025A000A10000BF002084F8A00000BF00BFD5E755
:1025B0004178154A11600178F9B1121D4168116026
:1025C000017B0907C27A41EA0261827A41EAC2418B
:1025D000427B41EA8241827B41EA4241C27B41EA3D
:1025E0000241427A41EA0221027A41EA420102783A
:1025F0001143054A0832116005E00021024A121D0C
:102600001160121D1160704798ED00E000BF00BF1F
:1026100000BFBFF35F8F00BF00BF00BF0548006869
:1026200020F48030034908600020024970310860BE
:102630007047000024ED00E040F001010D4A1160F8
:102640000C497039096841F480310A4A703A1160C6
:1026500000BF00BF00BFBFF34F8F00BF00BF00BF70
:1026600000BF00BF00BFBFF36F8F00BF00BF00BF40
:102670007047000094ED00E07047014608460028CE
:1026800009DB00F01F0301229A4043099B0003F17C
:10269000E023C3F8002100BF70472DE9F05F8046BA
:1026A0000D46164609F002F8074639462A463346D3
:1026B00001F00700C0F1070ABAF1040F02D94FF088
:1026C000040A01E0C0F1070AD14600F1040ABAF198
:1026D000070F02D24FF0000A01E0A0F1030AD4462E
:1026E0004FF0010A0AFA09FAAAF1010A0AEA020AF3
:1026F0000AFA0CFA4FF0010B0BFA0CFBABF1010BD1
:102700000BEA030B4AEA0B042146404608F0D6FFC9
:10271000BDE8F09F00BF00F00702064B19684FF6B6
:10272000FF031940044B0B4343EA0221014B19609C
:1027300000BF70470CED00E00000FA0510B501F095
:1027400067F90949096801F470614FF4807292FADF
:10275000A2F2B2FA82F2D140044A515CC840044964
:1027600008600846006810BD184402586EBD000895
:102770000000002410B501F003F90749096801F0D1
:102780007001102292FAA2F2B2FA82F2D140034A08
:10279000515CC84010BD0000204402586EBD0008C6
:1027A00070B5014600220120002300249FED811A0C
:1027B000B0EE410A9FED7F1AF0EE410A7E4D2D6882
:1027C00005F003027C4D2D68C5F305307A4D2D1DB3
:1027D0002D6805F01003784D14352D68C5F3CC0530
:1027E00015FB03F501EE105AB8EE411AB0EE410A9E
:1027F00022B1012A4DD0022A7DD169E06E4D283DDB
:102800002D68C5F340152DB36B4D283D2D68C5F3DC
:10281000C1066A4D25FA06F4B4FBF0F501EE105A34
:10282000F8EE411A9FED661A80EE012A624D1035CE
:102830002D68C5F3080501EE105AB8EE411A32EEC4
:10284000011AB7EE002A31EE021A21EE811AF0EEDB
:10285000410A1DE0594DB5FBF0F501EE105AF8EEB6
:10286000411A9FED571A80EE012A534D10352D68FD
:10287000C5F3080501EE105AB8EE411A32EE011AFE
:10288000B7EE002A31EE021A21EE811AF0EE410A6B
:102890005EE04C4DB5FBF0F501EE105AB8EE412A62
:1028A0009FED471AC0EE011A434D10352D68C5F350
:1028B000080501EE105AB8EE411A31EE811AF7EE12
:1028C000001A31EE211A22EE011AF0EE410A3FE021
:1028D0003D4DB5FBF0F501EE105AF8EE411A9FEDB3
:1028E000381A80EE012A344D10352D68C5F30805DD
:1028F00001EE105A00E00CE0B8EE411A32EE011A77
:10290000B7EE002A31EE021A21EE811AF0EE410AEA
:102910001EE02C4DB5FBF0F501EE105AB8EE412A41
:102920009FED271AC0EE011A234D10352D68C5F30F
:10293000080501EE105AB8EE411A31EE811AF7EE91
:10294000001A31EE211A22EE011AF0EE410A00BF00
:1029500000BF194D10352D68C5F346256D1C01EEDD
:10296000105AB8EE411AC0EE811ABCEEE11A81EDA0
:10297000001A114D10352D68C5F306456D1C01EE8A
:10298000105AB8EE411AC0EE811ABCEEE11A81ED80
:10299000011A094D10352D68C5F306656D1C01EE51
:1029A000105AB8EE411AC0EE811ABCEEE11A81ED60
:1029B000021A70BD00000000284402580090D003A5
:1029C0000000004600093D0040787D0170B50146D9
:1029D00000220120002300249FED811AB0EE410A5D
:1029E0009FED7F1AF0EE410A7E4D2D6805F003023F
:1029F0007C4D2D68C5F305507A4D2D1D2D6805F4CD
:102A00008073784D1C352D68C5F3CC0515FB03F597
:102A100001EE105AB8EE411AB0EE410A22B1012A75
:102A20004DD0022A7DD169E06E4D283D2D68C5F359
:102A300040152DB36B4D283D2D68C5F3C1066A4D79
:102A400025FA06F4B4FBF0F501EE105AF8EE411A3F
:102A50009FED661A80EE012A624D18352D68C5F388
:102A6000080501EE105AB8EE411A32EE011AB7EE1F
:102A7000002A31EE021A21EE811AF0EE410A1DE021
:102A8000594DB5FBF0F501EE105AF8EE411A9FEDE5
:102A9000571A80EE012A534D18352D68C5F30805E5
:102AA00001EE105AB8EE411A32EE011AB7EE002AC2
:102AB00031EE021A21EE811AF0EE410A5EE04C4D31
:102AC000B5FBF0F501EE105AB8EE412A9FED471A1A
:102AD000C0EE011A434D18352D68C5F3080501EE07
:102AE000105AB8EE411A31EE811AF7EE001A31EEA3
:102AF000211A22EE011AF0EE410A3FE03D4DB5FBEE
:102B0000F0F501EE105AF8EE411A9FED381A80EEFA
:102B1000012A344D18352D68C5F3080501EE105A09
:102B200000E00CE0B8EE411A32EE011AB7EE002ACE
:102B300031EE021A21EE811AF0EE410A1EE02C4D10
:102B4000B5FBF0F501EE105AB8EE412A9FED271AB9
:102B5000C0EE011A234D18352D68C5F3080501EEA6
:102B6000105AB8EE411A31EE811AF7EE001A31EE22
:102B7000211A22EE011AF0EE410A00BF00BF194DE2
:102B800018352D68C5F346256D1C01EE105AB8EEB8
:102B9000411AC0EE811ABCEEE11A81ED001A114D06
:102BA00018352D68C5F306456D1C01EE105AB8EEB8
:102BB000411AC0EE811ABCEEE11A81ED011A094DED
:102BC00018352D68C5F306656D1C01EE105AB8EE78
:102BD000411AC0EE811ABCEEE11A81ED021A70BDF5
:102BE00000000000284402580090D0030000004676
:102BF00000093D0040787D012DE9F04104460025A3
:102C00000026206800F00060B0F1006F30D1606EE7
:102C100048B1B0F5801F0DD0B0F5001F10D0B0F551
:102C2000401F15D113E0F948006840F40030F7491F
:102C300008600FE00221201D06F004FC054609E0B3
:102C4000022104F1240006F095FC054602E001E0B3
:102C5000012500BF00BF55B9EC482430006820F4BE
:102C60004010616E0843E9492431086000E02E43BA
:102C7000208800F48070B0F5807F2DD1606D05282C
:102C80001AD2DFE800F0030A10171800DF480068C6
:102C900040F40030DD49086010E00021201D06F0FE
:102CA000D1FB05460AE0002104F1240006F062FC95
:102CB000054603E002E001E0012500BF00BF55B971
:102CC000D2482430006820F00700616D0843CF49E6
:102CD0002431086000E02E43208800F40070B0F535
:102CE000007F33D1A06D802817D003DC40B140288D
:102CF0001CD10CE0C02817D0B0F5807F16D114E0AD
:102D0000C248006840F40030C049086010E000216B
:102D1000201D06F097FB05460AE0002104F124007F
:102D200006F028FC054603E002E001E0012500BFB3
:102D300000BF55B9B5482430006820F4E070A16D9B
:102D40000843B2492431086000E02E43208800F493
:102D50008060B0F5806F38D1D4F8A400B0F5800F52
:102D600019D004DC50B1B0F5001F1DD10DE0B0F555
:102D7000C00F17D0B0F5000F16D114E0A3480068BB
:102D800040F40030A149086010E00021201D06F049
:102D900059FB05460AE0002104F1240006F0EAFB95
:102DA000054603E002E001E0012500BF00BF5DB978
:102DB00096482C30006820F46000D4F8A410084332
:102DC00092492C31086000E02E43208800F4006016
:102DD000B0F5006F38D1D4F8A800B0F1007F19D059
:102DE00004DC50B1B0F1807F1DD10DE0B0F1407F27
:102DF00017D0B0F1806F16D114E08448006840F419
:102E000000308249086010E00021201D06F01AFB06
:102E100005460AE0002104F1240006F0ABFB05465C
:102E200003E002E001E0012500BF00BF5DB9774883
:102E30002C30006820F0E060D4F8A81008437349F3
:102E40002C31086000E02E43206800F00070B0F1E3
:102E5000007F27D1A06CA0B1102804D0202809D071
:102E600030280FD10CE06948006840F40030674911
:102E7000086009E00221201D06F0E4FA054603E09F
:102E800002E001E0012500BF00BF55B95F482030D6
:102E9000006820F03000A16C08435C4920310860D4
:102EA00000E02E43208800F48050B0F5805F36D1DA
:102EB000E06DB0F5005F19D004DC50B1B0F5805F73
:102EC0001DD10DE0B0F5405F17D0B0F5804F16D1A1
:102ED00014E04E48006840F400304C49086010E0AF
:102EE0000021201D06F0AEFA05460AE0002104F19B
:102EF000240006F03FFB054603E002E001E0012567
:102F000000BF00BF55B941482430006820F4E040BC
:102F1000E16D08433D492431086000E02E432088DC
:102F200000F40050B0F5005F34D1206EB0F5403FA2
:102F30001DD007DC68B1B0F5803F0BD0B0F5003F85
:102F400018D10DE0B0F5802F12D0B0F5A02F11D11F
:102F50000FE011E00121201D06F074FA05460BE098
:102F6000012104F1240006F005FB054604E003E01E
:102F700002E001E0012500BF00BF55B9234824301D
:102F8000006820F4E020216E0843204924310860C5
:102F900000E02E43208800F48040B0F5804F38D107
:102FA000D4F8AC00B0F1405F1DD007DC68B1B0F1DF
:102FB000805F0BD0B0F1005F18D10DE0B0F1804F11
:102FC00012D0B0F1A04F11D10FE011E00121201D6E
:102FD00006F038FA05460BE0012104F1240006F062
:102FE000C9FA054604E003E002E001E0012500BF64
:102FF00000BF6DB905482C30006820F0E040D4F8DF
:10300000AC10084301492C31086002E02C440258FE
:103010002E43208800F40040B0F5004F26D1E06E2A
:1030200098B1B0F1805F03D0B0F1005F0ED106E03F
:10303000FA48006840F40030F849086008E00121CF
:10304000201D06F0FFF9054602E001E0012500BF62
:1030500000BF55B9F1482430006820F04050E16EBF
:103060000843EE492431086000E02E43206800F058
:103070008070B0F1807F27D1606CA0B1012804D0AE
:10308000022809D003280FD10CE0E448006840F47E
:103090000030E249086009E00221201D06F0D2F963
:1030A000054603E002E001E0012500BF00BF55B97D
:1030B000DA482030006820F00300616C0843D749EB
:1030C0002031086000E02E43206800F48000B0F555
:1030D000800F7DD1D248006840F48070D0490860EC
:1030E000FFF76AF8074606E0FFF766F8C01B64289A
:1030F00001D9032505E0CA48006800F48070002863
:10310000F2D000BF8DBBC5484430006800F4407069
:10311000B4F8B01001F44071884214D0BF48443074
:10312000006820F44078BD484430006840F48030A6
:10313000BA49443108600846006820F480300860CD
:103140000846C0F80080D4F8B000B0F5807F15D1F3
:10315000FFF732F8074609E0FFF72EF8C01B41F2EF
:103160008831884202D9032507E038E0AB48443073
:103170000068C0F340000028EED000BF4DBB00BF88
:10318000B4F8B00000F44070B0F5407F0ED1A34811
:103190001C38006820F47C51A24AD4F8B0001040DA
:1031A00041EA10109D491C39086007E09B481C3813
:1031B000006820F47C5099491C39086097484430D5
:1031C0000068B4F8B010C1F30B010843934901E063
:1031D00006E002E04431086002E02E4300E02E43A6
:1031E000207800F0010068B3A06F182819D005DC22
:1031F00048B1082808D0102816D10BE0202811D09B
:10320000282811D10FE011E00121201D06F01AF944
:1032100005460BE0012104F1240006F0ABF9054658
:1032200004E003E002E001E0012500BF00BF55B962
:103230007A482830006820F03800A16F08437749A9
:103240002831086000E02E43207800F002000228B8
:1032500028D1606F062815D2DFE800F003040A11B8
:10326000121311E00121201D06F0ECF805460BE0D9
:10327000012104F1240006F07DF9054604E003E095
:1032800002E001E0012500BF00BF55B963482830C6
:10329000006820F00700616F08436049283108602A
:1032A00000E02E43207800F0040004282AD1D4F84E
:1032B0009000062815D2DFE800F003040A1112136B
:1032C00011E00121201D06F0BDF805460BE00121AB
:1032D00004F1240006F04EF9054604E003E002E0A4
:1032E00001E0012500BF00BF5DB94C482C300068EB
:1032F00020F00700D4F89010084348492C310860AA
:1033000000E02E43207800F02000202836D1D4F8A9
:103310008C00B0F1405F1DD007DC68B1B0F1805F78
:103320000BD0B0F1005F18D10DE0B0F1804F12D09A
:10333000B0F1A04F11D10FE011E00021201D06F0E7
:1033400081F805460BE0022104F1240006F012F991
:10335000054604E003E002E001E0012500BF00BFF4
:103360005DB92E482830006820F0E040D4F88C1079
:1033700008432A492831086000E02E43207800F0F5
:103380004000402836D1D4F89800B0F5406F1DD0E9
:1033900007DC68B1B0F5806F0BD0B0F5006F18D1C5
:1033A0000DE0B0F5805F12D0B0F5A05F11D10FE055
:1033B00011E00021201D06F045F805460BE0022132
:1033C00004F1240006F0D6F8054604E003E002E02C
:1033D00001E0012500BF00BF5DB910482C30006836
:1033E00020F4E050D4F8981008430C492C310860C0
:1033F00000E02E43207800F0800080283BD1D4F8F4
:103400009C00B0F5C04F24D00EDCA0B1B0F5005F39
:1034100012D0B0F5804F1FD114E000002C440258A8
:1034200000480258FFFCFF0FB0F5004F12D0B0F576
:10343000204F11D10FE011E00021201D06F002F80D
:1034400005460BE0022104F1240006F093F805463E
:1034500004E003E002E001E0012500BF00BF4DB938
:10346000B248006820F46040D4F89C100843AF498B
:10347000086000E02E43207800F00800082816D1EC
:10348000D4F88000B0F5805F06D1022104F1240059
:1034900006F070F806430AE0A448001F006820F414
:1034A0004050D4F880100843A049091F08602078D4
:1034B00000F01000102814D1D4F89400B0F5807FEB
:1034C00006D1022104F1240006F054F8064308E076
:1034D0009648006820F44070D4F89410084393494B
:1034E0000860206800F40020B0F5002F26D1D4F841
:1034F000A00030B1B0F5803F09D0B0F5003F0ED14B
:103500000CE00021201D05F09DFF054609E0022189
:1035100004F1240006F02EF8054602E001E0012542
:1035200000BF00BF4DB98148006820F44030D4F896
:10353000A01008437D49086000E02E43206800F495
:103540008020B0F5802F2DD1D4F88400B0F5801FF5
:1035500006D0B0F5001F0CD0B0F5401F11D10FE020
:1035600072482C38006840F4003070492C390860EB
:1035700009E0012104F1240005F0FCFF054602E00A
:1035800001E0012500BF00BF5DB96848001F006869
:1035900020F44010D4F8841008436449091F0860DF
:1035A00000E02E43206800F48030B0F5803F24D145
:1035B000E06C18B1B0F5803F0FD108E05B482C38C3
:1035C000006840F4003059492C39086007E00221B6
:1035D000201D05F037FF054601E0012500BF00BFB3
:1035E00055B952480C38006820F48030E16C08432B
:1035F0004E490C39086000E02E43206800F000506E
:10360000B0F1005F05D1022104F1240005F0B2FF02
:103610000643206800F40030B0F5003F27D1E06F8A
:10362000A0B1B0F5807F06D0B0F5007F0CD0B0F52A
:10363000407F0CD109E03D482C38006840F4003050
:103640003A492C39086004E003E002E001E001257A
:1036500000BF00BF55B93548001F006820F4407016
:10366000E16F08433149091F086000E02E432068DC
:1036700000F48010B0F5801F09D12C48083800688C
:1036800020F00040216F084328490839086020686D
:1036900000F08050B0F1805F0AD1244848380068BB
:1036A00020F48040D4F8B410084320494839086019
:1036B000206800F40010B0F5001F09D11B4808383D
:1036C000006820F08070A16E08431849083908602E
:1036D000206800F08040B0F1804F11D100BF134846
:1036E0004838006820F4004010494839086008460E
:1036F0000068D4F8B81008430C494839086000BF86
:10370000206800F00040B0F1004F09D107480C38A4
:10371000006820F04050216D084304490C390860CE
:1037200016B90020BDE8F0810120FBE7584402589B
:1037300070B504460D4600268D48006800F007006D
:10374000A8420ED28A48006820F007002843884922
:1037500008600846006800F00700A84201D0012078
:1037600070BD207800F00200022807D1814800686F
:1037700020F00F00E16808437E490860207800F0DF
:103780000100002851D07B48006820F47060A168D7
:103790000843784908606068022807D175481838DE
:1037A0000068C0F34040F8B90120D9E760680328F9
:1037B00007D1704818380068C0F34060A0B90120F4
:1037C000CEE76068012807D16A4818380068C0F35E
:1037D000002048B90120C3E7664818380068C0F3E4
:1037E000800008B90120BBE762480838006820F073
:1037F0000700616808435F4908390860FEF7DCFC90
:1038000006466068022811D108E0FEF7D5FC801B4F
:1038100041F28831884201D90320A1E75548083890
:10382000006800F038001028EFD13AE06068032803
:1038300011D108E0FEF7C0FC801B41F288318842BC
:1038400001D903208CE74B480838006800F03800A5
:103850001828EFD125E06068012811D108E0FEF7B3
:10386000ABFC801B41F28831884201D9032077E705
:1038700040480838006800F038000828EFD110E010
:1038800008E0FEF799FC801B41F28831884201D99B
:10389000032065E737480838006800F03800002842
:1038A000EFD13348006800F00700A8420ED9304835
:1038B000006820F0070028432D490860084600688A
:1038C00000F00700A84201D0012049E7207800F06D
:1038D0000400042807D12748006820F070002169FF
:1038E000084324490860207800F00800082809D11E
:1038F0002048001D006820F07000616908431D49E0
:10390000091D0860207800F01000102809D119481E
:10391000001D006820F4E060A16908431549091DF5
:103920000860207800F02000202809D111480830D4
:10393000006820F07000E16908430E490831086012
:1039400000F066F80B49096801F470614FF4807269
:1039500092FAA2F2B2FA82F2D140074A515CC84010
:10396000064908600F20FEF747FC0020F8E600003B
:1039700000200052184402586EBD000800000024C8
:1039800010B5FEF7DBFE0949096801F00F010122BD
:1039900092FAA2F2B2FA82F2D140054A515CC840D2
:1039A000044908600846006810BD00001844025829
:1039B0006EBD00080400002410B5FFF7E1FF0749C1
:1039C000096801F07001102292FAA2F2B2FA82F2B2
:1039D000D140034A515CC84010BD00001C4402584D
:1039E0006EBD000810B5FFF7CBFF0749096801F469
:1039F000E0614FF4807292FAA2F2B2FA82F2D14000
:103A0000024A515CC84010BD1C4402586EBD0008FB
:103A100070B5012500EE905A0022012100230024F8
:103A2000DFED861AB0EE610ADFED841AB0EE611A9E
:103A30000020834D2D6805F0380535B1082D15D0CF
:103A4000102D15D0182D7CD114E07D4D103D2D6822
:103A5000C5F3401545B17A4D103D2D68C5F3C1063B
:103A6000784D25FA06F000E07648E5E07648E3E098
:103A70007648E1E0724D18352D6805F00302704D6F
:103A800018352D68C5F305116D4D1C352D6805F0F1
:103A900001036B4D24352D68C5F3CC0515FB03F5EB
:103AA00001EE905AF8EE611AB0EE610A22B1012AD5
:103AB0004FD0022A7DD16BE0614D103D2D68C5F3DA
:103AC00040152DB35E4D103D2D68C5F3C1065D4D0B
:103AD00025FA06F4B4FBF1F501EE905AB8EE612A2E
:103AE000DFED5B1AC0EE212A554D20352D68C5F358
:103AF000080501EE905AF8EE611A72EEA11AF7EE7F
:103B0000002A71EEA21A62EE211AB0EE611A1FE0CD
:103B10004C4DB5FBF1F501EE905AB8EE612ADFEDA0
:103B20004C1AC0EE212A464D20352D68C5F30805F4
:103B300001EE905AF8EE611A72EEA11AF7EE002A21
:103B400000E077E071EEA21A62EE211AB0EE611A7F
:103B50005EE03D4DB5FBF1F501EE905AB8EE612AFD
:103B6000DFED3B1AC0EE212A354D20352D68C5F317
:103B7000080501EE905AF8EE611A72EEA11AF7EEFE
:103B8000002A71EEA21A62EE211AB0EE611A3FE02D
:103B90002E4DB5FBF1F501EE905AB8EE612ADFED3E
:103BA0002C1AC0EE212A264D20352D68C5F30805B4
:103BB00000E00EE001EE905AF8EE611A72EEA11AE2
:103BC000F7EE002A71EEA21A62EE211AB0EE611A27
:103BD0001EE01D4DB5FBF1F501EE905AF8EE612A9D
:103BE000DFED1B1A80EE212A154D20352D68C5F317
:103BF000080501EE905AF8EE611A72EE211AB7EE3E
:103C0000002A71EE821A62EEA11AB0EE611A00BFAC
:103C100000BF0B4D20352D68C5F346256D1C00EE09
:103C2000905AF8EE601A81EE212AFCEEC21A11EECB
:103C3000900A01E0044800BF00BF70BD0000000012
:103C4000104402580090D00300093D0040787D01E7
:103C50000000004670B504460025207800F0010001
:103C6000002872D0F948006800F0380010280CD005
:103C7000F648006800F03800182812D1F3481830D0
:103C8000006800F0030002280BD1F04810380068EB
:103C9000C0F3404000286DD0606800286AD1012040
:103CA00070BD00BF6068B0F5803F08D1E7481038AC
:103CB000006840F48030E549103908602EE0606803
:103CC00068B9E2481038006820F48030DF491039C4
:103CD00008600846006820F4802008601EE06068E4
:103CE000B0F5A02F0DD1D9481038006840F48020DD
:103CF000D649103908600846006840F480300860F2
:103D00000CE0D2481038006820F48030CF491039D8
:103D100008600846006820F48020086000BF6068E2
:103D2000A0B1FEF749FA054608E0FEF745FA401B48
:103D300041F28831884201D90320B1E7C3481038E5
:103D40000068C0F340400028EFD013E0FEF734FADB
:103D5000054608E0FEF730FA401B41F28831884200
:103D600001D903209CE7B94810380068C0F34040EF
:103D70000028EFD1207800F00200022847D1B34894
:103D8000006800F0380058B1B048006800F0380012
:103D900018283ED1AD481830006800F00300B8BBC9
:103DA000AA4810380068C0F3800018B1E06808B96C
:103DB000012075E7A5481038006820F01900E16877
:103DC0000843A24910390860FEF7F6F9054606E0F7
:103DD000FEF7F2F9401B022801D9032060E79B4857
:103DE00010380068C0F380000028F1D097480C38E4
:103DF000006820F47C304FF47C3292FAA2F2B2FADE
:103E000082F221699140084390490C3908604AE0E8
:103E1000FFE7E06868B38D481038006820F01900AB
:103E2000E1680843894910390860FEF7C5F905467D
:103E300006E0FEF7C1F9401B022801D903202FE755
:103E4000824810380068C0F380000028F1D07F4815
:103E50000C38006820F47C304FF47C3292FAA2F2E5
:103E6000B2FA82F221699140084378490C3908601E
:103E700019E076481038006820F0010073491039C5
:103E80000860FEF799F9054606E0FEF795F9401B34
:103E9000022801D9032003E76C4810380068C0F3FA
:103EA00080000028F1D1207800F01000102877D190
:103EB0006648006800F0380008280CD063480068A5
:103EC00000F03800182823D160481830006800F04E
:103ED000030001281CD15D4810380068C0F30020A1
:103EE00020B1E069802801D00120D9E657480C387C
:103EF000006820F0F8404FF0F84292FAA2F2B2FACD
:103F000082F2216A9140084350490C39086047E029
:103F1000E06958B34D481038006840F080004B49C4
:103F200010390860FEF748F9054606E0FEF744F947
:103F3000401B022801D90320B2E64448103800682B
:103F4000C0F300200028F1D040480C38006820F071
:103F5000F8404FF0F84292FAA2F2B2FA82F2216AE5
:103F60009140084339490C39086019E03748103846
:103F7000006820F08000354910390860FEF71CF910
:103F8000054606E0FEF718F9401B022801D9032078
:103F900086E62E4810380068C0F300200028F1D1D2
:103FA000207800F00800082836D16069D0B1274891
:103FB0006430006840F00100244964310860FEF775
:103FC000FBF8054606E0FEF7F7F8401B022801D98A
:103FD000032065E61D4864300068C0F340000028F7
:103FE000F1D019E019486430006820F00100174949
:103FF00064310860FEF7E0F8054606E0FEF7DCF8FD
:10400000401B022801D903204AE6104864300068AA
:10401000C0F340000028F1D1207800F020002028D3
:1040200034D1A069D8B109481038006840F48050F4
:10403000064910390860FEF7BFF8054608E0FEF7AC
:10404000BBF8401B022803D9032029E6104402587C
:10405000AF480068C0F340300028F0D016E0AC480C
:10406000006820F48050AA490860FEF7A5F80546CC
:1040700006E0FEF7A1F8401B022801D903200FE655
:10408000A3480068C0F340300028F2D1207800F047
:10409000040004287DD19F48006840F480709D4949
:1040A0000860FEF789F8054606E0FEF785F8401B34
:1040B000642801D90320F3E59648006800F4807075
:1040C0000028F2D000BFA068012808D190487030C5
:1040D000006840F001008E49703108602DE0A06852
:1040E00068B98B487030006820F001008849703151
:1040F00008600846006820F0040008601DE0A06821
:1041000005280DD182487030006840F004008049D5
:10411000703108600846006840F0010008600CE05B
:104120007B487030006820F00100794970310860E8
:104130000846006820F00400086000BFA068A0B135
:10414000FEF73AF8054608E0FEF736F8401B41F264
:104150008831884201D90320A2E56D48703000689B
:10416000C0F340000028EFD013E0FEF725F8054625
:1041700008E0FEF721F8401B41F28831884201D95E
:1041800003208DE5624870300068C0F340000028CD
:10419000EFD1606A00287CD05D481030006800F0E4
:1041A0003800182876D0606A022874D15848006810
:1041B00020F0807056490860FDF7FEFF054606E0D6
:1041C000FDF7FAFF401B022801D9032068E550489B
:1041D0000068C0F340600028F2D100BFD4E90A10A3
:1041E00041EA00104A492831096840F2F33291430C
:1041F0000843474928310860208E401EC0F308005C
:10420000616B491E4FF47E4202EA41210843218F2F
:10421000491ED20102EA014108433C21095D491EC1
:10422000120202EA0161084339493031086000BFD7
:10423000081D00684FF6F87188434FF6F87292FA3D
:10424000A2F2B2FA82F2A16C9140084330493431B3
:1042500008602F482C30006820F00C00216C0843C7
:104260002B492C3108600846006820F00200616C80
:10427000084327492C3108600846006840F4803024
:1042800008600846006840F400300860084600688E
:1042900002E03BE038E01FE040F480200860084680
:1042A000006840F0010008601948006840F0807024
:1042B00017490860FDF780FF054606E0FDF77CFF23
:1042C000401B022801D90320EAE411480068C0F32A
:1042D00040600028F2D019E00D48006820F080709E
:1042E0000B490860FDF768FF054606E0FDF764FF2F
:1042F000401B022801D90320D2E405480068C0F31E
:1043000040600028F2D101E00120C9E40020C7E4A8
:10431000004402580048025870B504460D460CB9D6
:10432000012070BD94F82C0028B9002084F82D00DD
:10433000204600F019F8022084F82C00211D206886
:10434000FCF711FD2946D4E90002FCF761FD0548A0
:10435000006840F0004003490860012084F82C0008
:104360000020DEE70040005210B586B0044600BFD2
:104370005A48006840F00200584908600846006842
:1043800000F00200009000BF00BF00BF534820387B
:10439000006840F4805051492039086008460068A0
:1043A00000F48050009000BF00BF00BF4B4814389D
:1043B000006840F004004949143908600846006864
:1043C00000F00400009000BF00BF00BF0846006876
:1043D00040F0080008600846006800F008000090FF
:1043E00000BF00BF00BF0846006840F01000086032
:1043F0000846006800F01000009000BF00BF00BF3A
:104400000846006840F0200008600846006800F098
:104410002000009000BF00BF00BF0846006840F0C9
:10442000400008600846006800F04000009000BFAF
:1044300000BF00BF0846006840F0800008600846E2
:10444000006800F08000009000BF00BF00BF084679
:10445000006840F4807008600846006800F48070CE
:10446000009000BF00BF0D200190022002900120AB
:104470000390032004900C20059001A91848FDF733
:1044800063FD4CF20370019001A91648FDF75CFD35
:104490004FF68370019001A91348FDF755FD4FF6C3
:1044A0003F00019001A91148FDF74EFD48F2371079
:1044B000019001A90E48FDF747FD4FF47F400190A0
:1044C00001A90C48FDF740FD40F2FF60019001A9F1
:1044D0000948FDF739FD06B010BD0000F44402584C
:1044E00000080258000C025800100258001402582C
:1044F00000180258001C02580020025870B50446EB
:104500000D4694F82C00022800D170BD022084F8DA
:104510002C0029462068FCF760FC012084F82C0060
:104520000020F2E770B504460D46164694F82C00BC
:10453000022800D170BD022084F82C0032462946A2
:104540002068FCF751FC2868022803D1052084F874
:104550002C0002E0012084F82C000020EAE7000093
:1045600070B504460E4615460CB9012070BD94F88E
:10457000450028B9002084F84400204600F024F8C3
:1045800004F108012068FCF77FFB3146A26820682F
:10459000FCF7BAFB2946E36AD4E90102FCF750FBB9
:1045A000A168206850F8210040F00100A26821684D
:1045B00041F822000348006840F0004001490860CB
:1045C0000020D3E70040005210B586B0044600BF7B
:1045D0002048006840F480501E4908600846006882
:1045E00000F48050009000BF00BF00BF19480C309D
:1045F000006840F0080017490C3108600846006860
:1046000000F00800009000BF00BF00BF084600682F
:1046100040F0100008600846006800F010000090AC
:1046200000BF00BF4EF2B370019002200290012043
:104630000390032004900C20059001A90648FDF783
:1046400083FC4FF68070019001A90448FDF77CFCC3
:1046500006B010BDD4440258000C02580010025895
:10466000042808D14FF0E021096941F004014FF01E
:10467000E022116107E04FF0E021096921F0040117
:104680004FF0E0221161704770B504462546681E60
:10469000B0F1807F01D301200FE0681E4FF0E021D0
:1046A00048610F214FF0FF3007F008F800204FF06D
:1046B000E021886107200861002070BD70477047C5
:1046C00001460022002391F8792091F87A3042EADD
:1046D000030070472DE9F04104462068C569206851
:1046E00007682068866805F00F08B8F1000F0DD143
:1046F00005F0200050B107F0200010B906F08050FE
:1047000020B1204606F019FABDE8F081B8F1000F9B
:1047100072D05D48304018B907F4907000287AD004
:1047200005F0010048B107F4807030B10120216824
:104730000862E06F40F00100E06705F0020048B158
:1047400006F0010030B1022021680862E06F40F0FD
:104750000400E06705F0040048B106F0010030B144
:10476000042021680862E06F40F00200E06705F075
:10477000080078B107F0200028B906F0805010B981
:1047800006F0010030B1082021680862E06F40F0B7
:104790000800E067E06F70B305F0200040B107F05B
:1047A000200010B906F0805010B1204606F0C5F97F
:1047B000E06F00F0080020B92068806800F0400039
:1047C00018B3204606F099F92068806800F0400090
:1047D000B8B12068806820F0400021688860606F70
:1047E00058B12A48616F0865606FFDF727FB10B16B
:1047F000606F016D88470DE00DE02046FFF75FFF19
:1048000008E02046FFF75BFF04E02046FFF757FF74
:104810000020E06778E705F4801078B106F48000A6
:1048200060B14FF4801021680862202084F879007C
:1048300084F87A002046FFF741FF65E705F0800025
:1048400048B107F0800010B906F4000018B1204606
:1048500006F08AFE58E705F0400030B107F040004E
:1048600018B1204606F059F94EE705F4000040B1B2
:1048700007F0804028B12068006820F0804021685F
:10488000086000BF40E7000001000010E3AA000834
:1048900010B504460CB9012010BDA06900B100E0BC
:1048A00000BF94F8790028B9002084F878002046E9
:1048B00000F02AF8242084F879002068006820F0AD
:1048C000010021680860204606F07CF9012800D12B
:1048D000E2E7606B10B1204606F054F820684068AB
:1048E00020F49040216848602068806820F02A0009
:1048F000216888602068006840F001002168086035
:10490000204606F0B4F8C7E710B586B00446214942
:10491000206888423BD100BF1F48006840F001007A
:104920001D4908600846006800F00100009000BFC3
:1049300000BF00BF18481030006840F01000164952
:10494000103108600846006800F01000009000BFB9
:1049500000BF4FF4007001900220029001200390EC
:10496000022004900720059001A90C48FDF7ECFAFD
:104970004FF48060019001A90848FDF7E5FA252071
:10498000FDF77BFE032211462520FDF786FE06B0CB
:1049900010BD000000100140E04402580000025821
:1049A00010B5034693F87A00202867D101B10AB9FF
:1049B000012010BD00BF93F87800012801D102202A
:1049C000F7E7012083F8780000BF5966A3F8682054
:1049D000A3F86A2000BF9868B0F5805F0AD1186913
:1049E00020B940F2FF10A3F86C001CE0FF20A3F8F0
:1049F0006C0018E0986848B9186918B9FF20A3F846
:104A00006C0010E07F20A3F86C000CE09868B0F117
:104A1000805F08D1186918B97F20A3F86C0002E004
:104A20003F20A3F86C0000BF0020D867222083F845
:104A30007A0000BF002083F8780000BF1868806803
:104A400040F001001C68A0601868006800F0005089
:104A500060B11868006840F480701C6820601868B5
:104A6000806840F080501C68A06005E0186800680D
:104A700040F490701C68206000209AE7022098E7BC
:104A80001D4A0168914236D11C49098801F4004150
:104A900089BB1A49098801F4804171B11849097824
:104AA0000A2903D00021154A118024E013490988FE
:104AB00041F40041114A11801DE0114909780D2986
:104AC00006D10E49098841F480410C4A118012E058
:104AD0000B490978094A1288C2F30D02094B99540F
:104AE00006490988491C054A118011460988C729C9
:104AF00001DD0021118070470010014010000024EA
:104B00001200002488000024704700BFFEE7000068
:104B100010B5002210211248FDF748FB104800682C
:104B200020F440600E4908600846006840F4806048
:104B30000860002220210A48FDF738FB022006F019
:104B4000B3FE012210210648FDF730FB022006F0DB
:104B5000ABFE002210210248FDF728FB10BD00002B
:104B6000001C025800B587B000BF1248006840F032
:104B70008000104908600846006800F0800001903D
:104B800000BF00BF3020029001200390049003205A
:104B9000059002A90848FDF7D7F90122202106480F
:104BA000FDF704FB012210210348FDF7FFFA07B0CF
:104BB00000BD0000E0440258001C025810B500225D
:104BC00010211248FDF7F2FA1048006820F4406006
:104BD0000E4908600846006840F4806008600122C1
:104BE00020210A48FDF7E2FA022006F05DFE0122CC
:104BF00010210648FDF7DAFA022006F055FE0022E1
:104C000010210248FDF7D2FA10BD0000001C025826
:104C100070B5054600241848006820F44060164925
:104C2000086008460068086000261AE0002210218B
:104C30001148FDF7BBFA022006F036FE01221021D2
:104C40000D48FDF7B3FA6006040E20210A48FDF76F
:104C5000A1FA08B1601CC4B2012006F025FE701C48
:104C6000C6B2082EE2DB15B9FFF7A8FF01E0FFF797
:104C70004FFF204670BD0000001C025870B504466E
:104C80001C48006820F440601A4908600846006823
:104C900040F480600860002210211648FDF786FA73
:104CA000002523E0E00928B1012220211148FDF769
:104CB0007DFA04E0002220210E48FDF777FA600615
:104CC000040E022006F0F0FD012210210948FDF734
:104CD0006DFA022006F0E8FD002210210548FDF7DC
:104CE00065FA022006F0E0FD681CC5B2082DD9DB8C
:104CF00070BD0000001C025810B51348006820F475
:104D00004060114908600846006840F4806008600F
:104D1000012220210C48FDF749FA012210210A48FE
:104D2000FDF744FA042006F0BFFD002220210648CA
:104D3000FDF73CFA042006F0B7FD002210210248DE
:104D4000FDF734FA10BD0000001C025810B51348DE
:104D5000006820F44060114908600846006840F48B
:104D600080600860002210210C48FDF71FFA002225
:104D700020210A48FDF71AFA042006F095FD0122C9
:104D800010210648FDF712FA012220210348FDF701
:104D90000DFA042006F088FD10BD0000001C02582A
:104DA00010B500241748006820F4406015490860D9
:104DB000084600680860012220211248FDF7F6F934
:104DC000012006F071FD012210210E48FDF7EEF9D9
:104DD000012006F069FD07E0601CC4B2FA2C03DD77
:104DE000FFF7B4FF012010BD20210648FDF7D2F9DE
:104DF0000028F1D1002210210248FDF7D7F9002048
:104E0000F1E70000001C025800B587B000BF24483D
:104E1000006840F00100224908600846006800F080
:104E20000100019000BF00BF00BF0846006840F0CD
:104E3000040008600846006800F00400019000BF0C
:104E400000BF00BF0846006840F0800008600846C8
:104E5000006800F08000019000BF00BF01200290B8
:104E600000200390022004900320059002A90D4821
:104E7000FDF76AF84FF400500290002003900120E3
:104E800004900320059002A90748FDF75DF80C2067
:104E9000029002A90548FDF757F807B000BD0000D1
:104EA000E04402580000025800080258001C025852
:104EB00010B50446012C01D12D4908702C4800780A
:104EC000002839D008212B48FDF764F980B104216E
:104ED0002848FDF75FF958B14FF400512648FDF717
:104EE00059F928B101212548FDF754F9012823D1AA
:104EF0000A2006F0CDFC00201D49087008211D483D
:104F0000FDF748F908B9012010BD04211948FDF743
:104F100041F908B90220F7E74FF400511648FDF7B0
:104F200039F908B90320EFE701211448FDF732F9F8
:104F300001281BD10420E7E708210E48FDF72AF9D4
:104F4000012813D104210B48FDF724F901280DD1C4
:104F500041030948FDF71EF9012807D1012107483F
:104F6000FDF718F910B90120014908700020CBE7BE
:104F70001D000024001C02580008025800000258BE
:104F800070B5044600260D4805880D48006818B124
:104F9000204603F08BF90FE0084840884543002184
:104FA000084602F06FFF03F043F9002602E00549CE
:104FB0000C80761CAE42FAD370BD00001C020024A7
:104FC000680300240000086010B50446624884713C
:104FD0006248006850B1204603F092F95F48C08AE9
:104FE0005D4908805D48008B488010BD002C57D17A
:104FF000F020594908804FF4A07048800846808806
:1050000049F2413188420BD05348808845F2103133
:10501000884205D05048808847F28971884214D16F
:105020002C204D4908812A2048812B208881084660
:10503000808845F21031884206D14FF4A07046496D
:1050400008804FF4F070488081E04348808845F242
:105050001051884210D14FF430503F4908814FF42D
:10506000285048814FF42C5088814FF4F07008800C
:105070004FF4487048806AE03748808841F66311F1
:10508000884264D12C20344908812B2048812A2071
:1050900088814FF4F07008804FF44870488056E0E3
:1050A0004FF4A0702C490880F02048800846808882
:1050B00049F2413188420BD02748808845F21031AF
:1050C000884205D02448808847F28971884207D1F8
:1050D0002C20214908812A2048812B20888129E021
:1050E0001D48808845F21051884210D14FF430504D
:1050F000194908814FF4285048814FF42C50888179
:105100004FF4487008804FF4F070488012E0124865
:10511000808841F6631188420CD12C200E49088109
:105120002A2048812B2088814FF4487008804FF452
:10513000F07048800848808845F21031884206D1D6
:105140004FF4F070044908804FF4A07048800020AC
:1051500002F058FD00BF48E71C0200246803002449
:105160002DE9FF4F85B081468A46002004900390C8
:105170000798A0EB09050898A0EB0A06CDF808905F
:10518000CDF804A0002D01DD012705E00DB90027B1
:1051900002E04FF0FF376D42002E02DD4FF00108B4
:1051A00006E016B94FF0000802E04FF0FF387642F3
:1051B000B54201DD2C4600E034464FF0000B21E003
:1051C000019A91B2029A90B200F022F80498284411
:1051D00004900398304403900498A04205DD04989D
:1051E000001B04900298384402900398A04205DD09
:1051F0000398001B03900198404401900BF10100BB
:105200001FFA80FB601C8345DADD09B0BDE8F08F32
:1052100070B504460D460A48006830B10948294671
:105220000268204603F082F809E02946204602F091
:1052300029FE02F0FDFF034800880349088070BD85
:105240006803002420000024000008602DE9F047D6
:1052500006460F469046002445460320A0EB480929
:105260003CE07A1B91B2321990B2FFF7D1FF3A1BA2
:1052700091B2721990B2FFF7CBFF3A1991B272193D
:1052800090B2FFF7C5FF7A1991B2321990B2FFF7C9
:10529000BFFF7A1991B2321B90B2FFF7B9FF3A19EA
:1052A00091B2721B90B2FFF7B3FF7A1B91B2321B1F
:1052B00090B2FFF7ADFF3A1B91B2721B90B2FFF7AD
:1052C000A7FF641CB9F1000F03DAA000801D814420
:1052D00004E0601B80000A3081446D1EAC42C0DDDA
:1052E000BDE8F08770B504460D461646464800688E
:1052F00028B132462946204603F018F870BD4348CD
:10530000808849F2413188420BD04048808845F27C
:105310001031884205D03D48808847F28971884223
:1053200014D13A49488902F077FF201202F068FF51
:10533000E0B202F065FF3549888902F06DFF28125E
:1053400002F05EFFE8B202F05BFF54E02F48808875
:1053500045F21051884220D12C49488902F05CFF67
:10536000201202F04DFF29494989491C88B202F0F8
:1053700053FFE0B202F044FF2449888902F04CFF59
:10538000281202F03DFF21498989491C88B202F0A8
:1053900043FFE8B202F034FF2DE01C48808841F65C
:1053A0006311884227D11948807920B917480088AD
:1053B000401E001B84B21549488902F02DFF2012BF
:1053C00002F01EFFE0B202F01BFF201202F018FFF5
:1053D000E0B202F015FF0D49888902F01DFF281286
:1053E00002F00EFFE8B202F00BFF281202F008FFF5
:1053F000E8B202F005FF0548008905490880891CCC
:105400000E8000BF7AE70000680300241C0200241D
:10541000FEFF07602DE9F84F05460E4617469846F1
:10542000DDF828904FF0000B1448006840B1434667
:105430003A4631462846CDF8009002F09FFF1BE027
:10544000781B401C1FFA80FB344613E02146284697
:1054500002F018FD02F0ECFE4FF0000A06E00849E9
:10546000A1F800900AF101001FFA80FADA45F6DB94
:10547000601C84B24445E9DDBDE8F88F6803002470
:105480000000086000B595B003F082FAFE498880FC
:105490000846808818B103F015F802F007BB00BF7A
:1054A000FA48006840F00200F849086008460068C1
:1054B00000F00200019000BF00BF202010900120EA
:1054C000119012900320139010A9F148FCF73CFDB5
:1054D00002F034FBEF48F0490860F04848600020D3
:1054E00088600021EC48C160016110214161002108
:1054F0008161C16101624FF480514162002181628A
:105500004FF48041C1620021016341634FF4801177
:1055100081631120099000200A9055200B900020F3
:105520000F90152002900020039015200490002079
:10553000089002AA09A9D848FFF712F8322006F00D
:10554000A7F9D32002F068FE02F02AFBCE4988803A
:1055500002F026FBCC49888002F022FBCA498880F1
:10556000084680884FF6FF7101EA0020C64988800E
:1055700002F016FBC44989880843C34988800A2081
:1055800006F086F9C048808849F2413188427DD0D2
:10559000042002F041FE02F003FBBB49888002F0C8
:1055A000FFFAB949888002F0FBFAB74988800846BB
:1055B00080884FF6FF7101EA0020B349888002F02D
:1055C000EFFAB14989880843AF4988800846808846
:1055D00048F25251884203D147F28970AA49888023
:1055E000A948808847F289718842D0D0D42002F03F
:1055F00013FE02F0D5FAA449888002F0D1FAA2493C
:10560000888002F0CDFAA0498880084680884FF64D
:10561000FF7101EA00209C49888002F0C1FA9A4992
:1056200089880843984988800846808845F2103167
:1056300088426BD055214FF4704002F003FEAA213E
:105640004FF2010002F0FEFD52214FF2020002F083
:10565000F9FD08214FF2030002F0F4FD01214FF2A1
:10566000040002F0EFFD4FF4454002F0D5FD02F0DA
:1056700097FA85498880084680884FF6FF7101EACD
:105680000020814988804CF2015000E03EE002F0A9
:10569000C3FD02F085FA7C49898808437A498880ED
:1056A000052006F0F5F878488088B0F5004F03D162
:1056B00045F21050744988807348808845F2105133
:1056C000884223D0A12002F0A7FD02F069FA6E49BA
:1056D000888002F065FA6C498880084680884FF619
:1056E000FF7101EA00206849888002F059FA664992
:1056F00089880843644988800846808845F261713A
:10570000884203D141F663105F4988805E488088F3
:1057100049F2413188427CD1CF2002F07DFD00204A
:1057200002F06EFDC12002F06BFD302002F068FD3A
:10573000ED2002F071FD642002F062FD032002F012
:105740005FFD122002F05CFD812002F059FDE8208F
:1057500002F062FD852002F053FD102002F050FDA2
:105760007A2002F04DFDCB2002F056FD392002F0E8
:1057700047FD2C2002F044FD002002F041FD3420C2
:1057800002F03EFD022002F03BFDF72002F044FD56
:10579000202002F035FDEA2002F03EFD002002F05C
:1057A0002FFD002002F02CFDC02002F035FD1B2053
:1057B00002F026FDC12002F02FFD012002F020FDA5
:1057C000C52002F029FD302002F01AFD302002F041
:1057D00017FDC72002F020FDB72002F011FD362092
:1057E00002F01AFD482002F00BFD3A2002F014FDF1
:1057F000552002F005FDB12002F00EFD002002F060
:10580000FFFC1A2002F0FCFCB62002F005FD0A2085
:1058100000E0A5E002F0F4FCA22002F0F1FCF2208E
:1058200002F0FAFC002002F0EBFC262002F0F4FC6F
:10583000012002F0E5FCE02002F0EEFC0F2002F077
:10584000DFFC2A2002F0DCFC282002F0D9FC082032
:1058500002F0D6FC0E2002F0D3FC082002F0D0FCAF
:10586000542002F0CDFCA92002F0CAFC432002F033
:10587000C7FC0A2002F0C4FC0F2002F0C1FC00208B
:1058800002F0BEFC00200BE01C020024E0440258A1
:105890000004025800400052D0010024044100528C
:1058A00002F0AEFC002002F0ABFC002002F0A8FCED
:1058B000E12002F0B1FC002002F0A2FC152002F071
:1058C0009FFC172002F09CFC072002F099FC11209D
:1058D00002F096FC062002F093FC2B2002F090FCD4
:1058E000562002F08DFC3C2002F08AFC052002F0DC
:1058F00087FC102002F084FC0F2002F081FC3F2086
:1059000002F07EFC3F2002F07BFC0F2002F078FCCE
:105910002B2002F081FC002002F072FC002002F03B
:105920006FFC012002F06CFC3F2002F069FC2A2091
:1059300002F072FC002002F063FC002002F060FC28
:10594000002002F05DFCEF2002F05AFC112002F072
:1059500063FC782005F09CFF292002F05DFC9CE5AB
:10596000FE48808847F2897188427CD1112002F07C
:1059700053FC782005F08CFF362002F04DFC00200F
:1059800002F03EFC3A2002F047FC052002F038FC11
:10599000B22002F041FC0C2002F032FC0C2002F09C
:1059A0002FFC002002F02CFC332002F029FC3320D5
:1059B00002F026FCB72002F02FFC352002F020FC7C
:1059C000BB2002F029FC322002F01AFCC02002F0B9
:1059D00023FC0C2002F014FCC22002F01DFC01206C
:1059E00002F00EFCC32002F017FC102002F008FCAD
:1059F000C42002F011FC202002F002FCC62002F0BC
:105A00000BFC0F2002F0FCFBD02002F005FCA420D0
:105A100002F0F6FBA12002F0F3FBE02002F0FCFB19
:105A2000D02002F0EDFB002002F0EAFB022002F0A1
:105A3000E7FB072002F0E4FB0A2002F0E1FB28204C
:105A400002F0DEFB322002F0DBFB442002F0D8FB48
:105A5000422002F0D5FB062002F0D2FB0E2002F01D
:105A6000CFFB122000E056E002F0CAFB142002F047
:105A7000C7FB172002F0C4FBE12002F0CDFBD020D1
:105A800002F0BEFB002002F0BBFB022002F0B8FBDC
:105A9000072002F0B5FB0A2002F0B2FB282002F03A
:105AA000AFFB312002F0ACFB542002F0A9FB4720F1
:105AB00002F0A6FB0E2002F0A3FB1C2002F0A0FBCC
:105AC000172002F09DFB1B2002F09AFB1E2002F023
:105AD00097FB2A2002F0A0FB002002F091FB00209F
:105AE00002F08EFB002002F08BFBEF2002F088FB1F
:105AF0002B2002F091FB002002F082FB002002F03C
:105B00007FFB012002F07CFB3F2002F079FB292083
:105B100002F082FBC1E49148808845F2103188424E
:105B200040F07C87ED2002F077FB012002F068FB5B
:105B3000FE2002F065FBEE2002F06EFBDE2002F09C
:105B40005FFB212002F05CFBF12002F065FB0120ED
:105B500002F056FBDF2002F05FFB102002F050FB4A
:105B6000C42002F059FB8F2002F04AFBC62002F04D
:105B700053FB002002F044FBE22002F041FBE22054
:105B800002F03EFBE22002F03BFBBF2002F044FBB0
:105B9000AA2002F035FBB02002F03EFB0D2002F0FF
:105BA0002FFB002002F02CFB0D2002F029FB00202F
:105BB00002F026FB112002F023FB002002F020FB64
:105BC000192002F01DFB002002F01AFB212002F038
:105BD00017FB002002F014FB2D2002F011FB002027
:105BE00002F00EFB3D2002F00BFB002002F008FB50
:105BF0005D2002F005FB002002F002FB5D2002F0B8
:105C0000FFFA002002F0FCFAB12002F005FB802030
:105C100002F0F6FA002002F0F3FA8B2002F0F0FA1C
:105C2000002002F0EDFA962002F0EAFA002002F0DD
:105C3000E7FAB22002F0F0FA002002F0E1FA0020C8
:105C400002F0DEFA022002F0DBFA002002F0D8FABD
:105C5000032002F0D5FA002002F0D2FAB32002F0BD
:105C6000DBFA002002F0CCFA002002F0C9FA002092
:105C700002F0C6FA002002F0C3FA002002F0C0FAD7
:105C8000002002F0BDFA002002F0BAFA002002F073
:105C9000B7FA002002F0B4FA002002F0B1FA0020B6
:105CA00002F0AEFA002002F0ABFA002002F0A8FAEF
:105CB000002002F0A5FA002002F0A2FA002002F073
:105CC0009FFA002002F09CFA002002F099FA0020CE
:105CD00002F096FA002002F093FA002002F090FA07
:105CE000002002F08DFA002002F08AFA002002F073
:105CF00087FAB42002F090FA8B2002F081FA00209B
:105D000002F07EFA962002F07BFA002002F078FA88
:105D1000A12002F075FA002002F072FAB52002F01C
:105D20007BFA022002F06CFA002002F069FA0320EC
:105D300002F066FA002002F063FA042002F060FA32
:105D4000002002F05DFAB62002F066FA002002F0B0
:105D500057FA002002F054FAB72001E01C02002498
:105D600002F05AFA002002F04BFA002002F048FA42
:105D70003F2002F045FA002002F042FA5E2002F0D5
:105D80003FFA002002F03CFA642002F039FA0020C9
:105D900002F036FA8C2002F033FA002002F030FADA
:105DA000AC2002F02DFA002002F02AFADC2002F0EA
:105DB00027FA002002F024FA702002F021FA0020D5
:105DC00002F01EFA902002F01BFA002002F018FAEE
:105DD000EB2002F015FA002002F012FADC2002F0AB
:105DE0000FFA002002F00CFAB82002F015FA002099
:105DF00002F006FA002002F003FA002002F000FA96
:105E0000002002F0FDF9002002F0FAF9002002F073
:105E1000F7F9002002F0F4F9002002F0F1F9BA20BD
:105E200002F0FAF9242002F0EBF9002002F0E8F980
:105E3000002002F0E5F9002002F0E2F9C12002F0B2
:105E4000EBF9202002F0DCF9002002F0D9F954200F
:105E500002F0D6F9002002F0D3F9FF2002F0D0F9C9
:105E6000002002F0CDF9C22002F0D6F90A2002F09B
:105E7000C7F9002002F0C4F9042002F0C1F90020A3
:105E800002F0BEF9C32002F0C7F93C2002F0B8F9D5
:105E9000002002F0B5F93A2002F0B2F9002002F039
:105EA000AFF9392002F0ACF9002002F0A9F937204F
:105EB00002F0A6F9002002F0A3F93C2002F0A0F9BC
:105EC000002002F09DF9362002F09AF9002002F03D
:105ED00097F9322002F094F9002002F091F92F2076
:105EE00002F08EF9002002F08BF92C2002F088F9E4
:105EF000002002F085F9292002F082F9002002F04A
:105F00007FF9262002F07CF9002002F079F92420A4
:105F100002F076F9002002F073F9242002F070F903
:105F2000002002F06DF9232002F06AF9002002F04F
:105F300067F93C2002F064F9002002F061F9362094
:105F400002F05EF9002002F05BF9322002F058F90D
:105F5000002002F055F92F2002F052F9002002F043
:105F60004FF92C2002F04CF9002002F049F92920C9
:105F700002F046F9002002F043F9262002F040F931
:105F8000002002F03DF9242002F03AF9002002F04E
:105F900037F9242002F034F9002002F031F92320EF
:105FA00002F02EF9002002F02BF9C42002F034F99F
:105FB000622002F025F9002002F022F9052002F00B
:105FC0001FF9002002F01CF9842002F019F90020CA
:105FD00002F016F9F02002F013F9002002F010F997
:105FE000182002F00DF9002002F00AF9A42002F0B6
:105FF00007F9002002F004F9182002F001F900204E
:1060000002F0FEF8502002F0FBF8002002F0F8F851
:106010000C2002F0F5F8002002F0F2F8172002F050
:10602000EFF8002002F0ECF8952002F0E9F80020EB
:1060300002F0E6F8F32002F0E3F8002002F0E0F8C6
:10604000E62002F0DDF8002002F0DAF8C52002F0C8
:10605000E3F8322002F0D4F8002002F0D1F8442016
:1060600002F0CEF8002002F0CBF8652002F0C8F86C
:10607000002002F0C5F8762002F0C2F8002002F0FD
:10608000BFF8882002F0BCF8002002F0B9F8C62062
:1060900002F0C2F8202002F0B3F8002002F0B0F8BD
:1060A000172002F0ADF8002002F0AAF8012002F05B
:1060B000A7F8002002F0A4F8C72002F0ADF80020F5
:1060C00002F09EF8002002F09BF8002002F098F801
:1060D000002002F095F8C82002F09EF8002002F09F
:1060E0008FF8002002F08CF8002002F089F80020E0
:1060F00002F086F8C92002F08FF8002002F080F844
:10610000002002F07DF8002002F07AF8002002F072
:1061100077F8002002F074F8002002F071F80020F7
:1061200002F06EF8002002F06BF8002002F068F830
:10613000002002F065F8002002F062F8002002F072
:106140005FF8002002F05CF8002002F059F800200F
:1061500002F056F8002002F053F8E02002F05CF85C
:10616000162002F04DF8002002F04AF81C2002F040
:1061700047F8002002F044F8212002F041F8002006
:1061800002F03EF8362002F03BF8002002F038F82A
:10619000462002F035F8002002F032F8522002F0DA
:1061A0002FF8002002F02CF8642002F029F80020DB
:1061B00002F026F87A2002F023F8002002F020F8FE
:1061C0008B2002F01DF8002002F01AF8992002F04E
:1061D00017F8002002F014F8A82002F011F80020AF
:1061E00002F00EF8B92002F00BF8002002F008F8D7
:1061F000C42002F005F8002002F002F8CA2001F0E5
:10620000FFFF002001F0FCFFD22001F0F9FF002089
:1062100001F0F6FFD92001F0F3FF002001F0F0FFBC
:10622000E02001F0EDFF002001F0EAFFF32001F093
:10623000E7FF002001F0E4FFE12001F0EDFF162070
:1062400001F0DEFF002001F0DBFF1C2001F0D8FF91
:10625000002001F0D5FF222001F0D2FF002001F044
:10626000CFFF362001F0CCFF002001F0C9FF452010
:1062700001F0C6FF002001F0C3FF522001F0C0FF73
:10628000002001F0BDFF642001F0BAFF002001F002
:10629000B7FF7A2001F0B4FF002001F0B1FF8B209E
:1062A00001F0AEFF002001F0ABFF992001F0A8FF44
:1062B000002001F0A5FFA82001F0A2FF002001F0BE
:1062C0009FFFB92001F09CFF002001F099FFC4203E
:1062D00001F096FF002001F093FFCA2001F090FF2B
:1062E000002001F08DFFD22001F08AFF002001F094
:1062F00087FFD82001F084FF002001F081FFE0201B
:1063000001F07EFF002001F07BFFF32001F078FF19
:10631000002001F075FFE22001F07EFF052001F072
:106320006FFF002001F06CFF0B2001F069FF0020DF
:1063300001F066FF1B2001F063FF002001F060FF09
:10634000342001F05DFF002001F05AFF442001F0ED
:1063500057FF002001F054FF4F2001F051FF0020B3
:1063600001F04EFF612001F04BFF002001F048FFDB
:10637000792001F045FF002001F042FF882001F064
:106380003FFF002001F03CFF972001F039FF002083
:1063900001F036FFA62001F033FF002001F030FFAE
:1063A000B72001F02DFF002001F02AFFC22001F0EC
:1063B00027FF002001F024FFC72001F021FF00206B
:1063C00001F01EFFD12001F01BFF002001F018FF9B
:1063D000D62001F015FF002001F012FFDD2001F0B2
:1063E0000FFF002001F00CFFF32001F009FF002057
:1063F00001F006FFE32001F00FFF052001F000FF90
:10640000002001F0FDFE0A2001F0FAFE002001F05C
:10641000F7FE1C2001F0F4FE002001F0F1FE332015
:1064200001F0EEFE002001F0EBFE442001F0E8FE5A
:10643000002001F0E5FE502001F0E2FE002001F016
:10644000DFFE622001F0DCFE002001F0D9FE7820A2
:1064500001F0D6FE002001F0D3FE882001F0D0FE2E
:10646000002001F0CDFE972001F0CAFE002001F0CF
:10647000C7FEA62001F0C4FE002001F0C1FEB72037
:1064800001F0BEFE002001F0BBFEC22001F0B8FE0C
:10649000002001F0B5FEC72001F0B2FE002001F09F
:1064A000AFFED12001F0ACFE002001F0A9FED52006
:1064B00001F0A6FE002001F0A3FEDD2001F0A0FE09
:1064C000002001F09DFEF32001F09AFE002001F073
:1064D00097FEE42001F0A0FE012001F091FE0020D3
:1064E00001F08EFE012001F08BFE002001F088FEFD
:1064F000022001F085FE002001F082FE2A2001F03A
:106500007FFE002001F07CFE3C2001F079FE00209F
:1065100001F076FE4B2001F073FE002001F070FECA
:106520005D2001F06DFE002001F06AFE742001F094
:1065300067FE002001F064FE842001F061FE00206F
:1065400001F05EFE932001F05BFE002001F058FE9A
:10655000A22001F055FE002001F052FEB32001F010
:106560004FFE002001F04CFEBE2001F049FE00204D
:1065700001F046FEC42001F043FE002001F040FE81
:10658000CD2001F03DFE002001F03AFED32001F0C5
:1065900037FE002001F034FEDD2001F031FE002046
:1065A00001F02EFEF32001F02BFE002001F028FE6A
:1065B000E52001F031FE002001F022FE002001F074
:1065C0001FFE002001F01CFE002001F019FE022039
:1065D00001F016FE002001F013FE292001F010FE4C
:1065E000002001F00DFE3C2001F00AFE002001F029
:1065F00007FE4B2001F004FE002001F001FE5D20AB
:1066000001F0FEFD002001F0FBFD742001F0F8FD1B
:10661000002001F0F5FD842001F0F2FD002001F0E2
:10662000EFFD932001F0ECFD002001F0E9FDA22038
:1066300001F0E6FD002001F0E3FDB32001F0E0FDF4
:10664000002001F0DDFDBE2001F0DAFD002001F0A8
:10665000D7FDC42001F0D4FD002001F0D1FDCD20F4
:1066600001F0CEFD002001F0CBFDD32001F0C8FDEC
:10667000002001F0C5FDDC2001F0C2FD002001F08A
:10668000BFFDF32001F0BCFD002001F0B9FDE620C4
:1066900001F0C2FD112001F0B3FD002001F0B0FDBA
:1066A000342001F0ADFD002001F0AAFD562001F0DC
:1066B000A7FD002001F0A4FD762001F0A1FD00203F
:1066C00001F09EFD772001F09BFD002001F098FD78
:1066D000662001F095FD002001F092FD882001F078
:1066E0008FFD002001F08CFD992001F089FD002034
:1066F00001F086FDBB2001F083FD002001F080FD4C
:10670000992001F07DFD002001F07AFD662001F066
:1067100077FD002001F074FD552001F071FD00208F
:1067200001F06EFD552001F06BFD002001F068FDC9
:10673000452001F065FD002001F062FD432001F0DD
:106740005FFD002001F05CFD442001F059FD0020B8
:1067500001F056FDE72001F05FFD322001F050FD11
:10676000002001F04DFD552001F04AFD002001F010
:1067700047FD762001F044FD002001F041FD662038
:1067800001F03EFD002001F03BFD672001F038FDE7
:10679000002001F035FD672001F032FD002001F0FE
:1067A0002FFD872001F02CFD002001F029FD99200C
:1067B00001F026FD002001F023FDBB2001F020FDAB
:1067C000002001F01DFD992001F01AFD002001F0CC
:1067D00017FD772001F014FD002001F011FD442089
:1067E00001F00EFD002001F00BFD562001F008FD28
:1067F000002001F005FD232001F002FD002001F042
:10680000FFFC332001F0FCFC002001F0F9FC4520E6
:1068100001F0F6FC002001F0F3FCE82001F0FCFCA4
:10682000002001F0EDFC002001F0EAFC992001F0CD
:10683000E7FC002001F0E4FC872001F0E1FC0020EF
:1068400001F0DEFC882001F0DBFC002001F0D8FC28
:10685000772001F0D5FC002001F0D2FC662001F089
:10686000CFFC002001F0CCFC882001F0C9FC002006
:1068700001F0C6FCAA2001F0C3FC002001F0C0FC1E
:10688000BB2001F0BDFC002001F0BAFC992001F012
:10689000B7FC002001F0B4FC662001F0B1FC002040
:1068A00001F0AEFC552001F0ABFC002001F0A8FC8B
:1068B000552001F0A5FC002001F0A2FC442001F0CD
:1068C0009FFC002001F09CFC442001F099FC00207A
:1068D00001F096FC552001F093FC002001F090FCA3
:1068E000E92001F099FCAA2001F08AFC002001F0C7
:1068F00087FC002001F084FC002001F081FC0020D6
:1069000001F08AFCAA2001F07BFCCF2001F084FC7E
:10691000002001F075FC002001F072FC002001F065
:106920006FFC002001F06CFC002001F069FC0020ED
:1069300001F066FC002001F063FC002001F060FC27
:10694000002001F05DFC002001F05AFC002001F065
:1069500057FC002001F054FC002001F051FC002005
:1069600001F04EFC002001F04BFC002001F048FC3F
:10697000002001F045FCF02001F04EFC002001F069
:106980003FFC502001F03CFC002001F039FC0020CD
:1069900001F036FC002001F033FCF32001F03CFC58
:1069A000002001F02DFCF92001F036FC062001F05A
:1069B00027FC102001F024FC292001F021FC0020FC
:1069C00001F01EFC3A2001F027FC552001F018FCD4
:1069D000112001F021FC642004F05AFF292001F06D
:1069E0001BFC352001F018FC002001F009FC5120AF
:1069F00001F012FCFF2001F003FC532001F00CFC1D
:106A00002C2001F0FDFB552001F006FC822001F056
:106A1000F7FB2C2001F000FC01F048B8FE4880880C
:106A200045F2105188427DD155214FF4704001F05C
:106A300009FCAA214FF2010001F004FC52214FF29F
:106A4000020001F0FFFB08214FF2030001F0FAFB06
:106A500001214FF2040001F0F5FB0D214FF430400D
:106A600001F0F0FB0D214BF2010001F0EBFB0D21D9
:106A70004BF2020001F0E6FB34214FF4364001F006
:106A8000E1FB34214BF2016001F0DCFB34214BF2DD
:106A9000026001F0D7FB0D214FF4314001F0D2FB31
:106AA0000D214BF2011001F0CDFB0D214BF2021034
:106AB00001F0C8FB34214FF4374001F0C3FB34210F
:106AC0004BF2017001F0BEFB34214BF2027001F079
:106AD000B9FB00214FF4324001F0B4FB00214BF22E
:106AE000012001F0AFFB00214BF2022001F0AAFBD4
:106AF00024214FF4384001F0A5FB24214BF601007E
:106B000001F0A0FB24214BF6020001F09BFB0121C8
:106B10004FF43F4001F096FB0F214FF4334001F05A
:106B200091FB00E0FDE30F214BF2013001F08AFB05
:106B30000F214BF2023001F085FB34214FF4394034
:106B400001F080FB34214BF6011001F07BFB342176
:106B50004BF6021001F076FB08214FF4354001F0AE
:106B600071FB08214BF2015001F06CFB08214BF244
:106B7000025001F067FB03214FF4424001F062FB39
:106B800024214FF43A4001F05DFB24214BF6012013
:106B900001F058FB24214BF6022001F053FB0021A9
:106BA0004FF43C4001F04EFB78214BF6014001F0E0
:106BB00049FB00214BF6024001F044FB00214FF459
:106BC0003D4001F03FFB78214BF6015001F03AFBCC
:106BD00000214BF6025001F035FB00214FF43E40FE
:106BE00001F030FB64214BF6016001F02BFB00212A
:106BF0004FF4514001F026FB33214DF2011001F01A
:106C000021FB00214DF2021001F01CFB34214DF25A
:106C1000031001F017FB00214DF2041001F012FBEC
:106C20003A214DF2051001F00DFB00214DF2061046
:106C300001F008FB4A214DF2071001F003FB00218F
:106C40004DF2081001F0FEFA5C214DF2091001F03E
:106C5000F9FA00214DF20A1001F0F4FA81214DF207
:106C60000B1001F0EFFA00214DF20C1001F0EAFADE
:106C7000A6214DF20D1001F0E5FA00214DF20E10A3
:106C800001F0E0FAE5214DF20F1001F0DBFA0121ED
:106C90004DF2101001F0D6FA13214DF2111001F04F
:106CA000D1FA01214DF2121001F0CCFA54214DF22B
:106CB000131001F0C7FA01214DF2141001F0C2FACD
:106CC00082214DF2151001F0BDFA01214DF216108E
:106CD00001F0B8FACA214DF2171001F0B3FA0221FF
:106CE0004DF2181001F0AEFA00214DF2191001F02A
:106CF000A9FA02214DF21A1001F0A4FA01214DF275
:106D00001B1001F09FFA02214DF21C1001F09AFABB
:106D100034214DF21D1001F095FA02214DF21E10A2
:106D200001F090FA67214DF21F1001F08BFA022159
:106D30004DF2201001F086FA84214DF2211001F06D
:106D400081FA02214DF2221001F07CFAA4214DF2C9
:106D5000231001F077FA02214DF2241001F072FAAB
:106D6000B7214DF2251001F06DFA02214DF22610E7
:106D700001F068FACF214DF2271001F063FA0221E9
:106D80004DF2281001F05EFADE214DF2291001F0DB
:106D900059FA02214DF22A1001F054FAF2214DF273
:106DA0002B1001F04FFA02214DF22C1001F04AFA9B
:106DB000FE214DF22D1001F045FA03214DF22E1067
:106DC00001F040FA10214DF22F1001F03BFA03219F
:106DD0004DF2301001F036FA33214DF2311001F04E
:106DE00031FA03214DF2321001F02CFA6D214DF2EF
:106DF000331001F027FA00214FF4524001F022FA3B
:106E000033214DF2012001F01DFA00214DF2022044
:106E100001F018FA342101E01C0200244DF2032095
:106E200001F010FA00214DF2042001F00BFA3A2192
:106E30004DF2052001F006FA00214DF2062001F086
:106E400001FA4A214DF2072001F0FCF900214DF230
:106E5000082001F0F7F95C214DF2092001F0F2F968
:106E600000214DF20A2001F0EDF981214DF20B20B5
:106E700001F0E8F900214DF20C2001F0E3F9A62120
:106E80004DF20D2001F0DEF900214DF20E2001F04F
:106E9000D9F9E5214DF20F2001F0D4F901214DF28D
:106EA000102001F0CFF913214DF2112001F0CAF9A1
:106EB00001214DF2122001F0C5F954214DF21320A9
:106EC00001F0C0F901214DF2142001F0BBF982213B
:106ED0004DF2152001F0B6F901214DF2162001F016
:106EE000B1F9CA214DF2172001F0ACF902214DF29F
:106EF000182001F0A7F900214DF2192001F0A2F9A4
:106F000002214DF21A2001F09DF901214DF21B20C2
:106F100001F098F902214DF21C2001F093F934217F
:106F20004DF21D2001F08EF902214DF21E2001F0DC
:106F300089F967214DF21F2001F084F902214DF2F9
:106F4000202001F07FF984214DF2212001F07AF90F
:106F500002214DF2222001F075F9A4214DF22320E7
:106F600001F070F902214DF2242001F06BF9B721F4
:106F70004DF2252001F066F902214DF2262001F0A4
:106F800061F9CF214DF2272001F05CF902214DF289
:106F9000282001F057F9DE214DF2292001F052F9A5
:106FA00002214DF22A2001F04DF9F2214DF22B2061
:106FB00001F048F902214DF22C2001F043F9FE21A5
:106FC0004DF22D2001F03EF903214DF22E2001F06B
:106FD00039F910214DF22F2001F034F903214DF23F
:106FE000302001F02FF933214DF2312001F02AF940
:106FF00003214DF2322001F025F96D214DF23320AD
:1070000001F020F900214FF4534001F01BF9332126
:107010004DF2013001F016F900214DF2023001F07D
:1070200011F934214DF2033001F00CF900214DF239
:10703000043001F007F93A214DF2053001F002F970
:1070400000214DF2063001F0FDF84A214DF20730E3
:1070500001F0F8F800214DF2083001F0F3F85C215E
:107060004DF2093001F0EEF800214DF20A3001F046
:10707000E9F881214DF20B3001F0E4F800214DF2E6
:107080000C3001F0DFF8A6214DF20D3001F0DAF8F6
:1070900000214DF20E3001F0D5F8E5214DF20F3010
:1070A00001F0D0F801214DF2103001F0CBF813219E
:1070B0004DF2113001F0C6F801214DF2123001F00D
:1070C000C1F854214DF2133001F0BCF801214DF20A
:1070D000143001F0B7F882214DF2153001F0B2F80A
:1070E00001214DF2163001F0ADF8CA214DF21730F2
:1070F00001F0A8F802214DF2183001F0A3F80021A8
:107100004DF2193001F09EF802214DF21A3001F0D3
:1071100099F801214DF21B3001F094F802214DF253
:107120001C3001F08FF834214DF21D3001F08AF847
:1071300002214DF21E3001F085F867214DF21F301B
:1071400001F080F802214DF2203001F07BF884211B
:107150004DF2213001F076F802214DF2223001F09B
:1071600071F8A4214DF2233001F06CF802214DF2A8
:10717000243001F067F8B7214DF2253001F062F8B4
:1071800002214DF2263001F05DF8CF214DF227307B
:1071900001F058F802214DF2283001F053F8DE21B9
:1071A0004DF2293001F04EF802214DF22A3001F063
:1071B00049F8F2214DF22B3001F044F802214DF252
:1071C0002C3001F03FF8FE214DF22D3001F03AF85D
:1071D00003214DF22E3001F035F810214DF22F3001
:1071E00001F030F803214DF2303001F02BF833215B
:1071F0004DF2313001F026F803214DF2323001F02A
:1072000021F86D214DF2333001F01CF800214FF4CC
:10721000544001F017F833214DF2014001F012F80B
:1072200000214DF2024001F00DF834214DF20340EF
:1072300001F008F800214DF2044001F003F83A2172
:107240004DF2054000F0FEFF00214DF2064000F037
:10725000F9FF4A214DF2074000F0F4FF00214DF202
:10726000084000F0EFFF5C214DF2094000F0EAFF1A
:1072700000214DF20A4000F0E5FF81214DF20B4064
:1072800000F0E0FF00214DF20C4000F0DBFFA621F2
:107290004DF20D4000F0D6FF00214DF20E4000F0FF
:1072A000D1FFE5214DF20F4000F0CCFF01214DF25E
:1072B000104000F0C7FF13214DF2114000F0C2FF53
:1072C00001214DF2124000F0BDFF54214DF2134058
:1072D00000F0B8FF01214DF2144000F0B3FF82210D
:1072E0004DF2154000F0AEFF01214DF2164000F0C6
:1072F000A9FFCA214DF2174000F0A4FF02214DF270
:10730000184000F09FFF00214DF2194000F09AFF55
:1073100002214DF21A4000F095FF01214DF21B4071
:1073200000E005E300F08EFF02214DF21C4000F06A
:1073300089FF34214DF21D4000F084FF02214DF2FF
:107340001E4000F07FFF67214DF21F4000F07AFFE2
:1073500002214DF2204000F075FF84214DF22140C2
:1073600000F070FF02214DF2224000F06BFFA421DB
:107370004DF2234000F066FF02214DF2244000F060
:1073800061FFB7214DF2254000F05CFF02214DF274
:10739000264000F057FFCF214DF2274000F052FF6A
:1073A00002214DF2284000F04DFFDE214DF2294030
:1073B00000F048FF02214DF22A4000F043FFF22185
:1073C0004DF22B4000F03EFF02214DF22C4000F028
:1073D00039FFFE214DF22D4000F034FF03214DF224
:1073E0002E4000F02FFF10214DF22F4000F02AFF19
:1073F00003214DF2304000F025FF33214DF23140A2
:1074000000F020FF03214DF2324000F01BFF6D2100
:107410004DF2334000F016FF00214FF4554000F0CC
:1074200011FF33214DF2015000F00CFF00214DF20D
:10743000025000F007FF34214DF2035000F002FF2C
:1074400000214DF2045000F0FDFE3A214DF20550AE
:1074500000F0F8FE00214DF2065000F0F3FE4A2144
:107460004DF2075000F0EEFE00214DF2085000F002
:10747000E9FE5C214DF2095000F0E4FE00214DF2DE
:107480000A5000F0DFFE81214DF20B5000F0DAFED1
:1074900000214DF20C5000F0D5FEA6214DF20D500A
:1074A00000F0D0FE00214DF20E5000F0CBFEE521A1
:1074B0004DF20F5000F0C6FE01214DF2105000F0C9
:1074C000C1FE13214DF2115000F0BCFE01214DF21E
:1074D000125000F0B7FE54214DF2135000F0B2FEEE
:1074E00001214DF2145000F0ADFE82214DF21550F5
:1074F00000F0A8FE01214DF2165000F0A3FECA21B3
:107500004DF2175000F09EFE02214DF2185000F08F
:1075100099FE00214DF2195000F094FE02214DF227
:107520001A5000F08FFE01214DF21B5000F08AFE30
:1075300002214DF21C5000F085FE34214DF21D5009
:1075400000F080FE02214DF21E5000F07BFE67210C
:107550004DF21F5000F076FE02214DF2205000F057
:1075600071FE84214DF2215000F06CFE02214DF29B
:10757000225000F067FEA4214DF2235000F062FE7D
:1075800002214DF2245000F05DFEB7214DF225504E
:1075900000F058FE02214DF2265000F053FECF219C
:1075A0004DF2275000F04EFE02214DF2285000F01F
:1075B00049FEDE214DF2295000F044FE02214DF239
:1075C0002A5000F03FFEF2214DF22B5000F03AFE1F
:1075D00002214DF22C5000F035FEFE214DF22D50CF
:1075E00000F030FE03214DF22E5000F02BFE102152
:1075F0004DF22F5000F026FE03214DF2305000F0E6
:1076000021FE33214DF2315000F01CFE03214DF2DA
:10761000325000F017FE6D214DF2335000F012FE93
:1076200000214FF4564000F00DFE33214DF2016071
:1076300000F008FE00214DF2026000F003FE34214C
:107640004DF2036000F0FEFD00214DF2046000F0F9
:10765000F9FD3A214DF2056000F0F4FD00214DF2F4
:10766000066000F0EFFD4A214DF2076000F0EAFDF0
:1076700000214DF2086000F0E5FD5C214DF209604B
:1076800000F0E0FD00214DF20A6000F0DBFD8121F9
:107690004DF20B6000F0D6FD00214DF20C6000F0C1
:1076A000D1FDA6214DF20D6000F0CCFD00214DF280
:1076B0000E6000F0C7FDE5214DF20F6000F0C2FD45
:1076C00001214DF2106000F0BDFD13214DF211605B
:1076D00000F0B8FD01214DF2126000F0B3FD54211D
:1076E0004DF2136000F0AEFD01214DF2146000F088
:1076F000A9FD82214DF2156000F0A4FD01214DF29B
:10770000166000F09FFDCA214DF2176000F09AFD4F
:1077100002214DF2186000F095FD00214DF2196034
:1077200000F090FD02214DF21A6000F08BFD012166
:107730004DF21B6000F086FD02214DF21C6000F04E
:1077400081FD34214DF21D6000F07CFD02214DF2DF
:107750001E6000F077FD67214DF21F6000F072FDA2
:1077600002214DF2206000F06DFD84214DF2216078
:1077700000F068FD02214DF2226000F063FDA421BB
:107780004DF2236000F05EFD02214DF2246000F016
:1077900059FDB7214DF2256000F054FD02214DF254
:1077A000266000F04FFDCF214DF2276000F04AFD2A
:1077B00002214DF2286000F045FDDE214DF22960E6
:1077C00000F040FD02214DF22A6000F03BFDF22165
:1077D0004DF22B6000F036FD02214DF22C6000F0DE
:1077E00031FDFE214DF22D6000F02CFD03214DF204
:1077F0002E6000F027FD10214DF22F6000F022FDD9
:1078000003214DF2306000F01DFD33214DF2316057
:1078100000F018FD03214DF2326000F013FD6D21E0
:107820004DF2336000F00EFD55214FF4704000F032
:1078300009FDAA214FF2010000F004FD52214FF290
:10784000020000F0FFFC08214FF2030000F0FAFCF8
:1078500000214FF2040000F0F5FCCC214FF4314040
:1078600000F0F0FC00214BF2011000F0EBFC0521D0
:107870004FF4364000F0E6FC70214FF4374000F042
:10788000E1FC70214BF2017000F0DCFC01214FF4AF
:10789000384000F0D7FC03214BF6010000F0D2FC89
:1078A00003214BF6020000F0CDFC03214BF6030050
:1078B00000F0C8FC02214FF43C4000F0C3FC002162
:1078C0004BF6014000F0BEFC00214BF6024000F0F8
:1078D000B9FCD0214FF4494000F0B4FC02214CF631
:1078E000011000F0AFFC50214CF6021000F0AAFC91
:1078F00050214CF6031000F0A5FC50214CF604106A
:1079000000F0A0FC00214FF4545000F09BFC5521E6
:107910004FF4685000F096FC4FF4885000F07CFC67
:10792000782003F0C1FF4FF4245000F075FCBDE057
:107930007C48808841F663118842F8D1E22000F04B
:107940006BFC1D2000F05CFC022000F059FC0420C0
:1079500000F056FC642003F0A7FFE02000F05CFC80
:10796000012000F04DFC0A2003F092FFE02000F01F
:1079700053FC032000F044FC0C2003F089FF01209D
:1079800000F04AFC0A2003F083FFE62000F044FCEC
:107990002F2000F035FCFF2000F032FCFF2000F02B
:1079A0002FFCB02000F038FC202000F029FC002043
:1079B00000F026FC032000F023FC40F21F3000F012
:1079C0001FFC012000F01CFC40F2DF1000F018FC4E
:1079D000002000F015FCB42000F01EFC042000F094
:1079E0000FFC40F21F4000F00BFC002000F008FCF0
:1079F0002E2000F005FC002000F002FC002000F02A
:107A0000FFFB002000F0FCFB002000F0F9FBB6209B
:107A100000F002FC022000F0F3FB4FF4037000F0D2
:107A2000EFFB002000F0ECFB172000F0E9FB152035
:107A300000F0E6FB002000F0E3FB002000F0E0FB9C
:107A4000F02000F0E9FB032000F0DAFB292000F031
:107A5000E3FBD02000F0E0FB002000F0D1FBBE20D3
:107A600000F0DAFB052000F0CBFBFE2000F0C8FBA5
:107A7000012000F0C5FB002000F0C2FB002000F058
:107A8000BFFB002000F0BCFBB82000F0C5FB0320CA
:107A900000F0B6FB012000F0B3FBBA2000F0BCFB05
:107AA000012000F0ADFB642000F084F81D488088C0
:107AB00049F24131884217D01A48808845F2103186
:107AC000884211D01748808845F2105188420BD067
:107AD0001448808841F66311884205D01148808897
:107AE00047F28971884209D10520029004900E491D
:107AF000CB6A8A68486802A9F9F7A2F80948818820
:107B00000AA0F8F7BBFC0020FDF75EFA0122202155
:107B10000948FAF74BFB4FF6FF70FDF731FA15B045
:107B200000BD00001C020024D00100244C4344206E
:107B300049443A25780D0A00000402581FB5FAF7A7
:107B400065FD01208DF8000003208DF8010040073D
:107B500001901B208DF8080000208DF809008DF899
:107B60000A0003208DF80B0000208DF80C008DF822
:107B70000D008DF80E0001208DF80F006846FAF711
:107B800017FD0420FAF758FD1FBD10B5024601206D
:107B900000E050430B1EA1F10104E1B2F9D110BD88
:107BA00008B5034800880090BDF8000008BD00003B
:107BB0000000086000B50246BE2000F02DFB052045
:107BC00000F01EFB00EE102AB8EE400B9FED0B1BE1
:107BD00020EE010BBCEEC00B10EE101A88B200F0C4
:107BE0000FFB012000F00CFBFF2000F009FB002040
:107BF00000F006FB002000F003FB00BD6666666631
:107C000066660440F0B50546002400279C4880794C
:107C1000012805D19A48808841F66311884208D12D
:107C200097488079F0B99648808841F66311884278
:107C300018D1082D15D2DFE805F00406080A0C0E4D
:107C4000101206250DE007250BE0042509E00525A7
:107C500007E0012505E0002503E0032501E00225FA
:107C600000BF00BF8648808849F24131884217D062
:107C70008348808845F21031884211D0804880883E
:107C800045F2105188420BD07D48808841F663113F
:107C9000884205D07A48808847F2897188427DD130
:107CA000082D1CD2DFE805F00406090C0F12151888
:107CB00000BF14E044F0800411E044F040040EE002
:107CC00044F0C0040BE044F0200408E044F06004F9
:107CD00005E044F0A00402E044F0E00400BF00BF6F
:107CE0006748808845F21051884202D14FF45857B6
:107CF00000E036276248808845F2103188420DD076
:107D00005F48808845F21051884207D05C488088DF
:107D100041F66311884201D044F0080421463846F8
:107D200000F090FA5648808841F6631188421DD0D1
:107D300004F0200068B152480088514949888842BF
:107D400014DA4F48068840884D4908800846468026
:107D50000CE04B4800884A494988884206DD48487B
:107D600006884088464908800846468044488088FE
:107D700045F21051884254D14149488900F04CFAEB
:107D8000002000F03DFA3E494989491C88B200F0C4
:107D900043FA002000F034FA394900E06FE04989E5
:107DA000891C88B200F038FA35490988491EC1F3A8
:107DB0000F2000F025FA32494989C91C88B200F029
:107DC0002BFA2F490978491EC8B200F019FA2C493C
:107DD000888900F021FA002000F012FA28498989E8
:107DE000491C88B200F018FA002000F009FA244972
:107DF0008989891C88B200F00FFA21494988491EF7
:107E0000C1F30F2000F0FCF91D498989C91C88B213
:107E100000F002FA1A498978491EC8B200F0F0F958
:107E20002DE01749488900F0F7F9002000F0E8F943
:107E3000002000F0E5F912490988491EC1F30F201E
:107E400000F0DEF90E490978491EC8B200F0D8F9F1
:107E50000B49888900F0E0F9002000F0D1F90020FA
:107E600000F0CEF906494988491EC1F30F2000F001
:107E7000C7F903498978491EC8B200F0C1F9F0BDBD
:107E80001C02002410B502460C464E48808849F278
:107E9000413188420BD04B48808845F210318842EE
:107EA00005D04848808847F28971884214D14549F5
:107EB000488900F0B1F9101200F0A2F9D0B200F038
:107EC0009FF94049888900F0A7F9201200F098F93D
:107ED000E0B200F095F973E03A48808841F663110A
:107EE000884247D137488079A8B936480088401E73
:107EF000801A82B23349488900F08EF9002000F0E0
:107F00007FF9002000F07CF9101200F079F9D0B26E
:107F100000F076F916E02B49488900F07DF910123F
:107F200000F06EF9D0B200F06BF926490988491EBD
:107F3000C1F30F2000F064F922490978491EC8B244
:107F400000F05EF91F49888900F066F9201200F000
:107F500057F9E0B200F054F91A494988491EC1F3B3
:107F60000F2000F04DF917498978491EC8B200F07A
:107F700047F925E01348808845F2105188421FD107
:107F80001049488900F048F9101200F039F90D49FC
:107F90004989491C88B200F03FF9D0B200F030F9AD
:107FA0000849888900F038F9201200F029F90549BC
:107FB0008989491C88B200F02FF9E0B200F020F95D
:107FC00010BD00001C0200242DE9F84F80460F462A
:107FD00016461C46BB462046E31704EB5373DB10E2
:107FE00021464FEAE47C04EB5C7C4FEAEC0CA4EB0A
:107FF000CC0CBCF1000F02D04FF0010C01E04FF0AF
:10800000000C6344224604EBD27C4FEA6C0C03FB69
:108010000CF3DBB20093A6F12000C6B200255EE0AF
:108020000C2C07D106EB46002F4901EB800010F81D
:1080300005901BE0102C05D12C4800EB061010F821
:10804000059013E0182C07D106EBC600284901EB78
:10805000800010F8059009E0202C05D1254800EBA0
:10806000C61010F8059001E0BDE8F88F4FF0000A47
:108070002FE009F0800030B11F48394602684046C1
:10808000FDF730F907E00A9828B91C48394602681C
:108090004046FDF727F94FEA49604FEA1069781C1E
:1080A00087B217484088B84200DCDDE7A7EB0B0039
:1080B000A0420AD15F4608F101001FFA80F810487B
:1080C0000088404500DCCFE706E00AF1010000F03F
:1080D000FF0ABAF1080FCCDB00BF681CC5B20098DC
:1080E00085429DDB00BFBFE7DEBD000852C200082D
:1080F00042C800089ED50008200000242400002467
:108100001C0200242DE9FF4F81B0074691461E4610
:108110000E9D4FF0000A002439E0301B401EC1B212
:108120000A20FFF732FDB9FBF0F00A21B0FBF1F2B3
:1081300001FB1208BAF1000F16D1701EA04213DD28
:10814000B8F1000F0ED10020AB4605EBDB714910F2
:1081500001FB0471009088B22B4620220299FFF7A0
:1081600033FF12E04FF0010A0020AB4605EBDB7154
:10817000491001FB0471009088B208F13001CAB2C5
:108180002B460299FFF720FF00BF601CC4B2B44227
:10819000C3DB05B0BDE8F08F2DE9F84F04460D466E
:1081A00090469946DDE90A6704F0FF0A08EB0400EF
:1081B0001FFA80F809EB05001FFA80F916E0444524
:1081C00002DB5446A81985B24D4500DB14E00020BF
:1081D00000903A78334629462046FFF7F5FE3046B0
:1081E00006EBD07104EB61018CB27F1C38787E28DD
:1081F00002DC38782028E2DA00BFBDE8F88F000002
:1082000001B5BDF800000090BDF8000001490880EC
:1082100008BD00000000086001B5BDF80000009036
:10822000BDF800000149088008BD0000FEFF07609E
:108230000248008902490880704700001C0200249F
:10824000FEFF0760024A1080921C118070470000F8
:10825000FEFF076000B587B000BF1248006840F01D
:108260000200104908600846006800F00200019012
:1082700000BF00BF03200290012003900490032060
:10828000059002A90848F9F75FFE01221146064849
:10829000F9F78CFF012202210348F9F787FF07B0A5
:1082A00000BD0000E04402580004025818B504461E
:1082B00006480094008B401E83B20448C08A401ECA
:1082C00082B20021084600F059F818BD6803002466
:1082D00070B5B0B004460E4615464FF00050019000
:1082E0000A940B9602210C910D910E9501A8FAF7B4
:1082F00083FC10B9002030B070BD0120FBE7000006
:108300000949487530B98988074AD18211460988D8
:10831000118308E0012806D103490988024AD18265
:1083200011468988118370476803002470B5114B8A
:108330005B7D6BB10F4BDB690E4D2D6805FB0105B5
:108340006B430C4D2D7D0C4E56F82550EA520FE034
:10835000084B1D685B681B1A5B1E05FB0313054D6C
:10836000ED696B43034D2D7D034E56F82550EA52BF
:1083700070BD000068030024280000242DE9F04FA0
:1083800004460D4616464FF0000CDFF8289199F888
:108390001590B9F1000F04D02046294632461F46F9
:1083A00011E02846DFF80C91D9F80490A9EB0609F2
:1083B000A9F101011A46DFF8FC90D9F80490A9EB65
:1083C0000409A9F10107DFF8EC90B9F80090A2EBDD
:1083D000000A0AF1010AA9EB0A091FFA89F8DFF875
:1083E000D49099F81490DFF8D0A05AF82990DFF8CB
:1083F000C4A0DAF81CA0DFF8BCB0DBF800B00BFBBF
:10840000010B0AFB0B9EDFF8B490D9F8009049F4F9
:108410000009DFF8A8A0CAF800904FF44039DFF84F
:10842000A0A0CAF800904FF00209CAF83490D146D3
:10843000C9F84080D9F8009029F00109CAF80090E5
:10844000D146C9F83CE0A7EB010909F10109A2EB0B
:10845000000A0AF1010A49EA0A49DFF864A0CAF8E9
:108460004490DDF82490CAF83890D146D9F80090AD
:1084700049F00109CAF8009005E00CF1010CBCF5C7
:10848000001F00D308E0DFF83890D9F8049009F015
:108490000209B9F1000FF0D000BFDFF82490D9F83D
:1084A000089049F00209DFF818A0CAF80890BDE862
:1084B000F08F00006803002428000024D8440258EC
:1084C000001000521FB5002400F062FA044644F286
:1084D0004230844217D14FF4F070FB4908604FF4EA
:1084E0008870486001200881488128208881082000
:1084F000C88105200882082048825822A021052032
:10850000FFF7E6FE41E147F28400844217D14FF4C1
:108510004870ED4908604FF4F07048600120088110
:1085200048812E2088811720C881D22008821620F9
:1085300048821822A0210520FFF7CAFE25E147F254
:108540001600844218D14FF48060DF4908604FF470
:108550001670486014200881032048818C2088818F
:108560001420C881A02008820C2048821222A02159
:108570000520FFF7ADFE08E147F21800844207D15D
:108580004FF4A060D04908604FF448704860FCE0A8
:1085900044F28430844218D14FF44870CA490860CC
:1085A0004FF4F070486058208881282008823020DD
:1085B00008812020C8810D2048820320488118228C
:1085C000A0210520FFF784FEDFE041F2180084427D
:1085D00015D14FF4A060BC4908604FF44870486062
:1085E0008C2088810A2008820881C8814882032063
:1085F00048811022A0210520FFF76AFEC5E04AF25B
:108600000100844218D140F25650AF4908604FF43F
:10861000407048608F20088146200882D5208881DC
:10862000032048811820C881032048821C22A021F1
:108630000520FFF74DFEA8E04AF20200844217D160
:108640004011A14908604FF448704860202008811B
:108650003020088250208881062048810E20C88161
:10866000032048821622A0210520FFF731FE8CE06E
:108670004AF20300844217D14011934908604FF435
:108680004070486020200881502088813020088276
:10869000072048810C20C881032048821722A0218E
:1086A0000520FFF715FE70E04AF20400844218D15D
:1086B0004FF48060844908604FF44070486088201F
:1086C000088118200882A0208881062048811D206A
:1086D000C881032048821222A0210520FFF7F8FD5F
:1086E00053E04AF20500844217D14FF454707649A2
:1086F00008604FF4F0704860702008818881102075
:108700000882082048811720C881062048822F222D
:10871000A0210520FFF7DCFD37E04AF20600844285
:1087200018D14FF44870684908604FF416704860DB
:1087300080200881582088812820088204204881D0
:108740001720C881012048822822A0210520FFF798
:10875000BFFD1AE04AF20700844216D180115A493F
:1087600008604FF4F070486060200881082008829B
:1087700038208881022048812920C881022048822F
:108780003E22A0210520FFF7A3FD4F4800884F4956
:1087900008804D488088488002204B49C8614C4879
:1087A0004C4908604C484D49086000204860002151
:1087B0004A488160C160016141F21800844203D1DE
:1087C0004FF08051454801613F480089401E4349B0
:1087D00048613D484089401E88613B4800893A49CC
:1087E00089890844401E3D49C86137484089364957
:1087F000C9890844401E3949086233480089324912
:1088000089890844304909680844401E3349486250
:108810002D4840892C49C98908442B494968084496
:10882000401E2E49886228480089274989890844C2
:108830002549096808442449098A0844401E2749F3
:10884000C862214840892049C98908441E494968AD
:1088500008441D49498A0844401E204908630021F4
:108860001E4880F8361080F8351080F83410F9F77B
:1088700019FD002007210622CDE90002CDE90210F2
:108880001448FF2302220168002000F02BF80E4854
:10889000808880B200900C48008883B20022114684
:1088A000104600F05DF80020FFF72AFD002000F0E0
:1088B000D7F8012220210A48F9F778FC4FF0FF3061
:1088C000FFF7F4FC1FBD0000680300241C02002415
:1088D000000000C0280000240010005060020024A6
:1088E000000402582DE9F04F8DB005460E4617469C
:1088F0009846DDE917ABDDF85890199C00200090F0
:10890000029015480068019013484068039004974E
:10891000CDF81480CDF818904FEA0A2007904FEA5E
:108920000B20089009960C4800680A900A48406895
:108930000B90002001148DF8321001128DF83110C7
:10894000E0B28DF830002A4669460448F9F77AFC0F
:108950000DB0BDE8F08F0000680300246002002421
:108960002DE9F04104460E4617461D46DDF81880F5
:1089700023463A4631460548F9F7AEFD23464246BE
:1089800029460248F9F7DEFDBDE8F08160020024C7
:1089900010B586B0002400BF2E48006840F4007077
:1089A0002C4908600846006800F40070009000BF81
:1089B00000BF00BF0846006840F4806008600846B9
:1089C000006800F48060009000BF00BF402001906C
:1089D000002002900320049001A91F48F9F7B4FA7F
:1089E0004420019001A91D48F9F7AEFA40211A4828
:1089F000F9F7D0FB044604211848F9F7CBFB44EA09
:108A00004000C4B240211548F9F7C4FB44EA800095
:108A1000C4B21CB944F2423006B010BD012C02D1E0
:108A200047F28400F8E7022C02D147F21600F3E780
:108A3000032C02D147F21800EEE7042C02D144F2D5
:108A40008430E9E7052C02D141F21800E4E7002068
:108A5000E2E70000E04402580024025800280258CF
:108A6000014908757047000068030024F0B5002331
:108A7000002400258E880768FF68C7F30B473E4433
:108A8000330406688436802707FB0266766806F49E
:108A90007047066884364FF0800C0CFB02667760E6
:108AA0000E680768FF68C7F30B473E44761C1E43F9
:108AB000076884370CFB02777E608E890768FF6841
:108AC000C7F30A073E44330406688436802707FB51
:108AD0000266B66806F47047066884360CFB0266C8
:108AE000B7608E680768FF68C7F30A073E44761CC4
:108AF0001E43076884370CFB0277BE600668843625
:108B0000802707FB0266366926F007070668843669
:108B10000CFB026637610F69066884360CFB02663F
:108B200037613126765C33023226765C34040E7E61
:108B3000350606688436802707FB0266B66900277B
:108B4000066884360CFB0266B76191F830601E43FC
:108B500026432E43076884370CFB0277BE61066804
:108B60008436802707FB0266766926F0FF070668D1
:108B700084360CFB026677614F69066884360CFB0D
:108B80000266776106688436802707FB0266F7690C
:108B900040F20776B743066884360CFB0266F7613D
:108BA000D1E907673E43076884370CFB0277FE6113
:108BB00006688436802707FB0266B66A00270668C7
:108BC00084360CFB0266B7624F6A066884360CFB7B
:108BD0000266B7620E690EB9042313E00E69012E16
:108BE00001D103230EE00E69042E08D00E69022E77
:108BF00005D00E69032E02D00E69072E01D1022383
:108C000000E0012306688436802707FB0266F66AC7
:108C100006F0E027066884364FF0800C0CFB0266F5
:108C2000F762D1E90076F61B5E43F71D0E8D5E43B9
:108C300047EA0647066884360CFB0266F762066858
:108C40008436802707FB0266366BF70AFF02066848
:108C500084360CFB02663763CF6A066884360CFBE9
:108C60000266376306688436D701F65946F0010775
:108C7000066884364FEAC21C46F80C70F0BD00004E
:108C80001CB54FF6FF70FCF77BF91F2009490860FF
:108C900009A01021CDE9001008490988183988B2C7
:108CA0001023C8220021FFF777FA4FF478400149DA
:108CB00008601CBD20000024525354001C020024F4
:108CC0001FB5012000220323CDE90120009303906A
:108CD000134602461021400700F04FF80120002201
:108CE0000323CDE9012000930390134602221221B1
:108CF000480600F042F8012000220323CDE90120BC
:108D000000930390134603221221100700F035F858
:108D1000012000220323CDE9012000930390134694
:108D200004220F214FF0605000F027F800200323A9
:108D3000CDE90030029003460522192103904FF03F
:108D4000C04000F01AF8012000220323CDE90120E1
:108D500000930390134606221921500700F00DF8E6
:108D600000200323CDE900300290012307221B21BC
:108D70000390C80700F001F81FBD2DE9FF5F04460E
:108D80000D4616461F46DDE910ABDDE90E89F9F701
:108D90003DFC01208DF80000F0B28DF80100019437
:108DA000E8B28DF8080000208DF809008DF80A005F
:108DB0008DF80B808DF80C708DF80D908DF80EA04D
:108DC0008DF80FB06846F9F7F3FB0420F9F734FC8F
:108DD000002004B0BDE8F09F002201211748F9F7F8
:108DE000E5F917A0F7F74AFB4FF47A7002F050FD4F
:108DF00019A0F7F743FB4FF47A7002F049FD00BF6A
:108E000000BF00BF00BF00BFBFF34F8F00BF00BF58
:108E100000BF1648006800F4E06015490843001DD3
:108E20001249086000BF00BF00BFBFF34F8F00BFF3
:108E300000BF00BF00BF00BFFDE7000000040258F4
:108E40004D656D20416363657373204572726F7267
:108E500021210D0A00000000536F667420526573D3
:108E60006574696E672E2E2E0D0A00000CED00E071
:108E70000000FA057047000000B587B0002006909A
:108E800000BF2C48006840F080002A49086008466E
:108E9000006800F08000009000BF00BF00BF0846DF
:108EA000006840F4807008600846006800F4807034
:108EB000009000BF00BF80200190002002900120A0
:108EC00003900320049001A91B48F9F73DF84FF4E3
:108ED000807001900120029001A91848F9F734F838
:108EE000F7F792FD00224FF480711448F9F75EF90C
:108EF000642002F0CDFC012211021048F9F756F966
:108F0000642002F0C5FC012000F03AF9012206A914
:108F10004FF4506000F01AF89DF8181008A0F7F709
:108F2000ADFA9DF81800802802D1002007B000BDDE
:108F30000120FBE7E0440258001C025800200258C0
:108F40004354502049443A25780D0A002DE9F04158
:108F500005460F461646F7F707FEB220F7F7D4FD91
:108F6000F7F73EFE2812F7F7CFFDF7F739FEE8B224
:108F7000F7F7CAFDF7F734FEF7F7F6FDB320F7F77A
:108F8000C3FDF7F72DFE00240BE0711EA14201D0B6
:108F9000012100E000210846F7F78AFD3855601CE2
:108FA000C4B2B442F1DBF7F7FFFDBDE8F081000089
:108FB00031B582B00024002568480078401C67491C
:108FC0000870084600780A2190FBF1F201FB1200BC
:108FD00018B1624800780A287EDA012202A900202E
:108FE000FFF7B4FF9DF8080000F01F00002873D0C1
:108FF0009DF8080000F01F0040F0C0005849888626
:10900000002477E05648808E0121A14008400028C6
:109010006ED0544931F81400042201A9FFF796FFDD
:109020004F4890F8440000F0010080B39DF807001D
:109030009DF8061000EB012000EE100AB8EEC00B00
:109040009FED491B20EE010BBCEEC00B10EE100A89
:1090500081B24348203020F814109DF805009DF897
:10906000041000EB012000EE100AB8EEC01B9FEDCB
:10907000402B9FED410B01EE420BBCEEC00B10EEFE
:10908000100A81B236480C3020F8141030E0FFE7A7
:109090009DF807009DF8061000EB012000EE100A75
:1090A000B8EEC00B9FED301B20EE010BBCEEC00BE9
:1090B00010EE100A81B22A480C3020F814109DF8E6
:1090C00005009DF8041000EB012000EE100AB8EE38
:1090D000C00B9FED271B00E01AE020EE010BBCEE59
:1090E000C00B10EE100A81B21D48203020F8141079
:1090F000601CC4B2052C85DB01251948808920B984
:109100001748008C08B9002002900020134908700D
:109110009DF8080000F01F00B8B9114890F834001D
:1091200000F0800030B10E48808E20F080000C49A5
:1091300088860AE04FF6FF7009498881088408464E
:1091400090F8340000F0E000888604480078F028A9
:1091500002DD0A200149087028463EBD380000247F
:109160003C000024840601087B14AE47E17AD43F1A
:10917000D881734694F6D23F000000000000894079
:1091800038B50446002000900CB1802000900122E8
:1091900069464FF4506000F001F838BD2DE9F04108
:1091A00004460E4617464FF00008F7F7DDFCB220E4
:1091B000F7F7AAFCF7F714FD2012F7F7A5FCF7F76D
:1091C0000FFDE0B2F7F7A0FCF7F70AFD00250BE072
:1091D000705DF7F799FCF7F703FD8046B8F1000FD3
:1091E00000D003E0681CC5B2BD42F1DB00BFF7F759
:1091F000DBFC4046BDE8F0817047000030B585B02B
:109200000024874D8748006840F0020085490860C7
:109210000846006840F02000086082480C3800686A
:1092200040F480407F490C390860402000900220C3
:10923000019003200390002002900A2004906946C8
:109240007948F8F781FE04200090092004906946CF
:109250007548F8F779FEC02000900920049069460F
:109260007248F8F771FE4FF4407000900A200490A5
:1092700069466E48F8F768FE6A486438006840F44A
:1092800080406849643908600846006820F48040DE
:10929000086000BF62482038806800F02000002885
:1092A000F8D163485E492039086062484860084642
:1092B000006840F00100086000BF5948203880680D
:1092C00000F020000028F8D14FF49C705449203958
:1092D000486100BF52482038806800F00200002832
:1092E000F8D04F482038C06840F002004C4920397F
:1092F000C86000BF4A482038806800F0200000287D
:10930000F8D14FF4837046492039486100BF444882
:109310002038806800F002000028F8D0404820384B
:10932000C06840F002003E492039C86000BF3C4898
:109330002038806800F020000028F8D13E483849E5
:10934000203948610020086100BF35482038806816
:1093500000F004000028F8D0302028703048203871
:10936000006840F004002E492039086000BF2C48F6
:109370002038806800F002000028F8D02848203803
:10938000C06840F0020026492039C86000BF244868
:109390002038806800F020000028F8D100BF204865
:1093A0002038806800F020000028F8D11C492039BE
:1093B000C861EB2444F4407444F4406444F4005421
:1093C00044F4404400BF44F4C01444F0407444F0FA
:1093D0004064084644611948006820F48030174909
:1093E000086016487030006820F0010013497031A1
:1093F00008600020091D08604FF01040091D08603A
:109400000F48091D086005200C49703108600B48A1
:10941000006840F480300949086005B030BD0000A4
:1094200020500052E0440258000402580014025830
:109430001003000101041600C003000324ED00E046
:109440002D0003032DE9F04104460E46002748484D
:10945000006800F00300032802D10120BDE8F0817C
:1094600043482838006820F0806041492839086066
:10947000F8F7A2FE054606E0F8F79EFE401B02281C
:1094800001D90320EAE73A4828380068C0F3C060F1
:109490000028F1D100BF3648006820F47C302168F4
:1094A00040EA013032490860A088401EC0F308003D
:1094B000A168491E4FF47E4202EA41210843A18976
:1094C000491ED20102EA01410843217C491E1202D1
:1094D00002EA0161084326491031086000BF2448B0
:1094E000001D006820F0C000616908432049091D83
:1094F00008600846006820F02000A16908431C4964
:10950000091D08602EB90846006840F40020086074
:1095100012E0012E08D11648001D006840F48010AA
:109520001349091D086007E01148001D006840F458
:1095300000100F49091D08600D482838006840F0E8
:1095400080600B4928390860F8F736FE054606E0CA
:10955000F8F732FE401B022801D903207EE70448B9
:1095600028380068C0F3C0600028F1D0384675E79D
:10957000284402582DE9F04104460E460027484889
:10958000006800F00300032802D10120BDE8F0814B
:1095900043482838006820F0805041492839086045
:1095A000F8F70AFE054606E0F8F706FE401B02281B
:1095B00001D90320EAE73A4828380068C0F3407030
:1095C0000028F1D100BF3648006820F07C70218867
:1095D00040EA015032490860A088401EC0F30800EC
:1095E000A168491E4FF47E4202EA41210843A18945
:1095F000491ED20102EA01410843217C491E1202A0
:1096000002EA0161084326491831086000BF244876
:10961000001D006820F44060616908432049091D6D
:1096200008600846006820F40070A16908431C49DE
:10963000091D08602EB90846006840F480000860E3
:1096400012E0012E08D11648001D006840F4000009
:109650001349091D086007E01148001D006840F02B
:1096600080700F49091D08600D482838006840F0D7
:1096700080500B4928390860F8F79EFD054606E042
:10968000F8F79AFD401B022801D903207EE7044821
:1096900028380068C0F340700028F1D0384675E7DC
:1096A0002844025800B587B01648174908600020C2
:1096B00048600121144881600821C16020210161B6
:1096C00040214161890081610021C1614FF4006145
:1096D000016249004162002181620220009008205D
:1096E00001900620029003900220049005900690BD
:1096F00069460548FAF710FE034800F007F807B07E
:1097000000BD0000404100522C02002470B5054607
:109710000024002301221146184600F021F84FF4DE
:10972000FA7002F0C1F8002301220221184600F06D
:1097300017F8002308220321184600F011F840F220
:109740002224234601220421002000F009F840F2DF
:10975000A5210248FAF7D2FE70BD00002C020024B9
:109760002DE9FF4104460D4616461F464FF00008FE
:1097700014B94FF0100803E0012C01D14FF0080894
:109780000095CDF80480029603974FF6FF72694664
:109790000448FAF7C7FE18B9002004B0BDE8F0810C
:1097A0000120FAE72C020024704700002DE9F04167
:1097B0009CB080460C4615461E4600273848006877
:1097C00020F004003649086000BF002000903448B3
:1097D0000C30006840F4404031490C3108600846C4
:1097E000006800F44040009000BF00BF00BF2C485C
:1097F0000C30006800F40050B0F5005FF7D1012094
:1098000001900004029000200490089002200A9029
:1098100002210B91CDF834800C940E950F96002107
:1098200012910821119101A8FAF714FA07461FB105
:1098300001201CB0BDE8F081FFF7E0FC3F20149050
:1098400003201590002016900820179040201990B2
:1098500000011A904020189050201B90022114A85B
:10986000F9F766FF07460FB10120E2E70D480068EF
:1098700040F080000B49086000BF0A48F4300068DF
:1098800040F002000749F43108600846006800F023
:109890000200009000BF00BFF8F74CFB0020C8E7B3
:1098A0000C4802580044025810B5F8F78BFC10BD64
:1098B0002048006840F470001E4908601E48006897
:1098C00040F001001C49086000201B49103108606D
:1098D00019480068194908401749086000201649CE
:1098E00018310860091D0860091D086012492831F7
:1098F0000860091D0860091D0860091D0860091D30
:109900000860091D0860091D0860091D08600A48F3
:10991000006820F480200849086000200649603172
:109920000860012006490860C006024980390860C5
:109930007047000088ED00E0004402587FEDF6EA31
:10994000088100512DE9FC5F04460D4617461E466E
:10995000DDE90EABDDE90C894FF47840574908602A
:1099600057A01021CDE90010564843880288A02155
:109970002820FEF711FC54A01021CDE90010514819
:1099800043880288A0217820FEF706FC4FA0102112
:10999000CDE900104B4843880288B4212820FEF707
:1099A000FBFB4BA01021CDE90010464843880288FC
:1099B000B4217820FEF7F0FB46A01021CDE900107D
:1099C000404843880288C8212820FEF7E5FB42A0D2
:1099D0001021CDE900103B4843880288C821782037
:1099E000FEF7DAFB3DA01021CDE900103548438891
:1099F0000288DC212820FEF7CFFB39A01021CDE919
:109A00000010304843880288DC217820FEF7C4FB30
:109A100034A01021CDE900102A4843880288F021A3
:109A20002820FEF7B9FB102004232246A021009035
:109A30004020FEF767FB102004232A46A021009057
:109A40009020FEF75FFB102004233A46B4210090DB
:109A50004020FEF757FB102004233246B42100902B
:109A60009020FEF74FFB102004234246C8210090AF
:109A70004020FEF747FB102004234A46C8210090EF
:109A80009020FEF73FFB102004235246DC2100907B
:109A90004020FEF737FB102004235A46DC210090BB
:109AA0009020FEF72FFB102003230090F021602070
:109AB000109AFEF727FBBDE8FC9F00002000002461
:109AC00078313A001C02002479313A0078323A00A9
:109AD00079323A0078333A0079333A0078343A00F0
:109AE00079343A006661632069733A002DE9F043E6
:109AF0002DED028B89B04FF00008C14600BF1F203A
:109B0000FE4908604FF6FF70FD490860FBF738FA20
:109B10004FF47840F94908604FF6FF70FBF730FAD0
:109B20000020F6490860F748006810216423A0224D
:109B3000CDE9001028210846FEF72EFB4FF47842AD
:109B40001421084600F098FB0020EF4988869FED1D
:109B5000EF0A084680ED0E0A4BE3EB48416801200E
:109B60008847E94890F8340000F0C00040286FD1E1
:109B70004FF00009E448808E20F04000E2498886DA
:109B80000846808905A921F82800DF48008C01EBF0
:109B90008801488008F1010000F0FF08B8F1010FCA
:109BA00009D0B8F1020F16D0B8F1030F26D0B8F1E2
:109BB000040F0FD138E04FF6FF721421084600F071
:109BC0005BFBD3490988143988B24FF478421421D9
:109BD00000F052FBFEE2CE490988143988B24FF6F4
:109BE000FF72142100F048FBC9484088143881B244
:109BF0004FF47842142000F03FFBEBE2C448408869
:109C0000143881B24FF6FF72142000F035FBC04AC1
:109C10005288143A91B2BE4A1288143A90B24FF464
:109C2000784200F029FBD5E2BDF81410BDF81820E9
:109C3000881A002801DB014600E041420C46BDF8CD
:109C40001620BDF81A10501A002802DB014601E068
:109C5000C1E241420D4664436D43601901EE100AB2
:109C6000B8EE411BB0EE410B01F03CFDBCEEC00B69
:109C700010EE100A86B2BDF81C10BDF82020881A1C
:109C8000002801DB014600E041420C46BDF81E20E1
:109C9000BDF82210501A002801DB014600E04142C5
:109CA0000D4664436D43601901EE100AB8EE411B86
:109CB000B0EE410B01F016FDBCEEC00B10EE100A29
:109CC00087B200EE106AF8EE400A00EE107AB8EEA5
:109CD000400A80EE801AB7EEC10AB0EE408B9FEDCD
:109CE0008D0BB4EEC08BF1EE10FA08D39FED8B0B09
:109CF000B4EEC08BF1EE10FA01DC06B1A7BB4FF059
:109D00000008834A5288143A91B2814A1288143A60
:109D100090B24FF6FF7200F0AFFA4FF47842142180
:109D2000084600F0A9FA9FED7F0B28EE000BBCEE71
:109D3000C00B10EE100A81B2BDF82200BDF8202041
:109D4000BDF81E30CDE90132CDE90301BDF81C009C
:109D50000090BDF81A30BDF81820BDF81610BDF8F7
:109D60001400FFF7EFFD44E2FFE7BDF81410BDF863
:109D70001C20881A002801DB014600E041420C4605
:109D8000BDF81620BDF81E10501A002801DB014650
:109D900000E041420D4664436D43601901EE100A34
:109DA000B8EE411BB0EE410B01F09CFCBCEEC00BC9
:109DB00010EE100A86B2BDF81810BDF82020881ADF
:109DC000002801DB014600E041420C46BDF81A20A4
:109DD000BDF82210501A002801DB014600E0414284
:109DE0000D4664436D43601901EE100AB8EE411B45
:109DF000B0EE410B01F076FCBCEEC00B10EE100A89
:109E000087B200EE106AF8EE400A00EE107AB8EE63
:109E1000400A80EE801AB7EEC10AB0EE408B9FED8B
:109E20003D0BB4EEC08BF1EE10FA06D39FED3B0B69
:109E3000B4EEC08BF1EE10FA34DD4FF00008344A76
:109E40005288143A91B2324A1288143A90B24FF6BC
:109E5000FF7200F011FA4FF478421421084600F026
:109E60000BFA9FED300B28EE000BBCEEC00B10EE92
:109E7000100A82B2BDF82210BDF82000BDF81E30D5
:109E8000CDE90130CDE90312BDF81C000090BDF80A
:109E90001A30BDF81820BDF81610BDF81400FFF7F1
:109EA00051FDA6E1BDF81810BDF81C20881A002845
:109EB00001DB014600E041420C46BDF81A20BDF826
:109EC0001E10501A002801DB014600E041420D46F9
:109ED00064436D43601901EE100AB8EE411BB0EE09
:109EE000410B01F0FFFBBCEEC00B10EE100A86B276
:109EF000BDF81410BDF82020881A17E020000024B7
:109F000024000024C00601083C00002400000000DA
:109F10001C020024666666666666EE3FCDCCCCCC3D
:109F2000CCCCF03F0000000000005940002801DBCD
:109F3000014600E041420C46BDF81620BDF8221053
:109F4000501A002801DB014600E041420D466443FF
:109F50006D43601901EE100AB8EE411BB0EE410BE3
:109F600001F0C0FBBCEEC00B10EE100A87B200EE91
:109F7000106AF8EE400A00EE107AB8EE400A80EE61
:109F8000801AB7EEC10AB0EE408B1FED1E0BB4EE87
:109F9000C08BF1EE10FA06D31FED200BB4EEC08B90
:109FA000F1EE10FA34DD4FF00008944A5288143A6A
:109FB00091B2924A1288143A90B24FF6FF7200F0B2
:109FC0005BF94FF478421421084600F055F91FED73
:109FD0002B0B28EE000BBCEEC00B10EE100A81B26A
:109FE000BDF82220BDF82000BDF81E30CDE90130BB
:109FF000CDE90321BDF81C000090BDF81A30BDF872
:10A000001820BDF81610BDF81400FFF79BFCF0E017
:10A01000BDF81800BDF81410401A00EE100AF8EE52
:10A02000C00A76480088283800EE100AB8EEC00A48
:10A0300080EE201A724880ED0E1ABDF81800BDF8A7
:10A040001410084400EE100AF8EEC00A6B480088AD
:10A0500000EE100AB8EE400A694890ED0E1A01EEC3
:10A06000600AF0EE000A80EE201ABDEEC10A10EE82
:10A07000100A00B26249A1F84000BDF81E00BDF808
:10A080001610401A00EE100AF8EEC00A5B4840882D
:10A09000283800EE100AB8EEC00A80EE201A5848A0
:10A0A00080ED0F1ABDF81E00BDF81610084400EE32
:10A0B000100AF8EEC00A5148408800EE100AB8EEC7
:10A0C000400A4F4890ED0F1A01EE600AF0EE000AC8
:10A0D00080EE201ABDEEC10A10EE100A00B2484907
:10A0E000A1F842000A4692ED0E0ABDEEC00A10EE3B
:10A0F000101A002901DB0A4600E04A42022A0DDC60
:10A100003F4A92ED0F0ABDEEC00A10EE100A002879
:10A1100001DB024600E04242022A3ADD4FF000082D
:10A12000364A5288143A91B2344A1288143A90B29C
:10A130004FF6FF7200F0A0F84FF478421421084661
:10A1400000F09AF82FA01021CDE900102B48438889
:10A1500002881A212820FEF71FF8294890F84400A9
:10A1600008B9012000E00020254981F84400084694
:10A1700090F8440030B1902027490870D02027493A
:10A18000087005E0D0202449087090202349087009
:10A190002FE01F20224908604FF6FF70FAF7F0FE0B
:10A1A00020A01021CDE900101448438802886E21B8
:10A1B0002320FDF7F1FF4FF47A7001F069FB00F006
:10A1C000F9FA4FF6FF70FAF7DBFE09B0BDEC028B2F
:10A1D000BDE8F08300BF0A2001F05AFB09F101003D
:10A1E0001FFA80F9B9F57A7F02DD00F07DF801E011
:10A1F00000BFB2E400BF00BFE7E700001C0200247C
:10A200003C0000245450204E6565642072656164F2
:10A210006A75737421000000840000248500002406
:10A2200020000024546F7563682053637265656E67
:10A230002041646A757374204F4B210070B5044649
:10A240000D4616460B48066029462046FAF7E0FF01
:10A25000611C88B22946FAF7DBFF681C81B22046F0
:10A26000FAF7D6FF6A1C91B2621C90B2FAF7D0FFDF
:10A2700070BD00002000002470B504460D4616464F
:10A280001848066004F10D018AB2193988B22B46CC
:10A290002946FAF765FF05F10D0083B2193881B23E
:10A2A00022462046FAF75CFF6A1C91B2621C90B20B
:10A2B000FAF7AEFF6A1C91B2621E90B2FAF7A8FFDD
:10A2C0006A1E91B2621C90B2FAF7A2FF6A1E91B2A6
:10A2D000621E90B2FAF79CFF062229462046FAF742
:10A2E000B5FF70BD2000002410B53520F6F7FAFA4E
:10A2F00004460A2C48D104212820F6F7DDFA04464A
:10A3000000EE104AB8EEC00ADFED200A80EE201AF7
:10A310001F4880ED0E1A04212C20F6F7CDFA0446D2
:10A3200000EE104AB8EEC00ADFED180A80EE201ADF
:10A33000174880ED0F1A02213020F6F7BDFA00B25F
:10A340001349A1F8400002213220F6F7B5FA00B215
:10A350000F49A1F842003420F6F7C4FA0C4981F8FD
:10A360004400084690F8440030B190200949087034
:10A37000D0200949087005E0D020064908709020D7
:10A3800005490870012010BD0020FCE720BCBE4C30
:10A390003C000024840000248500002400B587B020
:10A3A0007248808845F2105188420BD06F488088EF
:10A3B00044F24231884205D06C48808844F28431AE
:10A3C000884221D1F7F73CF818B9694869494860D3
:10A3D00004E0FEF751FD684866494860654890F81A
:10A3E000440040F08000634981F84400084690F83A
:10A3F00044005E49897901F0010108435D4981F813
:10A400004400002007B000BD5848808841F6631121
:10A4100088420BD05548808847F28401884205D095
:10A420005248808847F21601884218D1F6F73EFD5F
:10A43000524850494860084690F8440040F0800077
:10A4400081F84400084690F844004849897901F0B1
:10A4500001010843474981F844000020D2E74348FE
:10A46000808841F21801884218D1F7F7A3FA4448CE
:10A4700040494860084690F8440040F0800081F868
:10A480004400084690F844003849897901F00101F8
:10A490000843384981F844000020B3E700BF394839
:10A4A000006840F08000374908600846006800F006
:10A4B0008000019000BF00BF00BF0846006840F464
:10A4C000807008600846006800F48070019000BF4A
:10A4D00000BF00BF0846006840F040000860084622
:10A4E000006800F04000019000BF00BF40200290D3
:10A4F0000120039004900320059002A92248F7F759
:10A5000023FD4FF48070029002A92048F7F71CFD4C
:10A510008020029002A91E48F7F716FD80200290C5
:10A520000020039002A91848F7F70EFD08200290BA
:10A5300002A91748F7F708FD0E492031A1F11400D0
:10A5400000F0C0F8F6F7B4F9FFF7CEFE08B100202E
:10A5500058E74FF6FF70FAF713FDFFF7C7FA00F060
:10A5600029F9FFF7C1FE01204CE700001C0200247E
:10A570000D1600083C000024B18F00088D10000863
:10A58000751B0008E0440258001C025800200258C5
:10A590000018025870B5064600250024002240210C
:10A5A0002748F7F703FE002280212648F7F7FEFD33
:10A5B00000224FF480712448F7F7F8FD304600F090
:10A5C000B5F9062001F070F9002240211C48F7F788
:10A5D000EDFD012001F068F9012240211848F7F74C
:10A5E000E5FD012001F060F9002240211448F7F751
:10A5F000DDFD00BF19E04FF6FF7000EA44040022C1
:10A6000040210F48F7F7D2FD012001F04DF901225A
:10A6100040210B48F7F7CAFD08210A48F7F7BAFDB1
:10A6200008B1601C84B2681CC5B2102DE3DB241194
:10A63000012211020448F7F7B9FD204670BD000061
:10A64000001C025800180258002002582DE9FE4351
:10A6500080460027002406E04046FFF79BFF2DF8C8
:10A660001400601C84B2052CF6DB002416E0601C8C
:10A6700085B20FE03DF814003DF81510884207DD63
:10A680003DF814603DF815002DF814002DF8156004
:10A69000681C85B2052DEDDB601C84B2042CE6DB62
:10A6A0000027012405E03DF81400384487B2601CFF
:10A6B00084B2042CF7DB032097FBF0F086B230461F
:10A6C000BDE8FE832DE9F04104460D4607480078B9
:10A6D000FFF7BCFF064606480078FFF7B7FF0746BE
:10A6E00026802F800120BDE8F08100008400002436
:10A6F000850000247FB504460D4602A903A8FFF794
:10A70000E1FF064616B9002004B070BD694601A8F5
:10A71000FFF7D8FF06460EB90020F5E7BDF80400A4
:10A72000BDF80C10884206DCBDF80C10BDF8040022
:10A73000323081420CDBBDF80C00BDF804108842B9
:10A7400036DCBDF80410BDF80C00323081422FDA3F
:10A75000BDF80000BDF80810884206DCBDF80810FE
:10A76000BDF80000323081420CDBBDF80800BDF8B6
:10A77000001088421CDCBDF80010BDF80800323023
:10A78000814215DABDF80C10BDF80420881800EBE2
:10A79000D071C1F34F012180BDF80810BDF8002031
:10A7A000881800EBD071C1F34F0129800120ABE77D
:10A7B0000020A9E710B51D4890ED0E0ADFED1C0A38
:10A7C00020EE200ABDEEC00A10EE104A04222146F7
:10A7D0002820F6F7B3F8154890ED0F0ADFED140ABC
:10A7E00020EE200ABDEEC00A10EE104A04222146D7
:10A7F0002C20F6F7A3F80D48B0F9401002223020C3
:10A80000F6F79CF80948B0F9421002223220F6F718
:10A8100095F8064890F844103420F6F7A4F80A2476
:10A8200021463520F6F79FF810BD00003C000024BB
:10A8300020BCBE4C10B5044680213A48F7F7AAFC6C
:10A8400000284DD12CB13849A1F11400FFF752FF77
:10A8500035E03549A1F11400FFF74CFF78B33248D9
:10A860002038B0F9400000EE100AB8EEC00A2E48B9
:10A87000203890ED0E1A808900EE900AF8EE600AFA
:10A8800001EE200ABCEEC00A10EE100A264920395B
:10A8900088810846B0F9420000EE100AB8EEC00AFE
:10A8A000084690ED0F1A008C00EE900AF8EE600A50
:10A8B00001EE200ABCEEC00A10EE100A08841A4805
:10A8C000203890F8340000F0800020BBC0201649EA
:10A8D00020398886084681898182018C01851AE0A9
:10A8E0001148203890F8340000F0800040B10E4844
:10A8F0002038808E20F080000B49203988860AE0BD
:10A90000002109482038818201854FF6FF700649F1
:10A910002039888108840448203890F8340000F0F9
:10A92000800010BD001C02585C00002470B5044675
:10A93000002500BF1EE004F0800028B10122802124
:10A940000E48F7F733FC04E0002280210B48F7F7AC
:10A950002DFC6006040E002240210948F7F726FC72
:10A96000012000F0A1FF012240210548F7F71EFC5D
:10A97000681CC5B2082DDEDB70BD0000001802584F
:10A98000001C025890F8341001F0010139B101683F
:10A99000496821F40031826B11430268516090F8DC
:10A9A000341001F0020139B10168496821F48031A5
:10A9B000C26B11430268516090F8341001F0040139
:10A9C00039B10168496821F48021026C11430268A1
:10A9D000516090F8341001F0080139B101684968FC
:10A9E00021F40041426C11430268516090F8341028
:10A9F00001F0100139B10168896821F48051826C3D
:10AA000011430268916090F8341001F0200139B1CF
:10AA10000168896821F40051C26C11430268916099
:10AA200090F8341001F0400199B10168496821F4AF
:10AA30008011026D114302685160016DB1F5801FF4
:10AA400007D10168496821F4C001426D11430268D1
:10AA5000516090F8341001F0800139B10168496803
:10AA600021F40021826D114302685160704738B5AE
:10AA7000044600250020E067F7F79EFB05462068A6
:10AA8000006800F0080008280CD16FF07E402B46CB
:10AA900000224FF400110090204600F0A6FD08B1FE
:10AAA000032038BD2068006800F0040004280CD1A1
:10AAB0006FF07E402B4600224FF48001009020462C
:10AAC00000F093FD08B10320EBE7202084F8790023
:10AAD00084F87A0000BF002084F8780000BF00BF2F
:10AAE000DFE770B50546AC6B0020A4F86A00A4F857
:10AAF00062002046F9F7E3FD70BD0168096821F4A2
:10AB00009071026811600168896821F00101026892
:10AB10009160202180F87A10704710B504462068B3
:10AB2000006820F0400021680860202084F8790047
:10AB30002046F9F7E9FF002010BD2DE9F041044659
:10AB4000B4F86C7094F87A00222833D12068858C90
:10AB5000A068B0F5805F09D1206938B9666E05EA52
:10AB600007003080606E801C606605E0F8B2284007
:10AB7000626E511C61661070B4F86A00401E80B2AB
:10AB8000A4F86A00A0B92068006820F490702168D9
:10AB900008602068806820F001002168886020201B
:10ABA00084F87A002046F9F76BFF0020BDE8F081B9
:10ABB0000020FBE72068008B40F008002168088334
:10ABC0000220F3E72DE9F04F89B0044600254FF04D
:10ABD0008008A946AA4600200890FA4920688842C1
:10ABE00001D1012000E0002000B100E000BFA06A18
:10ABF000B0F1005F00D100BF2169A068084361691E
:10AC00000843E16940EA0105A06A0543206800683D
:10AC1000ED4908402843216808602068406820F416
:10AC20004050E168084321684860A569E54920680B
:10AC3000884201D1012000E0002008B9206A0543C4
:10AC4000A06AB0F1005F03D1D4E90B0108430543CA
:10AC500020688068DD4908402843216888602068B2
:10AC6000C06A20F00F00616A08432168C86200BF13
:10AC7000D7492068884224D1D648006800F03800BF
:10AC8000182814D005DC48B108280AD0102817D19C
:10AC90000AE020280ED0282812D10EE04FF001083B
:10ACA0000EE04FF004080BE04FF0400808E04FF0D2
:10ACB000080805E04FF0100802E04FF0200800BF40
:10ACC00017E1C549206888421DD1C248006800F0DC
:10ACD0000700062816D2DFE800F00306090C0F1261
:10ACE0004FF000080EE04FF004080BE04FF0400872
:10ACF00008E04FF0080805E04FF0100802E04FF0C0
:10AD0000200800BFF5E0B549206888421DD1B14850
:10AD1000006800F00700062816D2DFE800F00306FE
:10AD2000090C0F124FF000080EE04FF004080BE082
:10AD30004FF0400808E04FF0080805E04FF0100819
:10AD400002E04FF0200800BFD3E0A5492068884208
:10AD50001DD1A048006800F00700062816D2DFE8E1
:10AD600000F00306090C0F124FF000080EE04FF040
:10AD700004080BE04FF0400808E04FF0080805E039
:10AD80004FF0100802E04FF0200800BFB1E09549F5
:10AD9000206888421DD18F48006800F0070006280F
:10ADA00016D2DFE800F00306090C0F124FF000087E
:10ADB0000EE04FF004080BE04FF0400808E04FF0C1
:10ADC000080805E04FF0100802E04FF0200800BF2F
:10ADD0008FE085492068884224D17E48006800F0D1
:10ADE0003800182814D005DC48B108280AD01028EB
:10ADF00017D10AE020280ED0282812D10EE04FF0FB
:10AE000001080EE04FF004080BE04FF0400808E0A6
:10AE10004FF0080805E04FF0100802E04FF020085E
:10AE200000BF66E07149206888421DD1694800680A
:10AE300000F00700062816D2DFE800F00306090C30
:10AE40000F124FF000080EE04FF004080BE04FF037
:10AE5000400808E04FF0080805E04FF0100802E055
:10AE60004FF0200800BF44E06149206888421DD1AE
:10AE70005848006800F00700062816D2DFE800F006
:10AE80000306090C0F124FF000080EE04FF0040803
:10AE90000BE04FF0400808E04FF0080805E04FF0E5
:10AEA000100802E04FF0200800BF22E0454920686A
:10AEB00088421ED14748001D006800F007000628A0
:10AEC00016D2DFE800F00306090C0F124FF002085B
:10AED0000EE04FF004080BE04FF0400808E04FF0A0
:10AEE000080805E04FF0100802E04FF0200800BF0E
:10AEF00000BF00BF33492068884201D1012000E033
:10AF0000002000285DD00025B8F1100F33D009DCF7
:10AF1000B8F1020F10D0B8F1040F11D0B8F1080F3A
:10AF20002ED117E0B8F1200F27D0B8F1400F0CD088
:10AF3000B8F1800F24D124E0F7F71CFC054623E08C
:10AF400005A8F7F72DFC069D1EE002A8F7F73EFDC9
:10AF5000039D19E01F4854380068C0F3401040B109
:10AF60001C4854380068C0F3C101224820FA01F59A
:10AF700000E0204D08E0204D06E04FF4004503E0DE
:10AF800000BF0120089000BF00BF002D0AD06068FC
:10AF900000EB4000A84203D860680003A84202D238
:10AFA00001200890D4E2B8F1100F7CD026DCB8F173
:10AFB000020F2DD0B8F1040F52D0B8F1080F73D1A1
:10AFC0009EE03FE1000C0058F369FFCFFFF4FF1152
:10AFD0000010014054440258004400400048004022
:10AFE000004C004000500040001401400078004038
:10AFF000007C00400090D00300093D00B8F1200F14
:10B000007DD0B8F1400F54D0B8F1800FD7D109E10D
:10B01000F7F7B0FB00270646FB49606A31F810C01D
:10B0200062463B4630463946F5F7B1F94FF4807633
:10B0300000220346A3FB060701FB067103FB021374
:10B0400061684908064671185A41CDE900126668E0
:10B050003246002308460199F5F799F90546E4E0E0
:10B0600005A8F7F79DFBDDF818C0E749606A31F8DD
:10B0700010B05A46002360461946F5F788F94FF498
:10B08000807C0022A0FB0C3B01FB0CB100FB0210FA
:10B09000616849085E1840EB0201D4F804C06246BA
:10B0A0000023304601E079E0BBE0F5F770F9054692
:10B0B000BBE002A8F7F78AFCDDF80CC0D249606A51
:10B0C00031F810B05A46002360461946F5F75FF98B
:10B0D0004FF4807C0022A0FB0C3B01FB0CB100FB79
:10B0E0000210616849085E1840EB0201D4F804C000
:10B0F000624600233046F5F74AF9054695E06EE0D2
:10B10000C2480068C0F3401038B3C0480068C0F3BC
:10B11000C101BF4820FA01FCBB49606A31F810B098
:10B120005A46002360461946F5F731F94FF4807C02
:10B130000022A0FB0C3B01FB0CB100FB021061687C
:10B1400049085E1840EB0201D4F804C062460023AF
:10B150003046F5F71CF905461FE0AB49606A31F847
:10B1600010C062460023AA481946F5F710F94FF4BB
:10B17000807C0022A0FB0C3B01FB0CB100FB021009
:10B18000616849085E1840EB0201D4F804C06246C9
:10B1900000233046F5F7FBF8054646E09A49606A19
:10B1A00031F810C0624600239A481946F5F7EFF8C7
:10B1B0004FF4807C0022A0FB0C3B01FB0CB100FB98
:10B1C0000210616849085E1840EB0201D4F804C01F
:10B1D000624600233046F5F7DAF8054625E08A494D
:10B1E000606A31F810C0624600234FF400401946EF
:10B1F000F5F7CDF84FF4807C0022A0FB0C3B01FB5F
:10B200000CB100FB0210616849085E1840EB0201B6
:10B21000D4F804C0624600233046F5F7B8F8054676
:10B2200003E000BF0120089000BF00BFB5F5407FDC
:10B2300005D3B5F5801F02D22068C56088E10120E2
:10B24000089085E1E069B0F5004F7CD1B8F1100FAE
:10B250007AD00CDCB8F1000F13D0B8F1010F21D077
:10B26000B8F1040F2FD0B8F1080F6ED151E0B8F14A
:10B27000200F6BD0B8F1400F38D0B8F1800F64D1F7
:10B2800097E0F8F799FB604A616A32F81110B0FB59
:10B29000F1F04000616800EB5100B0FBF1F01FFAE3
:10B2A00080FA89E0F8F79EFB574A616A32F811107C
:10B2B000B0FBF1F04000616800EB5100B0FBF1F031
:10B2C0001FFA80FA78E005A8F7F76AFA06994E4A5D
:10B2D000606A32F81000B1FBF0F04000616800EBEA
:10B2E0005100B0FBF1F01FFA80FA65E002A8F7F711
:10B2F0006DFB0399444A606A32F81000B1FBF0F02C
:10B300004000616800EB5100B0FBF1F01FFA80FAD9
:10B3100052E03E480068C0F34010C0B13B480068AE
:10B32000C0F3C1013A48C840374A616A32F8111087
:10B33000B0FBF1F04000616800EB5100B0FBF1F0B0
:10B340001FFA80FA12E044E011E031E01FE02E49DC
:10B35000606A31F810002E49B1FBF0F040006168DE
:10B3600000EB5100B0FBF1F01FFA80FA24E026490F
:10B37000606A31F810002749B1FBF0F040006168C5
:10B3800000EB5100B0FBF1F01FFA80FA14E01E4907
:10B39000606A31F810004FF40041B1FBF0F040005A
:10B3A000616800EB5100B0FBF1F01FFA80FA03E096
:10B3B00000BF0120089000BF00BF4FF6F0700AEAFE
:10B3C0000009CAF3420049EA00092068C0F80C905D
:10B3D000BEE0B8F1100F7CD00CDCB8F1000F1BD030
:10B3E000B8F1010F29D0B8F1040F37D0B8F1080F28
:10B3F00070D159E0B8F1200F6DD0B8F1400F40D0B6
:10B40000B8F1800F66D19FE07EBD0008004402586D
:10B410000090D00300093D00F8F7CEFA4E4A616A69
:10B4200032F81110B0FBF1F0616800EB5100B0FB95
:10B43000F1F080B22168C86089E0F8F7D3FA464A93
:10B44000616A32F81110B0FBF1F0616800EB510055
:10B45000B0FBF1F080B22168C86078E005A8F7F78A
:10B460009FF906993C4A606A32F81000B1FBF0F08F
:10B47000616800EB5100B0FBF1F080B22168C86058
:10B4800065E002A8F7F7A2FA0399334A606A32F836
:10B490001000B1FBF0F0616800EB5100B0FBF1F07F
:10B4A00080B22168C86052E02C480068C0F34010A8
:10B4B000C0B12A480068C0F3C1012948C840264AE3
:10B4C000616A32F81110B0FBF1F0616800EB5100D5
:10B4D00002E017E037E025E0B0FBF1F080B2216830
:10B4E000C8600EE01C49606A31F810001C49B1FBCD
:10B4F000F0F0616800EB5100B0FBF1F080B2216820
:10B50000C86024E01449606A31F810001549B1FBA5
:10B51000F0F0616800EB5100B0FBF1F080B22168FF
:10B52000C86014E00C49606A31F810004FF4004123
:10B53000B1FBF0F0616800EB5100B0FBF1F080B2BC
:10B540002168C86003E000BF0120089000BF00BF71
:10B55000089809B0BDE8F08F7EBD0008004402588D
:10B560000090D00300093D00014691F879002128A0
:10B5700039D1B1F86200C8B90868006800F000501D
:10B5800030B10868806820F400000B68986005E01E
:10B590000868006820F080000B6818600868006880
:10B5A00040F040000B681860002070478868B0F5D4
:10B5B000805F0BD1086948B9CA6D1088C0F30800D4
:10B5C0000B681885C86D801CC86505E0CB6D581CDC
:10B5D000C86518780B681885B1F86200401EA1F89C
:10B5E00062000020E1E70220DFE72DE9F041044698
:10B5F0000D4617469846069E21E0701CF8B12EB104
:10B60000F6F7DAFDA0EB0800B04218D92068006810
:10B6100020F4D070216808602068806820F0010064
:10B6200021688860202084F8790084F87A0000BFBF
:10B63000002084F8780000BF0320BDE8F081206876
:10B64000C0692840A84201D1012000E00020B84292
:10B65000D3D00020F1E7000070B500240F4D104852
:10B66000F9F738F800BF03E0641CAC4200D904E0ED
:10B670000B48F9F725F82028F6D100BF002403E095
:10B68000641CAC4200D906E0012206490448F9F7DF
:10B6900087F90028F4D100BF70BD0000FFFF010052
:10B6A000500100241200002400BFFEE70248006899
:10B6B000C0F30220704700000CED00E010B5002838
:10B6C00004DB0A07130E054A135406E00A07140E9A
:10B6D000034A00F00F031B1FD45410BD00E400E028
:10B6E00018ED00E000B52DED028BB1EEC08B83B0FC
:10B6F00018EE100A18EE901A8DED008B002818BF76
:10B700000120084320F00040C0F17F6000F1E040DC
:10B71000C00F14D010EE101A10EE900A8DED000B31
:10B72000002918BF0121084320F00040C0F17F60CC
:10B7300000F1E040C00F04BF0120F4F7E0FFB0EEDD
:10B74000480B03B0BDEC028B00BD00BF704700008A
:10B750008CB00024002505264448808841F2180159
:10B76000884200D10A267FE041484168002088478E
:10B77000002468E03E48808E0121A1400840002856
:10B780005AD03B480C3030F81400384909888842B8
:10B7900057DA3748203030F8140034494988884255
:10B7A0004FDA02A830F824004FF6FF7188420DD11D
:10B7B0002F480C3030F8140002A921F824002C483E
:10B7C000203030F8140001EB84014880294830F81B
:10B7D00014000221264F2037CDE9001037F814302D
:10B7E000143F37F8142002AF07EB8407798802AFC3
:10B7F00037F8240000F00AF91D480C3030F8140026
:10B8000002A921F824001A48203030F8140001EB76
:10B810008401488016480C3030F814101348008812
:10B82000183881420DDD1248203030F814001428F9
:10B8300007DAFDF725FA04E04FF6FF7002A921F8B8
:10B840002400601CC4B2B44294DB052000F020F850
:10B85000681CC5B2142095FBF0F100FB115018B91B
:10B8600002210548F6F79EFC7EE700001C0200243A
:10B870003C0000242ABD00080004025810B504460C
:10B880000420F8F7EDFE0148046010BD0800002414
:10B8900030B50446002504E04FF47A7000F004F857
:10B8A0006D1CA542F8D330BD70B5034600224FF0A1
:10B8B000E02675690D4E366803FB06F44FF0E0266E
:10B8C000B16910E04FF0E026B06988420BD08842A1
:10B8D00002D20E1A324402E02E1A0E4432440146BD
:10B8E000A24200D300E0EDE700BF70BD08000024D5
:10B8F00000BF054AD26902F04002002AF9D0C2B264
:10B90000014B1A857047000000100140F8B505464C
:10B910000E4614461F4604B9F8BD2819401E0E49AC
:10B920000988884204DB0C480088001B401E85B251
:10B9300009484088B04203DC07484088401E86B270
:10B940002819401E82B23346314628460097F9F73F
:10B9500061FD00BFE0E700001C0200242DE9F05F5C
:10B960000746884616469A4640F2C32070434FF475
:10B970007A71B0FBF1F000F1010906FB06F000EB73
:10B98000560B344671040A0CB91B88B25346414623
:10B99000FFF7BCFF012535E005FB05F004FB0400C3
:10B9A00058451AD94C4517D96B1E5B041A0C08EB85
:10B9B000040399B27B1B5B1C98B25346FFF7A6FFAA
:10B9C0006B1E5B041A0CA8EB040399B27B1B5B1C77
:10B9D00098B25346FFF79AFF641E63041A0C08EBF3
:10B9E000050399B23B1B98B25346FFF78FFF6304E0
:10B9F0001A0CA8EB050399B23B1B98B25346FFF70C
:10BA000085FF6D1C4D45C7D9BDE8F09F2DE9FF4F5F
:10BA100085B080468946129F002003900290B84569
:10BA200007DB0798B84204DBB94502DB0898B84247
:10BA300002DA09B0BDE8F08F0798A0EB0804089877
:10BA4000A0EB0905CDF80480CDF80090002C02DDB4
:10BA50004FF0010A06E014B94FF0000A02E04FF07F
:10BA6000FF3A6442002D02DD4FF0010B06E015B9EC
:10BA70004FF0000B02E04FF0FF3B6D42AC4201DDA6
:10BA8000264600E02E460020049023E0009A91B262
:10BA9000019A90B23A46139BFFF760FF0398204447
:10BAA00003900298284402900398B04205DD039861
:10BAB000801B03900198504401900298B04205DD2C
:10BAC0000298801B02900098584400900498401CF3
:10BAD00080B20490711C04988842D7DD00BFA8E7AB
:10BAE0001CB5F6F77BFB042302221146F020FDF77C
:10BAF0005DFE4FF4C870FFF7C1FE4FF4E13000F077
:10BB0000DBF8FCF7A7FBF9F77FF9FDF7D9F8FDF7AC
:10BB1000C9FDF9F7B7FC2749086880474FF478401A
:10BB20002549086025A010210B46C822CDE9001048
:10BB300032211E20FCF730FB25A010210B46C82225
:10BB4000CDE9001046211E20FCF726FB23A0102182
:10BB50000B46C822CDE900105A211E20FCF71CFB21
:10BB600022A010210B46C822CDE900106E211E2014
:10BB7000FCF712FB0F4890F84400FF2809D01EA0E4
:10BB800010210B46C822CDE9001082211E20FCF7AF
:10BB900003FB40F2DC50FFF77BFEFDF771F8054830
:10BBA00090F8440000F0800008B1FFF7D1FD00F0EC
:10BBB0002FF800003C00002420000024504F4C418E
:10BBC00052495320483735302F4637353000000072
:10BBD000544F5543482054455354000041544F4D51
:10BBE00040414C49454E54454B00000032303139FC
:10BBF0002F352F35000000005072657373204B45C0
:10BC0000593020746F2041646A757374000000001D
:10BC100000254AE00020F9F74BF904462348416823
:10BC200000208847214890F8340000F0800008B3D5
:10BC30001E4880891E49098888421EDA1B48008CEC
:10BC40001B494988884218DA1848818918480088B1
:10BC50001838814206DD1548008C102802DAFDF7FD
:10BC60000FF80AE0114A118C90894FF47842FEF7E0
:10BC7000E5FA02E00A20FFF70BFE012C09D14FF68E
:10BC8000FF70F9F77DF9FDF731FFFEF793FDFCF743
:10BC9000F7FF681CC5B2142095FBF0F100FB1150B2
:10BCA00018B902210348F6F77DFAB3E73C000024F7
:10BCB0001C0200240004025810B5044609480A4931
:10BCC00008600846446000218160C16001618161B3
:10BCD0000C214161F8F7DCFD012204490248F8F724
:10BCE0005FFE10BD0010014050010024120000242E
:10BCF0004FF04070E1EE100A7047010002000400AE
:10BD0000060008000A000C0010002000400080001F
:10BD10000001010002000400060008000A000C00F7
:10BD20001000200040008000000100F8E0071F0024
:10BD300040BCE0FF1FF8FF077C7D07FC308401005A
:10BD400002000400060008000A000C001000200099
:10BD5000400080000001010002000400060008000D
:10BD60000A000C00100020004000800000010000CC
:10BD70000000010203040102030406070809010090
:10BD800002000400060008000A000C001000200059
:10BD900040008000000101000200040006000800CD
:10BDA0000A000C001000200040008000000101008B
:10BDB00002000400060008000A000C001000200029
:10BDC000400080000001010002000400060008009D
:10BDD0000A000C001000200040008000000100005C
:10BDE00000000000000000000000000000003F40D4
:10BDF0000000000000000000300040003000400063
:10BE0000000009000BC03D000BC03D00090018C038
:10BE100024407FE0224031800000180024C01B0035
:10BE20000D803240018003801C4027401C80074069
:10BE30000040100060000000000000000000000052
:10BE4000000000001F8020404020000040202040D3
:10BE50001F8000000000090006001F800600090086
:10BE60000000040004003F800400040000000010F3
:10BE70000060000000000000000004000400040056
:10BE8000040004000000000000400000000000006A
:10BE90000000002001C006003800400000001F80A4
:10BEA0002040204020401F800000000010403FC084
:10BEB00000400000000018C02140224024401840EB
:10BEC000000010802040244024401B80000002001D
:10BED0000D0011003FC0014000003C802440244080
:10BEE0002440238000001F802440244034400380ED
:10BEF00000003000200027C03800200000001B8018
:10BF00002440244024401B8000001C0022C022400A
:10BF100022401F80000000000000084000000000D8
:10BF200000000000000004600000000000000000AD
:10BF300004000A00110020804040090009000900A7
:10BF400009000900000000004040208011000A00A4
:10BF500004001800200023402400180000001F8067
:10BF60002040274029401F400000004007C0390002
:10BF70000F0001C0004020403FC0244024401B80EF
:10BF800000001F80204020402040308000002040E2
:10BF90003FC0204020401F80000020403FC0244080
:10BFA0002E4030C0000020403FC024402E00300012
:10BFB00000000F001080204022403380020020400B
:10BFC0003FC0040004003FC02040204020403FC04C
:10BFD0002040204000000060202020203FC02000A2
:10BFE000200020403FC024400B0030C020402040B3
:10BFF0003FC020400040004000C03FC03C0003C0A4
:10C000003C003FC0000020403FC00C4023003FC028
:10C0100020001F802040204020401F800000204042
:10C020003FC024402400180000001F802140214010
:10C0300020E01FA0000020403FC02440260019C07F
:10C04000004018C0244024402240318000003000CD
:10C0500020403FC020403000000020003F800040D2
:10C0600000403F80200020003E0001C00700380053
:10C070002000380007C03C0007C038000000204006
:10C0800039C0060039C0204000002000384007C0F9
:10C09000384020000000304021C02640384020C0F9
:10C0A0000000000000007FE0402040200000000071
:10C0B00070000C0003800040000000004020402081
:10C0C0007FE0000000000000200040002000000091
:10C0D0000000001000100010001000100010000000
:10C0E0000000400000000000000000000280054049
:10C0F000054003C0004020003FC0044004400380CE
:10C1000000000000038004400440064000000000DE
:10C110000380044024403FC00040000003800540ED
:10C12000054003400000000004401FC0244024409C
:10C130002000000002E00550055006500420204079
:10C140003FC00440040003C000400000044027C07A
:10C1500000400000000000100010041027E0000064
:10C16000000020403FC00140070004C004402040C0
:10C1700020403FC000400040000007C0040007C04E
:10C18000040003C00000044007C00440040003C0D2
:10C1900000400000038004400440038000000410BD
:10C1A00007F00450044003800000000003800440B6
:10C1B000045007F00010044007C0024004000400CF
:10C1C0000000000006400540054004C000000000DB
:10C1D00004001F800440004000000400078000406D
:10C1E000044007C000400400070004C001800600AE
:10C1F0000400060001C0070001C006000000044062
:10C2000006C0010006C0044000000410071004E04E
:10C210000180060004000000044005C00640044000
:10C2200000000000000004007BE04020000000004F
:10C2300000000000FFF000000000000040207BE054
:10C2400004000000000040008000400020002000AA
:10C25000400000000000000000000000000000009E
:10C2600000000000000000001FCC000C00000000D7
:10C27000000000000800300060000800300060008E
:10C280000000022003FC1E20022003FC1E200220CE
:10C29000000000000E1811043FFF10840C7800000D
:10C2A00000000F0010840F3800C007781884007851
:10C2B000000000780F8410C411240E9800E400845C
:10C2C0000008080068007000000000000000000086
:10C2D000000000000000000007E0181820044002E1
:10C2E0000000000040022004181807E000000000D1
:10C2F00000000240024001800FF001800240024035
:10C3000000000080008000800FF800800080008026
:10C3100000000001000D000E000000000000000001
:10C32000000000000080008000800080008000800D
:10C3300000800000000C000C000000000000000065
:10C3400000000000000600180060018006001800D0
:10C350002000000007F0080810041004080807F087
:10C3600000000000080408041FFC00040004000092
:10C37000000000000E0C10141024104411840E0C48
:10C38000000000000C1810041104110412880C7035
:10C390000000000000E00320042408241FFC002407
:10C3A000000000001F981084110411041088107000
:10C3B0000000000007F008881104110418880070BC
:10C3C000000000001C00100010FC13001C001000F6
:10C3D000000000000E3811441084108411440E38FF
:10C3E000000000000700088C10441044088807F083
:10C3F0000000000000000000030C030C000000001F
:10C400000000000000000001010600000000000024
:10C410000000000000800140022004100808100401
:10C42000000002200220022002200220022002201E
:10C4300000000000100408080410022001400080E1
:10C44000000000000E001200100C106C10800F0095
:10C45000000003E00C1813E4142417C4082807D0C4
:10C4600000000004003C03C41C40074000E4001C22
:10C47000000410041FFC1104110411040E88007044
:10C48000000003E00C1810041004100410081C1025
:10C49000000010041FFC100410041004080807F02A
:10C4A000000010041FFC1104110417C41004081824
:10C4B000000010041FFC1104110017C01000080038
:10C4C000000003E00C181004100410441C78004015
:10C4D000000010041FFC10840080008010841FFCEA
:10C4E00010040000100410041FFC100410040000CD
:10C4F000000000030001100110011FFE10001000D9
:10C50000000010041FFC110403801464181C1004A4
:10C51000000010041FFC1004000400040004000CC0
:10C52000000010041FFC1F0000FC1F001FFC100473
:10C53000000010041FFC0C04030000E010181FFC96
:10C54000100007F00808100410041004080807F091
:10C55000000010041FFC10841080108010800F0059
:10C56000000007F0081810241024101C080A07F215
:10C57000000010041FFC1104110011C011300E0C3A
:10C58000000400000E1C11041084108410441C3898
:10C5900000001800100010041FFC10041000180008
:10C5A000000010001FF810040004000410041FF81D
:10C5B000100010001E0011E0001C007013801C0011
:10C5C00010001FC0103C00E01F0000E0103C1FC026
:10C5D00000001004180C163401C001C01634180CE9
:10C5E000100410001C00130400FC13041C001000B5
:10C5F00000000804101C1064108413041C0410189C
:10C6000000000000000000007FFE400240024002E7
:10C610000000000030000C0003800060001C0003DC
:10C62000000000004002400240027FFE00000000C7
:10C6300000000000000020004000400040002000FA
:10C6400000000001000100010001000100010001E3
:10C650000001000040004000200000000000000039
:10C66000000000000098012401440144014400FC42
:10C67000000410001FFC0088010401040088007001
:10C68000000000000070008801040104010400881B
:10C6900000000000007000880104010411081FFC64
:10C6A0000004000000F8014401440144014400C8B2
:10C6B00000000000010401040FFC1104110411002A
:10C6C0001800000000D601290129012901C901062D
:10C6D000000010041FFC008401000100010400FCA4
:10C6E000000400000104190419FC00040004000007
:10C6F00000000000000300010101190119FE000003
:10C70000000010041FFC0024004001B4010C0104CF
:10C7100000000000100410041FFC000400040000CE
:10C720000000010401FC0104010001FC01040100FE
:10C7300000FC010401FC008401000100010400FC74
:10C740000004000000F8010401040104010400F8E1
:10C750000000010101FF0085010401040088007050
:10C76000000000000070008801040104010501FFC1
:10C7700000010104010401FC0084010401000180A6
:10C780000000000000CC01240124012401240198B0
:10C79000000000000100010007F80104010400008E
:10C7A0000000010001F8000400040004010801FC7D
:10C7B0000004010001800170000C00100160018084
:10C7C000010001F0010C003001C00030010C01F04B
:10C7D000010000000104018C00740170018C01044F
:10C7E0000000010101810171000E0018016001804B
:10C7F000010000000184010C013401440184010C9A
:10C800000000000000000000000001003EFC4002AB
:10C8100040020000000000000000FFFF00000000D8
:10C8200000000000400240023EFC01000000000049
:10C8300000000000600080008000400040002000F8
:10C8400020000000000000000000000000000000C8
:10C8500000000000000000000000000000000000D8
:10C8600000000000000000000000000000000000C8
:10C8700000000000000F80380FFE380F80380000E5
:10C8800000000000000000000000000000000000A8
:10C890000100000600000C00003800003100000616
:10C8A00000000C0000380000300000000000000014
:10C8B000000061800067F807F980006180006180F6
:10C8C0000061800061800067F807F98000618000E6
:10C8D000000000000000000001C0E003E0F00630AE
:10C8E000080418081FFFFE040E080787F00381E004
:10C8F00000000000000001F000060C00040408061F
:10C900000C7001F9C0000E00003BE000EC180708B5
:10C9100008040C180003E00000000001E00007F02C
:10C9200003F818041C0804170807E1D003C0E0004E
:10C9300023B0003C080020080000100000000000A8
:10C94000000100003100003200001C000000000067
:10C9500000000000000000000000000000000000D7
:10C9600000000000000000000000000000000000C7
:10C9700000007F0001FFC00780F00C0018100004C9
:10C980002000020000000000002000021000040C43
:10C9900000180780F001FFC0007F000000000000C9
:10C9A0000000000000000000000000000000420045
:10C9B000006600006600003C0000180003FFC00095
:10C9C0001800003C00006600006600004200000005
:10C9D000000008000008000008000008000008002F
:10C9E00001FFC00008000008000008000008000067
:10C9F00008000000000000010000310000320000CB
:10CA00001C0000000000000000000000000000000A
:10CA10000000000000000000000008000008000006
:10CA200008000008000008000008000008000008D6
:10CA300000000800000800000000000000000000E6
:10CA4000000038000038000038000000000000003E
:10CA500000000000000000000000000000000000D6
:10CA60000000000600001C000070000180000E00A5
:10CA700000380000C0000700001C0000300000006B
:10CA80000000000000007F8001FFE00380700600CE
:10CA90001804000804000806001803807001FFE075
:10CAA000007F80000000000000000000010008017D
:10CAB000000801000803FFF807FFF8000008000065
:10CAC0000800000800000000000000000001C0385D
:10CAD00002C058040098040118040218040418063F
:10CAE0001C1803F81801E0F8000000000000000026
:10CAF0000001C0E003C0F0040008040808040808AE
:10CB000006180803F41801E7F00001E00000000037
:10CB10000000000000000300000D00001100006193
:10CB20000000810803010807FFF80FFFF800010863
:10CB30000001080000000000000000E007FCD00633
:10CB40000808061008061008061008061838060F10
:10CB5000F00607C0000000000000000000003F8059
:10CB600001FFE003843002081804100804100804D0
:10CB70001008071810030FF00007C00000000000A5
:10CB80000000000003C0000700000600000600F8D7
:10CB90000607F806180006E000070000060000007F
:10CBA000000000000001E1E003F7F0063410041873
:10CBB00008041808040C08040C0806161803F3F0FF
:10CBC00001C1E000000000000000F80003FC300399
:10CBD00006380402080402080402080404100308CA
:10CBE000F001FFC0007F0000000000000000000016
:10CBF00000000000000000000000703800703800E5
:10CC0000703800000000000000000000000000007C
:10CC10000000000000000000000000000000301ACA
:10CC200000301C00000000000000000000000000B8
:10CC300000000000000000000008000014000022B6
:10CC4000000041000080800100400200200400102C
:10CC50000800080000000000000021000021000082
:10CC600021000021000021000021000021000021FE
:10CC70000000210000210000000000000000000072
:10CC8000080008040010020020010040008080001D
:10CC90004100002200001400000800000000000015
:10CCA0000003C00004C000040000080038080F386A
:10CCB0000808380810000C300007E00003C000002E
:10CCC0000000000000003F8000FFE0038070020FC2
:10CCD0001006708804C088048308047F8802C0900E
:10CCE00003012000FE400000080000180001F800C9
:10CCF0003E0801C20007020007E20000FE00001F1C
:10CD0000C80001F800003800000804000807FFF818
:10CD100007FFF804080804080804080804080806BF
:10CD2000180803F41801E7F00001E000000000001B
:10CD300000003F8001FFE00380700200180400083B
:10CD40000400080400080400100600200780C0004A
:10CD5000000004000807FFF807FFF80400080400BB
:10CD60000804000804001802001003807001FFE0AE
:10CD7000007F8000000004000807FFF807FFF804A8
:10CD80000808040808040808040808043E08040009
:10CD90000806001801006000000004000807FFF802
:10CDA00007FFF80408080408000408000408000449
:10CDB0003E000600000600000180000000000000A8
:10CDC00000003F8001FFE0038070060018040008A7
:10CDD0000402080402080203F00783F000020000C6
:10CDE000020004000807FFF807FFF804080800081D
:10CDF0000000080000080000080004080807FFF809
:10CE000007FFF80400080000000000000400080408
:10CE1000000804000807FFF807FFF80400080400F2
:10CE200008040008000000000000000000000006E8
:10CE300000000700000104000104000104000307D2
:10CE4000FFFE07FFFC0400000400000400000400D3
:10CE50000807FFF807FFF8040C08001800003E0060
:10CE600004C7800503C80600F80400380400180051
:10CE7000000804000807FFF807FFF8040008000096
:10CE80000800000800000800000800000800001862
:10CE900000006000000004000807FFF80780080792
:10CEA000FC00007FC00003F80007C0007800078086
:10CEB0000807FFF807FFF804000804000807FFF858
:10CEC00007000803C00000E000003800001E00005A
:10CED00007000001C00400F007FFF8040000000094
:10CEE00000007F8001FFE003807006001804000846
:10CEF00004000806001803003001FFE0007F8000F6
:10CF0000000004000807FFF807FFF8040408040401
:10CF100000040400040400040400060C0003F800EC
:10CF200001F000000000000000007F8001FFE0032E
:10CF300080700600880400880400C806003C0300D6
:10CF40003E01FFE6007F8400000004000807FFF8B0
:10CF500007FFF8040808040800040C00040F00048C
:10CF60000BC00610F003F03801E0080000080000D4
:10CF70000001E0F803F03006301004180804180827
:10CF8000040C08040C080206180207F00781E000F0
:10CF900000000180000600000400000400000400FE
:10CFA0000807FFF807FFF804000804000004000069
:10CFB00006000001800004000007FFE007FFF00406
:10CFC0000018000008000008000008000008000029
:10CFD0000804001007FFE004000004000006000041
:10CFE00007E00007FE00041FE00001F80000380021
:10CFF00001E0043E0007C000060000040000040039
:10D000000007E00007FFC0041FF80007C007F80092
:10D0100007FF80043FF80007C004F8000700000481
:10D02000000000000004000806001807C07805F1A1
:10D03000C8003E00001F800463E80780F80600185F
:10D04000040008000000040000060000078000073C
:10D05000E008047C08001FF80007F800180804E046
:10D06000080700000600000400000000000100089E
:10D070000600380400F80403E8040F08047C0805DF
:10D08000F00807C008070018040060000000000056
:10D09000000000000000000000000000003FFFFE54
:10D0A00020000220000220000220000220000200D6
:10D0B000000000000000000008000007000000C0A1
:10D0C000000038000006000001C000003000000E23
:10D0D000000001000000000000000000200002200D
:10D0E00000022000022000022000023FFFFE00009C
:10D0F0000000000000000000000000000000000030
:10D100000000000800001000003000002000003087
:10D1100000001000000800000000000000000000F7
:10D1200001000001000001000001000001000001F9
:10D1300000000100000100000100000100000100EA
:10D14000000100000000000000000020000020009E
:10D1500000100000100000000000000000000000AF
:10D160000000000000000000000000F00019F800BE
:10D170001B18002208002608002408002410003F85
:10D18000F8001FF80000080000180000000400006C
:10D1900007FFF80FFFF00018180010080020080023
:10D1A0002008003018001FF0000FC0000000000031
:10D1B000000007C0001FF000183000200800200801
:10D1C000002008003C08001C100000600000000067
:10D1D00000000000000007C0001FF0003818002009
:10D1E0000800200800200804101007FFF80FFFF0C7
:10D1F0000000100000000000000000000007C00058
:10D200001FF000123000221800220800220800320D
:10D2100008001E10000E200000000000000020008A
:10D2200000200800200801FFF803FFF8062008048A
:10D230002008042008072000030000000000000070
:10D240000000000E000E6E001FF30031B10020B18F
:10D250000020B1003191001F13002E1E00200E008F
:10D26000300000000004000807FFF80FFFF800106E
:10D2700008002000002000002008003FF8001FF8F0
:10D28000000008000000000000000000002008006E
:10D290002008002008063FF8063FF80000080000BC
:10D2A000080000080000000000000000000000006E
:10D2B00000000300000300200100200100200306FD
:10D2C0003FFE063FFC0000000000000000000000E0
:10D2D0000004000807FFF80FFFF8000188000300B2
:10D2E000002FC00038F80020380020080000080097
:10D2F0000000000000000000040008040008040012
:10D300000807FFF80FFFF8000008000008000008F9
:10D31000000000000000002008003FF8003FF80077
:10D320001008002000003FF8003FF800100800201F
:10D3300000003FF8003FF80000080000000020084F
:10D34000003FF8003FF80010080010000020000027
:10D350002008003FF8001FF800000800000000004F
:10D36000000007C0000FF00018300030080020084F
:10D37000002008003008001830000FF00007C0003F
:10D380000000000000002001003FFF003FFF0010F0
:10D3900011002009002008002008003038001FF08C
:10D3A000000FC00000000000000007C0001FF000D8
:10D3B0003818002008002008002009001011001F64
:10D3C000FF003FFF000001000000002008002008CF
:10D3D000002008003FF8003FF8000808001008008F
:10D3E0002008002000003000003000000000000095
:10D3F00000000000000C78001E180033080023080D
:10D400000021080021880021980030F000386000D9
:10D41000000000000000200000200000200000FFAD
:10D42000F003FFF80020080020080020080000306A
:10D43000000000000000000000002000003FF0009D
:10D440007FF8000018000008000008002010003FCE
:10D45000F8007FF000001000000000000000200035
:10D46000003000003C00003F800023F00000780006
:10D470000070002380003C000030000020000020ED
:10D4800000003C00003FE00023F80000E00027001F
:10D49000003E00003FE00021F80001E0003E0000F7
:10D4A0002000000000002008002008003838003E5E
:10D4B000680027800003C8002CF8003838002018C6
:10D4C00000200800000000000000200000300300E1
:10D4D0003C01003F830023EC000070002380003CEF
:10D4E00000002000002000000000000000000000FC
:10D4F0000038080020380020F80023E8002F8800BA
:10D500003E080038080020180000700000000000ED
:10D510000000000000000000000000000000080003
:10D520000014001FF7FC300006200002000000007D
:10D5300000000000000000000000000000000000EB
:10D5400000000000FFFFFF000000000000000000DE
:10D550000000000000000000000000002000023079
:10D5600000061FF7FC001400000800000000000087
:10D570000000000000000000000000000018000093
:10D580006000004000004000002000001000000883
:10D5900000000400000400000C0000100000000067
:10D5A000000000000000000000000000000000007B
:10D5B000000000000000000000000000000000006B
:10D5C000000000000000000000000000000000005B
:10D5D000000000000000000000000000000000004B
:10D5E000000000000000000000000000000000003B
:10D5F000000000000000000000000000000000002B
:10D60000000000000000000000000000000000001A
:10D61000000000000000000000000000000000000A
:10D6200000000000000000000000000000000000FA
:10D6300000000000000007F000C007FFE1E007F075
:10D6400001E0000000C00000000000000000000039
:10D6500000000000000000000000000000000000CA
:10D6600000000000000000000000000000000000BA
:10D6700000000000000000000000000000000000AA
:10D68000000000000000000000000000000000009A
:10D69000000000000000000000000000000000008A
:10D6A0000000000000000020000001C00000078012
:10D6B00000001F0000001E0000001C20000001C030
:10D6C0000000078000001F0000001E0000001C007A
:10D6D000000000000000000000000000000000004A
:10D6E000000000000000000000000000000000003A
:10D6F000000000000000000000000000000000002A
:10D700000000000000000000000000000000000019
:10D710000000000000000000000000000000000009
:10D72000000000180C0000180C0000180FE0001F8B
:10D73000FC0003F80C0000180C0000180C00001886
:10D740000C0000180C0000180FE0001FFC0003F88C
:10D750000C0000180C0000180C0000000000000075
:10D7600000000000000000000000000000000000B9
:10D7700000000000000000000000000000000000A9
:10D780000000000000000000000000000000000099
:10D790000000000000000000000000000000000089
:10D7A00000000000000000000780007807C000FCB7
:10D7B0000640010E002003070020020380200FFF17
:10D7C000FFFC0201C0200200E0600130704001F067
:10D7D0003F8000F01F00000000000000000000007B
:10D7E0000000000000000000000000000000000039
:10D7F0000000000000000000000000000000000029
:10D800000000000000000000000000000000000018
:10D81000000000000000000000000000000000FE0A
:10D82000000001FF0000030180000200806003018E
:10D8300081C001FF070000FE18000000E0000003A7
:10D84000BF00000CFFC00071806001C10020030117
:10D8500080600000FFC000003F00000000000000EA
:10D8600000000000000000000000000000000000B8
:10D8700000000000000000000000000000000000A8
:10D880000000000000000000000000000000000098
:10D890000000000000000000000000000000000088
:10D8A0001F0000007FC000FCC0C001FF80600303B8
:10D8B000E0200202782002061E2003FC074001F04F
:10D8C0000380000103C000011C600001E020000192
:10D8D0000020000100400000018000000000000066
:10D8E0000000000000000000000000000000000038
:10D8F0000000000000000000000000000000000028
:10D900000000000000000000000000000000000017
:10D910000000000000000000000000000000000007
:10D920000000002000001C6000001C4000001F8060
:10D9300000000F00000000000000000000000000D8
:10D9400000000000000000000000000000000000D7
:10D9500000000000000000000000000000000000C7
:10D9600000000000000000000000000000000000B7
:10D9700000000000000000000000000000000000A7
:10D980000000000000000000000000000000000097
:10D990000000000000000000000000000000000087
:10D9A0000000000000000000000000000000000077
:10D9B000000000000000000000000007F800003F29
:10D9C000FF00007807C001C000E003000030040041
:10D9D0000008080000041000000200000000000021
:10D9E0000000000000000000000000000000000037
:10D9F0000000000000000000000000000000000027
:10DA00000000000000000000000000000000000016
:10DA10000000000000000000000000000000000006
:10DA200000001000000208000004040000080300C9
:10DA3000003001C000E0007807C0003FFF00000791
:10DA4000F8000000000000000000000000000000DE
:10DA500000000000000000000000000000000000C6
:10DA600000000000000000000000000000000000B6
:10DA700000000000000000000000000000000000A6
:10DA80000000000000000000000000000000000096
:10DA90000000000000000000000000000000000086
:10DAA000000000000000000C1800000E3800000EFE
:10DAB000380000063000000360000061438000FF72
:10DAC000FF80006143000003600000063000000E8C
:10DAD0003800000E3800000C1800000000000000A4
:10DAE0000000000000000000000000000000000036
:10DAF0000000000000000000000000000000000026
:10DB00000000000000000000000000000000000015
:10DB10000000000000000000000000000000000005
:10DB200000000000000000008000000080000000F5
:10DB30008000000080000000800000008000007F66
:10DB4000FF00000080000000800000008000000056
:10DB50008000000080000000800000000000000045
:10DB600000000000000000000000000000000000B5
:10DB700000000000000000000000000000000000A5
:10DB80000000000000000000000000000000000095
:10DB90000000000000000000000000000000000085
:10DBA000000000000001000000E3000000E20000AF
:10DBB00000FC0000007800000000000000000000F1
:10DBC0000000000000000000000000000000000055
:10DBD0000000000000000000000000000000000045
:10DBE0000000000000000000000000000000000035
:10DBF0000000000000000000000000000000000025
:10DC00000000000000000000000000000000000014
:10DC10000000000000000000000000000000000004
:10DC20000000000080000000800000008000000074
:10DC300080000000800000008000000080000000E4
:10DC400080000000800000008000000080000000D4
:10DC50008000000080000000800000000000000044
:10DC600000000000000000000000000000000000B4
:10DC700000000000000000000000000000000000A4
:10DC80000000000000000000000000000000000094
:10DC90000000000000000000000000000000000084
:10DCA000000000000000000000C0000001E00000D3
:10DCB00001E0000000C000000000000000000000C3
:10DCC0000000000000000000000000000000000054
:10DCD0000000000000000000000000000000000044
:10DCE0000000000000000000000000000000000034
:10DCF0000000000000000000000000000000000024
:10DD00000000000000000000000000000000000013
:10DD10000000000000000000000000000000000003
:10DD200000000000000C00000038000000E00000CF
:10DD3000038000000E00000038000000E000000337
:10DD40008000000E00000038000000E000000380AA
:10DD500000000E000000180000000000000000009D
:10DD600000000000000000000000000000000000B3
:10DD700000000000000000000000000000000000A3
:10DD80000000000000000000000000000000000093
:10DD90000000000000000000000000000000000083
:10DDA000000000000000000FF800007FFF0000F0FE
:10DDB0000780018000C00300006002000020020014
:10DDC00000200200002003000060018000C000E08D
:10DDD0000380007FFF00000FF8000000000000003B
:10DDE0000000000000000000000000000000000033
:10DDF0000000000000000000000000000000000023
:10DE00000000000000000000000000000000000012
:10DE10000000000000000000000000000000000002
:10DE200000000000000000000000008000200080D2
:10DE30000020008000200080006001FFFFE003FF61
:10DE4000FFE0000000600000002000000020000053
:10DE500000200000000000000000000000000000A2
:10DE600000000000000000000000000000000000B2
:10DE700000000000000000000000000000000000A2
:10DE80000000000000000000000000000000000092
:10DE90000000000000000000000000000000000082
:10DEA000000000000000007800E000980160010020
:10DEB00002600200046002000860020010600200BC
:10DEC000206002004060030080600183006001FE6A
:10DED00000E0007C0780000000000000000000005F
:10DEE0000000000000000000000000000000000032
:10DEF0000000000000000000000000000000000022
:10DF00000000000000000000000000000000000011
:10DF10000000000000000000000000000000000001
:10DF200000000000000000F0078001F007C00100C1
:10DF30000040020000200201002002010020020136
:10DF40000020030380200186804001FCC0C00078CF
:10DF50007F8000001E0000000000000000000000A4
:10DF600000000000000000000000000000000000B1
:10DF700000000000000000000000000000000000A1
:10DF80000000000000000000000000000000000091
:10DF90000000000000000000000000000000000081
:10DFA00000000000080000003800000048000001E8
:10DFB000880000060800000C08100030081000401F
:10DFC000081001FFFFF003FFFFF003FFFFF0000068
:10DFD00008100000081000000810000000000000F9
:10DFE0000000000000000000000000000000000031
:10DFF0000000000000000000000000000000000021
:10E000000000000000000000000000000000000010
:10E010000000000000000000000000000000000000
:10E0200000000000000000000780001F864003E1A0
:10E030000020030200200304002003040020030446
:10E0400000200304002003060040030301C0030175
:10E05000FF8003007E0000000000000000000000C0
:10E0600000000000000000000000000000000000B0
:10E0700000000000000000000000000000000000A0
:10E080000000000000000000000000000000000090
:10E090000000000000000000000000000000000080
:10E0A0000000000000000007FC00003FFF000070BF
:10E0B000C380008180C001010060030200200202D1
:10E0C000002002020020020200200203004001C1E1
:10E0D00080C000C0FF8000007E0000000000000043
:10E0E0000000000000000000000000000000000030
:10E0F0000000000000000000000000000000000020
:10E10000000000000000000000000000000000000F
:10E1100000000000000000000000000000000000FF
:10E1200000000000000000F0000003C000000380B9
:10E13000000003000000030007E003003FE00301CC
:10E14000C000030600000318000003600000038005
:10E1500000000300000000000000000000000000BC
:10E1600000000000000000000000000000000000AF
:10E17000000000000000000000000000000000009F
:10E18000000000000000000000000000000000008F
:10E19000000000000000000000000000000000007F
:10E1A000000000001F0000783F8000FC60C0018E6E
:10E1B000C0400307802002030020020180200201EA
:10E1C00080200201C0200301E040018670C000FCF5
:10E1D0003F8000781F0000000000000000000000E9
:10E1E000000000000000000000000000000000002F
:10E1F000000000000000000000000000000000001F
:10E20000000000000000000000000000000000000E
:10E2100000000000000000000000000000000000FE
:10E220000000003F000000FF81C001C0C1C001002C
:10E230006020020020200200202002002020020096
:10E240002060020040C00100C18000C18F00007F3B
:10E25000FE00001FF00000000000000000000000B1
:10E2600000000000000000000000000000000000AE
:10E27000000000000000000000000000000000009E
:10E28000000000000000000000000000000000008E
:10E29000000000000000000000000000000000007E
:10E2A000000000000000000000000000000000006E
:10E2B000000000000000000300C0000781E000072C
:10E2C00081E0000300C0000000000000000000002A
:10E2D000000000000000000000000000000000003E
:10E2E000000000000000000000000000000000002E
:10E2F000000000000000000000000000000000001E
:10E30000000000000000000000000000000000000D
:10E3100000000000000000000000000000000000FD
:10E3200000000000000000000000000000000000ED
:10E3300000000000000000060066000600780000F3
:10E3400000000000000000000000000000000000CD
:10E3500000000000000000000000000000000000BD
:10E3600000000000000000000000000000000000AD
:10E37000000000000000000000000000000000009D
:10E38000000000000000000000000000000000008D
:10E39000000000000000000000000000000000007D
:10E3A000000000000000000080000001C000000329
:10E3B000600000063000000C180000180C0000304F
:10E3C00006000060030000C0018001000040020060
:10E3D0000020040000100000000000000000000009
:10E3E000000000000000000000000000000000002D
:10E3F000000000000000000000000000000000001D
:10E40000000000000000000000000000000000000C
:10E4100000000000000000000000000000000000FC
:10E4200000000004100000041000000410000004AC
:10E43000100000041000000410000004100000048C
:10E44000100000041000000410000004100000047C
:10E450001000000410000004100000000000000084
:10E4600000000000000000000000000000000000AC
:10E47000000000000000000000000000000000009C
:10E48000000000000000000000000000000000008C
:10E49000000000000000000000000000000000007C
:10E4A0000000000000000400001002000020010035
:10E4B000004000C00180006003000030060000182A
:10E4C0000C00000C18000006300000036000000182
:10E4D000C0000000800000000000000000000000FC
:10E4E000000000000000000000000000000000002C
:10E4F000000000000000000000000000000000001C
:10E50000000000000000000000000000000000000B
:10E5100000000000000000000000000000000000FB
:10E520000000000000000078000001F80000023840
:10E53000000002000000040000C0040079E00400B4
:10E5400081E0040100C00403000002020000030691
:10E55000000001FC000000F80000000000000000C6
:10E5600000000000000000000000000000000000AB
:10E57000000000000000000000000000000000009B
:10E58000000000000000000000000000000000008B
:10E59000000000000000000000000000000000007B
:10E5A0000000000FF800003FFE000070078000C070
:10E5B00000C00101F8400307FC20021E04200230C5
:10E5C000082002203020023FFC20013F044001804F
:10E5D0000CC000E03180001FC200000000000000FD
:10E5E000000000000000000000000000000000002B
:10E5F000000000000000000000000000000000001B
:10E60000000000000000000000000000000000000A
:10E6100000000000000000000000000000000000FA
:10E62000002000000060000003E000003E20000326
:10E63000E020003E200003E020000380200007FCD3
:10E640002000003FE0000003FE2000003FE000004B
:10E6500001E0000000200000002000000000000099
:10E6600000000000000000000000000000000000AA
:10E67000000000000000000000000000000000009A
:10E68000000000000000000000000000000000008A
:10E69000000000000000000000000000000000007A
:10E6A0000000020000200200002003FFFFE003FF43
:10E6B000FFE002010020020100200201002002010F
:10E6C000002002010020030300200186806001FC7D
:10E6D000C0C000F87F8000001F00000000000000A4
:10E6E000000000000000000000000000000000002A
:10E6F000000000000000000000000000000000001A
:10E700000000000000000000000000000000000009
:10E7100000000000000000000000000000000000F9
:10E7200000000007F800003FFF000070078000C0F5
:10E7300000C0010000400300002002000020020091
:10E7400000200200002002000020010000400180A3
:10E7500000C003C00180003006000000000000007F
:10E7600000000000000000000000000000000000A9
:10E770000000000000000000000000000000000099
:10E780000000000000000000000000000000000089
:10E790000000000000000000000000000000000079
:10E7A0000000020000200200002003FFFFE003FF42
:10E7B000FFE0020000200200002002000020020012
:10E7C00000200300006001000040018000C000F054
:10E7D0000780007FFE00000FF8000000000000002E
:10E7E0000000000000000000000000000000000029
:10E7F0000000000000000000000000000000000019
:10E800000000000000000000000000000000000008
:10E8100000000000000000000000000000000000F8
:10E820000000020000200200002003FFFFE003FFC1
:10E83000FFE002010020020100200201002002018D
:10E8400000200201002002038020020FE0200300CC
:10E85000006003C000E00060030000000000000052
:10E8600000000000000000000000000000000000A8
:10E870000000000000000000000000000000000098
:10E880000000000000000000000000000000000088
:10E890000000000000000000000000000000000078
:10E8A0000000020000200200002003FFFFE003FF41
:10E8B000FFE002010020020100200201000002012D
:10E8C0000000020100000201000002038000030FAB
:10E8D000E0000300000003C0000000600000000032
:10E8E0000000000000000000000000000000000028
:10E8F0000000000000000000000000000000000018
:10E900000000000000000000000000000000000007
:10E9100000000000000000000000000000000000F7
:10E9200000000007F800003FFE000070078001C0F3
:10E9300001C001000040030000200200002002008E
:10E94000002002000020010020200100204003C020
:10E950003F8000303F8000002000000020000000C9
:10E9600000000000000000000000000000000000A7
:10E970000000000000000000000000000000000097
:10E980000000000000000000000000000000000087
:10E990000000000000000000000000000000020075
:10E9A00000200200002003FFFFE003FFFFE0020061
:10E9B0008020020080200000800000008000000015
:10E9C0008000020080200200802003FFFFE003FFA0
:10E9D000FFE0020000200200002000000000000014
:10E9E0000000000000000000000000000000000027
:10E9F0000000000000000000000000000000000017
:10EA00000000000000000000000000000000000006
:10EA100000000000000000000000000000000000F6
:10EA200000000000000000000000020000200200C2
:10EA30000020020000200200002003FFFFE003FF8F
:10EA4000FFE002000020020000200200002002007F
:10EA50000020000000000000000000000000000096
:10EA600000000000000000000000000000000000A6
:10EA70000000000000000000000000000000000096
:10EA80000000000000000000000000000000000086
:10EA90000000000000000000000000000000000076
:10EAA00000000000000E0000000F0000000F00003A
:10EAB0000001020000010200000102000003020048
:10EAC000000603FFFFFC03FFFFF802000000020046
:10EAD0000000020000000200000000000000000032
:10EAE0000000000000000000000000000000000026
:10EAF0000000000000000000000000000000000016
:10EB00000000000000000000000000000000000005
:10EB100000000000000000000000000000000000F5
:10EB20000000020000200200002003FFFFE003FFBE
:10EB3000FFE00200C0200201002000078000000F5B
:10EB4000E0000030F80002603E2003800F20030048
:10EB500003E0020000E002000020000000200000AE
:10EB600000000000000000000000000000000000A5
:10EB70000000000000000000000000000000000095
:10EB80000000000000000000000000000000000085
:10EB90000000000000000000000000000000000075
:10EBA0000000020000200200002003FFFFE003FF3E
:10EBB000FFE0020000200200002000000020000012
:10EBC00000200000002000000020000000200000C5
:10EBD0000060000000E000000300000000000000F2
:10EBE0000000000000000000000000000000000025
:10EBF0000000000000000000000000000000000015
:10EC00000000000000000000000000000000000004
:10EC100000000000000000000000000000000200F2
:10EC200000200200002003FFFFE003E0002003FFBC
:10EC30000020001FF0000001FF8000000FE0000036
:10EC40001E000003E000003E002003E0002003FF60
:10EC5000FFE003FFFFE002000020020000200000B0
:10EC600000000000000000000000000000000000A4
:10EC70000000000000000000000000000000000094
:10EC80000000000000000000000000000000000084
:10EC90000000000000000000000000000000020072
:10ECA00000200200002003FFFFE00380002003F0AB
:10ECB000002000FC0000001F00000007C000000151
:10ECC000F00000007C0002001F80020007E003FF4C
:10ECD000FFE0020000000200000000000000000051
:10ECE0000000000000000000000000000000000024
:10ECF0000000000000000000000000000000000014
:10ED00000000000000000000000000000000000003
:10ED100000000000000000000000000000000000F3
:10ED20000000000FF800003FFE0000F007800180A7
:10ED300000C001000040020000200200002002008C
:10ED400000200200002001000040018000C000F00F
:10ED50000380003FFE00000FF800000000000000EC
:10ED600000000000000000000000000000000000A3
:10ED70000000000000000000000000000000000093
:10ED80000000000000000000000000000000000083
:10ED90000000000000000000000000000000000073
:10EDA0000000020000200200002003FFFFE003FF3C
:10EDB000FFE00200802002008020020080000200AC
:10EDC00080000200800002008000030180000183B7
:10EDD000000000FE0000007C0000000000000000B9
:10EDE0000000000000000000000000000000000023
:10EDF0000000000000000000000000000000000013
:10EE00000000000000000000000000000000000002
:10EE100000000000000000000000000000000000F2
:10EE20000000000FF800007FFF0000F00380018069
:10EE300001C001000640020004200200042002007C
:10EE40000620020003E0010000F80180005C00E001
:10EE5000038C003FFF0C000FFC18000000000000B6
:10EE600000000000000000000000000000000000A2
:10EE70000000000000000000000000000000000092
:10EE80000000000000000000000000000000000082
:10EE90000000000000000000000000000000000072
:10EEA0000000020000200200002003FFFFE003FF3B
:10EEB000FFE00201002002010020020180000201A7
:10EEC000E0000201FC0003033F80018607E001FC33
:10EED00000E000F80020000000200000000000001A
:10EEE0000000000000000000000000000000000022
:10EEF0000000000000000000000000000000000012
:10EF00000000000000000000000000000000000001
:10EF100000000000000000000000000000000000F1
:10EF20000000000000000078060000FE01E00186FD
:10EF300000C0030300400203002002018020020100
:10EF400080200201C0200200C0200100E06001809A
:10EF500070C003E03F8000001F00000000000000C0
:10EF600000000000000000000000000000000000A1
:10EF70000000000000000000000000000000000091
:10EF80000000000000000000000000000000000081
:10EF90000000000000000000000000000000000071
:10EFA0000000006000000380000003000000020079
:10EFB0000000020000200200002003FFFFE003FF2A
:10EFC000FFE002000020020000200200000002001A
:10EFD00000000380000000E00000000000000000CE
:10EFE0000000000000000000000000000000000021
:10EFF0000000000000000000000000000000000011
:10F000000000000000000000000000000000000000
:10F0100000000000000000000000000000000200EE
:10F0200000000200000003FFFF0003FFFFC002001A
:10F0300000400200006000000020000000200000EE
:10F04000002000000020020000400200008003FFBA
:10F05000FF000200000002000000000000000000AD
:10F0600000000000000000000000000000000000A0
:10F070000000000000000000000000000000000090
:10F080000000000000000000000000000000000080
:10F090000000000000000000000000000000000070
:10F0A0000000020000000200000003C0000003FC9A
:10F0B0000000023FC0000003F80000007F80000055
:10F0C00007E000000780000078000203C000023C57
:10F0D000000003C000000200000002000000000069
:10F0E0000000000000000000000000000000000020
:10F0F0000000000000000000000000000000000010
:10F1000000000000000000000000000000000000FF
:10F1100000000000000000000000000000000200ED
:10F12000000003C0000003FF8000023FFE00020059
:10F130007FE000000F000200F00003EF000003FF7B
:10F140008000020FFE0000003FE000001F000207E9
:10F15000E00003F8000003000000020000000000CF
:10F16000000000000000000000000000000000009F
:10F17000000000000000000000000000000000008F
:10F18000000000000000000000000000000000007F
:10F19000000000000000000000000000000000006F
:10F1A00000000200002002000020038000E003F0C5
:10F1B000032002FC0C20021F30000007C0000007E3
:10F1C000F00002187C0002601F20038003E00200B0
:10F1D00000E002000020000000200000000000000D
:10F1E000000000000000000000000000000000001F
:10F1F000000000000000000000000000000000000F
:10F2000000000000000000000000000000000000FE
:10F2100000000000000000000000000000000000EE
:10F220000000020000000300000003C0000003F81B
:10F230000000023E0020020FC0200001FFE000009D
:10F240007FE000038020021C002002700000038089
:10F2500000000200000002000000000000000000AA
:10F26000000000000000000000000000000000009E
:10F27000000000000000000000000000000000008E
:10F28000000000000000000000000000000000007E
:10F29000000000000000000000000000000000006E
:10F2A000000000000020006000E0038003E0030095
:10F2B0000FA002003E200200F8200203E020020F0F
:10F2C0008020023E00200278002003E000600380DE
:10F2D00000E0020003000000000000000000000049
:10F2E000000000000000000000000000000000001E
:10F2F000000000000000000000000000000000000E
:10F3000000000000000000000000000000000000FD
:10F3100000000000000000000000000000000000ED
:10F3200000000000000000000000000000000000DD
:10F330000000000000001FFFFFFC10000004100090
:10F34000000410000004100000041000000410006D
:10F350000004100000040000000000000000000095
:10F36000000000000000000000000000000000009D
:10F37000000000000000000000000000000000008D
:10F38000000000000000000000000000000000007D
:10F39000000000000000000000000000000000006D
:10F3A000000000000000000000000700000003C093
:10F3B000000000780000001E00000003C0000000F4
:10F3C000F00000001E0000000780000000F00000B8
:10F3D000003C0000000600000000000000000000EB
:10F3E000000000000000000000000000000000001D
:10F3F000000000000000000000000000000000000D
:10F4000000000000000000000000000000000000FC
:10F4100000000000000000000000000000000000EC
:10F4200000000000000010000004100000041000A4
:10F43000000410000004100000041000000410007C
:10F4400000041FFFFFFC000000000000000000009F
:10F4500000000000000000000000000000000000AC
:10F46000000000000000000000000000000000009C
:10F47000000000000000000000000000000000008C
:10F48000000000000000000000000000000000007C
:10F49000000000000000000000000000000000006C
:10F4A000000000000000000000000000000002005A
:10F4B0000000040000000800000018000000100018
:10F4C0000000180000001800000004000000020006
:10F4D000000000000000000000000000000000002C
:10F4E000000000000000000000000000000000001C
:10F4F000000000000000000000000000000000000C
:10F5000000000000000000000000000000000000FB
:10F5100000000000000000000000000000000000EB
:10F5200000010000000100000001000000010000D7
:10F5300000010000000100000001000000010000C7
:10F5400000010000000100000001000000010000B7
:10F5500000010000000100000001000000010000A7
:10F56000000000000000000000000000000000009B
:10F57000000000000000000000000000000000008B
:10F58000000000000000000000000000000000007B
:10F59000000000000000000000000000000000006B
:10F5A000000000000000000000001000000010003B
:10F5B0000000100000001800000008000000040017
:10F5C000000000000000000000000000000000003B
:10F5D000000000000000000000000000000000002B
:10F5E000000000000000000000000000000000001B
:10F5F000000000000000000000000000000000000B
:10F6000000000000000000000000000000000000FA
:10F6100000000000000000000000000000000000EA
:10F6200000000000038000018FC000038C60000612
:10F6300018200004102000041020000420200004E2
:10F640002040000620400003FFC00001FFE0000052
:10F65000002000000020000000C0000000000000AA
:10F66000000000000000000000000000000000009A
:10F67000000000000000000000000000000000008A
:10F68000000000000000000000000000000000007A
:10F69000000000000000000000000000000000006A
:10F6A0000000020000000200000003FFFFE007FF6F
:10F6B000FFC0000180C000020060000200200004C2
:10F6C0000020000400200004002000060040000389
:10F6D00000C00001FF800000FE00000000000000EC
:10F6E000000000000000000000000000000000001A
:10F6F000000000000000000000000000000000000A
:10F7000000000000000000000000000000000000F9
:10F7100000000000000000000000000000000000E9
:10F7200000000000000000007E000001FF800003D8
:10F7300081C00002004000060020000400200004F8
:10F74000002000040020000600200003C04000014B
:10F75000C080000003000000000000000000000066
:10F760000000000000000000000000000000000099
:10F770000000000000000000000000000000000089
:10F780000000000000000000000000000000000079
:10F790000000000000000000000000000000000069
:10F7A00000000000000000007E000001FF80000358
:10F7B00080C0000600600004002000040020000457
:10F7C0000020020400400202008003FFFFE007FF68
:10F7D000FFC00000004000000040000000000000EA
:10F7E0000000000000000000000000000000000019
:10F7F0000000000000000000000000000000000009
:10F8000000000000000000000000000000000000F8
:10F8100000000000000000000000000000000000E8
:10F8200000000000000000007E000001FF800003D7
:10F8300011C00002104000041060000410200004F9
:10F8400010200004102000061020000310400001CA
:10F85000F0C0000071000000000000000000000087
:10F860000000000000000000000000000000000098
:10F870000000000000000000000000000000000088
:10F880000000000000000000000000000000000078
:10F890000000000000000000000000000000000068
:10F8A000000000000000000400000004002000042C
:10F8B000002000040020007FFFE001FFFFE00104C2
:10F8C000002003040020020400200204002002049F
:10F8D00000000200000001C0000001C000000000A4
:10F8E0000000000000000000000000000000000018
:10F8F0000000000000000000000000000000000008
:10F9000000000000000000000000000000000000F7
:10F9100000000000000000000000000000000000E7
:10F920000000000000000000001C0000E33E000397
:10F93000FFC200020CC3000404C1000404C100049F
:10F9400004C1000404C100060CC10003F8C3000593
:10F95000F0620006007E0006003C0000000000008F
:10F960000000000000000000000000000000000097
:10F970000000000000000000000000000000000087
:10F980000000000000000000000000000000000077
:10F990000000000000000000000000000000000067
:10F9A0000000020000200200002003FFFFE007FF2C
:10F9B000FFE000010020000200200006000000041B
:10F9C00000000004000000040020000600200003E6
:10F9D000FFE00001FFE00000002000000020000028
:10F9E0000000000000000000000000000000000017
:10F9F0000000000000000000000000000000000007
:10FA000000000000000000000000000000000000F6
:10FA100000000000000000000000000000000000E6
:10FA200000000000000000000000000400200004AE
:10FA3000002000040020000400200387FFE0038F63
:10FA4000FFE00380002000000020000000200000F4
:10FA50000020000000000000000000000000000086
:10FA60000000000000000000000000000000000096
:10FA70000000000000000000000000000000000086
:10FA80000000000000000000000000000000000076
:10FA90000000000000000000000000000000000066
:10FAA0000000000000000000000000000006000050
:10FAB0000007000000010000000100040001000434
:10FAC000000100040003000400060387FFFC038F0D
:10FAD000FFF80380000000000000000000000000AC
:10FAE0000000000000000000000000000000000016
:10FAF0000000000000000000000000000000000006
:10FB000000000000000000000000000000000000F5
:10FB100000000000000000000000000000000000E5
:10FB20000000020000200200002003FFFFE007FFAA
:10FB3000FFE000000820000010200000300000005E
:10FB4000FC0000058E00000707A0000601E000048D
:10FB500000E0000400200000002000000000000081
:10FB60000000000000000000000000000000000095
:10FB70000000000000000000000000000000000085
:10FB80000000000000000000000000000000000075
:10FB90000000000000000000000000000000000065
:10FBA0000000000000000000000002000020020031
:10FBB0000020020000200200002003FFFFE007FFFA
:10FBC000FFE00000002000000020000000200000F6
:10FBD0000020000000000000000000000000000005
:10FBE0000000000000000000000000000000000015
:10FBF0000000000000000000000000000000000005
:10FC000000000000000000000000000000000000F4
:10FC100000000000000000000000000000000000E4
:10FC20000000000400200007FFE0000FFFE00002DA
:10FC3000002000040000000400200007FFE0000393
:10FC4000FFE0000200200004000000040020000784
:10FC5000FFE00003FFE000000020000000000000C3
:10FC60000000000000000000000000000000000094
:10FC70000000000000000000000000000000000084
:10FC80000000000000000000000000000000000074
:10FC90000000000000000000000000000000000064
:10FCA000000000040020000400200007FFE0000F17
:10FCB000FFE000010020000200200002000000041C
:10FCC00000000004000000040020000600200003E3
:10FCD000FFE00001FFE00000002000000020000025
:10FCE0000000000000000000000000000000000014
:10FCF0000000000000000000000000000000000004
:10FD000000000000000000000000000000000000F3
:10FD100000000000000000000000000000000000E3
:10FD200000000000000000007E000000FF800003D3
:10FD300081C00002004000060020000400200004F2
:10FD40000020000400200006002000020040000304
:10FD500081C00001FF8000007E0000000000000064
:10FD60000000000000000000000000000000000093
:10FD70000000000000000000000000000000000083
:10FD80000000000000000000000000000000000073
:10FD90000000000000000000000000000000000063
:10FDA000000000040001000400010007FFFF000F35
:10FDB000FFFF000100C10002004100040020000418
:10FDC0000020000400200004002000060040000382
:10FDD00001C00001FF8000007E0000000000000064
:10FDE0000000000000000000000000000000000013
:10FDF0000000000000000000000000000000000003
:10FE000000000000000000000000000000000000F2
:10FE100000000000000000000000000000000000E2
:10FE200000000000000000007E000001FF800003D1
:10FE300080C00002006000040020000400200004D4
:10FE400000200004002000020041000300C1000364
:10FE5000FFFF0007FFFF000000010000000100009D
:10FE60000000000000000000000000000000000092
:10FE70000000000000000000000000000000000082
:10FE80000000000000000000000000000000000072
:10FE90000000000000000000000000000000000062
:10FEA00000000004002000040020000400200004E2
:10FEB0000020000FFFE0000FFFE00000C020000165
:10FEC00000200002002000060020000400000004C2
:10FED0000000000700000003000000000000000018
:10FEE0000000000000000000000000000000000012
:10FEF0000000000000000000000000000000000002
:10FF000000000000000000000000000000000000F1
:10FF100000000000000000000000000000000000E1
:10FF2000000000000000000003E00001C0E000034A
:10FF3000E0400006302000043020000418200004B7
:10FF400018200004182000040C2000020C6000039C
:10FF500007C00007838000000000000000000000D0
:10FF60000000000000000000000000000000000091
:10FF70000000000000000000000000000000000081
:10FF80000000000000000000000000000000000071
:10FF90000000000000000000000000000000000061
:10FFA0000000000000000004000000040000000445
:10FFB0000000000C0000001FFF8000FFFFC00004D5
:10FFC0000060000400200004002000040020000461
:10FFD0000040000001800000000000000000000060
:10FFE0000000000000000000000000000000000011
:10FFF0000000000000000000000000000000000001
:020000040801F1
:1000000000000000000000000000000000000000F0
:1000100000000000000000000000000000000000E0
:10002000000000040000000400000007FF80000F33
:10003000FFC0000000600000002000000020000061
:1000400000200000002000040040000400800007A1
:10005000FFE0000FFFC00000004000000040000073
:100060000000000000000000000000000000000090
:100070000000000000000000000000000000000080
:100080000000000000000000000000000000000070
:100090000000000000000000000000000000000060
:1000A00000000004000000040000000780000007BA
:1000B000F0000004FE0000041FC0000003E0000088
:1000C000038000001C0000046000000780000006A0
:1000D000000000040000000000000000000000001C
:1000E0000000000000000000000000000000000010
:1000F0000000000000000000000000000000000000
:1001000000000000000000000000000000000000EF
:1001100000000000000000000000000000000004DB
:100120000000000600000007C0000007FC000004FB
:100130003F80000003E000040F800006F00000078D
:10014000F0000007FF8000040FE0000003800004BF
:100150003C000007C0000006000000040000000092
:10016000000000000000000000000000000000008F
:10017000000000000000000000000000000000007F
:10018000000000000000000000000000000000006F
:10019000000000000000000000000000000000005F
:1001A00000000000002000040020000400600007A0
:1001B00000E0000783200007E6000004F8000000CC
:1001C0003C0000045E20000587A0000601E000045A
:1001D000006000040020000000200000000000007B
:1001E000000000000000000000000000000000000F
:1001F00000000000000000000000000000000000FF
:1002000000000000000000000000000000000000EE
:1002100000000000000000000000000000000000DE
:1002200000000004000000040003000700030007B2
:10023000E0010004F80100041F02000007FC0000B8
:1002400000E000000700000438000007C0000006BE
:100250000000000400000004000000000000000096
:10026000000000000000000000000000000000008E
:10027000000000000000000000000000000000007E
:10028000000000000000000000000000000000006E
:10029000000000000000000000000000000000005E
:1002A00000000000000000078060000600E000047D
:1002B00003E0000407A000040E2000043C2000041A
:1002C00070200005E0200007802000070060000487
:1002D00000E00000038000000000000000000000BB
:1002E000000000000000000000000000000000000E
:1002F00000000000000000000000000000000000FE
:1003000000000000000000000000000000000000ED
:1003100000000000000000000000000000000000DD
:1003200000000000000000000000000000000000CD
:10033000000000000000000000000000800000003D
:1003400080000001400007FE3FF808000004100094
:100350000002100000020000000000000000000089
:10036000000000000000000000000000000000008D
:10037000000000000000000000000000000000007D
:10038000000000000000000000000000000000006D
:10039000000000000000000000000000000000005D
:1003A000000000000000000000000000000000004D
:1003B0000000000000000000000000000000FFFF3F
:1003C000FFFF00000000000000000000000000002F
:1003D000000000000000000000000000000000001D
:1003E000000000000000000000000000000000000D
:1003F00000000000000000000000000000000000FD
:1004000000000000000000000000000000000000EC
:1004100000000000000000000000000000000000DC
:1004200000000000000010000002100000020800A0
:10043000000407FE3FF800014000000080000000BB
:10044000800000000000000000000000000000002C
:10045000000000000000000000000000000000009C
:10046000000000000000000000000000000000008C
:10047000000000000000000000000000000000007C
:10048000000000000000000000000000000000006C
:10049000000000000000000000000000000000005C
:1004A0000000180000003000000040000000400084
:1004B00000004000000020000000300000000800A4
:1004C0000000040000000200000002000000020022
:1004D00000000C00000018000000000000000000F8
:1004E000000000000000000000000000000000000C
:1004F00000000000000000000000000000000000FC
:1005000000000000000000000000000000000000EB
:1005100000000000000000000000000000000100DA
:1005200002000400060008000A000C001000200071
:1005300040008000000101000200040006000800E5
:100540000A000C00100020004000800000010300A1
:1005500009000F0015001B005081588160816881DF
:100560007081010002000400060008000A000C006F
:100570001000200040008000000101000200040083
:10058000060008000A000C00100020004000800057
:10059000000160E001200305350002081E08503C00
:1005A0000F050000FF67500000181A1E1489280A62
:1005B000302EBB0A03000002331D000000000000C3
:1005C000003200002A1C5A94C50207000000B51F23
:1005D00000902800773200623F0052500052000025
:1005E000000000000000000000000000000000000B
:1005F00000000000000F0F03061042F80F14000067
:1006000000001A18161412100E0C0A080000000040
:1006100000000000000000000000000000000000DA
:1006200029282422201F1E1D0E0C0A08060504027C
:1006300000FF0000000000000000000000FFFFFFBE
:10064000FFFFFFFFFFFFFFFFFFFF50815881608129
:1006500068817081010002000400060008000A00A1
:100660000C0010002000400080000001010002008A
:100670000400060008000A000C00100020004000E2
:1006800080000001000100050010001400180000A7
:10069000010002000400060008000A000C0010001F
:1006A000200040008000000101000200040006005C
:1006B00008000A000C00100020004000800000012B
:1006C000EC070108010002000400060008000A000F
:1006D0000C0010002000400080000001010002001A
:1006E0000400060008000A000C0010002000400072
:1006F0008000000141000520030A3D20010A280F67
:100700006E5A030500000000000000181A1E148F26
:100710002FAA26240C0800000081032D00000000F1
:10072000000000000000001A3C94C502070000040D
:100730009E1C00892100772700682E005B37005B34
:1007400000000000000000000000000000000000A9
:100750000000000000000000000000000000000099
:100760000000000019181716151411100F0E0D0CAB
:100770000908070605040100000000000000000051
:1007800000000002040607080A0C0D0F10111213D6
:1007900014191B1C1E1F202122232425262728294B
:1007A000FFFF000000000000000000005D0150811C
:1007B0005881608168817081788180818881908191
:1007C00098813031323334353637383941424344F9
:1007D00045464030580030313233343536373839B9
:1007E000616263646566403078000000506C65614A
:1007F00073652075736520746865207374796C75F2
:100800007320636C69636B207468652063726F7317
:1008100073206F6E207468652073637265656E2E39
:100820005468652063726F73732077696C6C206104
:100830006C77617973206D6F766520756E74696C65
:10084000207468652073637265656E2061646A75E3
:1008500073746D656E7420697320636F6D706C6561
:100860007465642E00000000880801080000002460
:1008700088000000D4020008100901088800002444
:10088000600F0000F00200080090D0030090D00339
:100890000000000000000000000000000000000058
:1008A0001000000001010000000000FFFFFFFFFF3B
:1008B0000000000000000000000000000005000033
:1008C000000000009DA3000835A80008ED9A00086C
:1008D0000000000000000000000000000000000018
:1008E0000000000000000000000000000000000008
:1008F00000000000000000000000000000000000F8
:10090000000000000000000000000000D090000087
:040000050800029954
:00000001FF
