:020000040800F2
:10000000B034002459030008FD580008E34F0008ED
:100010005D58000879150008A97900080000000063
:10002000000000000000000000000000E15C00088B
:10003000CB15000800000000FF580008E35C000832
:1000400073030008730300087303000873030008B8
:1000500073030008730300087303000873030008A8
:100060007303000873030008730300087303000898
:100070007303000873030008730300087303000888
:100080007303000873030008730300087303000878
:100090007303000873030008730300087303000868
:1000A0007303000873030008730300087303000858
:1000B0007303000873030008730300087303000848
:1000C0007303000873030008730300087303000838
:1000D00073030008597900087303000873030008CC
:1000E0007303000873030008000000007303000896
:1000F0007303000873030008730300087303000808
:1001000073030008730300087303000873030008F7
:1001100073030008730300087303000873030008E7
:1001200073030008730300087303000873030008D7
:1001300073030008730300087303000873030008C7
:1001400000000000000000000000000000000000AF
:1001500073030008730300087303000873030008A7
:100160007303000873030008730300087303000897
:100170007303000873030008730300087303000887
:100180007303000873030008730300087303000877
:100190007303000873030008730300087303000867
:1001A0007303000873030008730300087303000857
:1001B0007303000873030008730300087303000847
:1001C0007303000873030008730300087303000837
:1001D0007303000873030008730300087303000827
:1001E0007303000873030008730300087303000817
:1001F0007303000873030008730300087303000807
:1002000073030008730300087303000873030008F6
:1002100073030008730300087303000873030008E6
:100220007303000873030008730300080000000054
:100230007303000873030008000000007303000844
:1002400073030008730300087303000873030008B6
:1002500073030008730300087303000873030008A6
:100260007303000873030008730300087303000896
:100270007303000873030008730300080000000004
:1002800073030008730300087303000800000000F4
:10029000000000007303000800F002F800F04CF8C2
:1002A0000AA090E8000C82448344AAF10107DA45D1
:1002B00001D100F041F8AFF2090EBAE80F0013F0D7
:1002C000010F18BFFB1A43F00103184720DC0000A0
:1002D00040DC0000103A24BF78C878C1FAD8520731
:1002E00024BF30C830C144BF04680C6070470000B0
:1002F0000023002400250026103A28BF78C1FBD82F
:10030000520728BF30C148BF0B60704766290AF00A
:100310001685642900F0F880002070471FB50AF0A8
:1003200009FD00F013FC0400002000210AF0E4FCA9
:10033000E0601FBD10B510BD00F028FD1146FFF7AD
:10034000EDFF0AF065F900F046FD03B4FFF7F2FF98
:1003500003BC08F04DF800000948804709480047F1
:10036000FEE7FEE7FEE7FEE7FEE7FEE7FEE7FEE765
:10037000FEE7FEE704480549054A064B70470000C2
:10038000ED5C000899020008B02A0024B034002473
:10039000B02C0024B02C0024704753EA020C00F06B
:1003A00069802DE9F04B4FF00006002B1FBFB3FA18
:1003B00083F503FA05F424FA05F65E4012BF1643EE
:1003C000B2FA82F502FA05F4C5F120051EBF22FA41
:1003D00005FC44EA0C04203556EA044C4FEA144468
:1003E00018BF641C4FF000084FF00009904271EBF9
:1003F000030C39D3002919BFB1FA81F701FA07F6C6
:10040000B0FA80F700FA07F6C7F120071EBF20FAFE
:1004100007FC46EA0C062037B6FBF4FCA7EB050701
:10042000103F07F01F0BCBF120060CFA0BFB2CFA48
:1004300006F644BFB3460026202FA4BF5E464FF009
:10044000000B5BEA060C08BF4FF0010B19EB0B0920
:10045000ABFB027C48EB0608C01B06FB02CC0BFB87
:1004600003CC71EB0C01C1E70B46024641464846FE
:10047000BDE8F08B13B54FF000004FF00001AFF373
:100480000080BDE81C4070470FB4044910B503AAB2
:10049000029800F049FB10BC5DF814FB100000242A
:1004A0002DE9F0410E460446002020622046E16816
:1004B000884730B3252805D0D4E901219047206A28
:1004C000401CF2E7E168204600278847050018D065
:1004D000A5F14100192802D820354FF400673246B3
:1004E000294620462760FFF711FF40B1012804D0BC
:1004F000F61D26F007060836D8E7361DD6E728464B
:10050000DAE7206ABDE8F0812DE9F04106460024D3
:1005100010687529314616A510D0AFF30080002869
:1005200002DA404213A507E031688A0701D512A517
:1005300002E0490704D511A5012401E0AFF30080D2
:1005400000210A2206F1240709E0B0FBF2FCB0FB0F
:10055000F2F302FB1C00303078541846491C002886
:10056000F3D123462A463046BDE8F04100F073B887
:10057000000000002D0000002B0000002000000003
:100580004FF0000200B5134694469646203922BF2C
:10059000A0E80C50A0E80C50B1F12001BFF4F7AF77
:1005A000090728BFA0E80C5048BF0CC05DF804EB59
:1005B000890028BF40F8042B08BF704748BF20F8C7
:1005C000022B11F0804F18BF00F8012B704700007C
:1005D0004FF0013C50F8042B51F8043B9A4215D1DE
:1005E000A2EB0C03934313EACC130BD150F8042B6A
:1005F00051F8043B9A4209D1A2EB0C03934313EA4E
:10060000CC13E7D04FF00000704700BFD01A01BAFA
:10061000B1FA81F101F0180122FA01F0CB40C1F1E9
:100620002001DBB2C0B2C01A2CFA01F3D11A9143F7
:1006300011EAC311E6D170477047704770477047A1
:1006400010B500F087FA006810BD10B5044600F040
:1006500081FA046010BD2DE9F0470D469946924697
:10066000044600F124080168880604D5E06921F0F9
:100670001001216000E00120A84201DD471B00E0DD
:100680000027A1697A1902EB0900081AA0612078F5
:10069000C00602D42046AFF30080002608E0D4E96B
:1006A00001211AF806009047206A401C761C20623F
:1006B0004E45F4DB2078C0060AD52046AFF3008013
:1006C00006E0D4E9012130209047206A401C2062D6
:1006D000381EA7F10107F4DC07E0D4E9012118F87E
:1006E00005009047206A401C2062281EA5F10105E4
:1006F000F3DC2046AFF300802078000602D502200C
:10070000BDE8F0870120FBE770472DE9FF4F0C465D
:100710001E464FF0FF378BB0D2E90001DDF8608054
:100720000A908A46C1F30A5505B93D46002108469C
:100730004FF00000BAF1000F00F4400005DA00EBC2
:1007400080004FF4400101EA50004FEA9059B9F19E
:10075000010F00DDB9460A9850EA4A000ED044F66F
:100760001050A5F2FF3545432F14B8F1000F1ED0ED
:100770007542291E1EDDC9F100021CE0B8F1010F0F
:100780004FF0000001D0302103E0F24305E0215496
:10079000401CB042FBDB30460022002121540B9963
:1007A000C1F80880C1E900200FB0BDE8F08FBD1B83
:1007B0006D1CDEE74A4600DA694206A800F06CFAD2
:1007C00006AB93E8070003AB83E8070050460A999D
:1007D00000F00AFB8DE80700A0F500501F380090DC
:1007E0000398002D0ADD42F21F014A460844002307
:1007F00003A90390684600F073FD09E0A0F50050DE
:100800004A461F38002303A90390684600F07DFD87
:100810008DE807000004000C03D04FF0FF304108C2
:1008200000E01046B8F1000F03D0002200921546F8
:100830001EE0751E05D400F091F9303262556D1E30
:10084000F9D5B3460122084302D000227F1C04E000
:100850002078302801D100227F1E002A099784D0F9
:100860001DE0112D07DA00F079F9303262556D1C68
:1008700050EA0102F5D1084302D00098C8B10EE059
:100880000021681E05E0235C625C63542254401E14
:10089000491C8142F7DBAB46A81B401E0990002093
:1008A00004F80B000B98099AC0F80880C0E9002BE7
:1008B0007AE711264FF0000857E72DE9F04F8846F8
:1008C0000446D21D22F0070191B0D1E90001CDE923
:1008D0000A0107F06BF802460B98C00F01D02D20DB
:1008E00007E02068810701D52B2002E0202101EAE2
:1008F000C000032A099001D0072A05DB03464146C0
:10090000204600F089F90BE12078800601D5E069E6
:1009100000E00620B8F1650F814606D0B8F1660FF9
:1009200018D0B8F1670F70D131E00020B9F1110F84
:10093000009001DB112301E009F101030AAA01A9DA
:100940000CA8FFF7E2FEDDE90C70002609F10105B5
:10095000834647E001204B4600904FF000470AAA2B
:1009600001A90CA8FFF7D1FEDDE90DB00C995D4699
:10097000002610B909F101000D18B9EB050003D4E8
:10098000C0F1FF3609F10105A5EB09002BE0B9F133
:10099000010F01DA4FF001090020B9F1110F0090A9
:1009A000484601DD112300E003460AAA01A90CA86C
:1009B000FFF7ABFEDDE90C704D460026834620783C
:1009C00000070AD4AB4500DA5D4601A8012D04DD1D
:1009D000411911F8011C302907D04F4502DA17F1EF
:1009E000040F04DA012082460FE06D1EEEE7002FAF
:1009F00002DCED1B3E4403E0781CA84200DD7D1CB8
:100A0000B81B00F1010A4FF000472078000703D41B
:100A1000AA4501DB4FF0FF3A0021B7F1004F0DF17D
:100A200043088DF8431024D002202B23002F01DA35
:100A30007F422D230A21021EA0F1010000DC5FB1DC
:100A400097FBF1FC97FBF1F201FB1C7C17460CF1C4
:100A5000300C08F801CDEEE7A8F101000370218801
:100A6000090501D5452100E06521A0F1010800F844
:100A7000011C09980FA9A1EB0807FF1D00B1012077
:100A8000411901EBEA70A1693844081A401EA061BF
:100A90002078C00602D42046AFF30080099828B120
:100AA000D4E901219047206A401C20622078C006CA
:100AB00022D52046AFF300801EE0002E04DBB345B4
:100AC00002DD01A8805D00E03020D4E901219047DB
:100AD000206A401C2062761CAAF101005FEA000A2D
:100AE0000AD100F033F8C0680168405CD4E9012104
:100AF0009047206A401C2062281EA5F10105DCDC1D
:100B000007E0D4E9012118F8010B9047206A401C46
:100B10002062381EA7F10107F3DC2046AFF3008006
:100B2000032011B041E60000074B70B50D467B4431
:100B300000F05FF80446284600F020F910B14FF0AD
:100B4000FF3070BD204670BDC39A0000004870475A
:100B50006C2A0024004870474C2A002430B5B0F1BC
:100B60000A024FEA900E71F100034EEA817EB0EB6B
:100B70000E0061EB91014FEA101E4EEA017E10EB70
:100B80000E0041EB11114FEA102E4EEA016E10EBF0
:100B90000E0041EB11214FEA104E4EEA014E10EBD0
:100BA0000E0041EB1141401841F100014FEAD00025
:100BB00040EA41704FEAD10110EB80054FEA810411
:100BC00044EA907444EB01046D1944EB0404521B95
:100BD000A3414FF0000348BF0A3200D530BD401C8E
:100BE00041F1000130BD000001694A1C0261087832
:100BF000704700B58FB0CDE901310021059105495D
:100C00007944CDE9031011466846FFF749FC0FB05F
:100C100000BD0000E5FFFFFF2DE9F0411F4604463F
:100C200003260168072A01F4006004DB08B116A559
:100C300005E016A503E008B115A500E015A521F013
:100C400010002060A069C01EA0610FB1401EA0610D
:100C50002046AFF300804FB1D4E9012138469047D8
:100C6000206A401C2062C01C206206E0206AFAE76D
:100C7000D4E9012115F8010B9047761EF8D22046E1
:100C8000AFF30080BDE8F0814E414E006E616E0012
:100C9000494E4600696E66002DE9F04781461646CA
:100CA0008AB0354878440DC88DE80D003248784444
:100CB000801C03AC0DC884E80D0041F69B3008444D
:100CC000372190FBF1F290FBF1F5A5F1800501FBD6
:100CD00012041B3C02D56442012000E00020DFF832
:100CE00098A080460027FA44AAF1BE0A0EE0E00769
:100CF0000AD03246684607EB470101230AEB81011F
:100D000000F003FB8DE8070064107F1C002CEED17F
:100D1000194F7F44AE3F19E0E80715D007EB0410E8
:100D20000DF1180A90E80E008AE80E00C068F04243
:100D300001D1981908903246012306A903A800F0B2
:100D4000E4FA03AB83E807006D10641C002DE3D1C7
:100D50004FF0010332466946B8F1000F03A802D0F4
:100D600000F0BEFA01E000F0D0FAC9E90001C9F8CC
:100D700008200AB0BDE8F0872CD20000007B00F00C
:100D800080007047004870474C2A00247546FFF7E2
:100D9000F9FFAE4605006946534620F00700854638
:100DA00018B020B5FFF7E6FABDE820404FF0000686
:100DB0004FF000074FF000084FF0000B21F0070143
:100DC000AC46ACE8C009ACE8C009ACE8C009ACE886
:100DD000C0098D46704710B50446AFF30080204629
:100DE000BDE81040FFF7B1BA5FEA400C08BF91F0D0
:100DF000000F4FEA8C234FEAC12243EA51514FEAD8
:100E00001C5018BF00F5F0404FEA300018BF41F009
:100E100000415FEA6C5C00F02980BCF1FF3F08BF35
:100E200040F080407047130C06BF12044FF0100CC6
:100E30004FF0000C130E04BF12020CF1080C130F3C
:100E400004BF12010CF1040C930F04BF92000CF1CB
:100E5000020CD30F04BF52000CF1010C11464FF0ED
:100E60000002A0F11F00A0EB0C00704711F0004F32
:100E700008BF704731F000413FF4D5AF0B0C06BFFF
:100E800009044FF0100C4FF0000C0B0E04BF0902C8
:100E90000CF1080C0B0F04BF09010CF1040C8B0FB3
:100EA00004BF89000CF1020CCB0F04BF49000CF108
:100EB000010CCCF12003A0EB0C0022FA03F302FAA0
:100EC0000CF241EA030100F10100704720F07F4C71
:100ED00080EA030023F07F47ACEB070303F57C5364
:100EE00000F0004003F1FF032DE980494FEA154B64
:100EF00009B44FEA144325EA0B4E24EA03480FF2E3
:100F0000042606EB132749083E785FEA320203FB0A
:100F10000667C7F5000707FB06F64FEA54374FEAA6
:100F2000D64606F1020607FB066CCCF1005C4FEAE0
:100F30001C472CEA074C07FB06F40CFB06F504EBF8
:100F400015464FEA961634BF00204FF000404FEA96
:100F5000D13706FB07FC4FEA1C4C0CFB0BF7D21BEE
:100F600003FB0CF761EB07010CFB0EF7B0EB07403E
:100F700072EB17420CFB08F734BFA2EB0742B2EB4F
:100F8000074261EB17414FEA0C444FEA910706FB19
:100F900007FC4FEA1C4C0CFB0BF7B0EBC74072EBA5
:100FA000573203FB0CF734BFA2EBC742B2EBC74288
:100FB00061EB57310CFB0EF7B0EBC70072EB5772C9
:100FC0000CFB08F734BFA2EBC702B2EBC70261EB20
:100FD0005771039F4FEA816141EA921104EBCC04FF
:100FE0004FEAD1374FEA826206FB07FC42EA9012D1
:100FF0004FEA80604FEA1C4C0CFB0BF7D21B03FB43
:101000000CF761EB07010CFB0EF7B0EB074072EB3E
:1010100017420CFB08F734BFA2EB0742B2EB0742C2
:1010200061EB17414FEA8C554FEA910704EB9C2482
:1010300006FB07FC4FEA1C4C0CFB0BF7B0EBC74060
:1010400072EB573203FB0CF734BFA2EBC742B2EB93
:10105000C74261EB57310CFB0EF7B0EBC70072EBE8
:1010600057720CFB08F734BFA2EBC702B2EBC70202
:1010700061EB577115EB4C254FEA816141EA921102
:101080004FEA82624FEAD13742EA901206FB07FC30
:1010900044F100044FEA80604FEA1C4C0CFB0BF754
:1010A000D21B03FB0CF761EB07010CFB0EF7B0EB57
:1010B000074072EB17420CFB08F734BFA2EB074264
:1010C000B2EB074261EB174115EB1C154FEA81317A
:1010D00041EA92414FEA823242EA90424FEA80303E
:1010E0004FEA0C7644F1000448EA03434EEA0B4809
:1010F0004FF0000EB2EB080C71EB030724BF624601
:1011000039464EEB0E0E4FF0000B0018524149418C
:101110004BEB0B0BB2EB080C71EB03077BF1000BF5
:1011200024BF624639464EEB0E0E4FF0000B0018FE
:10113000524149414BEB0B0BB2EB080C71EB03072F
:101140007BF1000B24BF624639464EEB0E0E51EA8E
:10115000020718BF46F0010616EB0E7655F10002A5
:1011600054F1000103D5BDE88901BDE80088BDE860
:101170008901BDE80048B619524141EB0101A3F1D4
:101180000103704780807F7E7D7C7B7A79787776DB
:1011900076757473727171706F6E6E6D6C6C6B6A54
:1011A0006A696868676666656464636362616160F2
:1011B000605F5F5E5E5D5D5C5C5B5B5A5A5959586F
:1011C00058575756565555555454535352525251D9
:1011D000515050504F4F4F4E4E4D4D4D4C4C4C4B2F
:1011E0004B4B4A4A4A494949484848474747474676
:1011F00046464545454444444443434343424242B2
:1012000042414141002B9C4630D477002BD01CB585
:101210004FEA370703B44FF010004FF01001BAF156
:10122000000F06D0BCF1000FDCBF40F0080040F01A
:1012300008014FF000000FBCBDE810400BF1010B9E
:10124000BBF1010F08BF5FEA170722BF12F10102CD
:1012500011F101014FF0004143F1000300F00040A3
:1012600043EA00007047F9D35708D0E746EA06463C
:1012700013F1400F4FEA16461FDD13F1200FDFBFB9
:1012800016430A46002120335B42BED0C3F120073B
:1012900046EA064602FA07F74FEA164646EA070606
:1012A000C3F1200722FA03F201FA07F721FA03F14A
:1012B0004FF0000342EA0702A7E746EA020646EAC1
:1012C00006464FEA164646EA0106BCBF46EA06460F
:1012D000360C4FF000034FF000024FF0000194E78E
:1012E0002DE9804C9A46934670B491E8380007C8BF
:1012F00031EA400C48BF34EA430C03D5FFF7E6FD62
:10130000FFF780FFF0BCBDE8008C2DE9804C9A46C9
:10131000934670B491E8380007C810F0804F08BFBA
:1013200013F0804F03D100F005F8FFF76BFFF0BC1E
:10133000BDE8008C20F07F4780EA030023F07F4C5B
:1013400007EB0C03A3F57C5300F00040A3F1FE0370
:1013500092F0000F00F0B38095F0000F00F077805E
:101360002DE901494FEA11404FEA144621EA0048AD
:1013700000FB06FC24EA064708FB06F607FB08F814
:1013800000FB07F718EB06484CEB164C4FEA124BE4
:1013900018EB07484FEA15464CEB174022EA0B4E74
:1013A0000BFB06FC25EA06470EFB06F607FB0EFEC6
:1013B0000BFB07F71EEB064E4CEB164C4FF00006EE
:1013C0001EEB074E4CEB174B18EB0B0840F10000DF
:1013D00018EB0E0B58EB000840F100008F1A4FF08D
:1013E00000013CBFC943661B14BFB5EB040C0021D0
:1013F0003CBFC943F61B4FEA17444EEA8E0E27EA5C
:1014000004454FEA1C4704FB07622CEA074C05FB26
:1014100007F70CFB05F604FB0CFC16EB074642EB4A
:10142000174216EB0C4642EB1C421BEB060658EB30
:101430000202414146EA9E0601D5BDE80189B6197E
:10144000524141EB0101A3F10103BDE801894FEADB
:1014500014454FEA114724EA054621EA074C05FBEB
:1014600007F406FB07F70CFB06F105FB0CFC11EB80
:10147000074144EB17444FEA124711EB0C4144EB90
:101480001C4422EA074C05FB07F206FB07F70CFB9E
:1014900006F605FB0CFC16EB074642EB174216EB73
:1014A0000C4642EB1C456A1854F1000148BF7047D6
:1014B000B619524141EB0101A3F10103704795F0C8
:1014C000000F37D04FEA11424FEA144721EA024693
:1014D00024EA074C02FB07F106FB07F70CFB06F4B6
:1014E00002FB0CFC14EB074441EB17414FEA154794
:1014F00014EB0C4441EB1C4125EA074C02FB07F5B9
:1015000006FB07F70CFB06F602FB0CFC16EB074686
:1015100045EB174516EB0C4645EB1C42121951F1F1
:10152000000148BF7047B619524141EB0101A3F1D8
:10153000010370474FEA14454FEA114724EA054674
:1015400021EA074C05FB07F106FB07F70CFB06F247
:101550004FF0000605FB0CFC12EB074241EB174174
:1015600012EB0C4251EB1C4148BF7047921841EB03
:101570000101A3F10103704700BFFEE702460B46DD
:10158000D11A11F1220F05DD11F11E0F02DA6FF0F1
:101590000500704711F1020F04DD022902DA6FF035
:1015A0000500F6E71E2904DD222902DA6FF00500A6
:1015B000EFE70020EDE70146087D00F040020AB9A0
:1015C000002070476FF00600FBE770472DE9F04FF1
:1015D0002DED028BB9B005460E46002415F8400FDC
:1015E00000F00F0000902878C0F303192888C0F39A
:1015F000032828881E2101EB103008EE100A6F889E
:10160000403D002025E0840000F1220115F8111072
:1016100001F00F0121AA42F8241000F1220115F86F
:101620001110C1F3031221AB611C43F8212000F11A
:10163000220135F81110C1F30322A11C43F8212027
:1016400000F1220135F811100A0BE11C43F82120AA
:10165000401C0628D7DB00200CE021A951F82010FF
:10166000072906DD21A951F82010103921AA42F8D6
:101670002010401C1828F0DB002025E0840000F139
:10168000280115F8111001F00F0101AA42F82410E9
:1016900000F1280115F81110C1F3031201AB611C10
:1016A00043F8212000F1280135F81110C1F303227D
:1016B000A11C43F8212000F1280135F811100A0B74
:1016C000E11C43F82120401C0828D7DB00200CE057
:1016D00001A951F82010072906DD01A951F82010B1
:1016E000103901AA42F82010401C2028F0DB4FF0EE
:1016F000000A62E04FF0000B5AE0202000FB0AB421
:1017000004F1400035F81000C0F3051106F14A005D
:1017100020F8141030F814001F2809DD06F14A00E3
:1017200030F81400403881B206F14A0020F8141055
:1017300006F14A0030F81400012200998A40504313
:1017400081B206F14A0020F8141021A830F82A00CE
:1017500000FA08F0C11901A830F82B0000FA09F0CE
:10176000014406F14A0030F81400084481B206F141
:101770004A0020F81410B8EE481BB0EE000B06F03B
:101780004BF9B0EE401B06F14A0030F8140000EEB1
:10179000100AB8EE400B80EE012BBCEEC20B10EE2F
:1017A000100A81B206F14A0020F814100BF1010B67
:1017B000BBF1200FA1DB0AF1010ABAF1180F99DB86
:1017C00039B0BDEC028BBDE8F08F00000EB5838A06
:1017D00003F400631A1182F0800290F86A3003F07B
:1017E0003F0300EE103AB8EEC00A8DED000A9DED01
:1017F000000AF3EE0F0AB4EEE00AF1EE10FA07DD8C
:101800009DED000ADFED340A30EE600A8DED000A2E
:101810009DED000AF3EE000A80EE201A8DED001A0D
:10182000B0F86A30C3F3841300EE103AB8EEC00A81
:101830008DED010A9DED010AF2EE0E0AB4EEE00A0A
:10184000F1EE10FA07DD9DED010ADFED240A30EE1E
:10185000600A8DED010A9DED010AF0EE000A80EEAE
:10186000201A8DED011AB0F86A30DB0A00EE103A4A
:10187000B8EEC00A8DED020A9DED020AF2EE0E0AE4
:10188000B4EEE00AF1EE10FA07DD9DED020ADFED9D
:10189000130A30EE600A8DED020A9DED020AF2EEA7
:1018A000000A80EE201A8DED021A81F825209DEDA8
:1018B000000A01F5805383ED970A9DED010A41F27C
:1018C0005C230B4483ED010A9DED020A41F25C2387
:1018D0000B4483ED020A0EBD00008042000000426E
:1018E000F0B52DED048B83B004460D46B4F84000EE
:1018F0001B2101EB103009EE100AB4F87400C0F39C
:101900000900ADF80000BDF90000B0F5007F06DB6E
:10191000BDF80000A0F5806000B2ADF80000B4F89A
:101920007400800AADF80200BDF902001F2805DD31
:10193000BDF80200403800B2ADF80200BDF8020068
:10194000BDF80010084400B2ADF80200B4F872000F
:10195000C0F3090000EE100AB8EEC00A8DED010ACE
:101960009DED010ADFED5A0AB4EEE00AF1EE10FA3D
:1019700007DD9DED010ADFED570A30EE600A8DEDBF
:10198000010AB8EE491BB0EE000B06F045F89DEDDC
:10199000011AB7EEC11A81EE002BB7EEC20B8DED26
:1019A000010AB4F87200800A00EE100AB8EEC00A0C
:1019B0008DED020A9DED020AF3EE0F0AB4EEE00A85
:1019C000F1EE10FA07DD9DED020ADFED430A30EE7D
:1019D000600A8DED020A9DED020ADFED400A80EEFD
:1019E000201AB7EE000A31EE000ADDED010A20EE02
:1019F000200A8DED020A94F8760000EE100AF8EE47
:101A0000C08A9FED370AF4EEC08AF1EE10FA05DDC8
:101A10009FED340A38EEC00AF0EE408A94F8700068
:101A2000C0F3031000F1080600EE106AB8EE401B88
:101A3000B0EE000B05F0F0FFB7EEE81A81EE002BD8
:101A4000B7EEC20B85ED080AB4F87600000A00EE86
:101A5000100AB8EEC08A9FED220AB4EEC08AF1EEF9
:101A600010FA05DD9FED1F0A38EE400AB0EE408AFD
:101A7000B4F87000C0F3032700EE107AB8EE401BF4
:101A8000B0EE000B05F0C8FFB7EEC81A81EE002BD0
:101A9000B7EEC20B85ED070A9DED010A05F58050F2
:101AA00080ED940A9DED020A41F25020284480ED19
:101AB000010ABDF8001041F258204153BDF8020060
:101AC00041F258212944488003B0BDEC048BF0BD9D
:101AD0000080FF430000804400008042000000437B
:101AE0000000FE42000080432DE9F04782460D468B
:101AF00000240027A046A14600BF0DE04FF6FF706E
:101B000041F26821294421F8140041F2722129444C
:101B100021F81400601C84B2052CEFDB00241EE0C9
:101B200004F140003AF8100038B941F26820284426
:101B300020F81740781C87B20FE004F140001AF833
:101B4000100000F0010040B141F27220284420F85A
:101B5000184008F101001FFA80F8601C84B2B4F547
:101B6000407F04DA052F02DAB8F1050FD8DB042F25
:101B700002DD6FF0020964E0B8F1040F02DD6FF0DE
:101B800003095EE007EB0800042802DD6FF004099A
:101B900057E0002419E0661C13E041F268222A4451
:101BA00032F8161041F268222A4432F81400FFF786
:101BB000E5FC8146B9F1000F02D04846BDE8F08748
:101BC000761CBE42E9DB601C84B2BC42E3DB00242D
:101BD00018E0661C12E041F272222A4432F8161014
:101BE00041F272222A4432F81400FFF7C7FC814602
:101BF000B9F1000F01D04846E0E7761C4645EADB24
:101C0000601C84B24445E4DB002418E0002612E0A6
:101C100041F272222A4432F8161041F268222A4414
:101C200032F81400FFF7AAFC8146B9F1000F01D089
:101C30004846C3E7761C4645EADB601C84B2BC42DA
:101C4000E4DB4846BAE70246B2F8603018B2B0F5B5
:101C5000004F00DB00B2888270470000B0F87820A7
:101C6000120A00EE902AF8EEE00AB0EE600ADFED0C
:101C70000B0AB4EEE00AF1EE10FA05DDDFED080A1A
:101C800070EE600AB0EE600ADFED060A80EE201A00
:101C9000B0EE410A81ED0A0A704700000000FE42E2
:101CA000000080430000004630B57A308288C2F3DD
:101CB000013202EB820254006FF02702A1F84020AB
:101CC0000025422255520279C2F30315442255528F
:101CD0008288C2F30325462255524422525A12FBEF
:101CE00004F215B244225552B1F944504622525AD8
:101CF00012FB045215B246225552027902F00F022D
:101D000002F10803012202FA03F3027800EE102A1E
:101D1000B8EEC00A81ED0B0A0288120A00EE102A02
:101D2000B8EEC00A81ED0C0A827800EE102AB8EEF7
:101D3000C00A81ED0D0A42887A38120A00EE102A94
:101D4000B8EEC00A81ED0E0A00222FE001F12C0549
:101D500005EB820595ED000ADFED160AB4EEE00A08
:101D6000F1EE10FA0FDD01F12C0505EB820595ED82
:101D7000000ADFED110A30EE600A01F12C0505EBD7
:101D8000820585ED000A01F12C0505EB8205D5EDF4
:101D9000000A00EE103AB8EEC00A80EE801A01F197
:101DA0002C0505EB820585ED001A521C042ACDDBBB
:101DB00030BD00000000FE42000080432DE9F04FDE
:101DC00085B006460D460024B6F86C00000A4FFAAE
:101DD00080FABAF17F0F01DD4FFA8AFA8DF810A070
:101DE00096F86C004FFA80F8B8F17F0F01DD4FFADA
:101DF00088F88DF81280B6F86E00000A47B27F2F7F
:101E000000DD7FB28DF8117096F86E004FFA80F900
:101E1000B9F17F0F01DD4FFA89F98DF8139096F82B
:101E20007000C0F303100830039096F8700000F0C3
:101E30000F0002904FF0000B6DE00020009065E075
:101E40002021009801FB0B042046E31704EBD36329
:101E50005B1121464FEAE47C04EB9C6C4FEAAC1C1E
:101E6000A3EB4C03224604EBD27C4FEA6C0CA4EBB0
:101E70004C0C4FF0020E0EFB03C3DBB2019340305B
:101E800016F81000C0F3420105F64C40015500570A
:101E9000032807DD05F64C40005D083841B205F621
:101EA0004C40015505F64C40005D012202998A40E4
:101EB000504341B205F64C40015504A90198095C14
:101EC00005F64C40005D084441B205F64C40015512
:101ED0009DED030AB8EE401BB0EE000B05F09CFD33
:101EE000B0EE401B05F64C40005700EE100AB8EE6D
:101EF000C00B80EE012BBDEEC20B10EE100A41B2FA
:101F000005F64C4001550098401C00900098202890
:101F100096DB0BF1010BBBF1180F8EDB05B0BDE8B2
:101F2000F08F2DE9FF5F05460E460024B5F86800E6
:101F30004FEA103ABAF1070F03DDAAF110004FFA89
:101F400080FA8DF80CA0B5F86800C0F30328B8F14A
:101F5000070F03DDA8F110004FFA80F88DF80E800E
:101F600095F86800C0F30317072F02DDA7F11000F2
:101F700047B28DF80D7095F8680000F00F09B9F1BF
:101F8000070F03DDA9F110004FFA80F98DF80F90CB
:101F9000B5F87000C0F303200290002000904AE0E2
:101FA0004FF0000B41E02021009801FB00B42046D7
:101FB000E31704EBD3635B1121464FEAE47C04EBA7
:101FC0009C6C4FEAAC1CA3EB4C03224604EBD27C86
:101FD0004FEA6C0CA4EB4C0C4FF0020E0EFB03C34B
:101FE000DBB2019303A8019BC15C06F64D7001555D
:101FF0009DED020AB8EE401BB0EE000B05F00CFDA3
:10200000B0EE401B06F64D70005700EE100AB8EE19
:10201000C00B80EE012BBDEEC20B10EE100A41B2D8
:1020200006F64D7001550BF1010BBBF1200FBADB29
:102030000098401C009000981828B1DBBDE8FF9F75
:102040002DE9F043B8B00246002092F8203003F0AA
:102050000F0C92F82030C3F30317138CC3F303263D
:10206000538C1DB2B5F5004F00DB2DB2002328E0E4
:10207000980003F1120412F8144004F00F040DF15B
:10208000800848F8204003F1120412F81440C4F309
:1020900003180DF18009441C49F8248003F112044F
:1020A00032F81440C4F30328841C49F8248003F157
:1020B000120432F814404FEA1438C41C49F8248042
:1020C0005B1C062BD4DB00230DE020AC54F823402E
:1020D000072C07DD20AC54F82340103C0DF180089C
:1020E00048F823405B1C182BEFDB002324E098000A
:1020F00003F1180412F8144004F00F044DF82040C6
:1021000003F1180412F81440C4F30318441C4DF8EA
:10211000248003F1180432F81440C4F30328841C0B
:102120004DF8248003F1180432F814404FEA1438B3
:10213000C41C4DF824805B1C082BD8DB002309E06D
:102140005DF82340072C04DD5DF82340103C4DF87A
:1021500023405B1C202BF3DB00234CE0002447E0F2
:102160004FF0200808FB034000F1400832F81880C7
:102170004FEA982901F24C6828F8109038F910803D
:10218000B8F11F0F0BDD01F24C6838F81080A8F190
:1021900040080FFA88F901F24C6828F8109001F213
:1021A0004C6838F810804FF0010909FA0CF908FB67
:1021B00009F80FFA88F901F24C6828F810900DF12F
:1021C000800838F8238008FA06F808EB05093DF87E
:1021D000248008FA07F8C14401F24C6838F81080EE
:1021E000C8440FFA88F901F24C6828F81090641C72
:1021F000202CB5DB5B1C182BB0DB38B0BDE8F083BE
:1022000070B52DED048B04460D46B4F86400800AC9
:1022100000EE100AB8EEC00AF0EE408AB3EE0F0AE4
:10222000F4EEC08AF1EE10FA05DD9FED250A38EED6
:10223000C00AF0EE408A9FED230AC8EE800AF0EE55
:10224000608AB4F86400C0F3090000EE100AB8EE2A
:10225000C08A9FED1D0AB4EEC08AF1EE10FA05DDCA
:102260009FED1A0A38EE400AB0EE408AB2EE000A3C
:10227000C8EE000AB0EE608AB4F8620006B2B2EEB0
:102280000C1BB0EE000B05F0C7FBB0EE401B208C22
:1022900000F4704000EE100AB8EEC00B80EE012B87
:1022A000B2EE000B32EE000BB7EEC09BC5ED018A1B
:1022B00085ED028AAE8185ED049ABDEC048B70BD7C
:1022C00000008042000080450080FF430000804401
:1022D000B0F87030C3F3013281F824207047000059
:1022E00090F8782000EE902AF8EEE00AB0EE600A4E
:1022F000DFED0A0AB4EEE00AF1EE10FA05DDDFEDDB
:10230000080A70EE600AB0EE600ADFED060A80EEA1
:10231000201AB0EE410A81ED060A70470000FE4225
:10232000000080430000004230B50A46B0F8664025
:1023300021B2B0F86640210A7F2902DDA1F5807440
:1023400021B24C0121B290F86630A3F580744FF4AD
:102350000055C5EB44131180538030BD70B5044661
:10236000B3F5804F13D1D1E9000540EA05108D681F
:1023700040EA05208D6928438D8940EA054054F8DC
:102380002250064E3540284344F8220003E06FF007
:10239000704044F82200002070BD00000000F0CF23
:1023A00030B50246086852F8200020F001000C68A1
:1023B00042F824008868082801D1402300E0002367
:1023C000486818438C682043CC6820430C6920433C
:1023D0004C6920438C692043CC6920430C6A20431C
:1023E0004C6A20438C6A2043CC6A20430C6B204308
:1023F0004C6B20438C6B20430C6852F824400D4DED
:102400002C4020430C6842F82400086BB0F5801F74
:1024100007D1086828B1106820F480100C6B2043A5
:102420001060086818B110684C6B204310600020E1
:1024300030BD00008004C0FF30B50346D1E900057F
:1024400040EA05108D6840EA05208D8940EA05457F
:10245000088A401E45EA0055087D801E45EA006056
:102460008D692843551C53F8255005F040452843F5
:10247000551C43F82500186800F48010B0F5801F43
:102480000BD1586820F47004088A401E44EA0054B6
:10249000586820F4700020435860002030BD0000D0
:1024A00070B504460CB9012070BD94F835000228BF
:1024B00003D0802060650120F6E7DC49206888426F
:1024C00049D0DA4918312068884244D0D7493031A0
:1024D000206888423FD0D5494831206888423AD0A8
:1024E000D24960312068884235D0D049783120689F
:1024F000884230D0CD499031206888422BD0CB49DA
:10250000A8312068884226D0C9492068884222D054
:10251000C7491831206888421DD0C549303120682C
:10252000884218D0C24948312068884213D0C04937
:102530006031206888420ED0BD49783120688842D9
:1025400009D0BB4990312068884204D0B849A831ED
:102550002068884201D1012000E00020F0B304206F
:1025600084F83500B149206888424BD0AF49183112
:102570002068884246D0AD4930312068884241D039
:10258000AA494831206888423CD0A8496031206877
:10259000884237D0A54978312068884232D0A34993
:1025A0009031206888422DD0A049A8312068884207
:1025B00028D09F492068884224D09D49183120683E
:1025C00088421FD09A493031206888421AD09849F1
:1025D00048312068884215D0954900E020E06031FC
:1025E000206888420ED0924978312068884209D00C
:1025F0008F4990312068884204D08D49A8312068E5
:10260000884206D12068006820F001002168086037
:1026100009E12068006820F001002168086002E1FB
:102620002068006820F00E00216808607F4920685B
:10263000884249D07D4918312068884244D07B497E
:102640003031206888423FD078494831206888423C
:102650003AD0764960312068884235D07349783164
:102660002068884230D071499031206888422BD050
:102670006E49A8312068884226D06D49206888427A
:1026800022D06B491831206888421DD0684930310A
:102690002068884218D0664948312068884213D0A3
:1026A00063496031206888420ED0614978312068E2
:1026B000884209D05E4990312068884204D05C4944
:1026C000A8312068884206D12068006820F0010007
:1026D0002168086005E02068006820F0010021689A
:1026E000086052492068884270D0504918312068EB
:1026F00088426BD04D4930312068884266D04B49C2
:1027000048312068884261D0484960312068884259
:102710005CD0464978312068884257D0434990318F
:102720002068884252D04149A831206888424DD063
:102730003F492068884249D03D4918312068884285
:1027400044D03B493031206888423FD03849483135
:10275000206888423AD0364960312068884235D0B6
:10276000334978312068884230D03149903120682F
:1027700088422BD02E49A8312068884226D02D4986
:102780002068884222D02B491431206888421DD00D
:10279000284928312068884218D026493C312068D1
:1027A000884213D023495031206888420ED02149F5
:1027B00064312068884209D01E49783120688842F7
:1027C00004D01C498C312068884201D1012000E0EE
:1027D0000020D8B1206E006820F48070216E08605F
:1027E000A56D94F85C0000F01F010120884068602E
:1027F000D4E919104860E06E40B1E06E006820F442
:102800008070E16E0860D4E91C10486000BF0020B1
:1028100084F8340000BF012084F83500206D10B129
:102820002046216D884700203EE60000100002404F
:1028300010040240085402580348006840F00100A8
:10284000014908607047000020040058F8B50246AE
:102850000023734DDEE001279F400E6806EA07045F
:10286000002C71D04E68022E02D04E68122E13D169
:10287000DF0802F1200656F827005E07F70E0F2644
:10288000BE40B0435F07FF0E0E69BE403043DF0815
:1028900002F1200646F8270010685F000326BE40BC
:1028A000B0430E7906F003065F00BE40304310606F
:1028B0004E68012E08D04E68022E05D04E68112EAB
:1028C00002D04E68122E13D190685F000326BE40DE
:1028D000B0435F00CE68BE40304390605068012630
:1028E0009E40B0430E79C6F300169E4030435060C0
:1028F000D0685F000326BE40B0435F008E68BE40D4
:102900003043D0604E6806F08056B6F1805F1BD130
:1029100000BF444E366846F00206424F3E603E46D7
:10292000366806F00206009600BF00BF3E4E9F08C4
:1029300056F827009E07370F0F26BE40B0433B4E88
:10294000B24202D100262EE063E0394EB24201D1FC
:10295000012628E0374EB24201D1022623E0364E4E
:10296000B24201D103261EE0344EB24201D1042608
:1029700019E0334EB24201D1052614E0314EB24285
:1029800001D106260FE0304EB24201D107260AE0FF
:102990002E4EB24201D1082605E02D4EB24201D1A1
:1029A000092600E00A269F073F0FBE4030431E4E17
:1029B0009F0846F827002868A0434E6806F4803632
:1029C000B6F5803F00D1204328606868A0434E6878
:1029D00006F40036B6F5003F00D1204368604FF0A2
:1029E000B0463068A0434E6806F48016B6F5801FE6
:1029F00000D120434FF0B04630607068A0434E686D
:102A000006F40016B6F5001F00D120434FF0B04683
:102A100070605B1C0E68DE40002E7FF41CAFF8BDBA
:102A200080000058F444025808040058000002587E
:102A30000004025800080258000C02580010025806
:102A40000014025800180258001C025800200258B6
:102A500000240258024613690B400BB1012000E02C
:102A6000002070470AB1816101E00B048361704767
:102A700001480068000C70470010005C01480068C5
:102A800070470000180000240348006803490978D3
:102A90000844014908607047180000242000002401
:102AA00010B5052000F00AF901F0CCFA10490968C8
:102AB000C1F303210F4A515C01F01F01C8400E49C8
:102AC00008600B48006800F00F001146085C00F039
:102AD0001F0109480068C840084908600F2000F03D
:102AE0000FF808B1012010BD00F09AF80020FAE7B5
:102AF0001844025832AE00080400002408000024E4
:102B000070B504461148007808B9012070BD0F481F
:102B100000784FF47A71B1FBF0F00D490968B1FB10
:102B2000F0F5284601F0B1FF08B10120EEE7102CC6
:102B300007D200222146501E00F083F805480460A9
:102B400001E00120E2E70020E0E70000200000248F
:102B5000040000241C0000244178154A116001780B
:102B6000F9B1121D41681160017B0907C27A41EA7F
:102B70000261827A41EAC241427B41EA8241827B20
:102B800041EA4241C27B41EA0241427A41EA0221E2
:102B9000027A41EA420102781143054A0832116083
:102BA00005E00021024A121D1160121D11607047DC
:102BB00098ED00E000BF00BF00BFBFF35F8F00BF14
:102BC00000BF00BF0548006820F48030034908605A
:102BD00000200249703108607047000024ED00E0D9
:102BE00040F001010D4A11600C497039096841F447
:102BF00080310A4A703A116000BF00BF00BFBFF3C6
:102C00004F8F00BF00BF00BF00BF00BF00BFBFF3BA
:102C10006F8F00BF00BF00BF7047000094ED00E061
:102C2000704701460846002809DB00F01F03012217
:102C30009A4043099B0003F1E023C3F8002100BF41
:102C400070472DE9F05F80460D46164604F0C6FE3B
:102C5000074639462A46334601F00700C0F1070A05
:102C6000BAF1040F02D94FF0040A01E0C0F1070ADB
:102C7000D14600F1040ABAF1070F02D24FF0000A60
:102C800001E0A0F1030AD4464FF0010A0AFA09FA5A
:102C9000AAF1010A0AEA020A0AFA0CFA4FF0010B39
:102CA0000BFA0CFBABF1010B0BEA030B4AEA0B042A
:102CB0002146404604F09AFEBDE8F09F00BF00F0B8
:102CC0000702064B19684FF6FF031940044B0B43EC
:102CD00043EA0221014B196000BF70470CED00E090
:102CE0000000FA050348006840F080700149086060
:102CF000704700000C48025810B501F0A3F90749CD
:102D00000968C1F30321064A515C01F01F01C84064
:102D1000044908600846006810BD000018440258C5
:102D200032AE00080400002410B501F04FF9054947
:102D30000968C1F30211044A515C01F01F01C84047
:102D400010BD00002044025832AE000870B50146A4
:102D5000844D2D6805F00303824D2D68C5F30530C1
:102D6000804D2D1D2D68C5F300147E4D14352D6842
:102D7000C5F3CC0515FB04F501EE105AB8EE411A67
:102D8000F0EE410A00286FD023B1012B4ED0022B68
:102D90006BD16BE0734D283D2D68C5F340153DB3F5
:102DA000704D283D2D68C5F3C1066F4D25FA06F21A
:102DB00001EE102AF8EE411A01EE100AB8EE411A9F
:102DC00081EE812A9FED691AC0EE811A654D10359A
:102DD0002D68C5F3080501EE105AB8EE411A31EE20
:102DE000811AF7EE001A31EE211A22EE010A1CE0D8
:102DF00001EE100AB8EE411ADFED5D1A81EE812A6C
:102E00009FED5A1AC0EE811A564D10352D68C5F344
:102E1000080501EE105AB8EE411A31EE811AF7EEAC
:102E2000001A31EE211A22EE010A5BE001EE100ACF
:102E3000B8EE411ADFED4F1A81EE812A9FED4B1A51
:102E4000C0EE811A474D10352D68C5F3080501EE17
:102E5000105AB8EE411A31EE811AF7EE001A31EE2F
:102E6000211A22EE010A3DE077E01DE001EE100A92
:102E7000B8EE411A9FED402AC2EE011A9FED3B1AAF
:102E800080EE812A374D10352D68C5F3080501EE17
:102E9000105AB8EE411A32EE011AB7EE002A31EE9E
:102EA000021A21EE810A1DE001EE100AB8EE411A65
:102EB000DFED301A81EE812A9FED2C1AC0EE811AC7
:102EC000284D10352D68C5F3080501EE105AB8EEEF
:102ED000411A31EE811AF7EE001A31EE211A22EE74
:102EE000010A00BF00BF1F4D10352D68C5F34625F0
:102EF00001EE105AB8EE411AF7EE001A31EE211A1F
:102F0000C0EE011ABCEEE11A81ED001A154D103524
:102F10002D68C5F3064501EE105AB8EE411AF7EEDA
:102F2000001A31EE211AC0EE011ABCEEE11A81ED51
:102F3000011A0C4D10352D68C5F3066501EE105AC7
:102F4000B8EE411AF7EE001A31EE211AC0EE011A5E
:102F5000BCEEE11A81ED021A03E000250D604D6020
:102F60008D6070BD284402580090D00300000046D8
:102F70000024744C0024744A0024F44A70B50146BD
:102F8000844D2D6805F00303824D2D68C5F305506F
:102F9000804D2D1D2D68C5F300247E4D1C352D68F8
:102FA000C5F3CC0515FB04F501EE105AB8EE411A35
:102FB000F0EE410A00286FD023B1012B4ED0022B36
:102FC0006BD16BE0734D283D2D68C5F340153DB3C3
:102FD000704D283D2D68C5F3C1066F4D25FA06F2E8
:102FE00001EE102AF8EE411A01EE100AB8EE411A6D
:102FF00081EE812A9FED691AC0EE811A654D183560
:103000002D68C5F3080501EE105AB8EE411A31EEED
:10301000811AF7EE001A31EE211A22EE010A1CE0A5
:1030200001EE100AB8EE411ADFED5D1A81EE812A39
:103030009FED5A1AC0EE811A564D18352D68C5F30A
:10304000080501EE105AB8EE411A31EE811AF7EE7A
:10305000001A31EE211A22EE010A5BE001EE100A9D
:10306000B8EE411ADFED4F1A81EE812A9FED4B1A1F
:10307000C0EE811A474D18352D68C5F3080501EEDD
:10308000105AB8EE411A31EE811AF7EE001A31EEFD
:10309000211A22EE010A3DE077E01DE001EE100A60
:1030A000B8EE411A9FED402AC2EE011A9FED3B1A7D
:1030B00080EE812A374D18352D68C5F3080501EEDD
:1030C000105AB8EE411A32EE011AB7EE002A31EE6C
:1030D000021A21EE810A1DE001EE100AB8EE411A33
:1030E000DFED301A81EE812A9FED2C1AC0EE811A95
:1030F000284D18352D68C5F3080501EE105AB8EEB5
:10310000411A31EE811AF7EE001A31EE211A22EE41
:10311000010A00BF00BF1F4D18352D68C5F34625B5
:1031200001EE105AB8EE411AF7EE001A31EE211AEC
:10313000C0EE011ABCEEE11A81ED001A154D1835EA
:103140002D68C5F3064501EE105AB8EE411AF7EEA8
:10315000001A31EE211AC0EE011ABCEEE11A81ED1F
:10316000011A0C4D18352D68C5F3066501EE105A8D
:10317000B8EE411AF7EE001A31EE211AC0EE011A2C
:10318000BCEEE11A81ED021A03E000250D604D60EE
:103190008D6070BD284402580090D00300000046A6
:1031A0000024744C0024744A0024F44A2DE9F041B0
:1031B00004460025A846206800F00060B0F1006FCA
:1031C00030D1606E48B1B0F5801F0DD0B0F5001F52
:1031D00010D0B0F5401F15D113E0F948006840F455
:1031E0000030F74908600FE00221201D02F088FB43
:1031F000054609E0022104F1240002F033FC0546F3
:1032000002E001E0012500BF00BF55B9EC482430C1
:10321000006820F44010616E0843E94924310860D9
:1032200000E0A846208800F48070B0F5807F2DD1A2
:10323000606D05281AD2DFE800F0030A10171800A5
:10324000DF48006840F40030DD49086010E00021EC
:10325000201D02F055FB05460AE0002104F1240080
:1032600002F000FC054603E002E001E0012500BF9A
:1032700000BF55B9D2482430006820F00700616DC6
:103280000843CF492431086000E0A846208800F4B4
:103290000070B0F5007F33D1A06D802817D003DC1B
:1032A00040B140281CD10CE0C02817D0B0F5807F79
:1032B00016D114E0C248006840F40030C0490860EC
:1032C00010E00021201D02F01BFB05460AE0002152
:1032D00004F1240002F0C6FB054603E002E001E031
:1032E000012500BF00BF55B9B5482430006820F45F
:1032F000E070A16D0843B2492431086000E0A8469F
:10330000208800F48060B0F5806F38D1D4F8A40034
:10331000B0F5800F19D004DC50B1B0F5001F1DD1FD
:103320000DE0B0F5C00F17D0B0F5000F16D114E0C6
:10333000A348006840F40030A149086010E0002173
:10334000201D02F0DDFA05460AE0002104F1240008
:1033500002F088FB054603E002E001E0012500BF22
:1033600000BF5DB996482C30006820F46000D4F8A6
:10337000A410084392492C31086000E0A846208838
:1033800000F40060B0F5006F38D1D4F8A800B0F1B7
:10339000007F19D004DC50B1B0F1807F1DD10DE069
:1033A000B0F1407F17D0B0F1806F16D114E084489F
:1033B000006840F400308249086010E00021201DC0
:1033C00002F09EFA05460AE0002104F1240002F012
:1033D00049FB054603E002E001E0012500BF00BF14
:1033E0005DB977482C30006820F0E060D4F8A81070
:1033F000084373492C31086000E0A846206800F0BB
:103400000070B0F1007F27D1A06CA0B1102804D0CB
:10341000202809D030280FD10CE06948006840F41A
:1034200000306749086009E00221201D02F068FAB7
:10343000054603E002E001E0012500BF00BF55B9E9
:103440005F482030006820F03000A16C08435C49E0
:103450002031086000E0A846208800F48050B0F5D4
:10346000805F36D1E06DB0F5005F19D004DC50B15B
:10347000B0F5805F1DD10DE0B0F5405F17D0B0F51D
:10348000804F16D114E04E48006840F400304C499B
:10349000086010E00021201D02F032FA05460AE023
:1034A000002104F1240002F0DDFA054603E002E009
:1034B00001E0012500BF00BF55B941482430006834
:1034C00020F4E040E16D08433D492431086000E00C
:1034D000A846208800F40050B0F5005F34D1206E7B
:1034E000B0F5403F1DD007DC68B1B0F5803F0BD090
:1034F000B0F5003F18D10DE0B0F5802F12D0B0F537
:10350000A02F11D10FE011E00121201D02F0F8F9E8
:1035100005460BE0012104F1240002F0A3FA054660
:1035200004E003E002E001E0012500BF00BF55B95F
:1035300023482430006820F4E020216E084320490D
:103540002431086000E0A846208800F48040B0F5EF
:10355000804F38D1D4F8AC00B0F1405F1DD007DC0B
:1035600068B1B0F1805F0BD0B0F1005F18D10DE011
:10357000B0F1804F12D0B0F1A04F11D10FE011E0A7
:103580000121201D02F0BCF905460BE0012104F1E8
:10359000240002F067FA054604E003E002E001E0DF
:1035A000012500BF00BF6DB905482C30006820F030
:1035B000E040D4F8AC10084301492C31086002E027
:1035C0002C440258A846208800F40040B0F5004F73
:1035D00026D1E06E98B1B0F1805F03D0B0F1005F0A
:1035E0000ED106E0F948006840F40030F749086061
:1035F00008E00121201D02F083F9054602E001E008
:10360000012500BF00BF55B9F0482430006820F004
:103610004050E16E0843ED492431086000E0A846BF
:10362000206800F08070B0F1807F27D1606CA0B17D
:10363000012804D0022809D003280FD10CE0E34868
:10364000006840F40030E149086009E00221201DD3
:1036500002F056F9054603E002E001E0012500BF53
:1036600000BF55B9D9482030006820F00300616CD4
:103670000843D6492031086000E0A846206800F4DD
:103680008000B0F5800F7DD1D148006840F4807093
:10369000CF490860FFF7F2F9064606E0FFF7EEF9BA
:1036A000801B642801D9032505E0C948006800F49F
:1036B00080700028F2D000BF85BBC4484430006849
:1036C00000F44070B4F8B01001F44071884213D097
:1036D000BE484430006820F44077BC48443000685D
:1036E00040F48030B949443108600846006820F44D
:1036F0008030086008460760D4F8B000B0F5807FDD
:1037000015D1FFF7BBF9064609E0FFF7B7F9801BB3
:1037100041F28831884202D9032507E038E0AB48FE
:1037200044300068C0F340000028EED000BF55BB15
:1037300000BFB4F8B00000F44070B0F5407F0ED187
:10374000A2481C38006820F47C51A24AD4F8B0008A
:10375000104041EA10109D491C39086007E09B4861
:103760001C38006820F47C5098491C390860974840
:1037700044300068B4F8B010C1F30B01084393491A
:10378000443101E005E001E0086002E0A84600E005
:10379000A846207800F0010068B3A06F182819D05F
:1037A00005DC48B1082808D0102816D10BE02028E5
:1037B00011D0282811D10FE011E00121201D02F0C5
:1037C0009FF805460BE0012104F1240002F04AF9BC
:1037D000054604E003E002E001E0012500BF00BF70
:1037E00055B97A482830006820F03800A16F0843A6
:1037F00076492831086000E0A846207800F00200F1
:10380000022828D1606F062815D2DFE800F00304F3
:103810000A11121311E00121201D02F071F8054672
:103820000BE0012104F1240002F01CF9054604E03C
:1038300003E002E001E0012500BF00BF55B9634885
:103840002830006820F00700616F08435F49283185
:10385000086000E0A846207800F0040004282AD17F
:10386000D4F89000062815D2DFE800F003040A110E
:10387000121311E00121201D02F042F805460BE071
:10388000012104F1240002F0EDF8054604E003E014
:1038900002E001E0012500BF00BF5DB94B482C30BC
:1038A000006820F00700D4F89010084347492C31F5
:1038B000086000E0A846207800F02000202836D1DB
:1038C000D4F88C00B0F1405F1DD007DC68B1B0F1D6
:1038D000805F0BD0B0F1005F18D10DE0B0F1804FE8
:1038E00012D0B0F1A04F11D10FE011E00021201D46
:1038F00002F006F805460BE0022104F1240002F074
:10390000B1F8054604E003E002E001E0012500BF54
:1039100000BF5DB92D482830006820F0E040D4F8A1
:103920008C10084329492831086000E0A846207817
:1039300000F04000402836D1D4F89800B0F5406F30
:103940001DD007DC68B1B0F5806F0BD0B0F5006F0B
:1039500018D10DE0B0F5805F12D0B0F5A05F11D1A5
:103960000FE011E00021201D01F0CAFF05460BE029
:10397000022104F1240002F075F8054604E003E09A
:1039800002E001E0012500BF00BF5DB90F482C3007
:10399000006820F4E050D4F8981008430B492C310B
:1039A000086000E0A846207800F0800080283AD126
:1039B000D4F89C00B0F5C04F23D00DDC98B1B0F521
:1039C000005F11D0B0F5804F1ED113E02C44025897
:1039D00000480258FFFCFF0FB0F5004F12D0B0F5C1
:1039E000204F11D10FE011E00021201D01F088FFD0
:1039F00005460BE0022104F1240002F033F80546ED
:103A000004E003E002E001E0012500BF00BF4DB982
:103A1000AD48006820F46040D4F89C100843AA49DF
:103A2000086000E0A846207800F00800082817D1B8
:103A3000D4F88000B0F5805F07D1022104F12400A2
:103A400002F010F808B14FF001089F48001F00680D
:103A500020F44050D4F8801008439B49091F0860A7
:103A6000207800F01000102815D1D4F89400B0F59B
:103A7000807F07D1022104F1240001F0F3FF08B197
:103A80004FF001089048006820F44070D4F894107A
:103A900008438D490860206800F40020B0F5002F2D
:103AA00026D1D4F8A00030B1B0F5803F09D0B0F5F0
:103AB000003F0ED10CE00021201D01F021FF054642
:103AC00009E0022104F1240001F0CCFF054602E0E8
:103AD00001E0012500BF00BF4DB97B48006820F41C
:103AE0004030D4F8A01008437749086000E0A846A9
:103AF000206800F48020B0F5802F2DD1D4F8840008
:103B0000B0F5801F06D0B0F5001F0CD0B0F5401FF7
:103B100011D10FE06C482C38006840F400306A493D
:103B20002C39086009E0012104F1240001F09AFF1A
:103B3000054602E001E0012500BF00BF5DB9624813
:103B4000001F006820F44010D4F8841008435E4938
:103B5000091F086000E0A846206800F48030B0F536
:103B6000803F24D1E06C18B1B0F5803F0FD108E060
:103B700055482C38006840F4003053492C3908600F
:103B800007E00221201D01F0BBFE054601E00125F2
:103B900000BF00BF55B94C480C38006820F4803095
:103BA000E16C084348490C39086000E0A8462068E9
:103BB00000F00050B0F1005F07D1022104F12400B1
:103BC00001F050FF08B14FF00108206800F4003008
:103BD000B0F5003F27D1E06FA0B1B0F5807F06D0EF
:103BE000B0F5007F0CD0B0F5407F0CD109E036482D
:103BF0002C38006840F4003033492C39086004E068
:103C000003E002E001E0012500BF00BF55B92E48E6
:103C1000001F006820F44070E16F08432A49091F23
:103C2000086000E0A846206800F48010B0F5801F0E
:103C300009D125480838006820F00040216F08436A
:103C4000214908390860206800F40010B0F5001F11
:103C500009D11D480838006820F08070A16E084323
:103C6000194908390860206800F08040B0F1804FA1
:103C700011D100BF14484838006820F400401249B0
:103C80004839086008460068D4F8B81008430E495F
:103C90004839086000BF206800F00040B0F1004FD4
:103CA00009D109480C38006820F04050216D0843C4
:103CB00005490C390860B8F1000F02D10020BDE8B9
:103CC000F0810120FBE70000584402582DE9F04143
:103CD00004460D4614B90120BDE8F081B6480068DD
:103CE00000F00F00A8420ED2B348006820F00F0089
:103CF0002843B14908600846006800F00F00A84258
:103D000001D00120E8E7207800F0040004280ED15B
:103D1000AA492069096801F07001884207D9A748BB
:103D2000006820F0700021690843A44908602078E9
:103D300000F00800082811D1A049091D6069096830
:103D400001F07001884209D99C48001D006820F0EC
:103D50007000616908439949091D0860207800F0E6
:103D60001000102811D19549091DA069096801F4B6
:103D7000E061884209D99148001D006820F4E060A4
:103D8000A16908438D49091D0860207800F02000D2
:103D9000202811D189490831E069096801F07001D2
:103DA000884209D985480830006820F07000E16930
:103DB0000843824908310860207800F00200022898
:103DC0000ED17E49E068096801F00F01884207D9E9
:103DD0007A48006820F00F00E168084377490860DE
:103DE000207800F00100002850D07448006820F4CA
:103DF0007060A1680843714908606068022807D1B3
:103E00006E4818380068C0F34040F8B9012063E7F5
:103E10006068032807D1694818380068C0F340601B
:103E2000A0B9012058E76068012807D16348183815
:103E30000068C0F3002048B901204DE75F481838FA
:103E40000068C0F3800008B9012045E75B480838E6
:103E5000006820F007006168084358490839086085
:103E6000FEF70CFE064608E0FEF708FE801B41F256
:103E70008831884201D903202EE75048083800686D
:103E800000F038006168B0EBC10FEDD1207800F090
:103E9000020002280ED14949E068096801F00F01CB
:103EA000884207D24548006820F00F00E1680843C7
:103EB000424908604048006800F00F00A8420ED94F
:103EC0003D48006820F00F0028433B490860084641
:103ED000006800F00F00A84201D00120FCE6207825
:103EE00000F0040004280ED134492069096801F06B
:103EF0007001884207D23148006820F070002169C3
:103F000008432E490860207800F00800082811D1E5
:103F10002A49091D6069096801F07001884209D2C7
:103F20002648001D006820F070006169084323499D
:103F3000091D0860207800F01000102811D11F49D9
:103F4000091DA069096801F4E061884209D21B4893
:103F5000001D006820F4E060A16908431749091DAD
:103F60000860207800F02000202811D11349083182
:103F7000E069096801F07001884209D20F480830F1
:103F8000006820F07000E16908430C4908310860BE
:103F900000F058F809490968C1F30321084A515C47
:103FA00001F01F01C8400749086007480068FEF794
:103FB000A7FD074638468FE60020005218440258F5
:103FC00032AE0008040000241C00002410B5FEF7E7
:103FD00093FE0749096801F00F01064A515C01F0A0
:103FE0001F01C840044908600846006810BD000071
:103FF0001844025832AE00080800002410B5FFF73C
:10400000E5FF05490968C1F30211044A515C01F05A
:104010001F01C84010BD00001C44025832AE000809
:1040200010B5FFF7D3FF05490968C1F30221044A1F
:10403000515C01F01F01C84010BD00001C44025833
:1040400032AE0008F0B5824E366806F0380636B15A
:10405000082E15D0102E15D0182E7DD114E07C4ED0
:10406000103E3668C6F3401646B1794E103E3668AB
:10407000C6F3C107774E26FA07F000E07548E5E081
:104080007548E3E07548E1E0714E1836366806F091
:1040900003046F4E18363668C6F305116C4E1C3695
:1040A000366806F001056A4E24363668C6F3CC063B
:1040B00016FB05F601EE106AB8EE410A002971D030
:1040C00024B1012C50D0022C6DD16DE0604E103E19
:1040D0003668C6F340163EB35D4E103E3668C6F3F2
:1040E000C1075C4E26FA07F301EE103AF8EE411ACA
:1040F00001EE101AB8EE411A81EE812A9FED581A8E
:10410000C0EE011A524E20363668C6F3080601EE9C
:10411000106AB8EE411A31EE811AF7EE001A31EE4C
:10412000211A62EE010A1EE001EE101AB8EE411AE1
:10413000DFED4C1A81EE812A9FED491AC0EE011A7B
:10414000434E20363668C6F3080601EE106AB8EE14
:10415000411A31EE811A00E076E0F7EE001A31EEF6
:10416000211A62EE010A5BE001EE101AB8EE411A64
:104170009FED3D2AC2EE011A9FED391A80EE012A09
:10418000334E20363668C6F3080601EE106AB8EEE4
:10419000411A32EE011AB7EE002A31EE021A61EE30
:1041A000810A3DE04EE01DE001EE101AB8EE411A22
:1041B000DFED2E1A81EE812A9FED291AC0EE011A39
:1041C000234E20363668C6F3080601EE106AB8EEB4
:1041D000411A31EE811AF7EE001A31EE211A62EE21
:1041E000010A1DE001EE101AB8EE411A9FED1E2AD9
:1041F000C2EE011A9FED1A1A80EE012A144E2036E3
:104200003668C6F3080601EE106AB8EE411A32EEBF
:10421000011AB7EE002A31EE021A61EE810A00BFE0
:1042200000BF0B4E20363668C6F34626721C01EEE0
:10423000102AB8EE411AC0EE811ABCEEE11A11EE56
:10424000100A00E0002001E0034800BF00BFF0BDFD
:10425000104402580090D00300093D0000127A007B
:10426000000000460024744C0024744A0024F44AE0
:104270002DE9F047044614B90120BDE8F087207805
:1042800000F00100002872D0F948006800F03808FA
:10429000F7481830D0F80090B8F1100F06D0B8F1F8
:1042A000180F0FD109F0030002280BD1F048103885
:1042B0000068C0F3404000286ED0606800286BD1D1
:1042C0000120DAE700BF6068B0F5803F08D1E84818
:1042D0001038006840F48030E549103908602EE05D
:1042E000606868B9E2481038006820F48030E0491E
:1042F000103908600846006820F4802008601EE03D
:104300006068B0F5A02F0DD1D9481038006840F48E
:104310008020D749103908600846006840F4803092
:1043200008600CE0D2481038006820F48030D04992
:10433000103908600846006820F48020086000BF3B
:104340006068A8B1FEF79AFB054608E0FEF796FB09
:10435000401B41F28831884201D903208DE7C448CF
:1043600010380068C0F340400028EFD014E014E09B
:10437000FEF784FB054608E0FEF780FB401B41F298
:104380008831884201D9032077E7B948103800689E
:10439000C0F340400028EFD100BF207800F00200B9
:1043A00002286BD1B248006800F03808B0481830D5
:1043B000D0F80090B8F1000F05D0B8F1180F2BD14C
:1043C00009F0030040BBAA4810380068C0F3800021
:1043D00018B1E06808B901204FE700BFFEF748FBBD
:1043E00041F2030188420BD8A1480C38006820F440
:1043F0007C30216940EA01309D490C3908600AE0AF
:104400009B480C38006820F0FE40217C40EA0160A7
:1044100097490C39086058E0E06870B39448103848
:10442000006820F01900E1680843914910390860DC
:10443000FEF724FB054606E0FEF720FB401B0228A2
:1044400001D9032019E78A4810380068C0F38000BA
:104450000028F1D000BFFEF70BFB41F203018842B8
:104460000DD883480C38006820F47C30216940EA7C
:1044700001307F490C3908600CE00CE026E07C48F4
:104480000C38006820F0FE40217C40EA0160784949
:104490000C39086019E076481038006820F00100F7
:1044A000734910390860FEF7E9FA054606E0FEF7A1
:1044B000E5FA401B022801D90320DEE66C481038DB
:1044C0000068C0F380000028F1D100BF207800F020
:1044D000100010286ED16648006800F03808644863
:1044E0001830D0F80090B8F1080F06D0B8F1180FC6
:1044F0002FD109F0030001282BD15D481038006846
:10450000C0F3002020B1E069802801D00120B4E68A
:1045100000BFFEF7ADFA41F2030188420CD85448BF
:104520000C38006820F0F84094F8201040EA8160D0
:104530004F490C3908600BE04D48001F006820F01F
:104540007C5094F8201040EA01604949091F086036
:1045500058E0E06968B346481038006840F08000D1
:10456000434910390860FEF789FA054606E0FEF770
:1045700085FA401B022801D903207EE63C4810380A
:104580000068C0F300200028F1D000BFFEF770FAE9
:1045900041F2030188420ED835480C38006820F0FB
:1045A000F84094F8201040EA816031490C390860E5
:1045B0000DE00DE027E02E48001F006820F07C5041
:1045C00094F8201040EA01602949091F086019E0A9
:1045D00027481038006820F080002549103908600D
:1045E000FEF74CFA054606E0FEF748FA401B0228A3
:1045F00001D9032041E61E4810380068C0F30020AE
:104600000028F1D100BF207800F00800082837D139
:104610006069D0B116486430006840F00100144968
:1046200064310860FEF72AFA054606E0FEF726FA2E
:10463000401B022801D903201FE60D4864300068A2
:10464000C0F340000028F1D01AE009486430006847
:1046500020F00100064964310860FEF70FFA0546B4
:1046600008E0FEF70BFA401B022803D9032004E6FA
:1046700010440258DC480068C0F340000028F0D124
:10468000207800F02000202836D1A069D0B1D6488B
:104690007438006840F48050D34974390860FEF7DC
:1046A000EDF9054606E0FEF7E9F9401B022801D9BD
:1046B0000320E2E5CC4874380068C0F3403000289D
:1046C000F1D019E0C8487438006820F48050C64919
:1046D00074390860FEF7D2F9054606E0FEF7CEF918
:1046E000401B022801D90320C7E5BF487438006881
:1046F000C0F340300028F1D1207800F004000428F5
:104700007DD1BA48006840F48070B8490860FEF76F
:10471000B5F9054606E0FEF7B1F9401B642801D95A
:104720000320AAE5B148006800F480700028F2D0A8
:1047300000BFA068012808D1AB48001F006840F006
:104740000100A949091F08602DE0A06868B9A648C2
:10475000001F006820F00100A349091F08600846F7
:10476000006820F0040008601DE0A06805280DD155
:104770009D48001F006840F004009B49091F086025
:104780000846006840F0010008600CE09648001FF1
:10479000006820F001009449091F0860084600687D
:1047A00020F00400086000BFA068A0B1FEF766F921
:1047B000054608E0FEF762F9401B41F28831884265
:1047C00001D9032059E58848001F0068C0F3400064
:1047D0000028EFD013E0FEF751F9054608E0FEF798
:1047E0004DF9401B41F28831884201D9032044E54C
:1047F0007D48001F0068C0F340000028EFD1606AC8
:1048000000287DD078486438006800F03800182807
:1048100077D0606A022875D173487438006820F038
:104820008070714974390860FEF728F9054606E082
:10483000FEF724F9401B022801D903201DE56A4830
:1048400074380068C0F340600028F1D100BFD4E99B
:104850000A1041EA001064494C39096840F2F33209
:104860009143084360494C390860208E401EC0F3D4
:104870000800616B491E4FF47E4202EA4121084361
:10488000218F491ED20102EA014108433C21095D02
:10489000491E120202EA0161084353494439086083
:1048A00000BF081F006820F00100091F08604E4883
:1048B000403800684FF6F8718843A16C40EAC100A7
:1048C00049494039086048484838006820F00C00E1
:1048D000216C08434449483908600846006820F0C4
:1048E0000200616C08434049483908600846006886
:1048F00040F4803008600846006840F4003002E070
:104900006FE041E025E008600846006840F4802040
:1049100008600846006840F00100086032487438BA
:10492000006840F08070304974390860FEF7A6F8DE
:10493000054606E0FEF7A2F8401B022801D9032035
:104940009BE4294874380068C0F340600028F1D027
:1049500047E025487438006820F080702249743997
:104960000860FEF78BF8054606E0FEF787F8401B67
:10497000022801D9032080E41B4874380068C0F382
:1049800040600028F1D12CE017484C3807681648E1
:1049900044380668606A012821D007F00301A06A44
:1049A00081421CD1C7F30511E06A884217D1C6F3D2
:1049B0000801206B401E814211D1606B401EC6F37E
:1049C000462188420BD1A06B401EC6F306418842A7
:1049D00005D1E06B401EC6F30661884201D001207C
:1049E0004BE4002049E40000744402580048025897
:1049F00070B504460E4615460CB9012070BD94F8FA
:104A0000450028B9002084F84400204600F028F82A
:104A100004F108012068FDF7C3FC3146A268206854
:104A2000FDF70AFD2946E36AD4E90102FDF796FC89
:104A3000A168206850F8210040F00100A2682168B8
:104A400041F822000548006840F000400349086032
:104A5000012084F845000020D0E70000004000520B
:104A60007047042808D14FF0E021096941F00401A2
:104A70004FF0E022116107E04FF0E021096921F0D9
:104A800004014FF0E0221161704770B504462546DD
:104A9000681EB0F1807F01D301200FE0681E4FF047
:104AA000E02148610F214FF0FF3002F09FFF00200E
:104AB0004FF0E021886107200861002070BD704739
:104AC0007047704770470146D1F88030D1F8842094
:104AD00043EA0200704700002DE9F04704462068D1
:104AE000C569206806682068876840F60F0005EAF7
:104AF0000008B8F1000F0FD105F0200060B106F0FA
:104B0000200010B907F0805030B1E06E10B120469F
:104B1000E16E8847BDE8F087B8F1000F7ED06E489F
:104B2000384018B96D4830400028F7D005F0010032
:104B300058B106F4807040B1012021680862D4F8B1
:104B4000880040F00100C4F8880005F0020058B168
:104B500007F0010040B1022021680862D4F8880003
:104B600040F00400C4F8880005F0040058B107F0D4
:104B7000010040B1042021680862D4F8880040F0A8
:104B80000200C4F8880005F0080070B106F02000AB
:104B900010B95148384040B1082021680862D4F863
:104BA000880040F00800C4F8880005F4006060B197
:104BB00006F0806048B14FF4006021680862D4F8C4
:104BC000880040F02000C4F88800D4F8880000284D
:104BD00044D005F0200050B106F0200010B907F0D5
:104BE000805020B1E06E10B12046E16E8847D4F8C5
:104BF00088902068806800F04000402802D009F0CA
:104C0000280028B3204601F087F92068806800F06A
:104C10004000402818D12068806800E01FE020F0A4
:104C2000400021688860A06F50B12D48A16F0865D1
:104C3000A06FFDF735FC88B1A06F016D88470DE0CE
:104C40002046FFF73FFF09E02046FFF73BFF05E066
:104C50002046FFF737FF0020C4F888005AE705F424
:104C6000801050B107F4800038B14FF480102168F3
:104C700008622046FFF725FF4CE705F0800058B199
:104C800006F0800010B907F4000028B1206F10B1C1
:104C90002046216F88473DE705F0400030B106F01F
:104CA000400018B1204601F04BF933E705F400004D
:104CB00030B106F0804018B12046FFF701FF29E728
:104CC00005F0807030B106F0004018B12046FFF7C3
:104CD000F6FE1FE700BF1DE70100001020010004E1
:104CE000015F000810B504460CB9012010BDA06991
:104CF00000B100E000BFD4F8800028B9002084F89B
:104D00007C00204600F02AF82420C4F880002068A7
:104D1000006820F0010021680860204601F044FA94
:104D2000012800D1E2E7A06A10B1204601F032F874
:104D30002068406820F490402168486020688068BE
:104D400020F02A00216888602068006840F0010097
:104D500021680860204601F099F8C7E710B586B0D1
:104D600004462B492068884250D100BF00BF294823
:104D7000006840F01000274908600846006800F00D
:104D80001000009000BF00BF00BF00BF00BF21485F
:104D90001038006840F001001E49103908600846CC
:104DA000006800F00100009000BF00BF00BF00BF1E
:104DB00000BF0846006840F001000860084600682F
:104DC00000F00100009000BF00BF00BF4FF4007072
:104DD00001900220029001200390022004900720FD
:104DE000059001A90C48FDF731FD4FF4806001905A
:104DF0000720059001A90848FDF728FD2520FDF7AB
:104E000010FF032211462520FDF71BFF06B010BD41
:104E100000100140F04402580000025810B503464B
:104E2000D3F88400202874D101B10AB9012010BD43
:104E300000BF93F87C00012801D10220F7E7012090
:104E400083F87C0000BF9965A3F85C20A3F85E207E
:104E50000020D86600BF9868B0F5805F0AD1186955
:104E600020B940F2FF10A3F8600020E0FF20A3F873
:104E700060001CE0986848B9186918B9FF20A3F8C9
:104E8000600014E07F20A3F8600010E09868B0F1A3
:104E9000805F09D1186918B97F20A3F8600006E087
:104EA0003F20A3F8600002E00020A3F8600000BFEC
:104EB0000020C3F888002220C3F8840018688068A6
:104EC00040F001001C68A060586EB0F1005F21D175
:104ED000B3F8680090421DDC9868B0F5805F04D19B
:104EE000186910B91848D86601E01848D86600BF9C
:104EF000002083F87C0000BF1868006840F48070D0
:104F00001C6820601868806840F080501C68A060B1
:104F100016E017E09868B0F5805F04D1186910B901
:104F20000B48D86601E00B48D86600BF002083F824
:104F30007C0000BF1868006840F490701C68206016
:104F4000002074E7022072E7D55F0008F5600008D2
:104F5000635F0008896000081D4A0168914236D1EC
:104F60001C49098801F4004189BB1A49098801F4E8
:104F7000804171B1184909780A2903D00021154AE6
:104F8000118024E01349098841F40041114A11803D
:104F90001DE0114909780D2906D10E49098841F40F
:104FA00080410C4A118012E00B490978094A1288A5
:104FB000C2F30D02094B995406490988491C054A58
:104FC000118011460988C72901DD00211180704731
:104FD000001001401400002416000024AC28002416
:104FE000704700BFFEE700002DE9F04105460F467F
:104FF00000243AE0052005F0CDFA012211021D48F7
:10500000FDF730FD0026B04622E0052005F0C2FA8B
:10501000012251021748FDF725FD052005F0BAFAD7
:105020007006060E4FF480711248FDF713FD08B1AB
:10503000701CC6B2052005F0ADFA00224FF40071D5
:105040000C48FDF70FFD052005F0A4FA08F1010852
:10505000B8F1080FD9DB681EA04202D100F0CEF8EB
:1050600001E000F063F83E55641CAC42C2DBBDE8D1
:10507000F08100000004025810B50122110214480A
:10508000FDF7F0FC052005F085FA012251021048D9
:10509000FDF7E8FC052005F07DFA4FF480710C481F
:1050A000FDF7D8FC08B9002400E00124052005F034
:1050B00071FA00224FF400710548FDF7D3FC00227D
:1050C0004FF480710248FDF7CDFC204610BD000072
:1050D0000004025810B500224FF400711248FDF789
:1050E000C1FC012005F056FA012211020E48FDF71D
:1050F000B9FC012005F04EFA012251020A48FDF7E1
:10510000B1FC012005F046FA00224FF480710648F8
:10511000FDF7A8FC012005F03DFA00224FF40071D4
:105120000148FDF79FFC10BD0004025810B5002295
:105130004FF480710E48FDF795FC022005F02AFA25
:10514000012251020A48FDF78DFC022005F022FAE7
:1051500000224FF400710648FDF784FC012005F0A1
:1051600019FA012211020248FDF77CFC10BD000073
:10517000000402582DE9F041054601272E4600247F
:105180002FE0012005F006FA06F0800028B1012288
:1051900011021948FDF766FC05E000224FF480710A
:1051A0001548FDF75FFC052005F0F4F901225102D6
:1051B0001148FDF757FC012005F0ECF9012005F03E
:1051C000E9F900224FF400710B48FDF74BFC072C66
:1051D00004D1012211020848FDF744FC700046B2D8
:1051E000641C082CCDDB052005F0D4F9FFF744FF43
:1051F00007463846BDE8F0810004025810B5012288
:1052000011021048FDF72EFC022005F0C3F901221F
:1052100051020C48FDF726FC012005F0BBF90120E6
:1052200005F0B8F900224FF400710648FDF71AFCAA
:10523000012005F0AFF9012211020248FDF712FC2E
:1052400010BD00000004025810B5012211020F48E1
:10525000FDF708FC012251020C48FDF703FC022077
:1052600005F098F900224FF480710848FDF7FAFB29
:10527000022005F08FF900224FF400710348FDF77A
:10528000F1FB022005F086F910BD00000004025871
:1052900010B500224FF400710E48FDF7E3FB002229
:1052A0004FF480710B48FDF7DDFB022005F072F929
:1052B000012251020748FDF7D5FB022005F06AF9EB
:1052C000012211020348FDF7CDFB022005F062F92F
:1052D00010BD00000004025870B505460C46234678
:1052E0004FF450724FF41051284600F0BFF970BDD2
:1052F00070B505460E462846FCF75DF90446002CBD
:1053000038D131462846FDF70FF831462846FCF7DC
:1053100077FF31462846FCF796FC31462846FCF7D5
:10532000DFFF31462846FCF7D3FF31462846FCF71D
:1053300095FC31462846FCF7B7FC31462846FCF779
:1053400045F931462846FCF77BFE31462846FCF7F6
:1053500035FD31462846FCF7E4FD31462846FCF78A
:10536000BFFA31462846FCF731FA31462846FCF7A9
:10537000BBFB0446204670BD2DE9FC4180460D462E
:1053800001270124002600270EE06B460122D103ED
:10539000404600F06BF9044614B12046BDE8FC819C
:1053A000BDF8000000F00807002FEED026E0302204
:1053B0004FF40041404600F0CDF90446601C08B9A6
:1053C0002046EBE72B464FF450724FF48061404685
:1053D00000F04CF904460CB12046DFE76B46012291
:1053E000D103404600F042F904460CB12046D5E70F
:1053F000BDF8000000F00807701CC6B20FB1052E02
:10540000D5DB042E02DD6FF00700C7E701AB0122F8
:1054100048F20D01404600F029F90446BDF80400A9
:10542000A5F88006BDF8000000F00100A5F882068E
:105430000CB12046B2E7B5F88206AFE770B52DEDA6
:10544000068B05460C462146284600F06BF8F0EE28
:10545000409AB5F8400600EE100AB8EE400AF0EEA9
:10546000408A9FED2D0AF4EEC08AF1EE10FA05DDB8
:105470009FED2A0A38EEC00AF0EE408AB5F8000621
:1054800000EE100AB8EE408A9FED230AB4EEC08AFF
:10549000F1EE10FA05DD9FED210A38EE400AB0EE7C
:1054A000408AD4ED040AB0EE480A08EEA00AC8EE1D
:1054B000800AB7EEE0AAB3EE021BB0EE000B02F0DA
:1054C000ABFA2AEE000BB7EEC00BB0EE408AD4ED7B
:1054D000010A9FED130A39EEC01AB7EE000A00EE7A
:1054E000810AC8EE000AA08900EE100AB8EE400A50
:1054F00030EEC00AB0EE409AD4ED020A89EE200ADE
:10550000F3EE090A30EE200AB0EE409AB0EE490AF6
:10551000BDEC068B70BD000000FEFF46000080471A
:105520003333534070B52DED048B05460C46B5F86A
:10553000540600EE100AB8EE400AB0EE408A9FED25
:10554000230AB4EEC08AF1EE10FA05DD9FED200AC1
:1055500038EE400AB0EE408AB5F88006C0F38126E6
:1055600094F8240000EE100AB8EE400BB0EE401B99
:10557000B0EE000B02F050FAB0EE409B00EE106A65
:10558000B8EEC01BB0EE000B02F046FA89EE001B2D
:10559000F7EEC18BB4F9020000EE100AB8EEC00AB3
:1055A00018EE880AB4F9000000EE900AF8EEE00A5E
:1055B00080EE201A9FED070A31EE000AB0EE408A15
:1055C000B0EE480ABDEC048B70BD000000FEFF4643
:1055D000000080473333534010B586B000BF1D48EC
:1055E000006840F002001B4908600846006800F0AF
:1055F0000200009000BF00BF4FF400700190012036
:10560000029003900220049001A91348FDF71EF9AF
:105610004FF4807001901120029001A90E48FDF70F
:1056200015F9FFF735FE4FF480710B48FDF712FABC
:105630000446214609A0FAF727FF4FF400710648F7
:10564000FDF708FA0446214606A0FAF71DFF06B04A
:1056500010BD0000E0440258000402585344413A8F
:1056600025640A0053434C3A25640A002DE9FF4F94
:10567000ADF2846D83460D4616460024A046A14631
:105680000020CDF880064FF4D0616846FAF778FF25
:10569000DDF890A64FEA4B60070E28128DF88006C1
:1056A000E8B28DF88106FFF7CFFD052004F072FF08
:1056B00078B2FFF75FFD08B1012000E0002004464A
:1056C0002CB14FF0FF300DF2946DBDE8F08F9DF8D6
:1056D000801648B2FFF74EFD08B1012000E000201F
:1056E000044614B14FF0FF30EDE79DF8811648B243
:1056F000FFF740FD08B1012000E00020044614B18E
:105700004FF0FF30DFE7FFF7E5FC47F0010778B225
:10571000FFF730FD044614B14FF0FF30D3E77000BF
:105720006946FFF761FCFFF7B3FD4FF000080DE09D
:105730004FEA480909F101001DF800101DF80900A1
:1057400001EB00202AF8020B08F10108B045EFDB5D
:105750000020B8E72DE9F84307460D4614464FF000
:1057600000080020009078064FEA106928128DF892
:105770000000E8B28DF8010020128DF80200E0B2BE
:105780008DF80300FFF784FD052004F003FFFFF709
:105790005BFD4FFA89F0FFF7EDFC8046B8F1000F92
:1057A00002D00120BDE8F88300260CE01DF80610A9
:1057B00048B2FFF7DFFC8046B8F1000F02D04FF08F
:1057C000FF30EFE7761C042EF0DBFFF761FD074B9F
:1057D000012229463846FFF749FF04480088A042C5
:1057E00002D06FF00100DDE70020DBE72C00002491
:1057F000F8B506466B46012248F20D013046FFF728
:1058000035FF054655B9BDF8000040F480542246E6
:1058100048F20D013046FFF79DFF05462846F8BDCA
:10582000F8B507460C466007850D6B46012248F225
:105830000D013846FFF71AFF064666B9BDF80000AD
:105840004FF67F4108400543AAB248F20D013846A1
:10585000FFF780FF06463046F8BD000000BF00227B
:1058600040211848FDF7FEF800BF17A0FAF70CFE1C
:105870004FF47A7004F074FE19A0FAF705FE4FF4A5
:105880007A7004F06DFE00BF00BF00BF00BF00BF14
:10589000BFF34F8F00BF00BF00BF1648006800F481
:1058A000E06015490843001D1249086000BF00BFB1
:1058B00000BFBFF34F8F00BF00BF00BF00BF00BFDE
:1058C000FDE70000001002584D656D2041636365DF
:1058D0007373204572726F7221210D0A000000005F
:1058E000536F6674205265736574696E672E2E2E31
:1058F0000D0A00000CED00E00000FA05704770474B
:105900002DE9F04104460E4600275548006800F096
:105910000300032802D10120BDE8F0815048283857
:10592000006820F080604E4928390860FDF7A6F82D
:10593000054606E0FDF7A2F8401B022801D9032026
:10594000EAE7474828380068C0F3C0600028F1D172
:1059500000BF4348006820F47C30216840EA0130F1
:105960003F490860A088401EC0F30800A168491E96
:105970004FF47E4202EA41210843A189491ED20127
:1059800002EA01410843217C491E120202EA016138
:10599000084333491031086000BF3148001D0068DA
:1059A00020F0C000616908432D49091D08600846C0
:1059B000006820F02000A16908432949091D0860FA
:1059C0000846006820F01000086025481430006880
:1059D0004FF6F8718843E16940EAC100204914316B
:1059E00008601F48001D006840F010001C49091D98
:1059F00008602EB90846006840F40020086012E0F4
:105A0000012E08D11648001D006840F4801014498A
:105A1000091D086007E01248001D006840F40010EE
:105A20000F49091D08600E482838006840F0806062
:105A30000B4928390860FDF721F8054606E0FDF717
:105A40001DF8401B022801D9032065E704482838C7
:105A50000068C0F3C0600028F1D038465CE7000061
:105A6000284402582DE9F04104460E4600275548C7
:105A7000006800F00300032802D10120BDE8F08196
:105A800050482838006820F080504E492839086076
:105A9000FCF7F4FF054606E0FCF7F0FF401B022888
:105AA00001D90320EAE7474828380068C0F340706E
:105AB0000028F1D100BF4348006820F07C702188A5
:105AC00040EA01503F490860A088401EC0F308002A
:105AD000A168491E4FF47E4202EA41210843A18990
:105AE000491ED20102EA01410843217C491E1202EB
:105AF00002EA0161084333491831086000BF3148A8
:105B0000001D006820F44060616908432D49091DAB
:105B100008600846006820F40070A169084329491C
:105B2000091D08600846006820F480700860254858
:105B30001C3000684FF6F8718843E16940EAC10003
:105B400020491C3108601F48001D006840F4807027
:105B50001C49091D08602EB90846006840F4800001
:105B6000086012E0012E08D11648001D006840F4BC
:105B700000001449091D086007E01248001D006874
:105B800040F080700F49091D08600E4828380068F1
:105B900040F080500B4928390860FCF76FFF05463C
:105BA00006E0FCF76BFF401B022801D9032065E7E4
:105BB000044828380068C0F340700028F1D0384607
:105BC0005CE700002844025810B50023234C2360F2
:105BD00000BF00BF00BFBFF34F8F00BF00BF00BFBB
:105BE000231F1868C0F34E3100BFC0F3C90200BFC5
:105BF00043F6E07303EA41134FF0404404EA827431
:105C00002343174C236000BF00BF131EA2F1010203
:105C1000EED10B1EA1F10101E7D100BF00BF00BF13
:105C2000BFF34F8F00BF00BF00BF0C4B703B1B6822
:105C300043F48033094C703C236000BF00BF00BFB9
:105C4000BFF34F8F00BF00BF00BF00BF00BF00BF4A
:105C5000BFF36F8F00BF00BF00BF10BD84ED00E039
:105C600060EF00E000BF00BF00BFBFF34F8F00BF79
:105C700000BF00BF00BF00BF00BFBFF36F8F00BFFA
:105C800000BF00BF00201449086000BF00BF00BF74
:105C9000BFF34F8F00BF00BF00BF00BF00BF00BFFA
:105CA000BFF36F8F00BF00BF00BF0C48006840F417
:105CB00000300A49086000BF00BF00BFBFF34F8F2C
:105CC00000BF00BF00BF00BF00BF00BFBFF36F8FAA
:105CD00000BF00BF00BF704750EF00E014ED00E0D0
:105CE000704710B5FCF7D0FE10BD000024480068D6
:105CF00040F47000224908602248006840F001002A
:105D00002049086000201F49103108601D480068C4
:105D10001D4908401B49086000201A4918310860D5
:105D2000091D0860091D0860164928310860091D11
:105D30000860091D0860091D0860091D0860091D2B
:105D40000860091D0860091D08600E48006820F4FD
:105D500080200C49086000200A49603108600B4827
:105D600000686FF30F00B0F1005F02D20120084914
:105D700008604FF0006002498039086070470000F9
:105D800088ED00E0004402587FEDF6EA0010005C68
:105D90000881005190F8281001F0010139B1016823
:105DA000496821F40031C26A11430268516090F8D9
:105DB000281001F00201022907D10168496821F485
:105DC0008031026B11430268516090F8281001F095
:105DD0000401042907D10168496821F48021426B3C
:105DE00011430268516090F8281001F00801082959
:105DF00007D10168496821F40041826B11430268B0
:105E0000516090F8281001F01001102907D10168A5
:105E1000896821F48051C26B11430268916090F847
:105E2000281001F02001202907D10168896821F498
:105E30000051026C11430268916090F8281001F043
:105E40004001402913D10168496821F48011426C56
:105E5000114302685160416CB1F5801F07D10168A0
:105E6000496821F4C001826C11430268516090F8C6
:105E7000281001F08001802907D10168496821F4C8
:105E80000021C26C114302685160704738B5044666
:105E90000020C4F88800FCF7F1FD05462068006882
:105EA00000F0080008280CD16FF07E402B4600223D
:105EB0004FF400110090204601F0EEFC08B10320E1
:105EC00038BD2068006800F0040004280CD16FF091
:105ED0007E402B4600224FF480010090204601F0C6
:105EE000DBFC08B10320EBE72020C4F88000C4F8F5
:105EF000840000BF002084F87C0000BF00BFDFE703
:105F000070B50546AC6B0020A4F85E00A4F85600FE
:105F10002046FEF7D7FD70BD0168096821F4907135
:105F20000268116001688968044A11400268916042
:105F30002021C0F884100021C1667047FEFFFFEFEA
:105F400010B504462068006820F040002168086011
:105F50002020C4F88000002020672046FFF740F88A
:105F600010BD2DE9F0410446B4F86070D4F8840007
:105F7000222826D12068406A86B2A56D06EA07006D
:105F80002880A06D801CA065B4F85E00401EA4F8B7
:105F90005E00B4F85E00D0B92068006820F490700C
:105FA000216808602068806820F00100216888600E
:105FB0002020C4F884000020E0662046FEF7CCFFD5
:105FC00005E02068806940F0080021688861BDE82C
:105FD000F08100002DE9F0470446B4F86090D4F851
:105FE0008400222843D1B4F8685028E02068406A31
:105FF0001FFA80F8A76D08EA09003880A06D801CA0
:10600000A065B4F85E00401EA4F85E00B4F85E001F
:1060100098B92068006820F48070216808602068C2
:10602000806817490840216888602020C4F88400EF
:106030000020E0662046FEF78FFF681E85B2002D27
:10604000D4D1B4F85E60C6B1B4F86800B04214DDD3
:106050002068806820F08050216888600948E066E8
:106060002068006840F020002168086005E0206892
:10607000806940F0080021688861BDE8F087000071
:10608000FEFFFFEF635F000870B50446B4F8606080
:10609000D4F88400222826D12068406A85B2F0B264
:1060A0002840A16D0870A06D401CA065B4F85E008A
:1060B000401EA4F85E00B4F85E00D0B92068006805
:1060C00020F49070216808602068806820F001004A
:1060D000216888602020C4F884000020E066204603
:1060E000FEF73AFF05E02068806940F0080021686B
:1060F000886170BD2DE9F0410446B4F86080D4F8A1
:106100008400222843D1B4F8685028E02068406A0F
:1061100087B208F0FF003840A16D0870A06D401CE8
:10612000A065B4F85E00401EA4F85E00B4F85E00FE
:1061300098B92068006820F48070216808602068A1
:10614000806817490840216888602020C4F88400CE
:106150000020E0662046FEF7FFFE681E85B2002D97
:10616000D4D1B4F85E60C6B1B4F86800B04214DDB2
:106170002068806820F08050216888600948E066C7
:106180002068006840F020002168086005E0206871
:10619000806940F0080021688861BDE8F081000056
:1061A000FEFFFFEF896000082DE9F04F89B004463B
:1061B0004FF00009002007908346F9492068884283
:1061C00000D100E000BF2169A0680843616908436D
:1061D000E16940EA010A606E40EA0A0A2068006844
:1061E000F049084040EA0A002168086020684068D9
:1061F00020F44050E168084321684860D4F818A0B2
:10620000E7492068884202D0206A40EA0A0A2068EA
:106210008068E549084040EA0A00216888602068F3
:10622000C06A20F00F00616A08432168C86200BF9D
:10623000DE492068884220D1DD48006800F038003F
:10624000182811D005DC48B1082809D0102811D130
:1062500008E020280AD028280CD109E001250BE00D
:10626000042509E0082507E0102505E0202503E0C6
:10627000402501E0802500BFF8E0CE492068884233
:1062800019D1CB48006800F00700062810D2DFE8DB
:1062900000F0030507090B0D00250BE0042509E0BC
:1062A000082507E0102505E0202503E0402501E052
:1062B000802500BFDAE0C0492068884219D1BC4877
:1062C000006800F00700062810D2DFE800F00305A0
:1062D00007090B0D00250BE0042509E0082507E060
:1062E000102505E0202503E0402501E0802500BFC2
:1062F000BCE0B2492068884219D1AD48006800F07E
:106300000700062810D2DFE800F0030507090B0D8F
:1063100000250BE0042509E0082507E0102505E02D
:10632000202503E0402501E0802500BF9EE0A44930
:106330002068884219D19E48006800F007000628AE
:1063400010D2DFE800F0030507090B0D00250BE074
:10635000042509E0082507E0102505E0202503E0D5
:10636000402501E0802500BF80E0964920688842F2
:1063700020D18F48006800F03800182811D005DCC3
:1063800048B1082809D0102811D108E020280AD0E7
:1063900028280CD109E001250BE0042509E0082597
:1063A00007E0102505E0202503E0402501E08025D9
:1063B00000BF5BE084492068884219D17C480068AE
:1063C00000F00700062810D2DFE800F003050709F7
:1063D0000B0D00250BE0042509E0082507E010253A
:1063E00005E0202503E0402501E0802500BF3DE0D9
:1063F00076492068884219D16D48006800F007008E
:10640000062810D2DFE800F0030507090B0D002570
:106410000BE0042509E0082507E0102505E020250C
:1064200003E0402501E0802500BF1FE05C492068B3
:1064300088421AD15E48001D006800F00700062857
:1064400010D2DFE800F0030507090B0D02250BE071
:10645000042509E0082507E0102505E0202503E0D4
:10646000402501E0802500BF00E0802500BF4C49A9
:106470002068884271D1102D70D006DC022D09D021
:10648000042D49D0082D6AD1A6E0202D68D0402DDA
:10649000F9D1B3E1FCF748FC616A09B9012138E0A0
:1064A000616A012901D1022133E0616A022901D127
:1064B00004212EE0616A032901D1062129E0616AE5
:1064C000042901D1082124E0616A052901D10A21AA
:1064D0001FE0616A062901D10C211AE0616A0729CF
:1064E00001D1102115E0616A082901D1202110E0B5
:1064F000616A092901D140210BE0616A0A2901D1B1
:10650000802106E0616A0B2902D14FF4807100E01E
:106510000121B0FBF1FBB6E104A8FCF717FC0598DC
:10652000616A09B9012154E0616A012901D102219E
:106530004FE0616A022901D104214AE0616A03291E
:1065400001D1062145E0616A042901D1082140E01A
:10655000616A052905D10A213BE0FDE380E08FE176
:106560000BE1616A062901D10C2132E0616A072939
:1065700001D110212DE0616A082901D1202128E0F4
:10658000616A092901D1402123E0616A0A2901D108
:1065900080211EE0616A0B291AD14FF4807118E046
:1065A000000C0058F369FFCFFFF4FF110010014009
:1065B000544402580044004000480040004C004051
:1065C000005000400014014000780040007C004072
:1065D0000121B0FBF1FB56E101A8FCF7CFFC0298CA
:1065E000616A09B9012138E0616A012901D10221FA
:1065F00033E0616A022901D104212EE0616A032996
:1066000001D1062129E0616A042901D1082124E091
:10661000616A052901D10A211FE0616A062901D1B9
:106620000C211AE0616A072901D1102115E0616A85
:10663000082901D1202110E0616A092901D14021F6
:106640000BE0616A0A2901D1802106E0616A0B2909
:1066500002D14FF4807100E00121B0FBF1FB12E1A7
:10666000FA480068C0F3401088B3F8480068C0F3E7
:10667000C101F748C840616A09B9012139E0616A7E
:10668000012901D1022134E0616A022901D10421EA
:106690002FE0616A032901D106212AE0616A0429F9
:1066A00001D1082125E0616A052901D10A2120E0F4
:1066B000616A062901D10C211BE0616A072901D119
:1066C000102116E0616A082902D1202111E013E0AF
:1066D000616A092901D140210BE0616A0A2901D1CF
:1066E000802106E0616A0B2902D14FF4807100E03D
:1066F0000121B0FBF1FB3FE0606A08B9012038E0FE
:10670000606A012801D1022033E0606A022801D1C9
:1067100004202EE0606A032801D1062029E0606A87
:10672000042801D1082024E0606A052801D10A204C
:106730001FE0606A062801D10C201AE0606A072871
:1067400001D1102015E0606A082801D1202010E056
:10675000606A092801D140200BE0606A0A2801D153
:10676000802006E0606A0B2802D14FF4807000E0C0
:106770000120B749B1FBF0FB85E0606A08B9012050
:1067800038E0606A012801D1022033E0606A022803
:1067900001D104202EE0606A032801D1062029E0FF
:1067A000606A042801D1082024E0606A052801D12C
:1067B0000A201FE0606A062801D10C201AE0606AF6
:1067C000072801D1102015E0606A082801D1202097
:1067D00010E0606A092801D140200BE0606A0A28B5
:1067E00001D1802006E0606A0B2802D14FF480704E
:1067F00000E001209749B1FBF0FB44E0606A08B972
:10680000012038E0606A012801D1022033E0606A8B
:10681000022801D104202EE0606A032801D106205D
:1068200029E0606A042801D1082024E0606A052874
:1068300001D10A201FE0606A062801D10C201AE06D
:10684000606A072801D1102015E0606A082801D18C
:10685000202010E0606A092801D140200BE0606A26
:106860000A2801D1802006E0606A0B2802D14FF48B
:10687000807000E001204FF40041B1FBF0FB02E02A
:106880000120079000BF00BFBBF1000F00F0F287AE
:10689000606800EB4000584503D860680003584525
:1068A00003D20120079000F0E5BF102D75D006DC63
:1068B000022D09D0042D67D0082D6FD1CCE0202DFA
:1068C0006DD0402DF9D14DE2FCF72EFA8046606A7A
:1068D00008B9012238E0606A012801D1022233E0C0
:1068E000606A022801D104222EE0606A032801D1E7
:1068F000062229E0606A042801D1082224E0606AA7
:10690000052801D10A221FE0606A062801D10C2265
:106910001AE0606A072801D1102215E0606A082891
:1069200001D1202210E0606A092801D140220BE049
:10693000606A0A2801D1802206E0606A0B2802D131
:106940004FF4807200E0012294460023404619462D
:10695000F9F723FD4FF4807300228C46A0FB031E41
:106960000CFB03E300FB0233606840088C461CEB21
:10697000000643EB0201D4F804C06246002330460F
:10698000F9F70BFD81464EE204A8FCF7DFF9DDF8CC
:1069900014E0606A20B901223BE0BFE040E282E1FE
:1069A000606A012801D1022233E0606A022801D125
:1069B00004222EE0606A032801D1062229E0606AE1
:1069C000042801D1082224E0606A052801D10A22A6
:1069D0001FE0606A062801D10C221AE0606A0728CD
:1069E00001D1102215E0606A082801D1202210E0B0
:1069F000606A092801D140220BE0606A0A2801D1AF
:106A0000802206E0606A0B2802D14FF4807200E019
:106A100001229446002370461946F9F7BEFC4FF454
:106A2000807C0022A0FB0C3E01FB0CE100FB02116C
:106A3000606840081E185141D4F804C06246002323
:106A40003046F9F7AAFC8146EDE100000044025807
:106A50000090D00300093D0001A8FCF78FFADDF893
:106A600008C0606A08B9012238E0606A012801D1D3
:106A7000022233E0606A022801D104222EE0606A1B
:106A8000032801D1062229E0606A042801D10822E6
:106A900024E0606A052801D10A221FE0606A062806
:106AA00001D10C221AE0606A072801D1102215E0FA
:106AB000606A082801D1202210E0606A092801D10B
:106AC00040220BE0606A0A2801D1802206E0606A59
:106AD0000B2802D14FF4807200E001229646002379
:106AE00060461946F9F759FC4FF4807300228C4632
:106AF000A0FB031E0CFB03E300FB023360684008AD
:106B00008C461CEB000643EB0201D4F804C062463D
:106B100000233046F9F741FC814684E1F8480068DB
:106B2000C0F3401090B3F6480068C0F3C101F548C7
:106B300020FA01FE606A08B9012239E0606A012882
:106B400001D1022234E0606A022801D104222FE040
:106B5000606A032801D106222AE0606A042801D174
:106B6000082225E0606A052801D10A2220E0606A37
:106B7000062801D10C221BE0606A072801D11022EF
:106B800016E0606A082802D1202211E030E0606A35
:106B9000092801D140220BE0606A0A2801D1802235
:106BA00006E0606A0B2802D14FF4807200E00122F7
:106BB0009446002370461946F9F7EFFB4FF48073B3
:106BC00000228C46A0FB031E0CFB03E300FB0233F8
:106BD000606840088C461CEB000643EB0201D4F8C9
:106BE00004C0624600233046F9F7D7FB814659E0DE
:106BF000606A08B9012238E0606A012801D10222E6
:106C000033E0606A022801D104222EE0606A032882
:106C100001D1062229E0606A042801D1082224E07B
:106C2000606A052801D10A221FE0606A062801D1A6
:106C30000C221AE0606A072801D1102215E0606A70
:106C4000082801D1202210E0606A092801D14022E1
:106C50000BE0606A0A2801D1802206E0606A0B28F6
:106C600002D14FF4807200E0012294460023A5482F
:106C70001946F9F792FB4FF4807300228C46A0FB73
:106C8000031E0CFB03E300FB0233606840080E1890
:106C900043EB0201D4F804C0624600233046F9F702
:106CA0007CFB8146BFE0606A08B9012238E0606A77
:106CB000012801D1022233E0606A022801D10422B6
:106CC0002EE0606A032801D1062229E0606A0428C8
:106CD00001D1082224E0606A052801D10A221FE0C0
:106CE000606A062801D10C221AE0606A072801D1E7
:106CF000102215E0606A082801D1202210E0606AA5
:106D0000092801D140220BE0606A0A2801D18022C3
:106D100006E0606A0B2802D14FF4807200E0012285
:106D20009446002378481946F9F737FB4FF48073EF
:106D300000228C46A0FB031E0CFB03E300FB023386
:106D4000606840088C461CEB000643EB0201D4F857
:106D500004C06246002300E073E03046F9F71DFBF3
:106D6000814660E0606A08B9012238E0606A012863
:106D700001D1022233E0606A022801D104222EE010
:106D8000606A032801D1062229E0606A042801D143
:106D9000082224E0606A052801D10A221FE0606A07
:106DA000062801D10C221AE0606A072801D11022BE
:106DB00015E0606A082801D1202210E0606A0928E5
:106DC00001D140220BE0606A0A2801D1802206E04E
:106DD000606A0B2802D14FF4807200E001229446D1
:106DE00000234FF400401946F9F7D7FA4FF48073A7
:106DF00000228C46A0FB031E0CFB03E300FB0233C6
:106E0000606840088C461CEB000643EB0201D4F896
:106E100004C0624600233046F9F7BFFA814602E01B
:106E20000120079000BF00BFB9F5407F06D3B9F538
:106E3000801F03D22068C0F80C9034E50120079031
:106E400031E5E069B0F5004F71D1082D70D005DC57
:106E50005DB1012D5AD0042D6BD1A7E0102D69D062
:106E6000202D68D0402DF7D11EE2FDF7C7F88046EF
:106E7000606A08B9012038E0606A012801D1022067
:106E800033E0606A022801D104202EE0606A032802
:106E900001D1062029E0606A042801D1082024E0FD
:106EA000606A052801D10A201FE0606A062801D126
:106EB0000C201AE0606A072801D1102015E0606AF2
:106EC000082801D1202010E0606A092801D1402063
:106ED0000BE0606A0A2801D1802006E0606A0B2876
:106EE00002D14FF4807000E00120B8FBF0F04000C8
:106EF000616800EB5100B0FBF1F01FFA80F920E26D
:106F0000004402580090D00300093D00FDF788F8C6
:106F10008046606A08B901203DE0606A012801D11D
:106F2000022038E0606A022806D1042033E020E223
:106F300088E003E2D2E06EE1606A032801D1062016
:106F400029E0606A042801D1082024E0606A05284D
:106F500001D10A201FE0606A062801D10C201AE046
:106F6000606A072801D1102015E0606A082801D165
:106F7000202010E0606A092801D140200BE0606AFF
:106F80000A2801D1802006E0606A0B2802D14FF464
:106F9000807000E00120B8FBF0F04000616800EB79
:106FA0005100B0FBF1F01FFA80F9CAE104A8FBF729
:106FB000CDFE0598616A09B9012138E0616A0129AD
:106FC00001D1022133E0616A022901D104212EE0BE
:106FD000616A032901D1062129E0616A042901D1EE
:106FE000082124E0616A052901D10A211FE0616AB4
:106FF000062901D10C211AE0616A072901D110216B
:1070000015E0616A082901D1202110E0616A09298F
:1070100001D140210BE0616A0A2901D1802106E0FB
:10702000616A0B2902D14FF4807100E00121B0FBAD
:10703000F1F04000616800EB5100B0FBF1F01FFA85
:1070400080F97EE101A8FBF799FF0298616A09B90E
:10705000012138E0616A012901D1022133E0616A2E
:10706000022901D104212EE0616A032901D1062100
:1070700029E0616A042901D1082124E0616A052917
:1070800001D10A211FE0616A062901D10C211AE011
:10709000616A072901D1102115E0616A082901D12F
:1070A000202110E0616A092901D140210BE0616AC9
:1070B0000A2901D1802106E0616A0B2902D14FF42F
:1070C000807100E00121B0FBF1F04000616800EB4D
:1070D0005100B0FBF1F01FFA80F932E1F948006885
:1070E000C0F3401088B3F7480068C0F3C101F64808
:1070F000C840616A09B9012139E0616A012901D1F9
:10710000022134E0616A022901D104212FE0616A81
:10711000032901D106212AE0616A042901D108214D
:1071200025E0616A052901D10A2120E0616A06296A
:1071300001D10C211BE0616A072901D1102116E061
:10714000616A082902D1202111E01BE0616A092946
:1071500001D140210BE0616A0A2901D1802106E0BA
:10716000616A0B2902D14FF4807100E00121B0FB6C
:10717000F1F04000616800EB5100B0FBF1F01FFA44
:1071800080F947E0606A08B9012038E0606A0128A8
:1071900001D1022033E0606A022801D104202EE0F0
:1071A000606A032801D1062029E0606A042801D121
:1071B000082024E0606A052801D10A201FE0606AE7
:1071C000062801D10C201AE0606A072801D110209E
:1071D00015E0606A082801D1202010E0606A0928C3
:1071E00001D140200BE0606A0A2801D1802006E02E
:1071F000606A0B2802D14FF4807000E00120B24990
:10720000B1FBF0F04000616800EB5100B0FBF1F021
:107210001FFA80F995E0606A08B9012038E0606AD9
:10722000012801D1022033E0606A022801D1042044
:107230002EE0606A032801D1062029E0606A042854
:1072400001D1082024E0606A052801D10A201FE04E
:10725000606A062801D10C201AE0606A072801D173
:10726000102015E0606A082801D1202010E0606A33
:10727000092801D140200BE0606A0A2801D1802052
:1072800006E0606A0B2802D14FF4807000E0012014
:107290008E49B1FBF0F04000616800EB5100B0FB9B
:1072A000F1F01FFA80F94CE0606A08B9012038E07B
:1072B000606A012801D1022033E0606A022801D10E
:1072C00004202EE0606A032801D1062029E0606ACC
:1072D000042801D1082024E0606A052801D10A2091
:1072E0001FE0606A062801D10C201AE0606A0728B6
:1072F00001D1102015E0606A082801D1202010E09B
:10730000606A092801D140200BE0606A0A2801D197
:10731000802006E0606A0B2802D14FF4807000E004
:1073200001204FF40041B1FBF0F04000616800EB38
:107330005100B0FBF1F01FFA80F902E00120079044
:1073400000BF00BFB9F1100F10D3B9F5803F0DD2C7
:107350004FF6F07009EA00000890C9F3420108985E
:107360000843089008982168C86083E201200790CC
:1073700080E2082D72D005DC5DB1012D53D0042DC3
:107380006DD1A5E0102D6BD0202D6AD0402D66D197
:1073900017E2FCF733FE8046606A08B9012038E046
:1073A000606A012801D1022033E0606A022801D11D
:1073B00004202EE0606A032801D1062029E0606ADB
:1073C000042801D1082024E0606A052801D10A20A0
:1073D0001FE0606A062801D10C201AE0606A0728C5
:1073E00001D1102015E0606A082801D1202010E0AA
:1073F000606A092801D140200BE0606A0A2801D1A7
:10740000802006E0606A0B2802D14FF4807000E013
:107410000120B8FBF0F0616800EB5100B0FBF1F027
:107420001FFA80F919E2FCF7FBFD8046606A08B993
:1074300001203CE0606A012801D1022037E0606A47
:10744000022801D1042032E0606A032801D106201D
:107450002DE0606A042805D1082028E083E0F9E1E6
:10746000CCE066E1606A052801D10A201FE0606A6D
:10747000062801D10C201AE0606A072801D11020EB
:1074800015E0606A082801D1202010E0606A092810
:1074900001D140200BE0606A0A2801D1802006E07B
:1074A000606A0B2802D14FF4807000E00120B8FB25
:1074B000F0F0616800EB5100B0FBF1F01FFA80F9C9
:1074C000CBE10000004402580090D00300093D00C9
:1074D00004A8FBF73BFC0598616A09B9012138E073
:1074E000616A012901D1022133E0616A022901D1D7
:1074F00004212EE0616A032901D1062129E0616A95
:10750000042901D1082124E0616A052901D10A2159
:107510001FE0616A062901D10C211AE0616A07297E
:1075200001D1102115E0616A082901D1202110E064
:10753000616A092901D140210BE0616A0A2901D160
:10754000802106E0616A0B2902D14FF4807100E0CE
:107550000121B0FBF1F0616800EB5100B0FBF1F0EC
:107560001FFA80F979E101A8FBF708FD0298616A2A
:1075700009B9012138E0616A012901D1022133E012
:10758000616A022901D104212EE0616A032901D137
:10759000062129E0616A042901D1082124E0616AF9
:1075A000052901D10A211FE0616A062901D10C21B8
:1075B0001AE0616A072901D1102115E0616A0829E2
:1075C00001D1202110E0616A092901D140210BE09D
:1075D000616A0A2901D1802106E0616A0B2902D182
:1075E0004FF4807100E00121B0FBF1F0616800EB25
:1075F0005100B0FBF1F01FFA80F92EE1A3480068BA
:10760000C0F3401088B3A1480068C0F3C101A0488E
:10761000C840616A09B9012139E0616A012901D1D3
:10762000022134E0616A022901D104212FE0616A5C
:10763000032901D106212AE0616A042901D1082128
:1076400025E0616A052901D10A2120E0616A062945
:1076500001D10C211BE0616A072901D1102116E03C
:10766000616A082902D1202111E01AE0616A092922
:1076700001D140210BE0616A0A2901D1802106E095
:10768000616A0B2902D14FF4807100E00121B0FB47
:10769000F1F0616800EB5100B0FBF1F01FFA80F9E6
:1076A00046E0606A08B9012038E0606A012801D12B
:1076B000022033E0606A022801D104202EE0606AD3
:1076C000032801D1062029E0606A042801D108209E
:1076D00024E0606A052801D10A201FE0606A0628BC
:1076E00001D10C201AE0606A072801D1102015E0B2
:1076F000606A082801D1202010E0606A092801D1C1
:1077000040200BE0606A0A2801D1802006E0606A10
:107710000B2802D14FF4807000E001205C49B1FBDE
:10772000F0F0616800EB5100B0FBF1F01FFA80F956
:1077300093E0606A08B9012038E0606A012801D14D
:10774000022033E0606A022801D104202EE0606A42
:10775000032801D1062029E0606A042801D108200D
:1077600024E0606A052801D10A201FE0606A06282B
:1077700001D10C201AE0606A072801D1102015E021
:10778000606A082801D1202010E0606A092801D130
:1077900040200BE0606A0A2801D1802006E0606A80
:1077A0000B2802D14FF4807000E001203949B1FB71
:1077B000F0F0616800EB5100B0FBF1F01FFA80F9C6
:1077C0004BE0606A08B9012038E0606A012801D105
:1077D000022033E0606A022801D104202EE0606AB2
:1077E000032801D1062029E0606A042801D108207D
:1077F00024E0606A052801D10A201FE0606A06289B
:1078000001D10C201AE0606A072801D1102015E090
:10781000606A082801D1202010E0606A092801D19F
:1078200040200BE0606A0A2801D1802006E0606AEF
:107830000B2802D14FF4807000E001204FF400418A
:10784000B1FBF0F0616800EB5100B0FBF1F01FFA02
:1078500080F902E00120079000BF00BFB9F1100FCE
:1078600006D3B9F5803F03D22068C0F80C9001E040
:10787000012007900120A4F86A00A4F86800002005
:10788000E0662067079809B0BDE8F08F0044025811
:107890000090D00300093D002DE9F04104460D465B
:1078A00017469846069E4AE0701C002847D0FBF712
:1078B000E5F8A0EB0800B04200D8C6B9206800681F
:1078C00020F4D070216808602068806820F00100F2
:1078D000216888602020C4F88000C4F8840000BFBC
:1078E000002084F87C0000BF0320BDE8F081206800
:1078F000006800F0040010B32068C069C0F3C02025
:10790000E8B14FF40060216808622068006820F444
:10791000D070216808602068806820F0010021682C
:1079200088602020C4F88000C4F88400C4F888006F
:1079300000BF002084F87C0000BF0320D5E720684A
:10794000C0692840A84201D1012000E00020B842CF
:10795000AAD00020C9E7000070B500240F4D1048E0
:10796000FDF7BAF800BF03E0641CAC4200D904E0A4
:107970000B48FDF7A8F82028F6D100BF002403E04B
:10798000641CAC4200D906E0012206490448FDF718
:1079900045FA0028F4D100BF70BD0000FFFF0100D0
:1079A000742900241600002400BFFEE703B40198E8
:1079B0004100009850EAC12018BF04204A0D18BFAA
:1079C00040F0010040F2FF72B2EB515F08BF40F09F
:1079D0000200012808BF052002B070470248006875
:1079E000C0F30220704700000CED00E010B5002845
:1079F00004DB0A07130E054A135406E00A07140EA7
:107A0000034A00F00F031B1FD45410BD00E400E034
:107A100018ED00E0000000002DE9F04D2DED040B05
:107A20002DED0A8B9AB0DDE92550279CDDF890A05A
:107A300025F0004624F00048BAF1000F14BF0121E0
:107A4000002101EB4502F84953184A1093422AD30A
:107A5000002814BF0123002303EB44030B44F34924
:107A60008B4220D358EA00019FEDF19B72D0DFF8E2
:107A7000C8B35D4503D1BAF1000F05D184E0BAF176
:107A8000000F08BF002100D0012101EB450111F5D5
:107A9000001F08D8002814BF0121002101EB440178
:107AA00011F5001F0BD99DED261B9DED240B1AB07F
:107AB000BDEC0A8B04B0BDE8F04D00F071BC0027AE
:107AC000002DBCBFDD49884521DADD498845A8BFC6
:107AD00002271CDAC3451ADCDA4901EB28511429C4
:107AE00008DDC1F1340220FA02F101FA02F2824209
:107AF0000DD108E058B9C1F1140228FA02F101FAD7
:107B000002F2424503D101F00101C1F1020756EA38
:107B10000A0120D1002C1EDA002D18BF022F01D03F
:107B2000012F0AD00220F8F790FD1AB0BDEC0A8BA5
:107B300004B0BDE8F04D00F023BC0220F8F785FD4D
:107B400000F01EFCB1EE400B1AB0BDEC0A8B04B085
:107B5000BDE8F08D18E09FEDBCAB9FEDBD8B00281C
:107B60007DD1B64880451CD105F1804010F58010CC
:107B700008BFBAF1000F07D0B34508DC002CA8BF3E
:107B80009DED260BE0DA07E0B0EE490BDCE7002CB8
:107B9000B8BF9DED260BD5DBAF48784490ED000BC8
:107BA000D2E7D84548D1002C43DA2EB186423AD1EB
:107BB000BAF1000F3DD126E0BAF1000F13D0022038
:107BC000F8F743FD00F0FCFB8DED020B9DED240B5F
:107BD0008DED000B10EE900A039961F31E000390E7
:107BE0009DED020BB0E78DED02AB9DED240B1AEE7F
:107BF000901A10EE900A8DED000B61F31E000390B9
:107C00009DED020BA0E78DED028B9DED240B18EE90
:107C1000901A10EE900A8DED000B61F31E00039098
:107C20009DED020B90E704DA9DED241B89EE010B1C
:107C30008AE79DED240B87E786421ADAB4F1804F7C
:107C400004BF9DED240B20EE000B3FF47DAFA4F1AB
:107C50000050B0F1FF500CD1002D0ADB00E008E02D
:107C60009DED240B51EC100B02F046FE41EC100B85
:107C70006AE79DED240B51EC100B02F0AFFCBAF15A
:107C8000000FCDE90E0140D19FED750B46B3A6F173
:107C9000E040B0F17F600ED05E4536D1002D00DAB5
:107CA00097B3022F0CBF01204FF0FF3000EE100AF7
:107CB000B8EEC00B48E7002D01DD002C0DDA002DD9
:107CC00001DD002C1DDB002D14DA002C12DB012F4E
:107CD00008BF9FED650B3FF437AFB0EE4A0B33E7BB
:107CE000022F18BF002D0CD0012F0AD1002DFFF656
:107CF0002BAF06E0002DB8BF002C06DA012F3FF4B1
:107D000023AFB0EE480B1FE719E0012000EBE57050
:107D100050EA070113D0791EB0EE498B084308BF23
:107D20009FED538B5448002580457ADD53495448D4
:107D3000884514DDB0420DDB002C19DB2CE001205E
:107D4000F8F783FC1AB0BDEC0A8B04B0BDE8F04D27
:107D500000F02ABBB34502DC002C09DC1CE08642A3
:107D600002DA002C18DA03E05E4528DD002C13DD72
:107D70000220F8F76AFC00F023FB8DED020B28EEE1
:107D80000A0B8DED000B10EE900A039961F31E00B3
:107D900003909DED020BD7E60220F8F756FC00F0A9
:107DA0001BFB10EE901A18EE900A8DED020B8DED74
:107DB000008B61F31E0003909DED020BC4E69DED68
:107DC0000E0B9FED313B30EE490B8DED040B20EE99
:107DD000002B9DED041B9FED2E0B01EE430B9DED43
:107DE000043B9FED2D1B03EE401B9DED040B9FED0F
:107DF0002E3B22EE012B9FED2A1B20EE011B20EED5
:107E0000030B9FED2B3B02EE430B31EE002B8DED70
:107E1000022B02959DED022B32EE411B30EE411BF1
:107E200021E149E000000000FFFF1F00FFFF0F00FD
:107E3000000000000000F03F0000F03F0000F07F75
:107E40000000404301FCFFFF000000000000F07F45
:107E50000000000000000000B2620000000000000E
:107E60000000000000000080000000000000F0FFA3
:107E7000000000000000F0BF0000E0410000F043FF
:107E8000FFFFEF3F00000000000000000000D03FB7
:107E9000555555555555D53F000000000000E03FB1
:107EA000000000604715F73F44DF5DF80BAE543E1D
:107EB000FE822B654715F73F0020B6F5801F0BDAD1
:107EC0009DED0E0B9FEDEC1B6FF0340020EE010BCF
:107ED00010EE906A8DED0E0BE94A00EB2650C6F3CA
:107EE0001301A0F2FF3741F07F6040F04050914213
:107EF000D8BF002408DDE34A8A42C8BF012403DC5E
:107F00000024A0F580107F1CDF49794401EBC401F7
:107F10000F9091ED001B9DED0E2B9DED0E0BDB499F
:107F200031EE023B30EE410B89EE032B20EE02AB2B
:107F30008DED02AB7944029591ED003B4FF000517D
:107F400041EA600000EB84408DED043B00F5002029
:107F500005909DED043B9DED044B2AEE0ACB33EEDC
:107F6000411B9DED0E3BCA48062133EE411B9DEDA2
:107F7000023B03EE440B03EE410B20EE02BBB0EEDE
:107F80004C0B784400F0C4F92CEE0C1B20EE010BD6
:107F90009DED021B31EE0A1B0BEE010B9DED021B4A
:107FA00021EE011B9FEDBC2B31EE023B33EE003B7B
:107FB0008DED043B04959DED043B33EE422B32EEF8
:107FC000411B30EE412B9DED020B9DED041B20EE7D
:107FD000011B9DED040B2BEE000B02EE0A0B31EEA4
:107FE000002B8DED022B02959DED022B32EE411BF5
:107FF00030EE410B9DED021B9FEDA92B21EE021BE4
:108000009DED022B9FEDA83B22EE032B9FEDA83B9D
:10801000A94800EE032B784400EBC40090ED000B60
:10802000A64832EE000B02EE107AB8EEC22B8DEDB0
:10803000042B31EE003B784400EBC4009DED044B73
:1080400090ED002B33EE023B33EE043B8DED023B13
:1080500002959DED023B33EE443B33EE422B32EE74
:10806000411B30EE411B9DED260B954A8DED000B1B
:1080700000959DED260B9DED002B30EE420B9DED06
:10808000022B20EE020B9DED262B02EE010B9DED47
:10809000001B9DED022B21EE021B8DED021B30EE2D
:1080A000011B11EE900A11EE101A8DED001B90428B
:1080B00024DB821A11430ED19FED831B9DED002B13
:1080C0009DED023B30EE011B32EE432BB4EEC21BA2
:1080D000F1EE10FA26DD0220F8F7B7FA00F070F999
:1080E00010EE901A18EE900A8DED020B8DED008BBC
:1080F00061F31E0003909DED020B25E5744B20F00B
:1081000000429A420ED3734A024411437FF444AEB4
:108110009DED022B31EE421BB4EEC01BF1EE10FAC6
:10812000BFF63AAE20F000416B4A6C4B002402EBE4
:1081300021529942D8BF9DED021B27DD511C4FF4FF
:10814000801222FA01F10144654BC1F30A527B44CB
:10815000A2F2FF3293ED001B624B8DED041BD34066
:1081600021EA0303C1F3130141F48011C2F11402A7
:1081700021FA02F405930028B8BF64429DED021B6A
:108180009DED042B31EE421B8DED021B30EE011BE9
:108190008DED041B04959DED041B9FED532B9DED70
:1081A000023B21EE021B9DED042B32EE432B30EE01
:1081B000420B9FED4F2B20EE020B9DED042B9FED0C
:1081C0004E3B4F48052102EE030B31EE002B8DEDA7
:1081D000002B32EE411B30EE41AB9DED000B20EE4B
:1081E000000B8DED040B784400F092F89DED001B20
:1081F0009DED042B02EE401B8DED021B9DED000B4F
:1082000020EE010B9FED402B31EE422B80EE021B46
:108210009DED002BB0EE4A0B02EE0A0B31EE400B47
:108220009DED001B30EE410B39EE400B10EE900A35
:108230008DED000B00EB045001150029C8BF019023
:1082400013DC224651EC100B02F0ADFDFFF7AEFB44
:10825000042808BF00F0C0F822469DED000B51EC49
:10826000100B02F0A0FDCDE900019DED000B28EE02
:10827000000B69E400000000000000000000404323
:108280008E9803007AB60B00BA5E0000185F0000FB
:10829000725E0000000000000000000000000840C6
:1082A000000000E009C7EE3FF5015B14E02F3EBE81
:1082B000FD033ADC09C7EE3FCE5D00009E5D000085
:1082C0000000904000000000FE822B654715973C9F
:1082D00000CC904000346F3F01FCFFFF0000E03F06
:1082E000FE5C0000FFFF0F0000000000432EE63F91
:1082F000EF39FAFE422EE63F396CA80C615C20BED5
:108300003E5C000000000000000000000000004093
:10831000491E00EBC102B0EE401B92ED000B31F0A4
:1083200006020DD0491E00EBC102B0EE403B92EDBB
:10833000002B31F00602B0EE420B03EE010BF1D13F
:10834000022914D004290AD0062918BF704790EDDD
:108350000A2B00EE012B90ED080B02EE010B90EDC5
:10836000062B00EE012B90ED040B02EE010B90EDBD
:10837000022B00EE012B90ED000B02EE010B70477B
:108380009FED031B9FED042B81EE020B7047000055
:10839000000000000000F03F0000000000000000AE
:1083A00030EE010B704700009FED031B81EE010BC7
:1083B0007047000000000000000000000000000006
:1083C0009FED030B20EE000B704700000000000043
:1083D00000000000000000709FED030B20EE000B7A
:1083E00070470000000000000000000000000010C6
:1083F00000BF704710B500BF012220210248FAF7E4
:1084000031FB00BF10BD00000004025838B504461F
:1084100040F21F3340F2DF1200210846009400F0C2
:1084200068F838BD10B54FF4245000F00DFB10BDB6
:108430002DE9FC5F04460D4616461F46B44201DA9C
:10844000301B00E0A01B1FFA80F8BD4201DA781B48
:1084500000E0E81B1FFA80F9B44201DA012001E0D4
:108460004FF0FF300190BD4201DA012001E04FF0F2
:10847000FF300090A8EB09000FFA80FA3946304629
:108480000C9A00F024F81CE0294620460C9A00F0D3
:108490001EF84FEA4A000FFA80FBC9F1000083453D
:1084A00006DDAAEB09000FFA80FA0198204484B295
:1084B000C34506DA0AEB08000FFA80FA0098284450
:1084C00085B2B442E0D1BD42DED1BDE8FC9F70B5BB
:1084D00004460D4616462146204601F015FB294666
:1084E000284601F067FB01F063FD304600F0B4FA66
:1084F00070BD2DE9F04707460C4615461E46DDF8CF
:1085000020A02946384601F0FFFA3146204601F006
:1085100051FB01F04DFDA1460EE0B84606E0504685
:1085200000F09AFA08F101001FFA80F8A845F6DD7C
:1085300009F101001FFA80F9B145EEDDBDE8F087D1
:1085400000B595B0142110A8F8F71AF81C2109A855
:10855000F8F716F81C2102A8F8F712F800BF00BFC0
:10856000FE48006840F48050FC49086008460068F6
:1085700000F48050019000BF00BF00BF00BF00BFEB
:10858000F6480C30006840F01000F4490C310860E7
:108590000846006800F01000019000BF00BF00BF57
:1085A00000BF00BF0846006840F0080008600846A9
:1085B000006800F00800019000BF00BF00BF00BFCE
:1085C00000BF0846006840F00800086008460068E0
:1085D00000F00800019000BF00BF00BF00BF00BF57
:1085E0000846006840F0080008600846006800F08F
:1085F0000800019000BF00BF00BF00BF00BF0846D9
:10860000006840F0080008600846006800F00800B4
:10861000019000BF00BF00BF00BF00BF0846006858
:1086200040F0080008600846006800F0080001906B
:1086300000BF00BF00BF00BF00BF0846006840F099
:10864000080008600846006800F00800019000BFBC
:1086500000BF00BF00BF00BF0846006840F0080030
:1086600008600846006800F00800019000BF00BFE5
:1086700000BF00BF00BF0846006840F0100008605F
:108680000846006800F01000019000BF00BF00BF66
:1086900000BF00BF0846006840F0100008600846B0
:1086A000006800F01000019000BF00BF00BF00BFD5
:1086B00000BF0846006840F01000086008460068E7
:1086C00000F01000019000BF00BF00BF00BF00BF5E
:1086D0000846006840F0100008600846006800F096
:1086E0001000019000BF00BF00BF00BF00BF0846E0
:1086F000006840F0100008600846006800F01000B4
:10870000019000BF00BF00BF00BF00BF0846006867
:1087100040F0100008600846006800F0100001906A
:1087200000BF00BF00BF00BF00BF0846006840F0A8
:10873000100008600846006800F01000019000BFBB
:1087400000BF00BF00BF00BF0846006840F0100037
:1087500008600846006800F01000019000BF00BFEC
:1087600000BF00BF00BF0846006840F0100008606E
:108770000846006800F01000019000BF00BF00BF75
:1087800000BF00BF0846006840F0080008600846C7
:10879000006800F00800019000BF00BF00BF00BFEC
:1087A00000BF0846006840F00800086008460068FE
:1087B00000F00800019000BF00BF00BF00BF00BF75
:1087C0000846006840F0080008600846006800F0AD
:1087D0000800019000BF00BF00BF082010900220D9
:1087E000119013900C20149010A95D48FAF72EF800
:1087F000802010900220119013900C20149010A94A
:108800005848FAF723F81020109002201190139086
:108810000C20149010A95348FAF718F82020109053
:108820000220119013900C20149010A94D48FAF7D3
:108830000DF84FF4804010900220119013900C20FE
:10884000149010A94748FAF701F84FF4004010902F
:108850000220119013900C20149010A94148F9F7B0
:10886000F5FF012010900220119013900C2014901D
:1088700010A93C48F9F7EAFF0220109011901390DC
:108880000C20149010A93748F9F7E0FF80201090D1
:108890000220119013900C20149010A93048F9F781
:1088A000D5FF4FF4807010900220119013900C208F
:1088B000149010A92A48F9F7C9FF4FF400701090DE
:1088C0000220119013900C20149010A92448F9F75D
:1088D000BDFF4FF4806010900220119013900C2087
:1088E000149010A91E48F9F7B1FF4FF400601090E2
:1088F0000220119013900C20149010A91848F9F739
:10890000A5FF4FF4805010900220119013900C207E
:10891000149010A91248F9F799FF4FF400501090E5
:108920000220119013900C20149010A90C48F9F714
:108930008DFF4FF4804010900220119013900C2076
:10894000149010A90648F9F781FF4FF400401090E9
:108950000220119013900C20149005E0D44402588A
:1089600000100258000C025810A92E48F9F76EFFAB
:108970004FF4807010900220119013900C201490EE
:1089800010A92948F9F762FF4FF4007010900220F7
:10899000119013900C20149010A92348F9F756FF5A
:1089A0004FF4806010900220119013900C201490CE
:1089B00010A91D48F9F74AFF1C481D4908601D48C9
:1089C00048600620886000211948C16001611021BB
:1089D000416100218161C16101624FF480514162B6
:1089E000002181624FF48041C16200210163416333
:1089F00081634FF40011C1630021016415200990C7
:108A000078200B9000200C900F9002200290049090
:108A100000200590089002AA09A90548FBF7E8FF85
:108A200015B000BD00100258000C02580040005262
:108A3000002A00240441005200BF00BF01490888F9
:108A4000704700000000106001B5BDF8000001494A
:108A5000088008BDFEFF0F6001B5BDF800000149A8
:108A6000088008BD0000106003B5BDF80000034990
:108A70000880BDF80400891C08800CBDFEFF0F6053
:108A800000B587B0142102A8F7F77AFD00BF00BF38
:108A90001048006840F002000E490860084600686F
:108AA00000F00200019000BF00BF00BF2020029034
:108AB0000120039004900220059002A90648F9F7CE
:108AC000C5FE00BF002220210348F9F7CBFF00BFFD
:108AD00007B000BDE04402580004025870B5FFF72B
:108AE000CFFFFFF72DFD00BF55214FF47040FFF77A
:108AF000BBFFAA214FF20100FFF7B6FF52214FF250
:108B00000200FFF7B1FF08214FF20300FFF7ACFFAF
:108B100001214FF20400FFF7A7FF4FF44540FFF794
:108B200093FFFFF789FF4FF6FF7101EA00264CF231
:108B30000150FFF789FFFFF77FFFC0B2064300BF78
:108B4000354645F21050854201D0012070BD0F48D6
:108B500005804FF4F0700D4948804FF448708880CC
:108B600000F054F8002000F0EFFF4FF6FF70FFF721
:108B70004DFCFFF757FCFFF73DFC01F0B7FC044646
:108B80000CB10120E2E70020E0E700002200002411
:108B900010B502460120002302E050435C1CE3B202
:108BA0008B42FADB10BD00002DE9F04704460D466C
:108BB00015484088A04203DD13488088A84202DCA3
:108BC0000220BDE8F0872146204600F09DFF29469F
:108BD000284600F0EFFF01F0E5F9FFF72DFF06460C
:108BE000FFF72AFF0646F70AC6F38508FFF724FFBA
:108BF00006464FEAD6294FF6FF7000EAC72040EA42
:108C0000481040EA0900DCE72200002410B5552195
:108C10004FF47040FFF728FFAA214FF20100FFF741
:108C200023FF52214FF20200FFF71EFF08214FF2EF
:108C30000300FFF719FF01214FF20400FFF714FFB3
:108C40000D214FF43040FFF70FFF0D214BF20100D3
:108C5000FFF70AFF0D214BF20200FFF705FF342159
:108C60004FF43640FFF700FF34214BF20160FFF76D
:108C7000FBFE34214BF20260FFF7F6FE0D214FF4AC
:108C80003140FFF7F1FE0D214BF20110FFF7ECFE32
:108C90000D214BF20210FFF7E7FE34214FF437406D
:108CA000FFF7E2FE34214BF20170FFF7DDFE3421C5
:108CB0004BF20270FFF7D8FE00214FF43240FFF76D
:108CC000D3FE00214BF20120FFF7CEFE00214BF234
:108CD0000220FFF7C9FE24214FF43840FFF7C4FEFD
:108CE00024214BF60100FFF7BFFE24214BF60200C2
:108CF000FFF7BAFE01214FF43F40FFF7B5FE0F2109
:108D00004FF43340FFF7B0FE0F214BF20130FFF775
:108D1000ABFE0F214BF20230FFF7A6FE34214FF4D9
:108D20003940FFF7A1FE34214BF60110FFF79CFEFE
:108D300034214BF60210FFF797FE08214FF435401F
:108D4000FFF792FE08214BF20150FFF78DFE08213C
:108D50004BF20250FFF788FE03214FF44240FFF729
:108D600083FE24214FF43A40FFF77EFE24214BF688
:108D70000120FFF779FE24214BF60220FFF774FE55
:108D800000214FF43C40FFF76FFE78214BF6014085
:108D9000FFF76AFE00214BF60240FFF765FE002157
:108DA0004FF43D40FFF760FE78214BF60150FFF78E
:108DB0005BFE00214BF60250FFF756FE00214FF4F8
:108DC0003E40FFF751FE64214BF60160FFF74CFE79
:108DD00000214FF45140FFF747FE33214DF20110BF
:108DE000FFF742FE00214DF20210FFF73DFE342155
:108DF0004DF20310FFF738FE00214DF20410FFF78B
:108E000033FE3A214DF20510FFF72EFE00214DF200
:108E10000610FFF729FE4A214DF20710FFF724FE46
:108E200000214DF20810FFF71FFE5C214DF20910E2
:108E3000FFF71AFE00214DF20A10FFF715FE8121FF
:108E40004DF20B10FFF710FE00214DF20C10FFF752
:108E50000BFEA6214DF20D10FFF706FE00214DF28C
:108E60000E10FFF701FEE5214DF20F10FFF7FCFD9C
:108E700001214DF21010FFF7F7FD13214DF21110F3
:108E8000FFF7F2FD01214DF21210FFF7EDFD542125
:108E90004DF21310FFF7E8FD01214DF21410FFF71A
:108EA000E3FD82214DF21510FFF7DEFD01214DF2A9
:108EB0001610FFF7D9FDCA214DF21710FFF7D4FDA8
:108EC00002214DF21810FFF7CFFD00214DF21910CD
:108ED000FFF7CAFD02214DF21A10FFF7C5FD01216F
:108EE0004DF21B10FFF7C0FD02214DF21C10FFF7E1
:108EF000BBFD34214DF21D10FFF7B6FD02214DF2EE
:108F00001E10FFF7B1FD67214DF21F10FFF7ACFDFA
:108F100002214DF22010FFF7A7FD84214DF2211010
:108F2000FFF7A2FD02214DF22210FFF79DFDA421C3
:108F30004DF22310FFF798FD02214DF22410FFF7A8
:108F400093FDB7214DF22510FFF78EFD02214DF262
:108F50002610FFF789FDCF214DF22710FFF784FD82
:108F600002214DF22810FFF77FFDDE214DF229107E
:108F7000FFF77AFD02214DF22A10FFF775FDF2216D
:108F80004DF22B10FFF770FD02214DF22C10FFF770
:108F90006BFDFE214DF22D10FFF766FD03214DF212
:108FA0002E10FFF761FD10214DF22F10FFF75CFD31
:108FB00003214DF23010FFF757FD33214DF23110F0
:108FC000FFF752FD03214DF23210FFF74DFD6D21E9
:108FD0004DF23310FFF748FD00214FF45240FFF7E8
:108FE00043FD33214DF20120FFF73EFD00214DF2FC
:108FF0000220FFF739FD34214DF20320FFF734FD45
:1090000000214DF20420FFF72FFD3A214DF20520FB
:10901000FFF72AFD00214DF20620FFF725FD4A212A
:109020004DF20720FFF720FD00214DF20820FFF749
:109030001BFD5C214DF20920FFF716FD00214DF2CA
:109040000A20FFF711FD81214DF20B20FFF70CFDE7
:1090500000214DF20C20FFF707FDA6214DF20D2057
:10906000FFF702FD00214DF20E20FFF7FDFCE52188
:109070004DF20F20FFF7F8FC01214DF21020FFF711
:10908000F3FC13214DF21120FFF7EEFC01214DF20C
:109090001220FFF7E9FC54214DF21320FFF7E4FC06
:1090A00001214DF21420FFF7DFFC82214DF2152043
:1090B000FFF7DAFC01214DF21620FFF7D5FCCA219B
:1090C0004DF21720FFF7D0FC02214DF21820FFF7D8
:1090D000CBFC00214DF21920FFF7C6FC02214DF216
:1090E0001A20FFF7C1FC01214DF21B20FFF7BCFC49
:1090F00002214DF21C20FFF7B7FC34214DF21D2058
:10910000FFF7B2FC02214DF21E20FFF7ADFC6721F4
:109110004DF21F20FFF7A8FC02214DF22020FFF79F
:10912000A3FC84214DF22120FFF79EFC02214DF289
:109130002220FFF799FCA4214DF22320FFF794FC95
:1091400002214DF22420FFF78FFCB7214DF225209C
:10915000FFF78AFC02214DF22620FFF785FCCF2184
:109160004DF22720FFF780FC02214DF22820FFF767
:109170007BFCDE214DF22920FFF776FC02214DF227
:109180002A20FFF771FCF2214DF22B20FFF76CFC37
:1091900002214DF22C20FFF767FCFE214DF22D201D
:1091A000FFF762FC03214DF22E20FFF75DFC10213A
:1091B0004DF22F20FFF758FC03214DF23020FFF72E
:1091C00053FC33214DF23120FFF74EFC03214DF2C9
:1091D0003220FFF749FC6D214DF23320FFF744FCAC
:1091E00000214FF45340FFF73FFC33214DF2013093
:1091F000FFF73AFC00214DF20230FFF735FC342135
:109200004DF20330FFF730FC00214DF20430FFF740
:109210002BFC3A214DF20530FFF726FC00214DF2E0
:109220000630FFF721FC4A214DF20730FFF71CFC06
:1092300000214DF20830FFF717FC5C214DF2093098
:10924000FFF712FC00214DF20A30FFF70DFC8121DF
:109250004DF20B30FFF708FC00214DF20C30FFF708
:1092600003FCA6214DF20D30FFF7FEFB00214DF26D
:109270000E30FFF7F9FBE5214DF20F30FFF7F4FB5D
:1092800001214DF21030FFF7EFFB13214DF21130A9
:10929000FFF7EAFB01214DF21230FFF7E5FB542105
:1092A0004DF21330FFF7E0FB01214DF21430FFF7D0
:1092B000DBFB82214DF21530FFF7D6FB01214DF289
:1092C0001630FFF7D1FBCA214DF21730FFF7CCFB68
:1092D00002214DF21830FFF7C7FB00214DF2193083
:1092E000FFF7C2FB02214DF21A30FFF7BDFB01214F
:1092F0004DF21B30FFF7B8FB02214DF21C30FFF797
:10930000B3FB34214DF21D30FFF7AEFB02214DF2CD
:109310001E30FFF7A9FB67214DF21F30FFF7A4FBBA
:1093200002214DF22030FFF79FFB84214DF22130C6
:10933000FFF79AFB02214DF22230FFF795FBA421A3
:109340004DF22330FFF790FB02214DF22430FFF75E
:109350008BFBB7214DF22530FFF786FB02214DF242
:109360002630FFF781FBCF214DF22730FFF77CFB42
:1093700002214DF22830FFF777FBDE214DF2293034
:10938000FFF772FB02214DF22A30FFF76DFBF2214D
:109390004DF22B30FFF768FB02214DF22C30FFF726
:1093A00063FBFE214DF22D30FFF75EFB03214DF2F2
:1093B0002E30FFF759FB10214DF22F30FFF754FBF1
:1093C00003214DF23030FFF74FFB33214DF23130A6
:1093D000FFF74AFB03214DF23230FFF745FB6D21C9
:1093E0004DF23330FFF740FB00214FF45440FFF7BC
:1093F0003BFB33214DF20140FFF736FB00214DF2DC
:109400000240FFF731FB34214DF20340FFF72CFB04
:1094100000214DF20440FFF727FB3A214DF20540B1
:10942000FFF722FB00214DF20640FFF71DFB4A210A
:109430004DF20740FFF718FB00214DF20840FFF7FF
:1094400013FB5C214DF20940FFF70EFB00214DF2AA
:109450000A40FFF709FB81214DF20B40FFF704FBA7
:1094600000214DF20C40FFF7FFFAA6214DF20D400E
:10947000FFF7FAFA00214DF20E40FFF7F5FAE52169
:109480004DF20F40FFF7F0FA01214DF21040FFF7C7
:10949000EBFA13214DF21140FFF7E6FA01214DF2EC
:1094A0001240FFF7E1FA54214DF21340FFF7DCFAC6
:1094B00001214DF21440FFF7D7FA82214DF21540F9
:1094C000FFF7D2FA01214DF21640FFF7CDFACA217B
:1094D0004DF21740FFF7C8FA02214DF21840FFF78E
:1094E000C3FA00214DF21940FFF7BEFA02214DF2F6
:1094F0001A40FFF7B9FA01214DF21B40FFF7B4FA09
:1095000002214DF21C40FFF7AFFA34214DF21D400D
:10951000FFF7AAFA02214DF21E40FFF7A5FA6721D4
:109520004DF21F40FFF7A0FA02214DF22040FFF755
:109530009BFA84214DF22140FFF796FA02214DF269
:109540002240FFF791FAA4214DF22340FFF78CFA55
:1095500002214DF22440FFF787FAB7214DF2254052
:10956000FFF782FA02214DF22640FFF77DFACF2164
:109570004DF22740FFF778FA02214DF22840FFF71D
:1095800073FADE214DF22940FFF76EFA02214DF207
:109590002A40FFF769FAF2214DF22B40FFF764FAF7
:1095A00002214DF22C40FFF75FFAFE214DF22D40D3
:1095B000FFF75AFA03214DF22E40FFF755FA10211A
:1095C0004DF22F40FFF750FA03214DF23040FFF7E4
:1095D0004BFA33214DF23140FFF746FA03214DF2A9
:1095E0003240FFF741FA6D214DF23340FFF73CFA6C
:1095F00000214FF45540FFF737FA33214DF2015067
:10960000FFF732FA00214DF20250FFF72DFA342114
:109610004DF20350FFF728FA00214DF20450FFF7F6
:1096200023FA3A214DF20550FFF71EFA00214DF2C0
:109630000650FFF719FA4A214DF20750FFF714FAC6
:1096400000214DF20850FFF70FFA5C214DF209504E
:10965000FFF70AFA00214DF20A50FFF705FA8121BF
:109660004DF20B50FFF700FA00214DF20C50FFF7BE
:10967000FBF9A6214DF20D50FFF7F6F900214DF24E
:109680000E50FFF7F1F9E5214DF20F50FFF7ECF91D
:1096900001214DF21050FFF7E7F913214DF211505F
:1096A000FFF7E2F901214DF21250FFF7DDF95421E5
:1096B0004DF21350FFF7D8F901214DF21450FFF786
:1096C000D3F982214DF21550FFF7CEF901214DF269
:1096D0001650FFF7C9F9CA214DF21750FFF7C4F928
:1096E00002214DF21850FFF7BFF900214DF2195039
:1096F000FFF7BAF902214DF21A50FFF7B5F901212F
:109700004DF21B50FFF7B0F902214DF21C50FFF74C
:10971000ABF934214DF21D50FFF7A6F902214DF2AD
:109720001E50FFF7A1F967214DF21F50FFF79CF97A
:1097300002214DF22050FFF797F984214DF221507C
:10974000FFF792F902214DF22250FFF78DF9A42183
:109750004DF22350FFF788F902214DF22450FFF714
:1097600083F9B7214DF22550FFF77EF902214DF222
:109770002650FFF779F9CF214DF22750FFF774F902
:1097800002214DF22850FFF76FF9DE214DF22950EA
:10979000FFF76AF902214DF22A50FFF765F9F2212D
:1097A0004DF22B50FFF760F902214DF22C50FFF7DC
:1097B0005BF9FE214DF22D50FFF756F903214DF2D2
:1097C0002E50FFF751F910214DF22F50FFF74CF9B1
:1097D00003214DF23050FFF747F933214DF231505C
:1097E000FFF742F903214DF23250FFF73DF96D21A9
:1097F0004DF23350FFF738F900214FF45640FFF790
:1098000033F933214DF20160FFF72EF900214DF2BB
:109810000260FFF729F934214DF20360FFF724F9C4
:1098200000214DF20460FFF71FF93A214DF2056067
:10983000FFF71AF900214DF20660FFF715F94A21EA
:109840004DF20760FFF710F900214DF20860FFF7B5
:109850000BF95C214DF20960FFF706F900214DF28A
:109860000A60FFF701F981214DF20B60FFF7FCF868
:1098700000214DF20C60FFF7F7F8A6214DF20D60C4
:10988000FFF7F2F800214DF20E60FFF7EDF8E52149
:109890004DF20F60FFF7E8F801214DF21060FFF77D
:1098A000E3F813214DF21160FFF7DEF801214DF2CC
:1098B0001260FFF7D9F854214DF21360FFF7D4F886
:1098C00001214DF21460FFF7CFF882214DF21560AF
:1098D000FFF7CAF801214DF21660FFF7C5F8CA215B
:1098E0004DF21760FFF7C0F802214DF21860FFF744
:1098F000BBF800214DF21960FFF7B6F802214DF2D6
:109900001A60FFF7B1F801214DF21B60FFF7ACF8C8
:1099100002214DF21C60FFF7A7F834214DF21D60C3
:10992000FFF7A2F802214DF21E60FFF79DF86721B4
:109930004DF21F60FFF798F802214DF22060FFF70B
:1099400093F884214DF22160FFF78EF802214DF249
:109950002260FFF789F8A4214DF22360FFF784F815
:1099600002214DF22460FFF77FF8B7214DF2256008
:10997000FFF77AF802214DF22660FFF775F8CF2144
:109980004DF22760FFF770F802214DF22860FFF7D3
:109990006BF8DE214DF22960FFF766F802214DF2E7
:1099A0002A60FFF761F8F2214DF22B60FFF75CF8B7
:1099B00002214DF22C60FFF757F8FE214DF22D6089
:1099C000FFF752F803214DF22E60FFF74DF81021FA
:1099D0004DF22F60FFF748F803214DF23060FFF79A
:1099E00043F833214DF23160FFF73EF803214DF289
:1099F0003260FFF739F86D214DF23360FFF734F82C
:109A000055214FF47040FFF72FF8AA214FF20100C3
:109A1000FFF72AF852214FF20200FFF725F808213C
:109A20004FF20300FFF720F800214FF20400FFF788
:109A30001BF8CC214FF43140FFF716F800214BF210
:109A40000110FFF711F805214FF43640FFF70CF82D
:109A500070214FF43740FFF707F870214BF2017087
:109A6000FFF702F801214FF43840FEF7FDFF032114
:109A70004BF60100FEF7F8FF03214BF60200FEF75C
:109A8000F3FF03214BF60300FEF7EEFF02214FF434
:109A90003C40FEF7E9FF00214BF60140FEF7E4FFF2
:109AA00000214BF60240FEF7DFFFD0214FF4494082
:109AB000FEF7DAFF02214CF60110FEF7D5FF502128
:109AC0004CF60210FEF7D0FF50214CF60310FEF7C3
:109AD000CBFF50214CF60410FEF7C6FF00214FF4D7
:109AE0005450FEF7C1FF55214FF46850FEF7BCFFFC
:109AF0004FF48850FEF7A8FF782000F04BFD4FF49C
:109B00002450FEF7A1FF10BD70B504460D464FF47A
:109B10002850FEF799FF200AFEF79EFF42F601202B
:109B2000FEF792FFE0B2FEF797FF42F60220FEF743
:109B30008BFF280AFEF790FF42F60320FEF784FF12
:109B4000E8B2FEF789FF70BD10B5044634B1012CB0
:109B50000CD0022C12D0032C20D117E04FF4F0705F
:109B6000134948804FF44870888019E04FF44870DA
:109B70000F4948804FF4F070888011E04FF4F07086
:109B80000B4948804FF44870888009E04FF44870D2
:109B9000074948804FF4F070888001E0022010BD32
:109BA00000BF0348C471002000F024F80020F6E74D
:109BB0002200002470B504460D464FF42C50FEF7E9
:109BC00043FF200AFEF748FF42F60130FEF73CFF54
:109BD000E0B2FEF741FF42F60230FEF735FF280AF9
:109BE000FEF73AFF42F60330FEF72EFFE8B2FEF72B
:109BF00033FF70BD70B505464248C07930B10128C9
:109C000006D0022824D0032862D141E02C4661E02E
:109C100005F01F00C0B96811082815D2DFE800F070
:109C2000040C080E06100A1260240FE020240DE038
:109C3000E0240BE0A02409E0402407E0C02405E074
:109C4000002403E0802401E0022070BD00BF41E059
:109C500005F01F00C0B96811082815D2DFE800F030
:109C6000040C080E06100A12C0240FE040240DE078
:109C700080240BE0002409E0E02407E0A02405E0B4
:109C8000602403E0202401E00220DEE700BF21E0A1
:109C900005F01F00C0B96811082815D2DFE800F0F0
:109CA000040C080E06100A12A0240FE0E0240DE0B8
:109CB00020240BE0602409E0802407E0002405E074
:109CC000C02403E0402401E00220BEE700BF01E021
:109CD0000120BAE700BF0B498C7121464FF4585060
:109CE000FEF7C2FE07484088401E81B20020FFF701
:109CF0000BFF04488088401E81B20020FFF75AFF06
:109D00000020A2E7220000242DE9FF4F85B0824603
:109D10008B460020029001900798203800F0FF0841
:109D2000089830B101280DD0022812D0032820D184
:109D300018E008EB4800324901EB800506260C24A8
:109D40000C2719E02F4800EB0815082610241027CF
:109D500012E008EBC8002C4901EB80050C26182402
:109D6000242709E0294800EB8815102620244027E5
:109D700002E009B0BDE8F08F00BF0AEB0600B0F5C5
:109D8000F07F04DC0BEB0400B0F5487F00DDF0E76A
:109D90004FF0000930E015F809000490002003900E
:109DA00022E0049800F0800040B1019A5A4491B238
:109DB000029A524490B2129AFEF789FB0198401C15
:109DC000C0B201900198A04206D1002001900298F3
:109DD000401CC0B202900AE004984006000E0490B5
:109DE0000398401CC0B2039003980828D9DB00BF39
:109DF00009F1010000F0FF09B945CCDB00BFB8E76D
:109E000042AE0008B6B20008A6B8000802C60008B4
:109E10002DE9FF5F04460D4692469B46DDF83880EB
:109E20000F9830B1012807D0022808D003280CD1A0
:109E300008E006260C270AE00826102707E00C2673
:109E4000182704E01026202701E0BDE8FF9F00BF8F
:109E5000A146039504EB0A00401CB0F5F07F02DD3B
:109E60004FF4F07002E004EB0A00401C80B2029054
:109E700005EB0B00401CB0F5487F02DD4FF4487045
:109E800002E005EB0B00401C80B2019019E0A11923
:109E90000298814202DB4C46E81985B2E919019823
:109EA000814201DB4D46039C1098009098F80020F9
:109EB000294620460F9BFFF727FFA01984B208F11F
:109EC000010898F80000202803DB98F800007E289D
:109ED000DDDD00BFB9E72DE9FF4F83B007469246AD
:109EE0001E46DDF844B000200290BBF1000F09D0FF
:109EF000BBF1010F08D0BBF1020F07D0BBF1030F7C
:109F000008D105E0062508E0082506E00C2504E058
:109F1000102502E007B0BDE8F08F00BF109810B127
:109F2000012806D102E04FF0200903E04FF030098C
:109F300000E0EFE700BF002430E0301B401EC1B25C
:109F40000A20FEF725FEBAFBF0F00A21B0FBF1F281
:109F500001FB1208029890B9701EA0420FDDB8F103
:109F6000000F0AD1129805FB0471009088B25B467D
:109F70004A460499FFF7C8FE0EE0012002901298AD
:109F800008F13001CAB205FB0471009088B25B464B
:109F90000499FFF7B9FE00BF601CC4B2B442CCDB29
:109FA00000BFB7E710B54FF43850FEF74DFD10BDB8
:109FB00010B54FF43050FEF747FD10BD10B5044604
:109FC0000422214648F2401000F044F9002020719C
:109FD00010BD000000B587B0142102A8F6F7D0FA32
:109FE00000BF00BF1A48006840F00200184908602E
:109FF0000846006800F00200019000BF00BF00BFEB
:10A0000000BF00BF0846006840F004000860084632
:10A01000006800F00400019000BF00BF00BF0220F4
:10A0200002900020039004900220059002A90948A4
:10A03000F8F70CFC202002900120039004900220ED
:10A04000059002A90448F8F701FC07B000BD000024
:10A05000E0440258000402580008025810B586B0C7
:10A060000446142101A8F6F78BFA02200190012082
:10A07000029003900220049001A92B48F8F7E6FB18
:10A08000142C02D05D2C3FD122E000BF0022202101
:10A090002648F8F7E7FC00BF00BF00220221224853
:10A0A000F8F7E0FC00BF00BF012202211E48F8F7CC
:10A0B000D9FC00BF012000F053FA00BF012220218B
:10A0C0001A48F8F7CFFC00BF0A2000F049FA1CE05C
:10A0D00000BF002220211548F8F7C4FC00BF00BFD4
:10A0E000002202211048F8F7BDFC00BF012000F05B
:10A0F00037FA00BF012220210C48F8F7B3FC00BF5B
:10A100000A2000F02DFA00E000BF00BF02200190FD
:10A110000020029003900220049001A90248F8F761
:10A1200095FB06B010BD000000040258000802585C
:10A1300010B500BF002208211048F8F793FC00BFBB
:10A1400000F01EF800BF012211460C48F8F78AFC07
:10A1500000BF00F015F800BF002201210748F8F702
:10A1600081FC00BF00F00CF800BF01220821034869
:10A17000F8F778FC00BF00F003F810BD00040258A7
:10A1800010B5022000F006FA10BD000010B586B030
:10A190000446142101A8F6F7F3F900BF00BF1A48DE
:10A1A000006840F00200184908600846006800F0A6
:10A1B0000200009000BF00BF00BF00BF00BF084604
:10A1C000006840F0020008600846006800F00200E5
:10A1D000009000BF00BF00BF0120019002900390DB
:10A1E0000220049001A90948F8F730FB08200190EB
:10A1F0001120029001A90548F8F728FB00F0F0F8BB
:10A200000348047006B010BDE04402580004025830
:10A210002A00002410B500BF012208210C48F8F7DD
:10A2200021FC00BFFFF7ACFF00BF01221146084828
:10A23000F8F718FC00BFFFF7A3FF00BF00220121C1
:10A240000348F8F70FFC00BFFFF79AFF10BD0000AE
:10A25000000402582DE9F04105460E46174600F06D
:10A2600099F819490978002242EA4101C8B200F080
:10A270005BF800F0D5F8280A00F056F800F0D0F8A6
:10A28000E8B200F051F800F0CBF800F083F80E4986
:10A290000978012202EB4101C8B200F045F800F054
:10A2A000BFF8002405E0012000F010F83055601CD4
:10A2B000C4B2781EA042F6DC002000F007F830554A
:10A2C00000F08EF8BDE8F0812A00002470B5054644
:10A2D000002400261CE06006040E00BF0122114687
:10A2E0001048F8F7BFFB00BFFFF74AFF08210D48F1
:10A2F000F8F7B0FB08B1601CC4B200BF0022012116
:10A300000848F8F7AFFB00BFFFF73AFF701CC6B272
:10A31000082EE0DB15B9FFF77DFF01E0FFF708FF2E
:10A32000204670BD0004025870B50446002524E0A4
:10A3300000BFE00928B1012208211548F8F792FB77
:10A3400004E0002208211248F8F78CFB00BFFFF759
:10A3500017FF00BF012211460D48F8F783FB00BF2D
:10A36000FFF70EFF00BF002201210948F8F77AFB32
:10A3700000BF6006040E681CC5B2082DD8DB00BF04
:10A38000012208210248F8F76DFB00BF70BD0000F4
:10A390000004025810B500BF012208210F48F8F749
:10A3A00061FB00BF00BF012211460C48F8F75AFBC1
:10A3B00000BFFFF7E5FE00BF002208210748F8F7BD
:10A3C00051FB00BFFFF7DCFE00BF00220121034864
:10A3D000F8F748FB00BFFFF7D3FE10BD000402589A
:10A3E00010B500BF002208210C48F8F73BFB00BF66
:10A3F000FFF7C6FE00BF012211460848F8F732FBFE
:10A4000000BFFFF7BDFE00BF012208210348F8F797
:10A4100029FB00BFFFF7B4FE10BD00000004025886
:10A4200070B50024002500BF012208211448F8F768
:10A4300019FB00BFFFF7A4FE00BF01221146104820
:10A44000F8F710FB00BFFFF79BFE07E0601CC4B2EB
:10A45000FA2C03DDFFF7C4FF012505E008210848B9
:10A46000F8F7F8FA0028F1D100BF00BF002201215F
:10A470000348F8F7F7FA00BFFFF782FE284670BDE1
:10A48000000402582DE9F04105460F469046FFF7BB
:10A4900081FF15490978002242EA4101C8B2FFF75D
:10A4A00043FFFFF7BDFF280AFFF73EFFFFF7B8FFA6
:10A4B000E8B2FFF739FFFFF7B3FF002609E0B85D08
:10A4C000FFF732FFFFF7ACFF044604B103E0701C56
:10A4D000C6B24645F3DB00BFFFF782FF14B101208F
:10A4E000BDE8F0810020FBE72A0000241CB5FFF73F
:10A4F00071FD1420FFF7B2FD1420FFF747FE6846F8
:10A50000FFF75CFD05A16846F6F762F808B1012087
:10A510001CBD00F005F80020FAE7000039313100D9
:10A5200008B5022000900122694648F24000FFF77A
:10A53000A9FF0A2000F014F80020009001226946CB
:10A5400048F24000FFF79EFF08BD000010B504462A
:10A550000420FAF786FA0148046010BD0C000024BC
:10A5600070B504461E2094FBF0F594FBF0F100FB5F
:10A57000114604E047F2305000F00CF86D1E002D3B
:10A58000F8D12EB14FF47A7106FB01F000F002F819
:10A5900070BD000070B5034600224FF0E0267569DB
:10A5A0000D4E366803FB06F44FF0E026B16910E06B
:10A5B0004FF0E026B06988420BD0884202D20E1AD2
:10A5C000324402E02E1A0E4432440146A24200D325
:10A5D00000E0EDE700BF70BD0C00002482B0CDE9C3
:10A5E000000121F0004001909DED000B02B051EC04
:10A5F000100B704700BF054AD26902F04002002AE2
:10A60000F9D0C2B2014B9A627047000000100140BD
:10A610000EB5002400F0A6F9F8F742FA042302224E
:10A620001146F02000F098FA4FF4F070FFF78EFF1B
:10A630004FF4E13000F044FB00F092F800F01CF918
:10A64000FEF74CFAFAF7C8FF03213320FBF7E8F8CE
:10A650003320FBF7CDF837493320FAF73DFE364972
:10A660003448FAF745FE4FF6FF70FDF7CFFE5FE086
:10A67000002414E02F493320FAF77EFE2E492D489E
:10A68000FAF7DCFE2D4880ED000A90ED000AB7EEE7
:10A69000C00A53EC102B2AA0F5F7F6FE641C032C1D
:10A6A000E8DB002028231A46142100900846FDF715
:10A6B00020FF002214210846FDF709FF1421084657
:10A6C000FEF772FA4FF6E07032231A461E21009010
:10A6D0000846FDF7ADFE4FF47840012119A2322360
:10A6E000CDE9002102901A4646210846FFF790FB6B
:10A6F0004FF47840012117A2C823CDE90021029030
:10A700001A4664210846FFF783FB4FF47840012185
:10A7100000910523CDE90110084890ED000ABCEE38
:10A72000C00A10EE102A64214FF4AF70FFF7D3FB7C
:10A730009EE70000300000243016002400000024B2
:10A740002566000073686F7720737472696E6720E6
:10A750006F6B00007465706D7265747572653A0098
:10A760001FB5012000220323CDE9012000930390AF
:10A77000134602461021400700F04FF80120002246
:10A780000323CDE9012000930390134602221221F6
:10A79000480600F042F8012000220323CDE9012001
:10A7A00000930390134603221221100700F035F89E
:10A7B000012000220323CDE90120009303901346DA
:10A7C00004220F214FF0605000F027F800200323EF
:10A7D000CDE90030029003460522192103904FF085
:10A7E000C04000F01AF8012000220323CDE9012027
:10A7F00000930390134606221921500700F00DF82C
:10A8000000200323CDE900300290012307221B2101
:10A810000390C80700F001F81FBD2DE9FF5F044653
:10A820000D4616461F46DDE910ABDDE90E89F8F747
:10A83000C1F901208DF80000F0B28DF801000194FB
:10A84000E8B28DF8080000208DF809008DF80A00A4
:10A850008DF80B808DF80C708DF80D908DF80EA092
:10A860008DF80FB06846F8F777F90420F8F7B8F9D3
:10A87000002004B0BDE8F09F10B50BA0F5F704FE72
:10A880000AA0F5F701FE12A0F5F7FEFD12A0F5F7FC
:10A89000FBFD15A0F5F7F8FD04A0F5F7F5FD0BA0FD
:10A8A000F5F7F2FD10BD00000A0000002A2A2A2A4E
:10A8B0002A2A2A2A2A2A2A2A2A2A2A2A2A2A2A2AF8
:10A8C0002A2A2A2A2A2A2A2A2A2A2A2A0D0A000079
:10A8D00053544D33320D0A0041544B2D4D44303406
:10A8E00033300D0A0000000041544F4D40414C49A7
:10A8F000454E54454B0D0A0000B541EC100B2DEDB3
:10A90000028B83B0B1EEC08B18EE100A18EE901ACD
:10A910008DED008B002818BF0120084320F0004077
:10A92000C0F17F6000F1E040C00F14D010EE101AAB
:10A9300010EE900A8DED000B002918BF012108438D
:10A9400020F00040C0F17F6000F1E040C00F04BF84
:10A950000120F5F77AFE51EC180B03B0BDEC028B29
:10A9600000BD000010B5FBF77DF9FBF72DF903489A
:10A97000006840F004000149086010BD9CEF00E051
:10A9800030B587B00546002400BF6A48006840F033
:10A990000200684908600846006800F00200019063
:10A9A00000BF00BF00BF0846006840F00800086014
:10A9B0000846006800F00800019000BF00BF00BF1B
:10A9C0000846006840F0100008600846006800F083
:10A9D0001000019000BF00BF00BF56480C3800684F
:10A9E00040F4804053490C3908600846006800F480
:10A9F0008040019000BF00BF4020029002200390E1
:10AA000003200590012004900A20069002A94A48DC
:10AA1000F7F71CFF042002900920069002A946487F
:10AA2000F7F714FF4FF4605002900920069002A936
:10AA30004248F7F70BFF042002900920069002A974
:10AA40003F48F7F703FF3B486438006840F4804014
:10AA50003849643908600846006820F4804008607E
:10AA600000BF3848806800F020000028F9D136483F
:10AA700034490860354848600846006840F00100E5
:10AA8000086000BF2F48806800F020000028F9D13E
:10AA90004FF483702B49486100BF2A48806800F05A
:10AAA00002000028F9D02748C06840F0020025497C
:10AAB000C86000BF2348806800F020000028F9D15A
:10AAC0002049C861EB2444F4807444F44064A81C19
:10AAD00044EA003444F4404400BF44F4801444F099
:10AAE000407444F04064084644611948006820F40A
:10AAF00080301749086016487030006820F0010067
:10AB00001349703108600020091D08604FF01040A3
:10AB1000091D08600F48091D086005200C497031A7
:10AB200008600B48006840F480300949086007B0AD
:10AB300030BD0000E044025800040258000C0258E6
:10AB400000100258005000521003000101021800CA
:10AB500024ED00E02D0003032DE9F041CCB0804648
:10AB60000D4616461F4600245148006820F0040098
:10AB70004F49086000BF002001904E48006820F057
:10AB800001004C4908600846006800F0010001908F
:10AB900047480C30006840F4404045490C3108609B
:10ABA0000846006800F44040019000BF00BF00BFAD
:10ABB0003F480C30006800F40050B0F5005FF7D15A
:10ABC000212031904FF48030329000203490389022
:10ABD0000120379002203A90022131A88162CDF8FD
:10ABE000F480C562466387630021416408210164E3
:10ABF00000218164F9F73CFB04461CB101204CB0F4
:10AC0000BDE8F0813F20449003204590002046900D
:10AC1000082047904020499000014A9040204890E9
:10AC20004B90042144A8F9F751F804460CB10120D7
:10AC3000E5E721480290082003904FF4DC7104916D
:10AC400002210591069107910021089109910A912D
:10AC5000022013902020149000201F9020904FF489
:10AC60004010239002A8F8F7A1FA04460CB1012085
:10AC7000C5E70020FFF784FEF8F734F80F480068B6
:10AC800040F080000D49086000BF0C48F4300068B7
:10AC900040F002000949F43108600846006800F0FD
:10ACA0000200019000BF00BFF7F7C6FD0020A6E735
:10ACB0000C4802582C0400580300040300440258B6
:10ACC00010B5044609480A49086008464460002156
:10ACD0008160C160016181610C214161FAF702F874
:10ACE000012204490248FAF799F810BD001001400A
:10ACF000742900241600002410B500290AD0087811
:10AD0000002807D005487844F5F762FC002801D0F8
:10AD1000002010BD0248784410BD0000063200003B
:10AD2000FE31000002494FF0000000F00AB800BFF9
:10AD30000000F87F4FF04070E1EE100A7047F5F721
:10AD4000BCBD0CF00F03092B08BF082000F0598090
:10AD50000A2B0BD0082B18BF704708BF1CF0400F00
:10AD60000AD04FF000004FF0000170471CF0400F78
:10AD700018BF4FF0004070471CF0100F08D020F0B3
:10AD8000704300F07F4242EAD3014FEA43707047BC
:10AD900000F0604021F07F4242EA000201F07F4073
:10ADA00040EA727070474FF0FF0C4CF4E06C1CEA04
:10ADB00011531CBF9CEA030C9445C2BFDA4201EB5D
:10ADC00002517047002B0DD0BCF1000F0FD0002AAC
:10ADD00001F00041A4BF41F0E04141F07F614FF03C
:10ADE0000000704701F000414FF00000704750EA4A
:10ADF00001334FF09B0C18BF4CF0806C7FF492AF86
:10AE000070471CF4801F11D01CF4E02F03D06FEAB0
:10AE1000CC31490070474FF04050EFF3008222F0F0
:10AE2000704242EA000282F3008870474FF000004F
:10AE3000704700000000010203040102030406073A
:10AE400008090000000000000000000000000000F1
:10AE500000003F4000000000000000003000400003
:10AE600030004000000009000BC03D000BC03D0059
:10AE7000090018C024407FE0224031800000180003
:10AE800024C01B000D803240018003801C402740FD
:10AE90001C8007400040100060000000000000001F
:10AEA00000000000000000001F8020404020000043
:10AEB000402020401F8000000000090006001F8085
:10AEC000060009000000040004003F8004000400A4
:10AED00000000010006000000000000000000400FE
:10AEE0000400040004000400000000000040000012
:10AEF000000000000000002001C0060038004000F3
:10AF000000001F802040204020401F8000000000E3
:10AF100010403FC000400000000018C02140224007
:10AF200024401840000010802040244024401B8012
:10AF3000000002000D0011003FC0014000003C80F5
:10AF4000244024402440238000001F8024402440CB
:10AF50003440038000003000200027C0380020006B
:10AF600000001B802440244024401B8000001C0063
:10AF700022C0224022401F80000000000000084044
:10AF8000000000000000000000000460000000005D
:10AF90000000000004000A00110020804040090069
:10AFA000090009000900090000000000404020805D
:10AFB00011000A000400180020002340240018009B
:10AFC00000001F802040274029401F400000004013
:10AFD00007C039000F0001C0004020403FC024409E
:10AFE00024401B8000001F802040204020403080F3
:10AFF000000020403FC0204020401F800000204033
:10B000003FC024402E4030C0000020403FC02440BC
:10B010002E00300000000F001080204022403380BE
:10B02000020020403FC0040004003FC020402040F8
:10B0300020403FC020402040000000602020202011
:10B040003FC02000200020403FC024400B0030C003
:10B05000204020403FC020400040004000C03FC092
:10B060003C0003C03C003FC0000020403FC00C40FB
:10B0700023003FC020001F802040204020401F8030
:10B08000000020403FC024402400180000001F8022
:10B090002140214020E01FA0000020403FC024406C
:10B0A000260019C0004018C02440244022403180AE
:10B0B0000000300020403FC0204030000000200051
:10B0C0003F80004000403F80200020003E0001C043
:10B0D000070038002000380007C03C0007C03800D7
:10B0E0000000204039C0060039C020400000200088
:10B0F000384007C0384020000000304021C02640C2
:10B10000384020C00000000000007FE040204020C8
:10B110000000000070000C000380004000000000F0
:10B12000402040207FE000000000000020004000A0
:10B13000200000000000001000100010001000109F
:10B1400000100000000040000000000000000000AF
:10B1500002800540054003C0004020003FC004407D
:10B1600004400380000000000380044004400640C7
:10B17000000000000380044024403FC00040000065
:10B1800003800540054003400000000004401FC04C
:10B19000244024402000000002E0055005500650E5
:10B1A000042020403FC00440040003C000400000D1
:10B1B000044027C0004000000000001000100410F0
:10B1C00027E00000000020403FC00140070004C00D
:10B1D0000440204020403FC000400040000007C025
:10B1E000040007C0040003C00000044007C004407E
:10B1F000040003C0004000000380044004400380BA
:10B200000000041007F00450044003800000000018
:10B2100003800440045007F00010044007C00240BF
:10B22000040004000000000006400540054004C082
:10B230000000000004001F800440004000000400E3
:10B2400007800040044007C000400400070004C01D
:10B25000018006000400060001C0070001C00600CE
:10B260000000044006C0010006C0044000000410B5
:10B27000071004E00180060004000000044005C03F
:10B280000640044000000000000004007BE0402075
:10B290000000000000000000FFF0000000000000BF
:10B2A00040207BE0040000000000400080004000DF
:10B2B000200020004000000000000000000000000E
:10B2C0000000000000000000000000001FCC000C87
:10B2D00000000000000000000800300060000800CE
:10B2E000300060000000022003FC1E20022003FC4E
:10B2F0001E200220000000000E1811043FFF1084E1
:10B300000C78000000000F0010840F3800C0077890
:10B3100018840078000000780F8410C411240E985F
:10B3200000E40084000808006800700000000000CD
:10B3300000000000000000000000000007E01818F6
:10B34000200440020000000040022004181807E01A
:10B350000000000000000240024001800FF0018068
:10B360000240024000000080008000800FF8008052
:10B370000080008000000001000D000E00000000B1
:10B3800000000000000000000080008000800080BD
:10B390000080008000800000000C000C0000000015
:10B3A000000000000000000000060018006001809E
:10B3B000060018002000000007F008081004100420
:10B3C000080807F000000000080408041FFC00043F
:10B3D00000040000000000000E0C101410241044A3
:10B3E00011840E0C000000000C181004110411044C
:10B3F00012880C700000000000E0032004240824E0
:10B400001FFC0024000000001F9810841104110488
:10B41000108810700000000007F008881104110463
:10B4200018880070000000001C00100010FC1300C1
:10B430001C001000000000000E381144108410841D
:10B4400011440E38000000000700088C104410441E
:10B45000088807F00000000000000000030C030C47
:10B4600000000000000000000000000101060000D4
:10B4700000000000000000000080014002200410D5
:10B4800008081004000002200220022002200220EE
:10B49000022002200000000010040808041002200E
:10B4A00001400080000000000E001200100C106C23
:10B4B00010800F00000003E00C1813E4142417C4DC
:10B4C000082807D000000004003C03C41C400740CB
:10B4D00000E4001C000410041FFC110411041104FA
:10B4E0000E880070000003E00C1810041004100413
:10B4F00010081C10000010041FFC1004100410049D
:10B50000080807F0000010041FFC1104110417C400
:10B5100010040818000010041FFC1104110017C0CB
:10B5200010000800000003E00C1810041004104480
:10B530001C780040000010041FFC10840080008074
:10B5400010841FFC10040000100410041FFC1004E1
:10B5500010040000000000030001100110011FFE94
:10B5600010001000000010041FFC1104038014647C
:10B57000181C1004000010041FFC10040004000438
:10B580000004000C000010041FFC1F0000FC1F0042
:10B590001FFC1004000010041FFC0C04030000E05A
:10B5A00010181FFC100007F0080810041004100405
:10B5B000080807F0000010041FFC108410801080A1
:10B5C00010800F00000007F0081810241024101C31
:10B5D000080A07F2000010041FFC1104110011C03A
:10B5E00011300E0C000400000E1C11041084108495
:10B5F00010441C3800001800100010041FFC100438
:10B6000010001800000010001FF8100400040004CF
:10B6100010041FF8100010001E0011E0001C007044
:10B6200013801C0010001FC0103C00E01F0000E051
:10B63000103C1FC000001004180C163401C001C0DB
:10B640001634180C100410001C00130400FC130422
:10B650001C00100000000804101C10641084130467
:10B660001C04101800000000000000007FFE4002D3
:10B67000400240020000000030000C000380006027
:10B68000001C0003000000004002400240027FFE58
:10B69000000000000000000000002000400040000A
:10B6A0004000200000000001000100010001000135
:10B6B00000010001000100004000400020000000E7
:10B6C0000000000000000000009801240144014433
:10B6D000014400FC000410001FFC00880104010468
:10B6E0000088007000000000007000880104010460
:10B6F00001040088000000000070008801040104BB
:10B7000011081FFC0004000000F80144014401443A
:10B71000014400C800000000010401040FFC1104F2
:10B72000110411001800000000D601290129012987
:10B7300001C90106000010041FFC00840100010083
:10B74000010400FC000400000104190419FC0004B9
:10B7500000040000000000000003000101011901C5
:10B7600019FE0000000010041FFC0024004001B47A
:10B77000010C010400000000100410041FFC000470
:10B78000000400000000010401FC0104010001FCB0
:10B790000104010000FC010401FC0084010001001F
:10B7A000010400FC0004000000F80104010401048D
:10B7B000010400F80000010101FF008501040104FB
:10B7C000008800700000000000700088010401047F
:10B7D000010501FF00010104010401FC00840104D2
:10B7E000010001800000000000CC0124012401249C
:10B7F00001240198000000000100010007F8010485
:10B80000010400000000010001F80004000400042D
:10B81000010801FC0004010001800170000C00100F
:10B8200001600180010001F0010C003001C0003016
:10B83000010C01F0010000000104018C0074017092
:10B84000018C01040000010101810171000E00184A
:10B8500001600180010000000184010C01340144F9
:10B860000184010C00000000000000000000010045
:10B870003EFC400240020000000000000000FFFF0C
:10B880000000000000000000400240023EFC0100F9
:10B890000000000000000000600080008000400008
:10B8A0004000200020000000000000000000000018
:10B8B0000000000000000000000000000000000088
:10B8C0000000000000000000000000000000000078
:10B8D0000000000000000000000F80380FFE380F4D
:10B8E00080380000000000000000000000000000A0
:10B8F000000000000100000600000C0000380000FD
:10B900003100000600000C0000380000300000008C
:10B9100000000000000061800067F807F980006106
:10B92000800061800061800061800067F807F98015
:10B9300000618000000000000000000001C0E00382
:10B94000E0F00630080418081FFFFE040E08078701
:10B95000F00381E000000000000001F000060C0090
:10B96000040408060C7001F9C0000E00003BE00062
:10B97000EC18070808040C180003E00000000001A0
:10B98000E00007F003F818041C0804170807E1D0CA
:10B9900003C0E00023B0003C0800200800001000B5
:10B9A00000000000000100003100003200001C0017
:10B9B0000000000000000000000000000000000087
:10B9C0000000000000000000000000000000000077
:10B9D0000000000000007F0001FFC00780F00C00A5
:10B9E00018100004200002000000000000200002E7
:10B9F0001000040C00180780F001FFC0007F000059
:10BA00000000000000000000000000000000000036
:10BA100000004200006600006600003C00001800C4
:10BA200003FFC0001800003C000066000066000034
:10BA300042000000000008000008000008000008A4
:10BA40000000080001FFC000080000080000080016
:10BA500000080000080000000000000100003100A4
:10BA6000003200001C000000000000000000000088
:10BA700000000000000000000000000000000800BE
:10BA8000000800000800000800000800000800008E
:10BA90000800000800000800000800000000000086
:10BAA00000000000000038000038000038000000EE
:10BAB0000000000000000000000000000000000086
:10BAC000000000000000000600001C0000700001E3
:10BAD00080000E0000380000C0000700001C0000BD
:10BAE000300000000000000000007F8001FFE00344
:10BAF000807006001804000804000806001803807F
:10BB00007001FFE0007F80000000000000000000E6
:10BB100001000801000801000803FFF807FFF80012
:10BB200000080000080000080000000000000000FD
:10BB30000001C03802C0580400980401180402181B
:10BB4000040418061C1803F81801E0F800000000AF
:10BB5000000000000001C0E003C0F0040008040879
:10BB60000804080806180803F41801E7F00001E0CB
:10BB7000000000000000000000000300000D0000B5
:10BB8000110000610000810803010807FFF80FFFA2
:10BB9000F80001080001080000000000000000E0BB
:10BBA00007FCD0060808061008061008061008064C
:10BBB0001838060FF00607C0000000000000000063
:10BBC00000003F8001FFE0038430020818041008E1
:10BBD000041008041008071810030FF00007C00035
:10BBE000000000000000000003C000070000060085
:10BBF000000600F80607F806180006E00007000037
:10BC000006000000000000000001E1E003F7F0067C
:10BC10003410041808041808040C08040C0806164C
:10BC20001803F3F001C1E000000000000000F8007C
:10BC300003FC300306380402080402080402080466
:10BC400004100308F001FFC0007F000000000000A6
:10BC5000000000000000000000000000000070383C
:10BC60000070380070380000000000000000000084
:10BC700000000000000000000000000000000000C4
:10BC80000000301A00301C0000000000000000001E
:10BC9000000000000000000000000000000800009C
:10BCA00014000022000041000080800100400200DA
:10BCB000200400100800080000000000000021001F
:10BCC00000210000210000210000210000210000CF
:10BCD00021000021000021000021000000000000E0
:10BCE00000000000080008040010020020010040CD
:10BCF00000808000410000220000140000080000C5
:10BD0000000000000003C00004C0000400000800A0
:10BD100038080F380808380810000C300007E00019
:10BD200003C000000000000000003F8000FFE003AF
:10BD30008070020F1006708804C088048308047F96
:10BD40008802C09003012000FE4000000800001897
:10BD50000001F8003E0801C20007020007E20000EF
:10BD6000FE00001FC80001F80000380000080400B1
:10BD70000807FFF807FFF804080804080804080883
:10BD800004080806180803F41801E7F00001E000B1
:10BD90000000000000003F8001FFE003807002000F
:10BDA000180400080400080400080400100600201D
:10BDB0000780C000000004000807FFF807FFF80430
:10BDC00000080400080400080400180200100380A2
:10BDD0007001FFE0007F8000000004000807FFF80A
:10BDE00007FFF80408080408080408080408080401
:10BDF0003E0804000806001801006000000004006E
:10BE00000807FFF807FFF804080804080004080002
:10BE1000040800043E000600000600000180000047
:10BE20000000000000003F8001FFE003807006007A
:10BE3000180400080402080402080203F00783F053
:10BE400000020000020004000807FFF807FFF804E2
:10BE500008080008000008000008000008000408A6
:10BE60000807FFF807FFF8040008000000000000C2
:10BE700004000804000804000807FFF807FFF8049E
:10BE80000008040008040008000000000000000092
:10BE9000000000060000070000010400010400018A
:10BEA00004000307FFFE07FFFC0400000400000479
:10BEB000000004000807FFF807FFF8040C0800184A
:10BEC00000003E0004C7800503C80600F8040038DF
:10BED00004001800000804000807FFF807FFF80432
:10BEE000000800000800000800000800000800002A
:10BEF0000800001800006000000004000807FFF8B8
:10BF000007800807FC00007FC00003F80007C0009E
:10BF1000780007800807FFF807FFF804000804000E
:10BF20000807FFF807000803C00000E00000380021
:10BF3000001E000007000001C00400F007FFF80425
:10BF40000000000000007F8001FFE0038070060019
:10BF50001804000804000806001803003001FFE080
:10BF6000007F8000000004000807FFF807FFF804C6
:10BF70000408040400040400040400040400060C83
:10BF80000003F80001F000000000000000007F80C6
:10BF900001FFE00380700600880400880400C806E2
:10BFA000003C03003E01FFE6007F84000000040027
:10BFB0000807FFF807FFF8040808040800040C004D
:10BFC000040F00040BC00610F003F03801E0080075
:10BFD000000800000001E0F803F0300630100418FB
:10BFE00008041808040C08040C080206180207F0DC
:10BFF0000781E0000000018000060000040000044A
:10C00000000004000807FFF807FFF8040008040018
:10C010000004000006000001800004000007FFE0AB
:10C0200007FFF004001800000800000800000800E6
:10C03000000800000804001007FFE00400000400EE
:10C040000006000007E00007FE00041FE00001F802
:10C050000000380001E0043E0007C00006000004B4
:10C06000000004000007E00007FFC0041FF80007FD
:10C07000C007F80007FF80043FF80007C004F8007D
:10C080000700000400000000000400080600180774
:10C09000C07805F1C8003E00001F800463E80780F7
:10C0A000F806001804000800000004000006000064
:10C0B00007800007E008047C08001FF80007F8006C
:10C0C000180804E008070000060000040000000053
:10C0D000000100080600380400F80403E8040F0813
:10C0E000047C0805F00807C0080700180400600079
:10C0F0000000000000000000000000000000000040
:10C10000003FFFFE2000022000022000022000026B
:10C1100020000200000000000000000008000007EE
:10C12000000000C0000038000006000001C0000050
:10C130003000000E000001000000000000000000C0
:10C140002000022000022000022000022000023F06
:10C15000FFFE0000000000000000000000000000E2
:10C160000000000000000008000010000030000087
:10C170002000003000001000000800000000000057
:10C1800000000000010000010000010000010000AB
:10C190000100000100000100000100000100000199
:10C1A000000001000001000000000000000000206D
:10C1B000000020000010000010000000000000003F
:10C1C000000000000000000000000000000000F07F
:10C1D0000019F8001B180022080026080024080097
:10C1E0002410003FF8001FF80000080000180000AD
:10C1F0000004000007FFF80FFFF0001818001008F7
:10C20000002008002008003018001FF0000FC000B8
:10C2100000000000000007C0001FF00018300020E0
:10C2200008002008002008003C08001C10000060E6
:10C230000000000000000000000007C0001FF00028
:10C24000381800200800200800200804101007FFFC
:10C25000F80FFFF0000010000000000000000000D8
:10C260000007C0001FF00012300022180022080052
:10C270002208003208001E10000E200000000000FE
:10C280000000200000200800200801FFF803FFF84C
:10C2900006200804200804200807200003000000EE
:10C2A000000000000000000E000E6E001FF30031C1
:10C2B000B10020B10020B1003191001F13002E1EEB
:10C2C00000200E00300000000004000807FFF80FF7
:10C2D000FFF8001008002000002000002008003FA8
:10C2E000F8001FF800000800000000000000000037
:10C2F000002008002008002008063FF8063FF8004C
:10C300000008000008000008000000000000000015
:10C3100000000000000003000003002001002001D5
:10C32000002003063FFE063FFC0000000000000066
:10C33000000000000004000807FFF80FFFF80001EC
:10C3400088000300002FC00038F8002038002008C3
:10C3500000000800000000000000000004000804C5
:10C36000000804000807FFF80FFFF80000080000AD
:10C3700008000008000000000000002008003FF84E
:10C38000003FF8001008002000003FF8003FF800D0
:10C390001008002000003FF8003FF80000080000EF
:10C3A00000002008003FF8003FF8001008001000CF
:10C3B000002000002008003FF8001FF800000800DF
:10C3C00000000000000007C0000FF000183000302F
:10C3D00008002008002008003008001830000FF086
:10C3E0000007C0000000000000002001003FFF0027
:10C3F0003FFF001011002009002008002008003035
:10C4000038001FF0000FC00000000000000007C04F
:10C41000001FF00038180020080020080020090044
:10C420001011001FFF003FFF00000100000000206E
:10C4300008002008002008003FF8003FF800080826
:10C44000001008002008002000003000003000002C
:10C450000000000000000000000C78001E180033EF
:10C46000080023080021080021880021980030F0EE
:10C4700000386000000000000000200000200000E4
:10C48000200000FFF003FFF8002008002008002033
:10C490000800003000000000000000000000200044
:10C4A000003FF0007FF800001800000800000800BE
:10C4B0002010003FF8007FF0000010000000000096
:10C4C00000002000003000003C00003F800023F00E
:10C4D000000078000070002380003C000030000065
:10C4E0002000002000003C00003FE00023F8000096
:10C4F000E0002700003E00003FE00021F80001E0DE
:10C50000003E00002000000000002008002008007D
:10C510003838003E680027800003C8002CF8003837
:10C520003800201800200800000000000000200053
:10C53000003003003C01003F830023EC000070004A
:10C540002380003C000020000020000000000000CC
:10C55000000000000038080020380020F80023E820
:10C56000002F88003E0800380800201800007000E6
:10C5700000000000000000000000000000000000BB
:10C58000000008000014001FF7FC30000620000225
:10C59000000000000000000000000000000000009B
:10C5A0000000000000000000FFFFFF00000000008E
:10C5B000000000000000000000000000000000007B
:10C5C0002000023000061FF7FC00140000080000E5
:10C5D000000000000000000000000000000000005B
:10C5E0000018000060000040000040000020000033
:10C5F0001000000800000400000400000C000010FF
:10C60000000000000000000000000000000000002A
:10C61000000000000000000000000000000000001A
:10C62000000000000000000000000000000000000A
:10C6300000000000000000000000000000000000FA
:10C6400000000000000000000000000000000000EA
:10C650000000000000000000000007F000C007FF1D
:10C66000E1E007F001E0000000C000000000000071
:10C6700000000000000000000000000000000000BA
:10C68000000000000000000000000020000001C0C9
:10C690000000078000001F0000001E0000001C209A
:10C6A000000001C00000078000001F0000001E0005
:10C6B00000001C000000000000000000000000005E
:10C6C00000000000000000180C0000180C0000180A
:10C6D0000FE0001FFC0003F80C0000180C0000180D
:10C6E0000C0000180C0000180C0000180FE0001FD0
:10C6F000FC0003F80C0000180C0000180C000000EF
:10C70000000000000000000000000000078000782A
:10C7100007C000FC0640010E0020030700200203B2
:10C7200080200FFFFFFC0201C0200200E06001300A
:10C73000704001F03F8000F01F000000000000008A
:10C74000000000FE000001FF000003018000020065
:10C750008060030181C001FF070000FE1800000097
:10C76000E0000003BF00000CFFC00071806001C149
:10C770000020030180600000FFC000003F000000B7
:10C78000000000001F0000007FC000FCC0C001FFCF
:10C7900080600303E0200202782002061E2003FCD2
:10C7A000074001F00380000103C000011C6000018C
:10C7B000E020000100200001004000000180000096
:10C7C000000000000000002000001C6000001C4071
:10C7D00000001F8000000F000000000000000000AB
:10C7E0000000000000000000000000000000000049
:10C7F0000000000000000000000000000000000039
:10C800000000000000000000000000000000000028
:10C810000000000000000000000000000000000711
:10C82000F800003FFF00007807C001C000E00300EF
:10C83000003004000008080000041000000200009E
:10C8400000000000000010000002080000040400C6
:10C8500000080300003001C000E0007807C0003F7E
:10C86000FF000007F80000000000000000000000CA
:10C8700000000000000000000000000000000000B8
:10C8800000000000000000000000000C1800000E76
:10C890003800000E38000006300000036000006120
:10C8A000438000FFFF80006143000003600000063A
:10C8B0003000000E3800000E3800000C1800000098
:10C8C00000000000000000000000000080000000E8
:10C8D0008000000080000000800000008000000058
:10C8E0008000007FFF00000080000000800000004A
:10C8F0008000000080000000800000008000000038
:10C9000000000000000000000001000000E3000043
:10C9100000E2000000FC00000078000000000000C1
:10C920000000000000000000000000000000000007
:10C9300000000000000000000000000000000000F7
:10C9400000000000000000008000000080000000E7
:10C9500080000000800000008000000080000000D7
:10C9600080000000800000008000000080000000C7
:10C9700080000000800000008000000080000000B7
:10C9800000000000000000000000000000C00000E7
:10C9900001E0000001E0000000C000000000000015
:10C9A0000000000000000000000000000000000087
:10C9B0000000000000000000000000000000000077
:10C9C0000000000000000000000C00000038000023
:10C9D00000E00000038000000E00000038000000AE
:10C9E000E00000038000000E00000038000000E0BE
:10C9F0000000038000000E0000001800000000008E
:10CA000000000000000000000000000FF800007FA0
:10CA1000FF0000F00780018000C0030000600200FA
:10CA200000200200002002000020030000600180BE
:10CA300000C000E00380007FFF00000FF80000004E
:10CA40000000000000000000000000000000008066
:10CA5000002000800020008000200080006001FF96
:10CA6000FFE003FFFFE00000006000000020000086
:10CA70000020000000200000000000000000000076
:10CA800000000000000000000000007800E00098B6
:10CA90000160010002600200046002000860020000
:10CAA000106002002060020040600300806001838B
:10CAB000006001FE00E0007C078000000000000034
:10CAC0000000000000000000000000F0078001F0FE
:10CAD00007C0010000400200002002010020020106
:10CAE000002002010020030380200186804001FC19
:10CAF000C0C000787F8000001E0000000000000021
:10CB000000000000000000000800000038000000E5
:10CB100048000001880000060800000C08100030E2
:10CB200008100040081001FFFFF003FFFFF003FFB3
:10CB3000FFF00000081000000810000008100000BE
:10CB40000000000000000000000000000780001F3F
:10CB5000864003E1002003020020030400200304B8
:10CB60000020030400200304002003060040030308
:10CB700001C00301FF8003007E00000000000000F0
:10CB8000000000000000000000000007FC00003F63
:10CB9000FF000070C380008180C0010100600302BB
:10CBA00000200202002002020020020200200203F4
:10CBB000004001C180C000C0FF8000007E00000076
:10CBC0000000000000000000000000F0000003C0B2
:10CBD00000000380000003000000030007E00300E2
:10CBE0003FE00301C00003060000031800000360DB
:10CBF00000000380000003000000000000000000AF
:10CC000000000000000000001F0000783F8000FCD2
:10CC100060C0018EC0400307802002030020020193
:10CC20008020020180200201C0200301E040018633
:10CC300070C000FC3F8000781F0000000000000072
:10CC4000000000000000003F000000FF81C001C0A4
:10CC5000C1C001006020020020200200202002004C
:10CC6000202002002060020040C00100C18000C1FD
:10CC70008F00007FFE00001FF00000000000000099
:10CC800000000000000000000000000000000000A4
:10CC900000000000000000000000000300C00007CA
:10CCA00081E0000781E0000300C0000000000000F8
:10CCB0000000000000000000000000000000000074
:10CCC0000000000000000000000000000000000064
:10CCD00000000000000000000000000600660006E2
:10CCE00000780000000000000000000000000000CC
:10CCF0000000000000000000000000000000000034
:10CD000000000000000000000000000080000001A2
:10CD1000C0000003600000063000000C180000187E
:10CD20000C00003006000060030000C0018001001C
:10CD3000004002000020040000100000000000007D
:10CD400000000000000000041000000410000004B7
:10CD50001000000410000004100000041000000483
:10CD60001000000410000004100000041000000473
:10CD70001000000410000004100000041000000067
:10CD8000000000000000000000000400001002008D
:10CD900000200100004000C001800060030000305E
:10CDA000060000180C00000C1800000630000003FC
:10CDB00060000001C00000008000000000000000D2
:10CDC000000000000000000000000078000001F8F2
:10CDD00000000238000002000000040000C004004F
:10CDE00079E0040081E0040100C0040300000202B5
:10CDF00000000306000001FC000000F80000000035
:10CE0000000000000000000FF800003FFE0000706E
:10CE1000078000C000C00101F8400307FC20021E8B
:10CE200004200230082002203020023FFC20013F75
:10CE3000044001800CC000E03180001FC2000000EF
:10CE400000000000002000000060000003E000007F
:10CE50003E200003E020003E200003E0200003808D
:10CE6000200007FC2000003FE0000003FE2000003F
:10CE70003FE0000001E00000002000000020000072
:10CE8000000000000000020000200200002003FF5C
:10CE9000FFE003FFFFE00201002002010020020189
:10CEA000002002010020020100200303002001866F
:10CEB000806001FCC0C000F87F8000001F000000FF
:10CEC0000000000000000007F800003FFF000070B5
:10CED000078000C000C001000040030000200200E5
:10CEE00000200200002002000020020000200100BB
:10CEF0000040018000C003C0018000300600000037
:10CF0000000000000000020000200200002003FFDB
:10CF1000FFE003FFFFE0020000200200002002000B
:10CF2000002002000020030000600100004001809A
:10CF300000C000F00780007FFE00000FF800000036
:10CF4000000000000000020000200200002003FF9B
:10CF5000FFE003FFFFE002010020020100200201C8
:10CF60000020020100200201002002038020020FA5
:10CF7000E0200300006003C000E000600300000048
:10CF8000000000000000020000200200002003FF5B
:10CF9000FFE003FFFFE00201002002010020020188
:10CFA0000000020100000201000002010000020373
:10CFB0008000030FE0000300000003C000000060D9
:10CFC0000000000000000007F800003FFE000070B5
:10CFD000078001C001C001000040030000200200E2
:10CFE000002002000020020000200100202001009B
:10CFF000204003C03F8000303F8000002000000040
:10D000002000020000200200002003FFFFE003FFD9
:10D01000FFE002008020020080200000800000006D
:10D02000800000008000020080200200802003FFBA
:10D03000FFE003FFFFE002000020020000200000EC
:10D0400000000000000000000000000000000200DE
:10D05000002002000020020000200200002003FF48
:10D06000FFE003FFFFE002000020020000200200BA
:10D07000002002000020000000000000000000006E
:10D080000000000000000000000E0000000F000083
:10D09000000F000000010200000102000001020078
:10D0A00000030200000603FFFFFC03FFFFF802007D
:10D0B000000002000000020000000200000000006A
:10D0C000000000000000020000200200002003FF1A
:10D0D000FFE003FFFFE00200C02002010020000784
:10D0E0008000000FE0000030F80002603E20038066
:10D0F0000F20030003E0020000E002000020000017
:10D10000002000000000020000200200002003FFB9
:10D11000FFE003FFFFE0020000200200002000000B
:10D12000002000000020000000200000002000007F
:10D13000002000000060000000E00000030000008C
:10D140000000020000200200002003FFFFE003E0D7
:10D15000002003FF0020001FF0000001FF800000FE
:10D160000FE000001E000003E000003E002003E08E
:10D17000002003FFFFE003FFFFE0020000200200A9
:10D180000020020000200200002003FFFFE00380D7
:10D19000002003F0002000FC0000001F000000073A
:10D1A000C0000001F00000007C0002001F800200AF
:10D1B00007E003FFFFE002000000020000000000A3
:10D1C000000000000000000FF800003FFE0000F02B
:10D1D0000780018000C00100004002000020020022
:10D1E0000020020000200200002001000040018019
:10D1F00000C000F00380003FFE00000FF8000000B8
:10D20000000000000000020000200200002003FFD8
:10D21000FFE003FFFFE00200802002008020020008
:10D2200080000200800002008000020080000301F4
:10D2300080000183000000FE0000007C0000000070
:10D24000000000000000000FF800007FFF0000F069
:10D250000380018001C0010006400200042002009A
:10D26000042002000620020003E0010000F8018013
:10D27000005C00E0038C003FFF0C000FFC18000076
:10D28000000000000000020000200200002003FF58
:10D29000FFE003FFFFE00201002002010020020185
:10D2A00080000201E0000201FC0003033F800186D0
:10D2B00007E001FC00E000F8002000000020000072
:10D2C000000000000000000000000078060000FEE2
:10D2D00001E0018600C003030040020300200201B8
:10D2E0008020020180200201C0200200C020010035
:10D2F000E060018070C003E03F8000001F0000007C
:10D300000000000000000060000003800000030037
:10D31000000002000000020000200200002003FFC5
:10D32000FFE003FFFFE002000020020000200200F7
:10D330000000020000000380000000E00000000088
:10D340000000020000000200000003FFFF0003FFD6
:10D35000FFC002000040020000600000002000004A
:10D360000020000000200000002002000040020019
:10D37000008003FFFF000200000002000000000028
:10D38000000000000000020000000200000003C0D6
:10D39000000003FC0000023FC0000003F800000092
:10D3A0007F80000007E00000078000007800020393
:10D3B000C000023C000003C00000020000000200A8
:10D3C00000000200000003C0000003FF8000023FD5
:10D3D000FE0002007FE000000F000200F00003EFFB
:10D3E000000003FF8000020FFE0000003FE000008D
:10D3F0001F000207E00003F8000003000000020025
:10D400000000000000000200002002000020038055
:10D4100000E003F0032002FC0C20021F3000000794
:10D42000C0000007F00002187C0002601F2003808B
:10D4300003E0020000E002000020000000200000E5
:10D44000000000000000020000000300000003C014
:10D45000000003F80000023E0020020FC02000017F
:10D46000FFE000007FE000038020021C002002702B
:10D470000000038000000200000002000000000025
:10D4800000000000000000000020006000E00380B9
:10D4900003E003000FA002003E200200F820020378
:10D4A000E020020F8020023E00200278002003E0EE
:10D4B0000060038000E002000300000000000000A4
:10D4C000000000000000000000000000000000005C
:10D4D000000000000000000000001FFFFFFC100023
:10D4E00000041000000410000004100000041000EC
:10D4F0000004100000041000000400000000000000
:10D500000000000000000000000000000000070014
:10D51000000003C0000000780000001E00000003AF
:10D52000C0000000F00000001E00000007800000A6
:10D5300000F00000003C00000006000000000000B9
:10D5400000000000000000000000100000041000B7
:10D55000000410000004100000041000000410007B
:10D560000004100000041FFFFFFC0000000000008A
:10D5700000000000000000000000000000000000AB
:10D58000000000000000000000000000000000009B
:10D590000000020000000400000008000000180065
:10D5A0000000100000001800000018000000040037
:10D5B0000000020000000000000000000000000069
:10D5C0000000000000010000000100000001000058
:10D5D0000001000000010000000100000001000047
:10D5E0000001000000010000000100000001000037
:10D5F0000001000000010000000100000001000027
:10D600000001000000000000000000000000100009
:10D6100000001000000010000000180000000800CA
:10D6200000000400000000000000000000000000F6
:10D6300000000000000000000000000000000000EA
:10D640000000000000000000038000018FC0000304
:10D650008C60000618200004102000041020000434
:10D66000202000042040000620400003FFC00001ED
:10D67000FFE00000002000000020000000C00000CB
:10D68000000000000000020000000200000003FF94
:10D69000FFE007FFFFC0000180C000020060000241
:10D6A00000200004002000040020000400200006E8
:10D6B0000040000300C00001FF800000FE000000E9
:10D6C0000000000000000000000000007E000001DB
:10D6D000FF80000381C0000200400006002000041B
:10D6E00000200004002000040020000600200003A9
:10D6F000C0400001C08000000300000000000000E6
:10D700000000000000000000000000007E0000019A
:10D71000FF80000380C000060060000400200004B9
:10D72000002000040020020400400202008003FFE9
:10D73000FFE007FFFFC000000040000000400000C5
:10D740000000000000000000000000007E0000015A
:10D75000FF80000311C000021040000410600004AC
:10D7600010200004102000041020000610200003E8
:10D7700010400001F0C00000710000000000000037
:10D780000000000000000000000000040000000491
:10D7900000200004002000040020007FFFE001FFC3
:10D7A000FFE0010400200304002002040020020422
:10D7B0000020020400000200000001C0000001C0BF
:10D7C000000000000000000000000000001C00003D
:10D7D000E33E0003FFC200020CC3000404C10004C6
:10D7E00004C1000404C1000404C100060CC100030C
:10D7F000F8C30005F0620006007E0006003C000051
:10D80000000000000000020000200200002003FFD2
:10D81000FFE007FFFFE000010020000200200006FB
:10D8200000000004000000040000000400200006C6
:10D8300000200003FFE00001FFE0000000200000E6
:10D8400000200000000000000000000000000004B4
:10D8500000200004002000040020000400200387B2
:10D86000FFE0038FFFE003800020000000200000A5
:10D870000020000000200000000000000000000068
:10D880000000000000000000000000000000000098
:10D890000006000000070000000100000001000475
:10D8A00000010004000100040003000400060387D7
:10D8B000FFFC038FFFF80380000000000000000061
:10D8C000000000000000020000200200002003FF12
:10D8D000FFE007FFFFE0000008200000102000002C
:10D8E00030000000FC0000058E00000707A00006C5
:10D8F00001E0000400E0000400200000002000001F
:10D900000000000000000000000000000000020015
:10D91000002002000020020000200200002003FF7F
:10D92000FFE007FFFFE000000020000000200000F3
:10D9300000200000002000000000000000000000A7
:10D94000000000000000000400200007FFE0000FBE
:10D95000FFE0000200200004000000040020000797
:10D96000FFE00003FFE000020020000400000004CC
:10D9700000200007FFE00003FFE00000002000009F
:10D980000000000000000004002000040020000748
:10D99000FFE0000FFFE00001002000020020000275
:10D9A0000000000400000004000000040020000645
:10D9B00000200003FFE00001FFE000000020000065
:10D9C0000020000000000000000000007E000000B9
:10D9D000FF80000381C00002004000060020000418
:10D9E00000200004002000040020000600200002A7
:10D9F0000040000381C00001FF8000007E000000A5
:10DA00000000000000000004000100040001000705
:10DA1000FFFF000FFFFF000100C1000200410004F2
:10DA20000020000400200004002000040020000664
:10DA30000040000301C00001FF8000007E000000E4
:10DA40000000000000000000000000007E00000157
:10DA5000FF80000380C0000200600004002000047A
:10DA60000020000400200004002000020041000308
:10DA700000C10003FFFF0007FFFF000000010000DE
:10DA80000001000000000004002000040020000449
:10DA9000002000040020000FFFE0000FFFE0000066
:10DAA000C020000100200002002000060020000429
:10DAB0000000000400000007000000030000000058
:10DAC00000000000000000000000000003E0000172
:10DAD000C0E00003E04000063020000430200004D5
:10DAE0001820000418200004182000040C20000254
:10DAF0000C60000307C000078380000000000000E6
:10DB0000000000000000000000000004000000040D
:10DB1000000000040000000C0000001FFF8000FF58
:10DB2000FFC0000400600004002000040020000486
:10DB30000020000400400000018000000000000000
:10DB400000000000000000040000000400000007C6
:10DB5000FF80000FFFC000000060000000200000F8
:10DB6000002000000020000000200004004000040D
:10DB700000800007FFE0000FFFC000000040000031
:10DB80000040000000000004000000040000000746
:10DB900080000007F0000004FE0000041FC0000029
:10DBA00003E00000038000001C0000046000000788
:10DBB00080000006000000040000000000000000DB
:10DBC000000000040000000600000007C00000077D
:10DBD000FC0000043F80000003E000040F8000060A
:10DBE000F0000007F0000007FF8000040FE00000D5
:10DBF000038000043C000007C00000060000000491
:10DC000000000000000000000020000400200004CC
:10DC10000060000700E0000783200007E600000422
:10DC2000F80000003C0000045E20000587A000060C
:10DC300001E000040060000400200000002000005B
:10DC400000000000000000040000000400030007C2
:10DC500000030007E0010004F80100041F020000B7
:10DC600007FC000000E00000070000043800000787
:10DC7000C0000006000000040000000400000000D6
:10DC800000000000000000000000000780600006A7
:10DC900000E0000403E0000407A000040E200004DC
:10DCA0003C20000470200005E020000780200007D1
:10DCB0000060000400E0000003800000000000009D
:10DCC0000000000000000000000000000000000054
:10DCD0000000000000000000000000000000000044
:10DCE0008000000080000001400007FE3FF80800AF
:10DCF00000041000000210000002000000000000FC
:10DD00000000000000000000000000000000000013
:10DD10000000000000000000000000000000000003
:10DD20000000FFFFFFFF00000000000000000000F7
:10DD300000000000000000000000000000000000E3
:10DD400000000000000000000000100000021000B1
:10DD500000020800000407FE3FF800014000000038
:10DD600080000000800000000000000000000000B3
:10DD700000000000000000000000000000000000A3
:10DD8000000000000000180000003000000040000B
:10DD900000004000000040000000200000003000B3
:10DDA0000000080000000400000002000000020063
:10DDB0000000020000000C0000001800000000003D
:10DDC0000000000000000000000000000000F03F24
:10DDD000000000000000F83F00000000000000000C
:10DDE0000000004003B8E23F000000000000000017
:10DDF00006D0CF43EBFD4C3E033333333333E33FA5
:10DE0000FFAB6FDBB66DDB3F4D268F515555D53FD0
:10DE100001411DA96074D13F65DBC9934A86CD3F9E
:10DE2000EF4E454A287ECA3F3E5555555555C53F8C
:10DE300093BDBE166CC166BF2CDE25AF6A56113F7E
:10DE4000F16BD2C541BDBBBED0A4BE726937663E80
:10DE5000000000000000000002400000000000A0E0
:10DE60000000000005400000000000C800000000A5
:10DE70000C4000000000409C000000001940000021
:10DE80000020BCBE0000000034400000BFC91B8E53
:10DE900000000004B5400000504BCFD06607E2CF31
:10DEA000010000006C4100003E8251AADFEEA73461
:10DEB00001000000D9420000DCB5A0E23A301F9713
:10DEC000FFFFFFFFB4450000FD25A0C8E9A3C14F37
:10DED000FFFFFFFFFF3F0000000000800000000088
:10DEE000FF3F0000000000800000000028DF000865
:10DEF0000000002430000000D402000858DF0008B1
:10DF00003000002480340000F00200081C000000F3
:10DF100043000000F8FFFFFF0C0000000E000000AF
:10DF20000F0000002E000000000000000090D00351
:10DF30000090D0030000000000000000000000007E
:10DF400000000000100000000100000000000000C0
:08DF50000000000000000000C9
:040000050800029954
:00000001FF
