:020000040800F2
:10000000300E0024490300087D4A0008531D0008F3
:100010005503000899080008C554000800000000B6
:10002000000000000000000000000000F94B000884
:1000300025090008000000007F4A0008AD4C0008B8
:1000400063030008630300086303000863030008F8
:1000500063030008630300086303000863030008E8
:1000600063030008630300086303000863030008D8
:1000700063030008630300086303000863030008C8
:1000800063030008630300086303000863030008B8
:1000900063030008630300086303000863030008A8
:1000A0006303000863030008630300086303000898
:1000B0006303000863030008630300086303000888
:1000C0006303000863030008630300086303000878
:1000D00063030008815400086303000863030008F9
:1000E00063030008630300080000000063030008C6
:1000F0006303000863030008630300086303000848
:100100006303000863030008630300086303000837
:100110006303000863030008630300086303000827
:100120006303000863030008630300086303000817
:100130006303000863030008630300086303000807
:1001400000000000000000000000000000000000AF
:1001500063030008630300086303000863030008E7
:1001600063030008630300086303000863030008D7
:1001700063030008630300086303000863030008C7
:1001800063030008630300086303000863030008B7
:1001900063030008630300086303000863030008A7
:1001A0006303000863030008630300086303000897
:1001B0006303000863030008630300086303000887
:1001C0006303000863030008630300086303000877
:1001D0006303000863030008630300086303000867
:1001E0006303000863030008630300086303000857
:1001F0006303000863030008630300086303000847
:100200006303000863030008630300086303000836
:100210006303000863030008630300086303000826
:100220006303000863030008630300080000000084
:100230006303000863030008000000006303000874
:1002400063030008630300086303000863030008F6
:1002500063030008630300086303000863030008E6
:1002600063030008630300086303000863030008D6
:100270006303000863030008630300080000000034
:100280006303000800000000630300080000000092
:10029000000000006303000800F002F800F044F8DA
:1002A0000AA090E8000C82448344AAF10107DA45D1
:1002B00001D100F039F8AFF2090EBAE80F0013F0DF
:1002C000010F18BFFB1A43F001031847209C0000E0
:1002D000409C0000103A24BF78C878C1FAD8520771
:1002E00024BF30C830C144BF04680C6070470000B0
:1002F0000023002400250026103A28BF78C1FBD82F
:10030000520728BF30C148BF0B607047642900F016
:10031000FB80782900F03481002070471FB505F07C
:100320000FFA1FBD10B510BD00F084FA1146FFF79B
:10033000F5FF05F01DF900F0A2FA03B4FFF7F2FF94
:1003400003BC05F0D7F8000009488047094800477A
:10035000FEE7FEE7FEE7FEE7FEE7FEE7FEE7FEE775
:10036000FEE7FEE704480549054A064B70470000D2
:10037000B14C00089902000830020024300E00241D
:100380003004002430040024704753EA020C00F0CB
:1003900069802DE9F04B4FF00006002B1FBFB3FA28
:1003A00083F503FA05F424FA05F65E4012BF1643FE
:1003B000B2FA82F502FA05F4C5F120051EBF22FA51
:1003C00005FC44EA0C04203556EA044C4FEA144478
:1003D00018BF641C4FF000084FF00009904271EB09
:1003E000030C39D3002919BFB1FA81F701FA07F6D6
:1003F000B0FA80F700FA07F6C7F120071EBF20FA0F
:1004000007FC46EA0C062037B6FBF4FCA7EB050711
:10041000103F07F01F0BCBF120060CFA0BFB2CFA58
:1004200006F644BFB3460026202FA4BF5E464FF019
:10043000000B5BEA060C08BF4FF0010B19EB0B0930
:10044000ABFB027C48EB0608C01B06FB02CC0BFB97
:1004500003CC71EB0C01C1E70B460246414648460E
:10046000BDE8F08B13B54FF000004FF00001AFF383
:100470000080BDE81C4070470FB4044910B503AAC2
:10048000029800F0C1F910BC5DF814FB10000024C4
:100490000FB41CB5074B06AA7B446946009005982B
:1004A00000F099F90020694600F0A8F91CBC5DF83D
:1004B00014FB00006103000070B504468569006804
:1004C000C10601D5302600E02026C00707D070BD48
:1004D000D4E9012130469047206A401C20626D1EFD
:1004E000F6D570BD70B5044685690078C00707D1A0
:1004F00070BDD4E9012120209047206A401C206271
:100500006D1EF6D570BD00002DE9F04106460024B1
:1005100010687529314616A510D0AFF30080002869
:1005200002DA404213A507E031688A0701D512A517
:1005300002E0490704D511A5012401E0AFF30080D2
:1005400000210A2206F1240709E0B0FBF2FCB0FB0F
:10055000F2F302FB1C00303078541846491C002886
:10056000F3D123462A463046BDE8F04100F0D4B826
:10057000000000002D0000002B0000002000000003
:1005800070B504460D4621461068AFF300802188FF
:10059000090502D50F4A7A4402E00E4A7A440E3227
:1005A000002104F1240305E000F00F060009965D28
:1005B0005E54491C0028F7D120780023000704D599
:1005C000702D02D009B1022311322046BDE87040DF
:1005D00000F0A2B8189900002DE9F05F89460446A2
:1005E0004FF0000ADFF824B1FB44C0F820A02046F9
:1005F000E168884700287DD0252806D0D4E901216C
:100600009047206A401C2062F1E700255F462046A3
:10061000E16888472028064607DB312E05D2B81945
:1006200010F8200C08B10543F1E7A80701D525F023
:100630000405C4F81CA00027C4F818A02A2E09D06D
:10064000304604F050FF38B304EB8708303EC8F85A
:10065000186019E059F8041B204604EB87029161E9
:10066000E1688847012F064618D1E069002820DAA2
:1006700025F020051DE0D8F8180000EB800006EBFF
:1006800040003038C8F818002046E1688847064620
:1006900004F029FF0028EED1012F0AD02E2E08D118
:1006A0002046E16888477F1C0646022F45F020055A
:1006B000C4DBA069002803DA404245F00105A061CF
:1006C000E80701D025F01005A6B1A6F141001928D0
:1006D00002D8203645F400654A463146204625605A
:1006E0004D46FFF713FE60B1012807D0ED1D25F040
:1006F000070000E007E000F1080978E705F10409C8
:1007000075E730467AE7206ABDE8F09FEE98000072
:1007100070477047704770472DE9F0470D4699467E
:100720009246044600F124080168880604D5E06971
:1007300021F01001216000E00120A84201DD471BEB
:1007400000E00027A1697A1902EB0900081AA061EC
:100750002078C00602D42046FFF7AEFE002608E04F
:10076000D4E901211AF806009047206A401C761C43
:1007700020624E45F4DB2078C0060AD52046FFF7FC
:100780009BFE06E0D4E9012130209047206A401CFE
:100790002062381EA7F10107F4DC07E0D4E901214B
:1007A00018F805009047206A401C2062281EA5F119
:1007B0000105F3DC2046FFF795FE2078000602D500
:1007C0000220BDE8F0870120FBE7000001694A1C18
:1007D00002610878704700B58FB0CDE90131002182
:1007E000059105497944CDE9031011466846FFF7A4
:1007F000F3FE0FB000BD0000E5FFFFFF0A6802F83E
:10080000010B0A6070470000074B70B50D467B4432
:10081000FFF7E1FF0446284600F008F810B14FF05A
:10082000FF3070BD204670BD4B4D0000007B00F0D6
:1008300080007047754600F02BF8AE46050069460B
:10084000534620F00700854618B020B5FFF78AFD13
:10085000BDE820404FF000064FF000074FF00008C1
:100860004FF0000B21F00701AC46ACE8C009ACE842
:10087000C009ACE8C009ACE8C0098D46704710B5A6
:100880000446AFF300802046BDE81040FFF755BD99
:1008900000487047CC010024FEE70000F0B5BFF32C
:1008A0004F8FBFF36F8F1D4900200860BFF34F8F3C
:1008B000BFF36F8F1A4C216841F400312160BFF300
:1008C0004F8FBFF36F8F164970310860BFF34F8FA2
:1008D000081F006843F6FF75104E1036C0F34E3106
:1008E000C0F3C90305EA4112184642EA807737602F
:1008F000401EFAD2491EF5D2BFF34F8F206840F454
:1009000080302060BFF34F8FBFF36F8F03484C30B0
:10091000016841F004010160F0BD000050EF00E00B
:1009200014ED00E07047000070B5B3F5804F05D0BE
:100930006FF0704140F82210002070BD50F8223056
:10094000084C2340D1E900458E8944EA05148D689E
:1009500089692D0245EA06452C430C431C4340F8A7
:100960002240E9E70000F0CFF0B50C6850F82450C1
:100970001A4A1540D1E90123D1E903671A433E43DE
:1009800032434E6932438E693243CE6932430E6A36
:1009900032434E6A32438E6A3243CE6A32430E6B22
:1009A00032438E6B32434E6B32432A43082B01D1C4
:1009B00042F0400240F824200A6BB2F5801F05D1B6
:1009C0000A684AB1026842F4801202600A681AB1E9
:1009D0000268496B0A4302600020F0BD8004C0FF3A
:1009E00000EB8202F0B553688E8903F04044D1E9F0
:1009F000003543EA05138D682D0245EA06450E8A47
:100A00002B430D4D05EB065633430E7D6F0107EB6F
:100A1000066633438E693343234353600268D20230
:100A200007D54268098A22F4700205EB015111438F
:100A300041600020F0BD00000000F0FF10B528B1BB
:100A400090F83510022903D080214165012010BDA6
:100A50001D4A4FF4956301688C189C4207D8042204
:100A600080F83520086820F00100086029E00C6853
:100A700024F00E040C6001680A440A6822F00102A6
:100A80000A60016E0A6822F480720A6090F85C3095
:100A9000012202FA03F10D4B1960D0E919134B60E2
:100AA000C16E31B10B6823F480730B60D0E91C1365
:100AB0004B60002180F8341080F83520016D01B1C1
:100AC0008847002010BD0000F0FFFDBF045402580D
:100AD0000248016841F0010101607047200400589C
:100AE0002DE9F84F6C4C00224FF0B04A4FF0010B4B
:100AF0004FF0030E4FF00F090B680BFA02F73B4063
:100B0000BB4270D14D68022D01D0122D12D1D508F3
:100B100000EB850CDCF820605507ED0E09FA05F8AE
:100B200026EA0806D1F8108008FA05F848EA06080F
:100B3000CCF82080D0F80080560091F804C00EFA5E
:100B400006F50CF0030C28EA05080CFA06FC4CEA42
:100B5000080CC0F800C0D1F804C0BCF1010F08D0E7
:100B6000BCF1020F05D0BCF1110F02D0BCF1120F85
:100B700016D1D0F808C0D1F80C802CEA050C08FA80
:100B800006F848EA0C08C0F80880D0F804C02CEA3F
:100B9000070C0F79C7F30017974047EA0C07476027
:100BA000C768AF438D68B5403D43C5604D68ED00F3
:100BB0006BD53A4D2E6846F002062E602D6822F065
:100BC000030606F1B04605F002050095D6F808C404
:100BD00095072F0F09FA07F52CEA050C304DA842AE
:100BE00002D100252EE050E02E4DA84201D1012572
:100BF00028E02D4DA84201D1022523E02B4DA8422B
:100C000001D103251EE02A4DA84201D1042519E097
:100C1000284DA84201D1052514E0274DA84201D155
:100C200006250FE0254DA84201D107250AE0244DF5
:100C3000A84201D1082505E0224DA84201D109258D
:100C400000E00A25BD4045EA0C05C6F808542568B1
:100C50004E689D43F60300D51D43256065684E68C8
:100C60009D43B60300D51D436560DAF80050564633
:100C70004F689D43FF0200D51D43356075684F687E
:100C80009D43BF0200D51D437560521C102AFFF41E
:100C900033AFBDE8F88F000080000058F4440258DC
:100CA000000002580004025800080258000C0258C4
:100CB000001002580014025800180258001C025874
:100CC000002002580024025842694A40426170479D
:100CD0000AB1018370474183704700000148806872
:100CE0007047000014000024024881680278114413
:100CF0008160704714000024032010B500F0A2F8B2
:100D00000F2000F007F808B1012010BD00F06CF8CA
:100D1000002010BD70B50D4D04464FF47A7128784F
:100D2000B1FBF0F00A490968B1FBF0F000F03EFEBB
:100D300048B9102C07D200222146501E00F062F85C
:100D400000206C6070BD012070BD00001400002404
:100D500000000024134A41781160111D03780A1D18
:100D6000E3B143680B60017BC37A090741EA036181
:100D7000837A41EAC341437B41EA8341837B41EA71
:100D80004341C37B41EA0341437A41EA0321037AA9
:100D9000007841EA43010143116070470020086078
:100DA0001060704798ED00E0BFF35F8F0448016862
:100DB00021F48031016002490020703108607047E1
:100DC00024ED00E0074940F0010008600548703854
:100DD000016841F480310160BFF34F8FBFF36F8F23
:100DE0007047000094ED00E07047002809DB012106
:100DF00000F01F0291404009800000F1E020C0F89F
:100E0000001170470E4BF0B41B68C3F30223C3F10B
:100E10000704042C00D904241D1D072D01D2002332
:100E200000E0DB1E012606FA04F56D1E0D409D4014
:100E30009E40761E164045EA0601F0BC04F043BB16
:100E40000CED00E0064A00F0070110684FF6FF03C2
:100E5000184040EA01200349084310607047000031
:100E60000CED00E00000FA0510B500F05BFA08494F
:100E700009684FF4807292FAA2F201F47061B2FA3A
:100E800082F2D140034A515CC8400349086010BD5A
:100E9000184402584A5700080000002410B500F01A
:100EA000FBF907490968102292FAA2F201F07001D9
:100EB000B2FA82F2D140034A515CC84010BD000032
:100EC000204402584A570008364930B50A68096874
:100ED00012F00302344BC1F305311B68334C03F0AD
:100EE00010032468DFED320AB7EE001AC4F3CC0415
:100EF00014FB03F300EE103A2E4BB8EE400A07D075
:100F00002D4C012A01D0022A4AD0B4FBF1F10BE0AA
:100F1000244C283C22689506284A03D52468C4F34B
:100F2000C104E240B2FBF1F101EE901A1968B8EE8B
:100F3000612AC1F3080101EE901A1968F8EE611AEE
:100F400040EE201A31EE810A22EE000AC1F346215A
:100F5000491C00EE901AF8EE600A80EE201AFCEEB2
:100F6000C10AC0ED000A1968C1F30641491C00EE30
:100F7000901AF8EE600A80EE201AFCEEC10AC0ED6D
:100F8000010A1968C1F30661491C00EE901AF8EED7
:100F9000600A80EE201ABCEEC10A80ED020A30BD64
:100FA000074ABFE7284402582C4402583C440258E0
:100FB000000000393844025800093D000090D00379
:100FC00040787D01364930B50A68096812F003029D
:100FD000344BC1F305511B68334C03F48073246810
:100FE000DFED320AB7EE001AC4F3CC0414FB03F3AE
:100FF00000EE103A2E4BB8EE400A07D02D4C012AD5
:1010000001D0022A4AD0B4FBF1F10BE0244C283C79
:1010100022689506284A03D52468C4F3C104E24037
:10102000B2FBF1F101EE901A1968B8EE612AC1F332
:10103000080101EE901A1968F8EE611A40EE201AC4
:1010400031EE810A22EE000AC1F34621491C00EE6E
:10105000901AF8EE600A80EE201AFCEEC10AC0ED8C
:10106000000A1968C1F30641491C00EE901AF8EE17
:10107000600A80EE201AFCEEC10AC0ED010A196870
:10108000C1F30661491C00EE901AF8EE600A80EE8A
:10109000201ABCEEC10A80ED020A30BD074ABFE744
:1010A000284402582C440258444402580000003995
:1010B0004044025800093D000090D00340787D0173
:1010C0002DE9F047DFF8BC9104460E46D9F8000040
:1010D00000F00700B0420CD2D9F8001021F007014F
:1010E0003143C9F80010D9F8000000F00700B04201
:1010F0007ED12078DFF89081800707D5D8F80010DE
:10110000E26821F00F011143C8F800102078C007F1
:1011100062D0D8F80010A26821F470611143C8F8B9
:10112000001059496068183902281CD003281DD0C6
:10113000096801281DD04907002960DA524F083F8D
:10114000396821F0070101433960FFF7C7FD054603
:10115000606841F28831022813D003281ED001288C
:101160008A4627D034E009688903E5E709688901E0
:10117000E2E7C905E0E7FFF7B1FD411B514501D9A1
:1011800023E08A463868C0F3C2000228F3D123E086
:10119000FFF7A4FD411B514501D916E08A46386886
:1011A000C0F3C2000328F3D116E0FFF797FD411BFF
:1011B00051450AD83868C0F3C2000128F5D10BE0C8
:1011C000FFF78CFD411B514502D90320BDE8F08794
:1011D000386810F0380FF3D1D9F80010484601F004
:1011E0000701B1420DD9016821F00701314300E048
:1011F00005E00160006800F00700B04201D0012066
:10120000E4E72078400707D5D8F80010226921F0DC
:1012100070011143C8F80010207801071B4805D55C
:101220000168626921F07001114301602178C906EB
:1012300005D50168A26921F4E061114301602078BD
:10124000800607D51149091D0868E26920F0700081
:101250001043086000F066F8D8F800104FF4807270
:1012600092FAA2F201F47061B2FA82F2D140084A15
:10127000515CC840074908600F20FFF74BFD002074
:10128000A4E7000000200052184402581C440258F1
:101290004A5700080000002410B5FFF7E5FD084993
:1012A0000968012292FAA2F201F00F01B2FA82F269
:1012B000D140044A515CC8400349086010BD000099
:1012C000184402584A5700080400002410B5FFF7DC
:1012D000E3FF07490968102292FAA2F201F07001B7
:1012E000B2FA82F2D140034A515CC84010BD0000FE
:1012F0001C4402584A57000810B5FFF7CDFF0749B4
:1013000009684FF4807292FAA2F201F4E061B2FA35
:1013100082F2D140024A515CC84010BD1C440258C0
:101320004A5700083548F0B50068364D10F03801CE
:10133000334809D00411082904D0334E10290BD0AA
:1013400018290BD02046F0BD29688906FBD52968ED
:10135000C1F3C101C840F0BD3046F0BD2749183186
:101360000A68096812F00302284BC1F305111B68D3
:10137000274F03F001033F68DFED260AB7EE001A9E
:10138000C7F3CC0717FB03F300EE103A224BB8EE7D
:10139000400A06D0012A01D0022A2BD0B4FBF1F07A
:1013A00008E02A68920603D52A68C2F3C102D04039
:1013B000B0FBF1F001EE900A1868B8EE612AC0F3B4
:1013C000080001EE900A1868F8EE611A40EE201A43
:1013D00031EE810A22EE000AC0F34620401C00EEE6
:1013E000900AF8EE600A80EE201ABCEEC10A10EEF8
:1013F000100AF0BDB6FBF1F0DCE700001044025823
:101400000090D0030044025840787D012C440258DB
:101410003444025800000039304402582DE9F05F8E
:1014200004460078DFF8FC8341F28839DFF8F8A33E
:10143000FE4DC0074ED0D8F800104046C1F3C2019F
:1014400002291AD00068C0F3C200032805D1DAF8D7
:10145000000000F0030002280FD06068B0F5803F64
:1014600012D010B1B0F5A02F19D0286820F4803028
:101470002860286820F4802009E02868800329D5A6
:101480006068002874D025E0286840F48030286027
:10149000606890B1FFF722FC06464F4609E02868D5
:1014A00040F480202860EFE7FFF718FC801BB8426B
:1014B0007DD828688003F7D50CE0FFF70FFC0646BF
:1014C0004F4604E0FFF70AFC801BB842F0D82868BA
:1014D0008003F7D42078D64F80075AD5D8F800106B
:1014E00040464FF47C3B11F0380F13D00068C0F336
:1014F000C200032803D1DAF8000080070AD0E068B0
:10150000A8B3296821F0190101432960FFF7E6FB20
:1015100006461DE02868400702D5E0680028B1D0E3
:101520002868E16820F0190008432860FFF7D6FB1F
:10153000064604E0FFF7D2FB801B0228B8D82868D3
:101540004007F7D507E0FFF7C9FB801B0228AFD89B
:1015500028684007F7D538689BFAABF220F47C3155
:101560002069B2FA82F290400143396011E000E054
:10157000AEE0286820F001002860FFF7AFFB0646C8
:1015800004E0FFF7ABFB801B022891D828684007D6
:10159000F7D42078C00655D5D8F8001040464FF053
:1015A000F84BC1F3C201012917D0006800E0EDE05B
:1015B000C0F3C200032805D1DAF8000000F00300F0
:1015C00001280AD0E069002828682CD040F080006B
:1015D0002860FFF783FB064616E02868C00502D5A1
:1015E000E069802874D138689BFAABF220F0F841AA
:1015F000206AB2FA82F290400143396022E0FFF79C
:101600006DFB801B022899D82868C005F7D538687B
:101610009BFAABF2216AB2FA82F220F0F8409140D4
:10162000084338600EE020F080002860FFF756FB8A
:10163000064604E0FFF752FB801B022887D8286883
:10164000C005F7D42078000724D5774F60694C3760
:10165000002838680FD040F001003860FFF73EFBEB
:10166000064604E0FFF73AFB801B02288DD8386855
:101670008007F7D50EE020F001003860FFF72EFB61
:10168000064604E0FFF72AFB801B02287ED8386854
:101690008007F7D42078800623D5A0690028286821
:1016A0000FD040F480502860FFF718FB064604E096
:1016B000FFF714FB801B022868D828688004F7D540
:1016C0000FE020F480502860FFF708FB064605E095
:1016D000D6E0FFF703FB801B022857D82868800458
:1016E000F7D42078400744D5524F386840F48070D2
:1016F0003860FFF7F3FA064604E0FFF7EFFA801BC5
:10170000642843D83868C005F7D5474FA0684837E4
:1017100001280AD008B1052811D0386820F001004E
:101720003860386820F0040002E0386840F00100BA
:101730003860A06888B1FFF7D1FA064609E038683A
:1017400040F004003860F0E7FFF7C8FA811B494514
:101750001CD838688007F7D50BE0FFF7BFFA0646BC
:1017600004E0FFF7BBFA811B49450FD838688007B2
:10177000F7D4606AF0B3D8F80010C1F3C2010329AE
:101780007ED00228286820F0807000E079E0286090
:1017900003D0FFF7A3FA044687E0FFF79FFA064657
:1017A00004E0FFF79BFA801B02287BD828688001A1
:1017B000F7D4DAF8001040F2F3329143E26A41EADA
:1017C0000211A26A1143CAF8001094F834004FF4D1
:1017D000FE02218E4002491EA0F5007080B2C1F3C6
:1017E00008010843218F491E02EA0141084394F889
:1017F0003C1000E05CE0491E120202EA016108436D
:101800000949083108600B1D19684FF6F872A06C81
:10181000914392FAA2F2B2FA82F290400143196027
:10182000014809E010440258284402580044025874
:101830000444025800480258001D0168226C21F03F
:101840000C01114301600168626C21F00201114337
:101850000160016841F480310160016841F40031A8
:101860000160016841F480210160016841F00101DB
:101870000160286840F080702860FFF72FFA01E0CF
:1018800018E00FE0044604E0FFF728FA001B0228E6
:1018900008D828688001F7D50AE0FFF71FFA001B77
:1018A000022802D90320BDE8F09F28688001F4D403
:1018B0000020F8E70120F6E770B5040015460E4653
:1018C00003D094F8450010B107E0012070BD00205E
:1018D00084F84400204600F021F8206804F1080153
:1018E000FFF742F8A26831462068FFF779F8E36A0B
:1018F0002946D4E90102FFF717F8A168206850F8DB
:10190000212042F0010240F821200348016841F003
:1019100000410160002070BD004000521A4800B52F
:1019200087B0016841F480510160006800F4805084
:10193000059015480C30016841F00801016001680C
:1019400001F008010591016841F010010160006893
:10195000694600F0100005904EF2B370009002202E
:10196000019001200290032003900C20049007486E
:10197000FFF7B6F84FF68070009005486946FFF70C
:10198000AFF807B000BD0000D4440258000C025864
:10199000001002584FF0E0210428086903D020F01D
:1019A00004000861704740F00400FAE7401EB0F1FF
:1019B000807F10B501D3012010BD4FF0E02460619D
:1019C0000F21601703F07FFD0020A0610720206138
:1019D000002010BD7047704790F8791090F87A0099
:1019E0000843704770B502680446D069136891686F
:1019F00010F00F0F64D0594D03F490760D4035432D
:101A000076D0C50707D0DD0505D501251562E26F43
:101A100042F00102E267820708D5CA0706D02568AE
:101A200002222A62E26F42F00402E267420708D50E
:101A3000CA0706D0256804222A62E26F42F0020239
:101A4000E26702070ED503F0200201F080552A4319
:101A500052EAC17206D0256808222A62E26F42F07B
:101A60000802E267E26F002A3AD0800608D503F048
:101A7000200001F08051084302D0204603F004FA10
:101A8000E06F000703D42068806840062AD520460E
:101A900003F0ECF92068816849061ED5816821F0C1
:101AA00040018160606FC0B12D490165606FFEF734
:101AB000C5FF002814D0606F016DBDE87040084775
:101AC000850615D503F0200501F0805635430FD06B
:101AD0002046BDE8704003F0D7B92046FFF77BFFF2
:101AE00070BD05E02046FFF776FF0020E067F7E7CE
:101AF000C6024FF020050CD54E020AD5E80310624D
:101B000084F8795084F87A502046BDE87040FFF799
:101B100061BF06060AD503F0800601F400010E43FA
:101B200004D02046BDE8704003F03EBC41060BD512
:101B3000590609D51168204621F04001116084F84A
:101B4000795000F005F9CBE70002C9D55800C7D598
:101B5000106820F080401060C2E700000100001013
:101B6000594E000810B5040003D094F8790010B164
:101B700007E0012010BD002084F87800204600F026
:101B800027F8242084F879002068016821F00101F9
:101B90000160204603F0B4F90128EBD0606B10B16E
:101BA000204603F0C7F82068416821F49041416065
:101BB0002068816821F02A0181602068016841F075
:101BC000010101602046BDE8104003F017B9000094
:101BD00010B5006886B01B49884230D11A480168A8
:101BE00041F001010160006800F001000590164815
:101BF0001030016841F01001016000680121134CB0
:101C000000F0100005904FF4007000900220CDE924
:101C1000010103900720694604902046FEF760FF0B
:101C20004FF48061204600916946FEF759FF252058
:101C3000FFF7DBF8032225201146FFF7E3F806B093
:101C400010BD000000100140E0440258000002589E
:101C500090F87A30202B4CD1B9B1B2B190F87830ED
:101C6000012B46D0012380F878304166A0F8682027
:101C7000A0F86A20FF228168B1F5805F07D07F233A
:101C800051B1B1F1805F0CD010E0012070470169C3
:101C900021B940F2FF1107E0016909BBA0F86C20EF
:101CA00004E00169E1B13F21A0F86C100021C16797
:101CB000222280F87A2080F8781001688A6842F041
:101CC00001028A6001680A6892000CD50A6842F431
:101CD00080720A600068816841F08051816006E08E
:101CE000A0F86C30E2E7086840F4907008600020CB
:101CF000704702207047000030B5006811498842E3
:101D00000CD1114A5088010408D411464FF0000349
:101D10004404097806D50A2901D0538030BD40F427
:101D200000400DE00D2909D0084DC0F30D04401C02
:101D300080B2C72829555080EFD830BD40F480408C
:101D4000508030BD001001400C0000242800002409
:101D50007047FEE770B506460948002401884588AB
:101D600020464D43214602F017FD02F04FFEB1B26E
:101D7000044801E00180641CAC42FBD370BD00004C
:101D8000BC010024000008602DE9F04F374B2C24E3
:101D90002A2547F2897B2B2645F2105E4FF44877BF
:101DA0004FF0F00899884FF4A0794FF4F07249F29F
:101DB000413A45F2103C78B101209871A3F80090A7
:101DC0005145A3F8028003D0614501D059452ED179
:101DD0001C815D819E813FE000209871A3F8008006
:101DE00051454846A3F8029003D0614501D05945BA
:101DF00007D11C8161455D819E8132D118805A8056
:101E00002FE0714509D14FF4305018814FF428501C
:101E100058814FF42C50988106E0A1F5C8506338E2
:101E20001FD11C815E819D811A805F8019E0714500
:101E300009D14FF4305018814FF4285058814FF495
:101E40002C50988106E0A1F5C850633804D11C815C
:101E50005D819E811F805A80614502D11A80A3F85E
:101E600002900020BDE8F04F02F0B6BBBC01002498
:101E70002DE9F041384D0F0A90460C46024629469E
:101E8000A888160A4989A0F51343413B10D0A0F554
:101E9000A643103B0CD0A0F5EE43893B08D0A0F53B
:101EA000AA43103B11D0A0F5C853633B27D04BE0A9
:101EB000084602F09FFD304602F090FDD0B202F0DD
:101EC0008DFDA88902F096FD38E0084602F092FDEB
:101ED000304602F083FD6889401C80B202F08AFD22
:101EE000D0B202F07BFDA88902F084FD384602F0F2
:101EF00075FDA889401C80B202F07CFD21E0A87924
:101F000018B92888801A401E82B2084602F072FD75
:101F1000160A304602F062FDD0B202F05FFD304694
:101F200002F05CFDD0B202F059FDA88902F062FD1A
:101F3000384602F053FDE0B202F050FD384602F0A0
:101F40004DFDE0B202F04AFD044928890880891C51
:101F5000A1F80080BDE8F081BC010024FEFF07600D
:101F60002DE9F04FFE4895B0016841F00201016093
:101F700000680EA900F00200139020200E900120AE
:101F80000F90109003201190F648FEF7A9FD02F083
:101F9000C9FAF6481022F4490160F5494160002170
:101FA0008160C160C0E9041212028161C161C0E9AF
:101FB00008129200C0E90A1292010163C0E90D12F1
:101FC0001120CDE9000155200290152007AACDE986
:101FD0000810CDE90610E5480D916946FFF76CFC45
:101FE000322003F093FAD32002F004FD02F0C0FA8D
:101FF000DE4E4C36B08002F0BBFA3146888002F0EB
:10200000B7FA31464FF6FF7A0AEA0020888002F0DC
:10201000AFFA314649F2413B47F2897445F2103735
:1020200045F2105541F663188988084331465845F2
:1020300088807CD0042002F0DDFC02F099FAB080A8
:1020400002F096FAB08002F093FA0AEA00205246B3
:10205000B08002F08DFAB1880843B080A0F5054148
:10206000523960D0A04262D0D42002F0C3FC02F00A
:102070007FFAB08002F07CFAB08002F079FA02EACE
:1020800000209146B08002F073FAB1880843B08016
:10209000B8424CD055214FF4704002F0C1FCAA2147
:1020A0004FF2010002F0BCFC52214FF2020002F09C
:1020B000B7FC08214FF2030002F0B2FC01214FF2FD
:1020C000040002F0ADFC4FF4454002F093FC02F036
:1020D0004FFA09EA0020B0804CF2015002F08AFC6D
:1020E00002F046FAB1880843B080052003F00EFAEA
:1020F000B088B0F5004F7DD0A84218D0A12002F0E2
:1021000079FC02F035FAB08002F032FA09EA0020D8
:10211000B08002F02DFAB1880843B080A0F5AE413E
:10212000613902D003E0B48001E0A6F8048091A0F8
:10213000B188FEF7A1F9B088D94648457ED1CF20B5
:1021400002F058FC002002F049FCC12002F046FCDD
:10215000302002F043FCED2002F04CFC642002F041
:102160003DFC032002F03AFC122002F037FC8120F3
:1021700002F034FCE82002F03DFC852002F02EFC49
:10218000102002F02BFC7A2002F028FCCB2002F079
:1021900031FC392002F022FC2C2002F01FFC002030
:1021A00002F01CFC342002F019FC022002F016FCA4
:1021B000F72002F01FFC202002F010FCEA2002F0C1
:1021C00019FC002002F00AFC002002F007FCC020ED
:1021D00002F010FC1B2002F001FCC12002F00AFCFE
:1021E000012002F0FBFBC52002F004FC302002F0CD
:1021F000F5FB00E0CCE0302002F0F0FBC72002F05D
:10220000F9FBB72002F0EAFB362002F0F3FB48208E
:1022100002F0E4FB3A2002F0EDFB552002F0DEFB79
:10222000B12002F0E7FB002002F0D8FB1A2002F0F8
:10223000D5FBB62002F0DEFB0A2000E0AAE002F0A7
:10224000CDFBA22002F0CAFBF22002F0D3FB00205B
:1022500002F0C4FB262002F0CDFB012002F0BEFB01
:10226000E02002F0C7FB0F2002F0B8FB2A2002F0AA
:10227000B5FB282002F0B2FB082002F0AFFB0E20D5
:1022800002F0ACFB082002F0A9FB542002F0A6FBF0
:10229000A92002F0A3FB432002F0A0FB0A2002F0D9
:1022A0009DFB0F2002F09AFB002002F097FB00201C
:1022B00002F094FB002002F091FB002002F08EFB64
:1022C000E12002F097FB002002F088FB152002F0CD
:1022D00085FB172002F082FB072002F07FFB112014
:1022E00002F07CFB062002F079FB2B2002F076FB4B
:1022F000562002F073FB3C2002F070FB052002F038
:102300006DFB102002F06AFB0F2002F067FB3F20FC
:1023100002F064FB3F2002F061FB0F2002F05EFB45
:102320002B2002F067FB002002F058FB002002F097
:1023300055FB012002F052FB3F2002F04FFB2A2008
:1023400002F058FB002002F049FB002002F046FB9F
:10235000002002F043FBEF2002F040FB112011E0CF
:10236000E04402580004025800400052700100246A
:1023700004410052204C43442049443A25780D0A38
:102380000000000002F036FB782003F0BFF8D4E034
:10239000B580CCE6A0427CD1112002F02BFB782046
:1023A00003F0B4F8362002F025FB002002F016FB03
:1023B0003A2002F01FFB052002F010FBB22002F0D1
:1023C00019FB0C2002F00AFB0C2002F007FB002096
:1023D00002F004FB332002F001FB332002F0FEFA8E
:1023E000B72002F007FB352002F0F8FABB2002F01C
:1023F00001FB322002F0F2FAC02002F0FBFA0C20BE
:1024000002F0ECFAC22002F0F5FA012002F0E6FA3E
:10241000C32002F0EFFA102002F0E0FAC42002F02C
:10242000E9FA202002F0DAFAC62002F0E3FA0F20DF
:1024300002F0D4FAD02002F0DDFAA42002F0CEFAA5
:10244000A12002F0CBFAE02002F0D4FAD02002F072
:10245000C5FA002002F0C2FA022002F0BFFA0720FB
:1024600002F0BCFA0A2002F0B9FA282002F0B6FA0B
:10247000322002F0B3FA442002F0B0FA422002F017
:10248000ADFA062002F0AAFA0E2002F0A7FA1220F6
:1024900000E055E002F0A2FA142002F09FFA1720A3
:1024A00002F09CFAE12002F0A5FAD02002F096FAA0
:1024B000002002F093FA022002F090FA072002F0C6
:1024C0008DFA0A2002F08AFA282002F087FA3120D9
:1024D00002F084FA542002F081FA472002F07EFADA
:1024E0000E2002F07BFA1C2002F078FA172002F08E
:1024F00075FA1B2002F072FA1E2002F06FFA2A20F1
:1025000002F078FA002002F069FA002002F066FA80
:10251000002002F063FAEF2002F060FA2B2002F0B4
:1025200069FA002002F05AFA002002F057FA01205E
:1025300002F054FA3F2002F051FA292001F0FEBEC9
:10254000B8427CD1ED2002F055FA012002F046FAA3
:10255000FE2002F043FAEE2002F04CFADE2002F0F8
:102560003DFA212002F03AFAF12002F043FA01206C
:1025700002F034FADF2002F03DFA102002F02EFAC9
:10258000C42002F037FA8F2002F028FAC62002F0A9
:1025900031FA002002F022FAE22002F01FFAE220D3
:1025A00002F01CFAE22002F019FABF2002F022FA2F
:1025B000AA2002F013FAB02002F01CFA0D2002F05B
:1025C0000DFA002002F00AFA0D2002F007FA0020AE
:1025D00002F004FA112002F001FA002002F0FEF9E4
:1025E000192002F0FBF9002002F0F8F9212002F096
:1025F000F5F9002002F0F2F92D2002F0EFF90020A9
:1026000002F0ECF93D2002F0E9F9002002F0E6F9D1
:102610005D2002F0E3F9002002F0E0F95D2002F015
:10262000DDF9002002F0DAF9B12002F0E3F98020B0
:1026300002F0D4F9002002F0D1F98B2000E0FCE395
:1026400002F0CCF9002002F0C9F9962002F0C6F998
:10265000002002F0C3F9B22002F0CCF9002002F011
:10266000BDF9002002F0BAF9022002F0B7F900200B
:1026700002F0B4F9032002F0B1F9002002F0AEF943
:10268000B32002F0B7F9002002F0A8F9002002F010
:10269000A5F9002002F0A2F9002002F09FF9002025
:1026A00002F09CF9002002F099F9002002F096F95E
:1026B000002002F093F9002002F090F9002002F0CF
:1026C0008DF9002002F08AF9002002F087F900203D
:1026D00002F084F9002002F081F9002002F07EF976
:1026E000002002F07BF9002002F078F9002002F0CF
:1026F00075F9002002F072F9002002F06FF9002055
:1027000002F06CF9002002F069F9002002F066F98D
:10271000002002F063F9B42002F06CF98B2002F083
:102720005DF9002002F05AF9962002F057F90020D6
:1027300002F054F9A12002F051F9002002F04EF904
:10274000B52002F057F9022002F048F9002002F00B
:1027500045F9032002F042F9002002F03FF904207D
:1027600002F03CF9002002F039F9B62002F042F9FB
:10277000002002F033F9002002F030F9B72002F017
:1027800039F9002002F02AF9002002F027F93F2051
:1027900002F024F9002002F021F95E2002F01EF977
:1027A000002002F01BF9642002F018F9002002F06A
:1027B00015F98C2002F012F9002002F00FF9AC207C
:1027C00002F00CF9002002F009F9DC2002F006F911
:1027D000002002F003F9702002F000F9002002F05E
:1027E000FDF8902002F0FAF8002002F0F7F8EB2054
:1027F00002F0F4F8002002F0F1F8DC2002F0EEF82C
:10280000002002F0EBF8B82002F0F4F8002002F00B
:10281000E5F8002002F0E2F8002002F0DFF80020E6
:1028200002F0DCF8002002F0D9F8002002F0D6F81F
:10283000002002F0D3F8002002F0D0F8BA2002F015
:10284000D9F8242002F0CAF8002002F0C7F80020CE
:1028500002F0C4F8002002F0C1F8C12002F0CAF86A
:10286000202002F0BBF8002002F0B8F8542002F05B
:10287000B5F8002002F0B2F8FF2002F0AFF8002017
:1028800002F0ACF8C22002F0B5F80A2002F0A6F877
:10289000002002F0A3F8042002F0A0F8002002F0CB
:1028A0009DF8C32002F0A6F83C2002F097F8002023
:1028B00002F094F83A2002F091F8002002F08EF82D
:1028C000392002F08BF8002002F088F8372002F05F
:1028D00085F8002002F082F83C2002F07FF800200A
:1028E00002F07CF8362002F079F8002002F076F849
:1028F000322002F073F8002002F070F82F2002F06E
:102900006DF8002002F06AF82C2002F067F8002031
:1029100002F064F8292002F061F8002002F05EF86D
:10292000262002F05BF8002002F058F8242002F084
:1029300055F8002002F052F8242002F04FF8002051
:1029400002F04CF8232002F049F8002002F046F88B
:102950003C2002F043F8002002F040F8362002F05C
:102960003DF8002002F03AF8322002F037F800205B
:1029700002F034F82F2002F031F8002002F02EF897
:102980002C2002F02BF8002002F028F8292002F079
:1029900025F8002002F022F8262002F01FF800207F
:1029A00002F01CF8242002F019F8002002F016F8BA
:1029B000242002F013F8002002F010F8232002F087
:1029C0000DF8002002F00AF8C42002F013F862208B
:1029D00002F004F8002002F001F8052001F0FEFFEB
:1029E000002001F0FBFF842001F0F8FF002001F03F
:1029F000F5FFF02001F0F2FF002001F0EFFF1820BA
:102A000001F0ECFF002001F0E9FFA42001F0E6FF57
:102A1000002001F0E3FF182001F0E0FF002001F0AA
:102A2000DDFF502001F0DAFF002001F0D7FF0C207D
:102A300001F0D4FF002001F0D1FF172001F0CEFFFC
:102A4000002001F0CBFF952001F0C8FF002001F02D
:102A5000C5FFF32001F0C2FF002001F0BFFFE62018
:102A600001F0BCFF002001F0B9FFC52001F0C2FF5A
:102A7000322001F0B3FF002001F0B0FF442001F04C
:102A8000ADFF002001F0AAFF652001F0A7FF0020A4
:102A900001F0A4FF762001F0A1FF002001F09EFFCD
:102AA000882001F09BFF002001F098FFC62001F074
:102AB000A1FF202001F092FF002001F08FFF1720DE
:102AC00001F08CFF002001F089FF012001F086FF5A
:102AD000002001F083FFC72001F08CFF002001F0EF
:102AE0007DFF002001F07AFF002001F077FF002039
:102AF00001F074FFC82001F07DFF002001F06EFF9F
:102B0000002001F06BFF002001F068FF002001F0C1
:102B100065FFC92001F06EFF002001F05FFF00207B
:102B200001F05CFF002001F059FF002001F056FF8A
:102B3000002001F053FF002001F050FF002001F0C1
:102B40004DFF002001F04AFF002001F047FF002068
:102B500001F044FF002001F041FF002001F03EFFA2
:102B6000002001F03BFF002001F038FF002001F0C1
:102B700035FF002001F032FFE02001F03BFF16207E
:102B800001F02CFF002001F029FF1C2001F026FF9E
:102B9000002001F023FF212001F020FF002001F0A0
:102BA0001DFF362001F01AFF002001F017FF46201C
:102BB00001F014FF002001F011FF522001F00EFF80
:102BC000002001F00BFF642001F008FF002001F05D
:102BD00005FF7A2001F002FF002001F0FFFE8B20AC
:102BE00001F0FCFE002001F0F9FE992001F0F6FE54
:102BF000002001F0F3FEA82001F0F0FE002001F01B
:102C0000EDFEB92001F0EAFE002001F0E7FEC4204D
:102C100001F0E4FE002001F0E1FECA2001F0DEFE3A
:102C2000002001F0DBFED22001F0D8FE002001F0F0
:102C3000D5FED92001F0D2FE002001F0CFFEE02029
:102C400001F0CCFE002001F0C9FEF32001F0C6FE29
:102C5000002001F0C3FEE12001F0CCFE162001F0BF
:102C6000BDFE002001F0BAFE1C2001F0B7FE0020DE
:102C700001F0B4FE222001F0B1FE002001F0AEFE12
:102C8000362001F0ABFE002001F0A8FE452001F047
:102C9000A5FE002001F0A2FE522001F09FFE0020C0
:102CA00001F09CFE642001F099FE002001F096FEE8
:102CB0007A2001F093FE002001F090FE8B2001F0BD
:102CC0008DFE002001F08AFE992001F087FE002091
:102CD00001F084FEA82001F081FE002001F07EFEBC
:102CE000B92001F07BFE002001F078FEC42001F045
:102CF00075FE002001F072FECA2001F06FFE002078
:102D000001F06CFED22001F069FE002001F066FEA9
:102D1000D82001F063FE002001F060FEE02001F009
:102D20005DFE002001F05AFEF32001F057FE002066
:102D300001F054FEE22001F05DFE052001F04EFEA0
:102D4000002001F04BFE0B2001F048FE002001F0B6
:102D500045FE1B2001F042FE002001F03FFE342022
:102D600001F03CFE002001F039FE442001F036FE67
:102D7000002001F033FE4F2001F030FE002001F072
:102D80002DFE612001F02AFE002001F027FE7920AF
:102D900001F024FE002001F021FE882001F01EFE3B
:102DA000002001F01BFE972001F018FE002001F02A
:102DB00015FEA62001F012FE002001F00FFEB72044
:102DC00001F00CFE002001F009FEC22001F006FE19
:102DD000002001F003FEC72001F000FE002001F0FA
:102DE000FDFDD12001F0FAFD002001F0F7FDD62015
:102DF00001F0F4FD002001F0F1FDDD2001F0EEFD19
:102E0000002001F0EBFDF32001F0E8FD002001F0CF
:102E1000E5FDE32001F0EEFD052001F0DFFD0020DF
:102E200001F0DCFD0A2001F0D9FD002001F0D6FD03
:102E30001C2001F0D3FD002000E0FDE201F0CEFDFA
:102E4000332001F0CBFD002001F0C8FD442001F04B
:102E5000C5FD002001F0C2FD502001F0BFFD0020A3
:102E600001F0BCFD622001F0B9FD002001F0B6FDCB
:102E7000782001F0B3FD002001F0B0FD882001F0C2
:102E8000ADFD002001F0AAFD972001F0A7FD002074
:102E900001F0A4FDA62001F0A1FD002001F09EFD9F
:102EA000B72001F09BFD002001F098FDC22001F049
:102EB00095FD002001F092FDC72001F08FFD00205C
:102EC00001F08CFDD12001F089FD002001F086FD8C
:102ED000D52001F083FD002001F080FDDD2001F010
:102EE0007DFD002001F07AFDF32001F077FD002048
:102EF00001F074FDE42001F07DFD012001F06EFD84
:102F0000002001F06BFD012001F068FD002001F0C0
:102F100065FD022001F062FD002001F05FFD2A2026
:102F200001F05CFD002001F059FD3C2001F056FD50
:102F3000002001F053FD4B2001F050FD002001F076
:102F40004DFD5D2001F04AFD002001F047FD742099
:102F500001F044FD002001F041FD842001F03EFD20
:102F6000002001F03BFD932001F038FD002001F02E
:102F700035FDA22001F032FD002001F02FFDB3202D
:102F800001F02CFD002001F029FDBE2001F026FDFE
:102F9000002001F023FDC42001F020FD002001F0FD
:102FA0001DFDCD2001F01AFD002001F017FDD320FA
:102FB00001F014FD002001F011FDDD2001F00EFDF7
:102FC000002001F00BFDF32001F008FD002001F0CE
:102FD00005FDE52001F00EFD002001F0FFFC0020C2
:102FE00001F0FCFC002001F0F9FC002001F0F6FCEF
:102FF000022001F0F3FC002001F0F0FC292001F098
:10300000EDFC002001F0EAFC3C2001F0E7FC002090
:1030100001F0E4FC4B2001F0E1FC002001F0DEFCBB
:103020005D2001F0DBFC002001F0D8FC742001F0F1
:10303000D5FC002001F0D2FC842001F0CFFC002060
:1030400001F0CCFC932001F0C9FC002001F0C6FC8B
:10305000A22001F0C3FC002001F0C0FCB32001F06D
:10306000BDFC002001F0BAFCBE2001F0B7FC00203E
:1030700001F0B4FCC42001F0B1FC002001F0AEFC72
:10308000CD2001F0ABFC002001F0A8FCD32001F022
:10309000A5FC002001F0A2FCDC2001F09FFC002038
:1030A00001F09CFCF32001F099FC002001F096FC5B
:1030B000E62001F09FFC112001F090FC002001F0BF
:1030C0008DFC342001F08AFC002001F087FC5620A2
:1030D00001F084FC002001F081FC762001F07EFCF0
:1030E000002001F07BFC772001F078FC002001F04B
:1030F00075FC662001F072FC002001F06FFC882056
:1031000001F06CFC002001F069FC992001F066FCE4
:10311000002001F063FCBB2001F060FC002001F006
:103120005DFC992001F05AFC002001F057FC66205C
:1031300001F054FC002001F051FC552001F04EFC40
:10314000002001F04BFC552001F048FC002001F06C
:1031500045FC452001F042FC002001F03FFC4320EB
:1031600001F03CFC002001F039FC442001F036FC69
:10317000002001F033FCE72001F03CFC322001F09C
:103180002DFC002001F02AFC552001F027FC002036
:1031900001F024FC762001F021FC002001F01EFC4F
:1031A000662001F01BFC002001F018FC672001F0F4
:1031B00015FC002001F012FC672001F00FFC00203C
:1031C00001F00CFC872001F009FC002001F006FC56
:1031D000992001F003FC002001F000FCBB2001F06D
:1031E000FDFB002001F0FAFB992001F0F7FB002025
:1031F00001F0F4FB772001F0F1FB002001F0EEFB81
:10320000442001F0EBFB002001F0E8FB562001F028
:10321000E5FB002001F0E2FB232001F0DFFB0020B2
:1032200001F0DCFB332001F0D9FB002001F0D6FBDC
:10323000452001F0D3FB002001F0D0FBE82001F095
:10324000D9FB002001F0CAFB002001F0C7FB992048
:1032500001F0C4FB002001F0C1FB872001F0BEFBA0
:10326000002001F0BBFB882001F0B8FB002001F03A
:10327000B5FB772001F0B2FB002001F0AFFB662028
:1032800001F0ACFB002001F0A9FB882001F0A6FBB7
:10329000002001F0A3FBAA2001F0A0FB002001F018
:1032A0009DFBBB2001F09AFB002001F097FB9920C9
:1032B00001F094FB002001F091FB662001F08EFBF1
:1032C000002001F08BFB552001F088FB002001F06D
:1032D00085FB552001F082FB002001F07FFB44209C
:1032E00001F07CFB002001F079FB442001F076FB2B
:1032F000002001F073FB552001F070FB002001F06D
:103300006DFBE92001F076FBAA2001F067FB0020AD
:1033100001F064FB002001F061FB002001F05EFB86
:10332000002001F067FBAA2001F058FBCF2001F03C
:1033300061FB002001F052FB002001F04FFB002058
:1033400001F04CFB002001F049FB002001F046FB9E
:10335000002001F043FB002001F040FB002001F0C1
:103360003DFB002001F03AFB002001F037FB00207C
:1033700001F034FB002001F031FB002001F02EFBB6
:10338000002001F02BFB002001F028FB002001F0C1
:1033900025FB002001F022FBF02001F02BFB002098
:1033A00001F01CFB502001F019FB002001F016FB7E
:1033B000002001F013FB002001F010FBF32001F0CE
:1033C00019FB002001F00AFBF92001F013FB062095
:1033D00001F004FB102001F001FB292001F0FEFAAE
:1033E000002001F0FBFA3A2001F004FB552001F027
:1033F000F5FA112001F0FEFA642002F087F8292086
:1034000001F0F8FA352001F0F5FA002001F0E6FAB3
:10341000512001F0EFFAFF2001F0E0FA532001F013
:10342000E9FA2C2001F0DAFA552001F0E3FA8220C3
:1034300001F0D4FA2C20FDE3A8427DD155214FF4B0
:10344000704001F0EDFAAA214FF2010001F0E8FA14
:1034500052214FF2020001F0E3FA4FF2030B082170
:10346000584601F0DDFA4FF204030121184601F03D
:10347000D7FA0D214FF4304001F0D2FA0D214BF272
:10348000010001F0CDFA0D214BF2020001F0C8FA63
:1034900034214FF4364001F0C3FA34214BF201607D
:1034A00001F0BEFA34214BF2026001F0B9FA0D21AD
:1034B0004FF4314001F0B4FA0D214BF2011001F04C
:1034C000AFFA0D214BF2021001F0AAFA34214FF4A9
:1034D000374001F0A5FA34214BF2017001F0A0FA57
:1034E00034214BF2027001F09BFA00214FF432407C
:1034F00001F096FA00214BF2012001F091FA00212F
:103500004BF2022001F08CFA24214FF4384001F0F4
:1035100087FA24214BF6010001F082FA24214BF6B0
:10352000020001F07DFA01214FF43F4001F078FAEA
:103530000F214FF4334000E0FEE301F071FA0F2158
:103540004BF2013001F06CFA0F214BF2023001F026
:1035500067FA34214FF4394001F062FA34214BF616
:10356000011001F05DFA34214BF6021001F058FA17
:1035700008214FF4354001F053FA08214BF2015075
:1035800001F04EFA08214BF2025001F049FA0321F2
:103590004FF4424001F044FA24214FF43A4001F044
:1035A0003FFA24214BF6012001F03AFA24214BF690
:1035B000022001F035FA00214FF43C4001F030FACE
:1035C00078214BF6014001F02BFA00214BF6024026
:1035D00001F026FA00214FF43D4001F021FA782154
:1035E0004BF6015001F01CFA00214BF6025001F09D
:1035F00017FA00214FF43E4001F012FA64214BF615
:10360000016001F00DFA00214FF4514001F008FA79
:1036100033214DF2011001F003FA00214DF20210A6
:1036200001F0FEF934214DF2031001F0F9F9002107
:103630004DF2041001F0F4F93A214DF2051001F0B9
:10364000EFF900214DF2061001F0EAF94A214DF29E
:10365000071001F0E5F900214DF2081001F0E0F942
:103660005C214DF2091001F0DBF900214DF20A1046
:1036700001F0D6F981214DF20B1001F0D1F90021B2
:103680004DF20C1001F0CCF9A6214DF20D1001F015
:10369000C7F900214DF20E1001F0C2F9E5214DF2FB
:1036A0000F1001F0BDF901214DF2101001F0B8F931
:1036B00013214DF2111001F0B3F901214DF2121056
:1036C00001F0AEF954214DF2131001F0A9F90121D6
:1036D0004DF2141001F0A4F982214DF2151001F001
:1036E0009FF901214DF2161001F09AF9CA214DF20D
:1036F000171001F095F902214DF2181001F090F920
:1037000000214DF2191001F08BF902214DF21A102F
:1037100001F086F901214DF21B1001F081F902211F
:103720004DF21C1001F07CF934214DF21D1001F016
:1037300077F902214DF21E1001F072F967214DF266
:103740001F1001F06DF902214DF2201001F068F90F
:1037500084214DF2211001F063F902214DF2221073
:1037600001F05EF9A4214DF2231001F059F9022174
:103770004DF2241001F054F9B7214DF2251001F05B
:103780004FF902214DF2261001F04AF9CF214DF2F6
:10379000271001F045F902214DF2281001F040F9FF
:1037A000DE214DF2291001F03BF902214DF22A10E1
:1037B00001F036F9F2214DF22B1001F031F902211E
:1037C0004DF22C1001F02CF9FE214DF22D1001F0DC
:1037D00027F903214DF22E1001F022F910214DF2AC
:1037E0002F1001F01DF903214DF2301001F018F9EE
:1037F00033214DF2311001F013F903214DF2321053
:1038000001F00EF96D214DF2331001F009F900219C
:103810004FF4524001F004F933214DF2012001F040
:10382000FFF800214DF2022001F0FAF834214DF2A8
:10383000032001F0F5F800214DF2042001F0F0F82A
:103840003A214DF2052001F0EBF800214DF206205F
:1038500001F0E6F84A214DF2072001F0E1F80021DD
:103860004DF2082001F0DCF85C214DF2092001F056
:10387000D7F800214DF20A2001F0D2F881214DF253
:103880000B2001F0CDF800214DF20C2001F0C8F81A
:10389000A6214DF20D2001F0C3F800214DF20E20BB
:1038A00001F0BEF8E5214DF20F2001F0B9F8012139
:1038B0004DF2102001F0B4F813214DF2112001F067
:1038C000AFF801214DF2122001F0AAF854214DF277
:1038D000132001F0A5F801214DF2142001F0A0F809
:1038E00082214DF2152001F09BF801214DF21620A6
:1038F00001F096F8CA214DF2172001F091F802214B
:103900004DF2182001F08CF800214DF2192001F041
:1039100087F802214DF21A2001F082F801214DF2C0
:103920001B2001F07DF802214DF21C2001F078F8F7
:1039300034214DF21D2001F073F802214DF21E20BA
:1039400001F06EF867214DF21F2001F069F80221A5
:103950004DF2202001F064F884214DF2212001F085
:103960005FF802214DF2222001F05AF8A4214DF215
:10397000232001F055F802214DF2242001F050F8E7
:10398000B7214DF2252001F04BF802214DF22620FF
:1039900001F046F8CF214DF2272001F041F8022135
:1039A0004DF2282001F03CF8DE214DF2292001F0F3
:1039B00037F802214DF22A2001F032F8F2214DF2BF
:1039C0002B2001F02DF802214DF22C2001F028F8D7
:1039D000FE214DF22D2001F023F803214DF22E207F
:1039E00001F01EF810214DF22F2001F019F80321EB
:1039F0004DF2302001F014F833214DF2312001F066
:103A00000FF803214DF2322001F00AF86D214DF23A
:103A1000332001F005F800214FF4534001F000F885
:103A200033214DF2013000F0FBFF00214DF2023056
:103A300000F0F6FF34214DF2033000F0F1FF0021D9
:103A40004DF2043000F0ECFF3A214DF2053000F069
:103A5000E7FF00214DF2063000F0E2FF4A214DF26F
:103A6000073000F0DDFF00214DF2083000F0D8FFF4
:103A70005C214DF2093000F0D3FF00214DF20A30F5
:103A800000F0CEFF81214DF20B3000F0C9FF002184
:103A90004DF20C3000F0C4FFA6214DF20D3000F0C5
:103AA000BFFF00214DF20E3000F0BAFFE5214DF2CC
:103AB0000F3000F0B5FF01214DF2103000F0B0FFE3
:103AC00013214DF2113000F0ABFF01214DF2123005
:103AD00000F0A6FF54214DF2133000F0A1FF0121A8
:103AE0004DF2143000F09CFF82214DF2153000F0B1
:103AF00097FF01214DF2163000F092FFCA214DF2DE
:103B0000173000F08DFF02214DF2183000F088FFD1
:103B100000214DF2193000F083FF02214DF21A30DE
:103B200000F07EFF01214DF21B3000F079FF0221F1
:103B30004DF21C3000F074FF34214DF21D3000F0C6
:103B40006FFF02214DF21E3000F06AFF67214DF237
:103B50001F3000F065FF02214DF2203000F060FFC1
:103B600084214DF2213000F05BFF02214DF2223022
:103B700000F056FFA4214DF2233000F051FF022146
:103B80004DF2243000F04CFFB7214DF2253000F00B
:103B900047FF02214DF2263000F042FFCF214DF2C7
:103BA000273000F03DFF02214DF2283000F038FFB1
:103BB000DE214DF2293000F033FF02214DF22A3090
:103BC00000F02EFFF2214DF22B3000F029FF0221F0
:103BD0004DF22C3000F024FFFE214DF22D3000F08C
:103BE0001FFF03214DF22E3000F01AFF10214DF27D
:103BF0002F3000F015FF03214DF2303000F010FFA0
:103C000033214DF2313000F00BFF03214DF2323001
:103C100000F006FF6D214DF2333000F001FF00216E
:103C20004FF4544000F0FCFE33214DF2014000F00F
:103C3000F7FE00E082E300214DF2024000F0F0FECA
:103C400034214DF2034000F0EBFE00214DF2044020
:103C500000F0E6FE3A214DF2054000F0E1FE0021C1
:103C60004DF2064000F0DCFE4A214DF2074000F024
:103C7000D7FE00214DF2084000F0D2FE5C214DF24B
:103C8000094000F0CDFE00214DF20A4000F0C8FED0
:103C900081214DF20B4000F0C3FE00214DF20C409B
:103CA00000F0BEFEA6214DF20D4000F0B9FE00214D
:103CB0004DF20E4000F0B4FEE5214DF20F4000F051
:103CC000AFFE01214DF2104000F0AAFE13214DF28B
:103CD000114000F0A5FE01214DF2124000F0A0FEBF
:103CE00054214DF2134000F09BFE01214DF214408F
:103CF00000F096FE82214DF2154000F091FE012168
:103D00004DF2164000F08CFECA214DF2174000F033
:103D100087FE02214DF2184000F082FE00214DF294
:103D2000194000F07DFE02214DF21A4000F078FEAD
:103D300001214DF21B4000E003E300F071FE02217F
:103D40004DF21C4000F06CFE34214DF21D4000F09D
:103D500067FE02214DF21E4000F062FE67214DF227
:103D60001F4000F05DFE02214DF2204000F058FEA1
:103D700084214DF2214000F053FE02214DF22240F9
:103D800000F04EFEA4214DF2234000F049FE022136
:103D90004DF2244000F044FEB7214DF2254000F0E2
:103DA0003FFE02214DF2264000F03AFECF214DF2B7
:103DB000274000F035FE02214DF2284000F030FE91
:103DC000DE214DF2294000F02BFE02214DF22A4067
:103DD00000F026FEF2214DF22B4000F021FE0221E0
:103DE0004DF22C4000F01CFEFE214DF22D4000F063
:103DF00017FE03214DF22E4000F012FE10214DF26D
:103E00002F4000F00DFE03214DF2304000F008FE7F
:103E100033214DF2314000F003FE03214DF23240D8
:103E200000F0FEFD6D214DF2334000F0F9FD002160
:103E30004FF4554000F0F4FD33214DF2015000F0F5
:103E4000EFFD00214DF2025000F0EAFD34214DF269
:103E5000035000F0E5FD00214DF2045000F0E0FDBC
:103E60003A214DF2055000F0DBFD00214DF20650E5
:103E700000F0D6FD4A214DF2075000F0D1FD00219F
:103E80004DF2085000F0CCFD5C214DF2095000F0DD
:103E9000C7FD00214DF20A5000F0C2FD81214DF214
:103EA0000B5000F0BDFD00214DF20C5000F0B8FDAC
:103EB000A6214DF20D5000F0B3FD00214DF20E5041
:103EC00000F0AEFDE5214DF20F5000F0A9FD0121FB
:103ED0004DF2105000F0A4FD13214DF2115000F0EE
:103EE0009FFD01214DF2125000F09AFD54214DF238
:103EF000135000F095FD01214DF2145000F090FD9B
:103F000082214DF2155000F08BFD01214DF216502B
:103F100000F086FDCA214DF2175000F081FD02210C
:103F20004DF2185000F07CFD00214DF2195000F0C8
:103F300077FD02214DF21A5000F072FD01214DF281
:103F40001B5000F06DFD02214DF21C5000F068FD89
:103F500034214DF21D5000F063FD02214DF21E5040
:103F600000F05EFD67214DF21F5000F059FD022167
:103F70004DF2205000F054FD84214DF2215000F00C
:103F80004FFD02214DF2225000F04AFDA4214DF2D6
:103F9000235000F045FD02214DF2245000F040FD79
:103FA000B7214DF2255000F03BFD02214DF2265085
:103FB00000F036FDCF214DF2275000F031FD0221F7
:103FC0004DF2285000F02CFDDE214DF2295000F07A
:103FD00027FD02214DF22A5000F022FDF2214DF280
:103FE0002B5000F01DFD02214DF22C5000F018FD69
:103FF000FE214DF22D5000F013FD03214DF22E5005
:1040000000F00EFD10214DF22F5000F009FD0321AC
:104010004DF2305000F004FD33214DF2315000F0EC
:10402000FFFC03214DF2325000F0FAFC6D214DF2FD
:10403000335000F0F5FC00214FF4564000F0F0FC46
:1040400033214DF2016000F0EBFC00214DF20260E3
:1040500000F0E6FC34214DF2036000F0E1FC0021A9
:104060004DF2046000F0DCFC3A214DF2056000F0F6
:10407000D7FC00214DF2066000F0D2FC4A214DF23F
:10408000076000F0CDFC00214DF2086000F0C8FC94
:104090005C214DF2096000F0C3FC00214DF20A6082
:1040A00000F0BEFC81214DF20B6000F0B9FC002154
:1040B0004DF20C6000F0B4FCA6214DF20D6000F052
:1040C000AFFC00214DF20E6000F0AAFCE5214DF29C
:1040D0000F6000F0A5FC01214DF2106000F0A0FC83
:1040E00013214DF2116000F09BFC01214DF2126092
:1040F00000F096FC54214DF2136000F091FC012178
:104100004DF2146000F08CFC82214DF2156000F03D
:1041100087FC01214DF2166000F082FCCA214DF2AD
:10412000176000F07DFC02214DF2186000F078FC71
:1041300000214DF2196000F073FC02214DF21A606B
:1041400000F06EFC01214DF21B6000F069FC0221C1
:104150004DF21C6000F064FC34214DF21D6000F053
:104160005FFC02214DF21E6000F05AFC67214DF207
:104170001F6000F055FC02214DF2206000F050FC61
:1041800084214DF2216000F04BFC02214DF22260AF
:1041900000F046FCA4214DF2236000F041FC022116
:1041A0004DF2246000F03CFCB7214DF2256000F098
:1041B00037FC02214DF2266000F032FCCF214DF297
:1041C000276000F02DFC02214DF2286000F028FC51
:1041D000DE214DF2296000F023FC02214DF22A601D
:1041E00000F01EFCF2214DF22B6000F019FC0221C0
:1041F0004DF22C6000F014FCFE214DF22D6000F019
:104200000FFC03214DF22E6000F00AFC10214DF24C
:104210002F6000F005FC03214DF2306000F000FC3F
:1042200033214DF2316000F0FBFB03214DF232608F
:1042300000F0F6FB6D214DF2336000F0F1FB5521EB
:104240004FF4704000F0ECFBAA214FF2010000F0A7
:10425000E7FB52214FF2020000F0E2FB0821584632
:1042600000F0DEFB0021184600F0DAFBCC214FF411
:10427000314000F0D5FB00214BF2011000F0D0FBE3
:1042800005214FF4364000F0CBFB70214FF437404E
:1042900000F0C6FB70214BF2017000F0C1FB012160
:1042A0004FF4384000F0BCFB03214BF6010000F056
:1042B000B7FB03214BF6020000F0B2FB03214BF6E3
:1042C000030000F0ADFB02214FF43C4000F0A8FBDE
:1042D00000214BF6014000F0A3FB00214BF6024009
:1042E00000F09EFBD0214FF4494000F099FB0221E1
:1042F0004CF6011000F094FB50214CF6021000F037
:104300008FFB50214CF6031000F08AFB50214CF635
:10431000041000F085FB00214FF4545000F080FBA6
:1043200055214FF4685000F07BFB4FF4885000F0AB
:1043300061FB782001F0F8F84FF4245000F05AFBAC
:10434000B9E04045FCD1E22000F054FB1D2000F014
:1043500045FB022000F042FB042000F03FFB6420FC
:1043600001F0E2F8E02000F045FB012000F036FB10
:104370000A2001F0CBF8E02000F03CFB032000F025
:104380002DFB0C2001F0C2F8012000F033FB0A20C5
:1043900001F0BCF8E62000F02DFB2F2000F01EFB02
:1043A000FF2000F01BFBFF2000F018FBB02000F006
:1043B00021FB202000F012FB002000F00FFB032067
:1043C00000F00CFB40F21F3000F008FB012000F071
:1043D00005FB40F2DF1000F001FB002000F0FEFAC8
:1043E000B42000F007FB042000F0F8FA40F21F4070
:1043F00000F0F4FA002000F0F1FA2E2000F0EEFABE
:10440000002000F0EBFA002000F0E8FA002000F0B5
:10441000E5FA002000F0E2FAB62000F0EBFA022004
:1044200000F0DCFA4FF4037000F0D8FA002000F03E
:10443000D5FA172000F0D2FA152000F0CFFA0020AC
:1044400000F0CCFA002000F0C9FAF02000F0D2FA17
:10445000032000F0C3FA292000F0CCFAD02000F0AD
:10446000C9FA002000F0BAFABE2000F0C3FA052015
:1044700000F0B4FAFE2000F0B1FA012000F0AEFA2C
:10448000002000F0ABFA002000F0A8FA002000F0B5
:10449000A5FAB82000F0AEFA032000F09FFA012040
:1044A00000F09CFABA2000F0A5FA012000F096FA7C
:1044B000642000F067F8B088484507D0B84205D0BE
:1044C000A84203D0404501D0A04218D11348D0F8EB
:1044D000041121F00F01C0F80411D0F8041121F4E7
:1044E0007061C0F80411D0F8041141F00501C0F862
:1044F0000411D0F8041141F4A061C0F804110020A7
:10450000FDF742FC064801222021FCF7E1FB504662
:10451000FDF720FC15B0BDE8F08F00000040005210
:10452000000402581FB5FCF73FFC00208DF80C007A
:104530004FF0C04201921B228DF8082001218DF816
:1045400009008DF80D0003228DF800108DF80A0087
:104550008DF80E008DF8010068468DF80B208DF85F
:104560000F10FCF7F7FB0420FCF72CFC1FBD00002C
:10457000034808B50088ADF80000BDF8000008BD8C
:10458000000008600246BE2000B500F033FA0520A6
:1045900000F024FA00EE102A9FED0D1BB8EE400B40
:1045A00020EE010BBCEEC00B10EE100A80B200F042
:1045B00015FA012000F012FAFF2000F00FFA002097
:1045C00000F00CFA5DF804EB002000F007BA0000E0
:1045D0006666666666660440F0B56E4D002341F679
:1045E00063142A46A9799288012901D019B11BE0E8
:1045F000A24202D118E0A24216D1082814D2DFE864
:1046000000F00406080A0C0E101206200CE0072029
:104610000AE0042008E0052006E0012004E0002074
:1046200002E0032000E0022045F21031A2F513471A
:1046300045F21056413F09D08A4207D0B24205D018
:10464000A24203D0A2F5EE47893F77D1082812D2C3
:10465000DFE800F0110406080A0C0E1080230AE0BF
:10466000402308E0C02306E0202304E0602302E0AA
:10467000A02300E0E023B24202D14FF4585000E002
:1046800036208A4205D0B24203D0A24201D043F084
:104690000803194600F0C4F9A988A1420AD06A8823
:1046A0009806288802D5904202D303E0904201D9AF
:1046B0002A806880B142688941D100F09BF90020CE
:1046C00000F08CF96889401C80B200F093F900205A
:1046D00000F084F96889801C80B200F08BF928888A
:1046E000401EC0F30F2000F079F96889C01C80B229
:1046F00000F080F92878401EC0B200F06FF9A88958
:1047000000F078F9002000F069F9A889401C80B217
:1047100000F070F9002000F061F9A889801C80B2D7
:1047200000F068F96888401EC0F30F2000F056F9C9
:10473000A889C01C80B200F05DF922E028E000F0FA
:1047400059F9002000F04AF9002000F047F92888C4
:10475000401EC0F30F2000F041F92878401EC0B27F
:1047600000F03CF9A88900F045F9002000F036F986
:10477000002000F033F96888401EC0F30F2000F0DD
:104780002DF9A878BDE8F040401EC0B200F026B96F
:10479000F0BD0000BC010024F0B5434D0F0A0C46EB
:1047A00002462946160AA8884989A0F51343413BC9
:1047B0002DD0A0F5A643103B29D0A0F5EE43893BB0
:1047C00025D0A0F5C853633B31D0A0F5AA43103BD8
:1047D00068D1084600F00EF9304600F0FFF868890D
:1047E000401C80B200F006F9D0B200F0F7F8A889BA
:1047F00000F000F9384600F0F1F8A889401C80B2BA
:1048000000F0F8F8E0B2BDE8F04000F0E7B8084684
:1048100000F0F0F8304600F0E1F8D0B200F0DEF839
:10482000A88900F0E7F8384600F0D8F8EAE7A87958
:1048300030B3084600F0DEF8304600F0CFF8D0B2D2
:1048400000F0CCF82888401EC0F30F2000F0C6F816
:104850002878401EC0B200F0C1F8A88900F0CAF85C
:10486000384600F0BBF8E0B200F0B8F86888401EA7
:10487000C0F30F2000F0B2F8A878401EC0B2C2E723
:104880002888801A401E82B2084600F0B3F8002043
:1048900000F0A4F8002000F0A1F8100A00F09EF843
:1048A000D0B2D8E7F0BD0000BC0100242DE9F84FDC
:1048B0001F460E4682468B46580700D001207908D5
:1048C00000EBD700203A10FB01F0002502F0FF09B1
:1048D000C0B2009047E00C2F10D0102F12D0182F2C
:1048E00014D0202F42D1224901EBC9104FF000080B
:1048F000445D200610D51F48026811E01E4909EBEF
:10490000490006E01D4901EB0910EFE71C4909EBDE
:10491000C90001EB8000E9E70A9828B91548426808
:1049200031465046FDF7A4FA6006761C040E154881
:10493000B6B24088B04219D9A6EB0B00B84209D1F3
:104940000AF101005E461FFA80FA0E4801885145BF
:104950000CD906E008F1010000F0FF08B8F1080FDB
:10496000C7D36D1CEDB200988542B4D3BDE8F88F73
:10497000326F00082000002472570008E65B000830
:10498000D6610008BC0100242DE9F84F00F0FF08B3
:10499000044610190D461FFA80FA4FF0000B581903
:1049A0001FFA80F9DDE90A7611E0544502D3E819CF
:1049B000444685B24D450FD23B4629462046CDF8A8
:1049C00000B0FFF773FF04EB570084B2761C327817
:1049D000A2F120005E28E8D9BDE8F88F01B5BDF846
:1049E0000000ADF80000BDF800000149088008BDD6
:1049F0000000086001B5BDF80000ADF80000BDF88A
:104A000000000149088008BDFEFF07600248034915
:104A10000089088070470000BC010024FEFF076089
:104A2000024A1080901C018070470000FEFF076062
:104A3000104810B586B0016841F0020101600068BD
:104A400001210D4C00F0020005900320CDE900018A
:104A5000CDE9021069462046FCF742F801222046C3
:104A60001146FCF735F9012220460221FCF730F906
:104A700006B010BDE0440258000402587047704769
:104A800054482DE9F041524C86B0016841F00201D2
:104A90000160016841F0200101604E480C38016856
:104AA00041F48041016040200090022001900320E9
:104AB000DFF82481002569460A270497CDE90250D2
:104AC0004046FCF70DF8042069460926049600903C
:104AD0004046FCF705F80496C020404E6946009019
:104AE0003046FBF7FDFF4FF4407069460497009095
:104AF0003046FBF7F5FF37486438016841F48041E0
:104B00000160016821F480410160314820388168EA
:104B10008906FCD43249016032494160016841F0A4
:104B20000101016081688906FCD44FF49C714161E8
:104B300081688907FCD5C16841F00201C1608168C4
:104B40008906FCD44FF48371416181688907FCD5E3
:104B5000C16841F00201C16081688906FCD4224924
:104B60004161056181684907FCD5302121700168E8
:104B700041F00401016081688907FCD5C16841F0FA
:104B80000201C16081688906FCD481688906FCD471
:104B9000C561164941611648016821F48031016000
:104BA000134970310A6822F001020A600A1D15607B
:104BB00082060F4B78331A601B1D0E4A1A600522BD
:104BC0000A60016841F48031016006B0BDE8F081FF
:104BD00020500052E04402580004025800140258C9
:104BE0001003000101041600C0030003EBEF180FCF
:104BF00024ED00E02D0003037047000070B5294C40
:104C00009CB0256825F004052560264C00260C3450
:104C1000256845F440452560256805F440451B9509
:104C20002568AD04FCD5012400940CAD0396240442
:104C3000019402240994CDE90A410796082485E8E5
:104C40000D00CDE910466846FCF7E8FB98B9FFF780
:104C500017FF3F2013900320CDE9140640200101E7
:104C6000CDE91640CDE9180150201A90022113A871
:104C7000FCF726FA10B101201CB070BD0A4801688B
:104C800041F0800101600848F430016841F0020100
:104C90000160006800F002001B90FBF719FF002084
:104CA000EAE700000C48025800440258FCF71CB820
:104CB0001C48016841F4700101601B49086840F01C
:104CC00001000860184A0020103210600A68174B73
:104CD0001A400A60144A18321060121D1060121D2A
:104CE0001060114A28321060121D1060121D1060F1
:104CF000121D1060121D1060121D1060121D106038
:104D0000121D10600A6822F480220A600649603190
:104D1000086001200649C1F80801C0060149803930
:104D20000860704788ED00E0004402587FEDF6EA25
:104D30000080005190F83410C90706D001684A6815
:104D4000836B22F400321A434A6090F834108907CA
:104D500006D501684A68C36B22F480321A434A6060
:104D600090F83410490706D501684A68036C22F4AC
:104D700080221A434A6090F83410090706D501686A
:104D80004A68436C22F400421A434A6090F8341097
:104D9000C90606D501688A68836C22F480521A43DA
:104DA0008A6090F83410890606D501688A68C36C59
:104DB00022F400521A438A6090F83410490611D543
:104DC00001684A68036D22F480121A434A60016D3B
:104DD000B1F5801F06D101684A68436D22F4C00214
:104DE0001A434A6090F83410090606D501684A68EB
:104DF000806D22F4002202434A607047F8B5002516
:104E00000446C567FBF76AFF0746206800686FF035
:104E10007E46000708D500223B464FF4001120468D
:104E2000009600F0FBFA60B92068006840070AD5D8
:104E300000223B464FF480012046009600F0EEFA37
:104E400008B10320F8BD202084F8790084F87A00A6
:104E5000002084F87850F8BD10B5806B0021A0F8D0
:104E60006A10A0F86210FCF7B6FD10BD01680A6870
:104E700022F490720A6001688A6822F001028A6056
:104E8000202180F87A10704710B5B0F86C2090F8A7
:104E90007A300168222B05D0088B40F00800088387
:104EA000022010BD898C8368B3F5805F01D103694E
:104EB0006BB11140426E531C43661170B0F86A101A
:104EC000491E0904090CA0F86A1007D015E0436ECA
:104ED00011401980416E891C4166EFE701680A683C
:104EE00022F490720A6001688A6822F001028A60E6
:104EF000202180F87A10FCF7FFFE002010BD000092
:104F00002DE9F04F044600688025FD4B0021D4F8C0
:104F100010C087B0A6680F46D4F81C8046EA0C067D
:104F2000D4F814C0A26A4CEA080C46EA0C063243D4
:104F30000668DFF8D0C306EA0C0616430660206850
:104F40004268E66822F44052324342602268A06917
:104F50009A4201D0266A3043A66AB6F1005F04D1B6
:104F6000D4E90B6C46EA0C0630439668DFF898C328
:104F700006EA0C06064396602068C26A666A22F05A
:104F80000F023243C262E14E2068E14AB04210D1C2
:104F9000126802F03802182A74D005DCCAB3082A55
:104FA0007AD0102A47D179E0202A7BD0282A7CD1D8
:104FB0007AE0D84EB04209D1126802F00702062A00
:104FC00073D2DFE802F053696B6D6F71D24EB0425D
:104FD00009D1126802F00702062A66D2DFE802F061
:104FE000465C5E606264CD4EB04209D1126802F048
:104FF0000702062A59D2DFE802F0394F51535557BC
:10500000C74EB0420BD1126802F00702062A4CD2FA
:1050100000E00EE0DFE802F02A4042444648C14E7C
:10502000B04209D1126802F03802182A38D0BBDC2D
:10503000B4E74FF0010538E0BB4EB04209D1126829
:1050400002F00702062A30D2DFE802F01026282AF2
:105050002C2EB64EB0420BD1126802F00702062A7F
:1050600023D2DFE802F003191B1D1F2100251CE0DD
:1050700098421AD1A64A121D126802F00702062AA7
:1050800013D202E00CE007E00CE0DFE802F00305D9
:1050900007090B0D022508E0042506E0402504E081
:1050A000082502E0102500E02025DFF864B2A04EBC
:1050B0009842DFF880A2ABF1540B73D1102D31D0A0
:1050C00006DC022D09D0042D0AD0082D2FD111E0C5
:1050D000202D29D0402D2AD107E0FBF7DFFE13E079
:1050E0006846FBF7F1FE01980EE003A8FBF76AFFA4
:1050F000049809E0DBF800105846890610D50068CE
:10510000C0F3C1012AFA01F0002811D06168894674
:1051100001EB410181420AD8B0EB093F07D808E012
:105120005046F3E78448F1E74FF40040EEE70127EB
:1051300033E1102D4FF000084ED006DC022D0FD0C9
:10514000042D15D0082D04D12DE0202D4AD0402D5E
:1051500013D00127794AA0F54071914270D9E6E752
:10516000FBF79CFE626A0023414636F812200DE0F0
:105170006846FBF7A9FE019803E003A8FBF722FFAE
:1051800004980023616A36F811201946FBF7FDF8F0
:1051900062680902030241EA10615008181841EBE5
:1051A000080115E032E0DBF800105846890609D501
:1051B00000680023C0F3C1012AFA01F0616A36F8E1
:1051C000112015E0606A002336F8102050460FE0E9
:1051D0000023FBF7DAF8BDE7606A002336F81020F9
:1051E000554805E0606A002336F810204FF400406F
:1051F0000021FBF7CAF80902020241EA10614FEAF6
:10520000590010184A4641EB0801E1E7E3694FF401
:10521000004293424DD1082D23D005DC8DB1012DE4
:1052200012D0042D06D112E0102D35D0202D3AD009
:10523000402D11D0012721F00F00C1F34201084396
:105240005AE0FCF743F816E0FCF756F813E068461E
:10525000FBF73AFE01980EE003A8FBF7B3FE0498B3
:1052600009E0DBF800105846890608D50068C0F34D
:10527000C1012AFA01F0616A36F8111010E0606A83
:1052800036F81010BAFBF1F04100606801EB5001F4
:10529000B1FBF0F081B2CEE7606A36F81010264814
:1052A000B0FBF1F0F0E7606A36F81000B2FBF0F006
:1052B000EAE7082D4AD00ADC0DB3012D43D0042DB6
:1052C0007FF44DAF6846FBF7FFFD019809E0102D14
:1052D00052D0202D55D0402DF2D103A8FBF772FEFD
:1052E0000498616A36F81110B0FBF1F1606801EBC7
:1052F0005001B1FBF0F080B22168C8604DE01FE0C2
:10530000000C0058F369FFCFFFF4FF1100100140BB
:10531000544402580044004000480040004C004003
:10532000005000400014014000780040007C004024
:105330005A5700080090D00300093D00FFFC0F0001
:10534000FBF7C4FFCDE7FBF7D7FFCAE7DBF8002088
:10535000594692060AD50968C1F3C1022AFA02F138
:10536000626A36F81220B1FBF2F20FE0616A36F899
:105370001120BAFBF2F209E0616A36F811200949FE
:10538000F1E7616A36F81110B2FBF1F2616802EBE5
:105390005102B2FBF1F189B2C16007B03846BDE8F5
:1053A000F08F000000093D0090F87910212901D00C
:1053B00002207047B0F8621021B18168B1F5805FBA
:1053C00013D014E001680A68920004D58A6822F4B8
:1053D00000028A6003E00A6822F080020A60006826
:1053E000016841F0400101600CE0016961B1C16DEB
:1053F0004A1CC265026809781185B0F86210491E1E
:10540000A0F8621000207047C16D02680988C1F3DE
:1054100008011185C16D891CC165EEE72DE9F041D8
:105420001E46174688460446069D1CE0681C1AD096
:1054300025B1FBF753FC801BA84214D920680168F2
:1054400021F4D07101602068816821F00101816040
:10545000202084F8790084F87A00002084F878000D
:105460000320BDE8F0812068C16938EA010004D05A
:105470000020B842DAD00020F3E70120F9E700006D
:1054800070B50D4D00240D48FCF7ACFA02E0641C29
:10549000AC4204D80948FCF79FFA2028F7D1002431
:1054A00002E0641CAC4206D8054901220348FCF71F
:1054B000CFFB0028F5D170BDFFFF0100F0000024F4
:1054C0000C000024FEE70907090E002804DB00F1A8
:1054D000E02080F80014704700F00F0000F1E02099
:1054E00080F8141D704730380A2801D20120704717
:1054F000002070477047000010B504460420FCF7F8
:1055000049FA0148046010BD0800002470B5002469
:1055100005464FF47A7603E0304600F005F8641C47
:10552000AC42F9D370BD000070B54FF0E02500210A
:105530006C69094AAB6912685043AA699A42FCD067
:1055400002D2A3EB020302E0A4EB020633441944A7
:1055500013468142F1D370BD080000240349CA6993
:105560005206FCD5C2B20A85704700000010014007
:1055700086B00024FBF792F9FBF7BEFB042302225E
:105580000521A020FFF73AFB4FF4C870FFF7B4FFE6
:105590004FF4E13000F0B8F8FFF74AFAFCF7E0FC0E
:1055A000404E4FF47845404840A13560828802A8BB
:1055B000FAF76EFF40A0FAF75FFF10274FF02009BF
:1055C0000DF108084FF0180A4FF00C0B0C2C0DD2FF
:1055D000DFE804F006093E404245484B4E5154571F
:1055E0004FF6FF7000E00020FCF7B4FB35A13560FA
:1055F0002023F022CDE9009128210A20FFF7C4F9E9
:1056000035A11823F022CDE900A150210A20FFF78F
:10561000BBF934A01023F022CDE900706E210A20DE
:10562000FFF7B2F91023F02282210A20CDE9007899
:10563000FFF7AAF92FA10C23F022CDE900B19621A2
:105640000A20FFF7A1F9641CE4B20C2C1CD01CE06A
:105650001F20C9E72846C7E74FF61F00C4E74FF4ED
:10566000FC60C1E747F6FF70BEE74FF6E070BBE7AE
:105670004FF60740B8E748F23040B5E74CF2186003
:10568000B2E74BF64040AFE700241D480221FBF78C
:105690001BFB4FF47A70FFF739FF1AA02146FAF787
:1056A000EBFE93E720000024BC0100244C4344207F
:1056B00049443A253034580061616161616161613A
:1056C00061000000504F4C4152495320483735305B
:1056D0002F463735300000005446544C4344205484
:1056E0004553540041544F4D40414C49454E54455B
:1056F0004B000000323031392F342F32310000009E
:1057000000040258256400000B490A4A10B5C1E99B
:10571000002000208860C860086188610C20486112
:105720000846FCF71FFABDE8104004490122024870
:10573000FCF78EBA00100140F00000240C00002499
:105740004FF04070E1EE100A7047000000000102C7
:105750000304010203040607080901000200040013
:10576000060008000A000C00100020004000800025
:105770000001000000000000000000000000000028
:1057800000003F400000000000000000300040002A
:1057900030004000000009000BC03D000BC03D0080
:1057A000090018C024407FE022403180000018002A
:1057B00024C01B000D803240018003801C40274024
:1057C0001C80074000401000600000000000000046
:1057D00000000000000000001F802040402000006A
:1057E000402020401F8000000000090006001F80AC
:1057F000060009000000040004003F8004000400CB
:105800000000001000600000000000000000040024
:105810000400040004000400000000000040000038
:10582000000000000000002001C006003800400019
:1058300000001F802040204020401F80000000000A
:1058400010403FC000400000000018C0214022402E
:1058500024401840000010802040244024401B8039
:10586000000002000D0011003FC0014000003C801C
:10587000244024402440238000001F8024402440F2
:105880003440038000003000200027C03800200092
:1058900000001B802440244024401B8000001C008A
:1058A00022C0224022401F8000000000000008406B
:1058B0000000000000000000000004600000000084
:1058C0000000000004000A00110020804040090090
:1058D0000900090009000900000000004040208084
:1058E00011000A00040018002000234024001800C2
:1058F00000001F802040274029401F40000000403A
:1059000007C039000F0001C0004020403FC02440C4
:1059100024401B8000001F80204020402040308019
:10592000000020403FC0204020401F800000204059
:105930003FC024402E4030C0000020403FC02440E3
:105940002E00300000000F001080204022403380E5
:10595000020020403FC0040004003FC0204020401F
:1059600020403FC020402040000000602020202038
:105970003FC02000200020403FC024400B0030C02A
:10598000204020403FC020400040004000C03FC0B9
:105990003C0003C03C003FC0000020403FC00C4022
:1059A00023003FC020001F802040204020401F8057
:1059B000000020403FC024402400180000001F8049
:1059C0002140214020E01FA0000020403FC0244093
:1059D000260019C0004018C02440244022403180D5
:1059E0000000300020403FC0204030000000200078
:1059F0003F80004000403F80200020003E0001C06A
:105A0000070038002000380007C03C0007C03800FD
:105A10000000204039C0060039C0204000002000AE
:105A2000384007C0384020000000304021C02640E8
:105A3000384020C00000000000007FE040204020EF
:105A40000000000070000C00038000400000000017
:105A5000402040207FE000000000000020004000C7
:105A600020000000000000100010001000100010C6
:105A700000100000000040000000000000000000D6
:105A800002800540054003C0004020003FC00440A4
:105A900004400380000000000380044004400640EE
:105AA000000000000380044024403FC0004000008C
:105AB00003800540054003400000000004401FC073
:105AC000244024402000000002E00550055006500C
:105AD000042020403FC00440040003C000400000F8
:105AE000044027C000400000000000100010041017
:105AF00027E00000000020403FC00140070004C034
:105B00000440204020403FC000400040000007C04B
:105B1000040007C0040003C00000044007C00440A4
:105B2000040003C0004000000380044004400380E0
:105B30000000041007F0045004400380000000003F
:105B400003800440045007F00010044007C00240E6
:105B5000040004000000000006400540054004C0A9
:105B60000000000004001F8004400040000004000A
:105B700007800040044007C000400400070004C044
:105B8000018006000400060001C0070001C00600F5
:105B90000000044006C0010006C0044000000410DC
:105BA000071004E00180060004000000044005C066
:105BB0000640044000000000000004007BE040209C
:105BC0000000000000000000FFF0000000000000E6
:105BD00040207BE004000000000040008000400006
:105BE0002000200040000000000000000000000035
:105BF0000000000000000000000000001FCC000CAE
:105C000000000000000000000800300060000800F4
:105C1000300060000000022003FC1E20022003FC74
:105C20001E200220000000000E1811043FFF108407
:105C30000C78000000000F0010840F3800C00778B7
:105C400018840078000000780F8410C411240E9886
:105C500000E40084000808006800700000000000F4
:105C600000000000000000000000000007E018181D
:105C7000200440020000000040022004181807E041
:105C80000000000000000240024001800FF001808F
:105C90000240024000000080008000800FF8008079
:105CA0000080008000000001000D000E00000000D8
:105CB00000000000000000000080008000800080E4
:105CC0000080008000800000000C000C000000003C
:105CD00000000000000000000006001800600180C5
:105CE000060018002000000007F008081004100447
:105CF000080807F000000000080408041FFC000466
:105D000000040000000000000E0C101410241044C9
:105D100011840E0C000000000C1810041104110472
:105D200012880C700000000000E003200424082406
:105D30001FFC0024000000001F98108411041104AF
:105D4000108810700000000007F00888110411048A
:105D500018880070000000001C00100010FC1300E8
:105D60001C001000000000000E3811441084108444
:105D700011440E38000000000700088C1044104445
:105D8000088807F00000000000000000030C030C6E
:105D900000000000000000000000000101060000FB
:105DA00000000000000000000080014002200410FC
:105DB0000808100400000220022002200220022015
:105DC0000220022000000000100408080410022035
:105DD00001400080000000000E001200100C106C4A
:105DE00010800F00000003E00C1813E4142417C403
:105DF000082807D000000004003C03C41C400740F2
:105E000000E4001C000410041FFC11041104110420
:105E10000E880070000003E00C1810041004100439
:105E200010081C10000010041FFC100410041004C3
:105E3000080807F0000010041FFC1104110417C427
:105E400010040818000010041FFC1104110017C0F2
:105E500010000800000003E00C18100410041044A7
:105E60001C780040000010041FFC1084008000809B
:105E700010841FFC10040000100410041FFC100408
:105E800010040000000000030001100110011FFEBB
:105E900010001000000010041FFC110403801464A3
:105EA000181C1004000010041FFC1004000400045F
:105EB0000004000C000010041FFC1F0000FC1F0069
:105EC0001FFC1004000010041FFC0C04030000E081
:105ED00010181FFC100007F008081004100410042C
:105EE000080807F0000010041FFC108410801080C8
:105EF00010800F00000007F0081810241024101C58
:105F0000080A07F2000010041FFC1104110011C060
:105F100011300E0C000400000E1C110410841084BB
:105F200010441C3800001800100010041FFC10045E
:105F300010001800000010001FF8100400040004F6
:105F400010041FF8100010001E0011E0001C00706B
:105F500013801C0010001FC0103C00E01F0000E078
:105F6000103C1FC000001004180C163401C001C002
:105F70001634180C100410001C00130400FC130449
:105F80001C00100000000804101C1064108413048E
:105F90001C04101800000000000000007FFE4002FA
:105FA000400240020000000030000C00038000604E
:105FB000001C0003000000004002400240027FFE7F
:105FC0000000000000000000000020004000400031
:105FD000400020000000000100010001000100015C
:105FE000000100010001000040004000200000000E
:105FF000000000000000000000980124014401445A
:10600000014400FC000410001FFC0088010401048E
:106010000088007000000000007000880104010486
:1060200001040088000000000070008801040104E1
:1060300011081FFC0004000000F801440144014461
:10604000014400C800000000010401040FFC110419
:10605000110411001800000000D6012901290129AE
:1060600001C90106000010041FFC008401000100AA
:10607000010400FC000400000104190419FC0004E0
:1060800000040000000000000003000101011901EC
:1060900019FE0000000010041FFC0024004001B4A1
:1060A000010C010400000000100410041FFC000497
:1060B000000400000000010401FC0104010001FCD7
:1060C0000104010000FC010401FC00840100010046
:1060D000010400FC0004000000F8010401040104B4
:1060E000010400F80000010101FF00850104010422
:1060F00000880070000000000070008801040104A6
:10610000010501FF00010104010401FC00840104F8
:10611000010001800000000000CC012401240124C2
:1061200001240198000000000100010007F80104AB
:10613000010400000000010001F800040004000454
:10614000010801FC0004010001800170000C001036
:1061500001600180010001F0010C003001C000303D
:10616000010C01F0010000000104018C00740170B9
:10617000018C01040000010101810171000E001871
:1061800001600180010000000184010C0134014420
:106190000184010C0000000000000000000001006C
:1061A0003EFC400240020000000000000000FFFF33
:1061B0000000000000000000400240023EFC010020
:1061C000000000000000000060008000800040002F
:1061D000400020002000000000000000000000003F
:1061E00000000000000000000000000000000000AF
:1061F000000000000000000000000000000000009F
:106200000000000000000000000F80380FFE380F73
:1062100080380000000000000000000000000000C6
:10622000000000000100000600000C000038000023
:106230003100000600000C000038000030000000B3
:1062400000000000000061800067F807F98000612D
:10625000800061800061800061800067F807F9803C
:1062600000618000000000000000000001C0E003A9
:10627000E0F00630080418081FFFFE040E08078728
:10628000F00381E000000000000001F000060C00B7
:10629000040408060C7001F9C0000E00003BE00089
:1062A000EC18070808040C180003E00000000001C7
:1062B000E00007F003F818041C0804170807E1D0F1
:1062C00003C0E00023B0003C0800200800001000DC
:1062D00000000000000100003100003200001C003E
:1062E00000000000000000000000000000000000AE
:1062F000000000000000000000000000000000009E
:106300000000000000007F0001FFC00780F00C00CB
:10631000181000042000020000000000002000020D
:106320001000040C00180780F001FFC0007F00007F
:10633000000000000000000000000000000000005D
:1063400000004200006600006600003C00001800EB
:1063500003FFC0001800003C00006600006600005B
:1063600042000000000008000008000008000008CB
:106370000000080001FFC00008000008000008003D
:1063800000080000080000000000000100003100CB
:10639000003200001C0000000000000000000000AF
:1063A00000000000000000000000000000000800E5
:1063B00000080000080000080000080000080000B5
:1063C00008000008000008000008000000000000AD
:1063D0000000000000003800003800003800000015
:1063E00000000000000000000000000000000000AD
:1063F000000000000000000600001C00007000010A
:1064000080000E0000380000C0000700001C0000E3
:10641000300000000000000000007F8001FFE0036A
:1064200080700600180400080400080600180380A5
:106430007001FFE0007F800000000000000000000D
:1064400001000801000801000803FFF807FFF80039
:106450000008000008000008000000000000000024
:106460000001C03802C05804009804011804021842
:10647000040418061C1803F81801E0F800000000D6
:10648000000000000001C0E003C0F00400080408A0
:106490000804080806180803F41801E7F00001E0F2
:1064A000000000000000000000000300000D0000DC
:1064B000110000610000810803010807FFF80FFFC9
:1064C000F80001080001080000000000000000E0E2
:1064D00007FCD00608080610080610080610080673
:1064E0001838060FF00607C000000000000000008A
:1064F00000003F8001FFE003843002081804100808
:10650000041008041008071810030FF00007C0005B
:10651000000000000000000003C0000700000600AB
:10652000000600F80607F806180006E0000700005D
:1065300006000000000000000001E1E003F7F006A3
:106540003410041808041808040C08040C08061673
:106550001803F3F001C1E000000000000000F800A3
:1065600003FC30030638040208040208040208048D
:1065700004100308F001FFC0007F000000000000CD
:106580000000000000000000000000000000703863
:1065900000703800703800000000000000000000AB
:1065A00000000000000000000000000000000000EB
:1065B0000000301A00301C00000000000000000045
:1065C00000000000000000000000000000080000C3
:1065D0001400002200004100008080010040020001
:1065E0002004001008000800000000000000210046
:1065F00000210000210000210000210000210000F6
:106600002100002100002100002100000000000006
:1066100000000000080008040010020020010040F3
:1066200000808000410000220000140000080000EB
:10663000000000000003C00004C0000400000800C7
:1066400038080F380808380810000C300007E00040
:1066500003C000000000000000003F8000FFE003D6
:106660008070020F1006708804C088048308047FBD
:106670008802C09003012000FE40000008000018BE
:106680000001F8003E0801C20007020007E2000016
:10669000FE00001FC80001F80000380000080400D8
:1066A0000807FFF807FFF8040808040808040808AA
:1066B00004080806180803F41801E7F00001E000D8
:1066C0000000000000003F8001FFE0038070020036
:1066D0001804000804000804000804001006002044
:1066E0000780C000000004000807FFF807FFF80457
:1066F00000080400080400080400180200100380C9
:106700007001FFE0007F8000000004000807FFF830
:1067100007FFF80408080408080408080408080427
:106720003E08040008060018010060000000040094
:106730000807FFF807FFF804080804080004080029
:10674000040800043E00060000060000018000006E
:106750000000000000003F8001FFE00380700600A1
:10676000180400080402080402080203F00783F07A
:1067700000020000020004000807FFF807FFF80409
:1067800008080008000008000008000008000408CD
:106790000807FFF807FFF8040008000000000000E9
:1067A00004000804000804000807FFF807FFF804C5
:1067B00000080400080400080000000000000000B9
:1067C00000000006000007000001040001040001B1
:1067D00004000307FFFE07FFFC04000004000004A0
:1067E000000004000807FFF807FFF8040C08001871
:1067F00000003E0004C7800503C80600F804003806
:1068000004001800000804000807FFF807FFF80458
:106810000008000008000008000008000008000050
:106820000800001800006000000004000807FFF8DE
:1068300007800807FC00007FC00003F80007C000C5
:10684000780007800807FFF807FFF8040008040035
:106850000807FFF807000803C00000E00000380048
:10686000001E000007000001C00400F007FFF8044C
:106870000000000000007F8001FFE0038070060040
:106880001804000804000806001803003001FFE0A7
:10689000007F8000000004000807FFF807FFF804ED
:1068A0000408040400040400040400040400060CAA
:1068B0000003F80001F000000000000000007F80ED
:1068C00001FFE00380700600880400880400C80609
:1068D000003C03003E01FFE6007F8400000004004E
:1068E0000807FFF807FFF8040808040800040C0074
:1068F000040F00040BC00610F003F03801E008009C
:10690000000800000001E0F803F030063010041821
:1069100008041808040C08040C080206180207F002
:106920000781E00000000180000600000400000470
:10693000000004000807FFF807FFF804000804003F
:106940000004000006000001800004000007FFE0D2
:1069500007FFF0040018000008000008000008000D
:10696000000800000804001007FFE0040000040015
:106970000006000007E00007FE00041FE00001F829
:106980000000380001E0043E0007C00006000004DB
:10699000000004000007E00007FFC0041FF8000724
:1069A000C007F80007FF80043FF80007C004F800A4
:1069B000070000040000000000040008060018079B
:1069C000C07805F1C8003E00001F800463E807801E
:1069D000F80600180400080000000400000600008B
:1069E00007800007E008047C08001FF80007F80093
:1069F000180804E00807000006000004000000007A
:106A0000000100080600380400F80403E8040F0839
:106A1000047C0805F00807C008070018040060009F
:106A20000000000000000000000000000000000066
:106A3000003FFFFE20000220000220000220000292
:106A40002000020000000000000000000800000715
:106A5000000000C0000038000006000001C0000077
:106A60003000000E000001000000000000000000E7
:106A70002000022000022000022000022000023F2D
:106A8000FFFE000000000000000000000000000009
:106A900000000000000000080000100000300000AE
:106AA000200000300000100000080000000000007E
:106AB00000000000010000010000010000010000D2
:106AC00001000001000001000001000001000001C0
:106AD0000000010000010000000000000000002094
:106AE0000000200000100000100000000000000066
:106AF000000000000000000000000000000000F0A6
:106B00000019F8001B1800220800260800240800BD
:106B10002410003FF8001FF80000080000180000D3
:106B20000004000007FFF80FFFF00018180010081D
:106B3000002008002008003018001FF0000FC000DF
:106B400000000000000007C0001FF0001830002007
:106B500008002008002008003C08001C100000600D
:106B60000000000000000000000007C0001FF0004F
:106B7000381800200800200800200804101007FF23
:106B8000F80FFFF0000010000000000000000000FF
:106B90000007C0001FF00012300022180022080079
:106BA0002208003208001E10000E20000000000025
:106BB0000000200000200800200801FFF803FFF873
:106BC0000620080420080420080720000300000015
:106BD000000000000000000E000E6E001FF30031E8
:106BE000B10020B10020B1003191001F13002E1E12
:106BF00000200E00300000000004000807FFF80F1E
:106C0000FFF8001008002000002000002008003FCE
:106C1000F8001FF80000080000000000000000005D
:106C2000002008002008002008063FF8063FF80072
:106C3000000800000800000800000000000000003C
:106C400000000000000003000003002001002001FC
:106C5000002003063FFE063FFC000000000000008D
:106C6000000000000004000807FFF80FFFF8000113
:106C700088000300002FC00038F8002038002008EA
:106C800000000800000000000000000004000804EC
:106C9000000804000807FFF80FFFF80000080000D4
:106CA00008000008000000000000002008003FF875
:106CB000003FF8001008002000003FF8003FF800F7
:106CC0001008002000003FF8003FF8000008000016
:106CD00000002008003FF8003FF8001008001000F6
:106CE000002000002008003FF8001FF80000080006
:106CF00000000000000007C0000FF0001830003056
:106D000008002008002008003008001830000FF0AC
:106D10000007C0000000000000002001003FFF004D
:106D20003FFF00101100200900200800200800305B
:106D300038001FF0000FC00000000000000007C076
:106D4000001FF0003818002008002008002009006B
:106D50001011001FFF003FFF000001000000002095
:106D600008002008002008003FF8003FF80008084D
:106D70000010080020080020000030000030000053
:106D80000000000000000000000C78001E18003316
:106D9000080023080021080021880021980030F015
:106DA000003860000000000000002000002000000B
:106DB000200000FFF003FFF800200800200800205A
:106DC000080000300000000000000000000020006B
:106DD000003FF0007FF800001800000800000800E5
:106DE0002010003FF8007FF00000100000000000BD
:106DF00000002000003000003C00003F800023F035
:106E0000000078000070002380003C00003000008B
:106E10002000002000003C00003FE00023F80000BC
:106E2000E0002700003E00003FE00021F80001E004
:106E3000003E0000200000000000200800200800A4
:106E40003838003E680027800003C8002CF800385E
:106E5000380020180020080000000000000020007A
:106E6000003003003C01003F830023EC0000700071
:106E70002380003C000020000020000000000000F3
:106E8000000000000038080020380020F80023E847
:106E9000002F88003E08003808002018000070000D
:106EA00000000000000000000000000000000000E2
:106EB000000008000014001FF7FC3000062000024C
:106EC00000000000000000000000000000000000C2
:106ED0000000000000000000FFFFFF0000000000B5
:106EE00000000000000000000000000000000000A2
:106EF0002000023000061FF7FC001400000800000C
:106F00000000000000000000000000000000000081
:106F10000018000060000040000040000020000059
:106F20001000000800000400000400000C00001025
:106F30000000000000000000000000000000000051
:106F40000000000000000000000000000000000041
:106F50000000000000000000000000000000000031
:106F60000000000000000000000000000000000021
:106F70000000000000000000000000000000000011
:106F80000000000000000000000000000000000001
:106F900000000000000000000000000000000000F1
:106FA00000000000000000000000000000000000E1
:106FB00000000000000000000000000000000000D1
:106FC0000000000000000000000007F000C007FF04
:106FD000E1E007F001E0000000C000000000000058
:106FE00000000000000000000000000000000000A1
:106FF0000000000000000000000000000000000091
:107000000000000000000000000000000000000080
:107010000000000000000000000000000000000070
:107020000000000000000000000000000000000060
:10703000000000000000000000000020000001C06F
:107040000000078000001F0000001E0000001C2040
:10705000000001C00000078000001F0000001E00AB
:1070600000001C0000000000000000000000000004
:107070000000000000000000000000000000000010
:107080000000000000000000000000000000000000
:1070900000000000000000000000000000000000F0
:1070A00000000000000000000000000000000000E0
:1070B00000000000000000180C0000180C00001870
:1070C0000FE0001FFC0003F80C0000180C00001873
:1070D0000C0000180C0000180C0000180FE0001F36
:1070E000FC0003F80C0000180C0000180C00000055
:1070F0000000000000000000000000000000000090
:10710000000000000000000000000000000000007F
:10711000000000000000000000000000000000006F
:10712000000000000000000000000000000000005F
:107130000000000000000000000000000780007850
:1071400007C000FC0640010E0020030700200203D8
:1071500080200FFFFFFC0201C0200200E060013030
:10716000704001F03F8000F01F00000000000000B0
:10717000000000000000000000000000000000000F
:1071800000000000000000000000000000000000FF
:1071900000000000000000000000000000000000EF
:1071A00000000000000000000000000000000000DF
:1071B000000000FE000001FF00000301800002004B
:1071C0008060030181C001FF070000FE180000007D
:1071D000E0000003BF00000CFFC00071806001C12F
:1071E0000020030180600000FFC000003F0000009D
:1071F000000000000000000000000000000000008F
:10720000000000000000000000000000000000007E
:10721000000000000000000000000000000000006E
:10722000000000000000000000000000000000005E
:10723000000000001F0000007FC000FCC0C001FF74
:1072400080600303E0200202782002061E2003FC77
:10725000074001F00380000103C000011C60000131
:10726000E02000010020000100400000018000003B
:10727000000000000000000000000000000000000E
:1072800000000000000000000000000000000000FE
:1072900000000000000000000000000000000000EE
:1072A00000000000000000000000000000000000DE
:1072B000000000000000002000001C6000001C40D6
:1072C00000001F8000000F00000000000000000010
:1072D00000000000000000000000000000000000AE
:1072E000000000000000000000000000000000009E
:1072F000000000000000000000000000000000008E
:10730000000000000000000000000000000000007D
:10731000000000000000000000000000000000006D
:10732000000000000000000000000000000000005D
:10733000000000000000000000000000000000004D
:107340000000000000000000000000000000000736
:10735000F800003FFF00007807C001C000E0030014
:1073600000300400000808000004100000020000C3
:10737000000000000000000000000000000000000D
:1073800000000000000000000000000000000000FD
:1073900000000000000000000000000000000000ED
:1073A00000000000000000000000000000000000DD
:1073B00000000000000010000002080000040400AB
:1073C00000080300003001C000E0007807C0003F63
:1073D000FF000007F80000000000000000000000AF
:1073E000000000000000000000000000000000009D
:1073F000000000000000000000000000000000008D
:10740000000000000000000000000000000000007C
:10741000000000000000000000000000000000006C
:10742000000000000000000000000000000000005C
:1074300000000000000000000000000C1800000E1A
:107440003800000E380000063000000360000061C4
:10745000438000FFFF8000614300000360000006DE
:107460003000000E3800000E3800000C180000003C
:10747000000000000000000000000000000000000C
:1074800000000000000000000000000000000000FC
:1074900000000000000000000000000000000000EC
:1074A00000000000000000000000000000000000DC
:1074B000000000000000000000000000800000004C
:1074C00080000000800000008000000080000000BC
:1074D0008000007FFF0000008000000080000000AE
:1074E000800000008000000080000000800000009C
:1074F000000000000000000000000000000000008C
:10750000000000000000000000000000000000007B
:10751000000000000000000000000000000000006B
:10752000000000000000000000000000000000005B
:1075300000000000000000000001000000E3000067
:1075400000E2000000FC00000078000000000000E5
:10755000000000000000000000000000000000002B
:10756000000000000000000000000000000000001B
:10757000000000000000000000000000000000000B
:1075800000000000000000000000000000000000FB
:1075900000000000000000000000000000000000EB
:1075A00000000000000000000000000000000000DB
:1075B00000000000000000008000000080000000CB
:1075C00080000000800000008000000080000000BB
:1075D00080000000800000008000000080000000AB
:1075E000800000008000000080000000800000009B
:1075F000000000000000000000000000000000008B
:10760000000000000000000000000000000000007A
:10761000000000000000000000000000000000006A
:10762000000000000000000000000000000000005A
:1076300000000000000000000000000000C000008A
:1076400001E0000001E0000000C0000000000000B8
:10765000000000000000000000000000000000002A
:10766000000000000000000000000000000000001A
:10767000000000000000000000000000000000000A
:1076800000000000000000000000000000000000FA
:1076900000000000000000000000000000000000EA
:1076A00000000000000000000000000000000000DA
:1076B0000000000000000000000C00000038000086
:1076C00000E00000038000000E0000003800000011
:1076D000E00000038000000E00000038000000E021
:1076E0000000038000000E000000180000000000F1
:1076F000000000000000000000000000000000008A
:107700000000000000000000000000000000000079
:107710000000000000000000000000000000000069
:107720000000000000000000000000000000000059
:1077300000000000000000000000000FF800007FC3
:10774000FF0000F00780018000C00300006002001D
:1077500000200200002002000020030000600180E1
:1077600000C000E00380007FFF00000FF800000071
:107770000000000000000000000000000000000009
:1077800000000000000000000000000000000000F9
:1077900000000000000000000000000000000000E9
:1077A00000000000000000000000000000000000D9
:1077B0000000000000000000000000000000008049
:1077C000002000800020008000200080006001FF79
:1077D000FFE003FFFFE00000006000000020000069
:1077E0000020000000200000000000000000000059
:1077F0000000000000000000000000000000000089
:107800000000000000000000000000000000000078
:107810000000000000000000000000000000000068
:107820000000000000000000000000000000000058
:1078300000000000000000000000007800E0009858
:1078400001600100026002000460020008600200A2
:10785000106002002060020040600300806001832D
:10786000006001FE00E0007C0780000000000000D6
:107870000000000000000000000000000000000008
:1078800000000000000000000000000000000000F8
:1078900000000000000000000000000000000000E8
:1078A00000000000000000000000000000000000D8
:1078B0000000000000000000000000F0078001F060
:1078C00007C0010000400200002002010020020168
:1078D000002002010020030380200186804001FC7B
:1078E000C0C000787F8000001E0000000000000083
:1078F0000000000000000000000000000000000088
:107900000000000000000000000000000000000077
:107910000000000000000000000000000000000067
:107920000000000000000000000000000000000057
:107930000000000000000000080000003800000007
:1079400048000001880000060800000C0810003004
:1079500008100040081001FFFFF003FFFFF003FFD5
:10796000FFF00000081000000810000008100000E0
:107970000000000000000000000000000000000007
:1079800000000000000000000000000000000000F7
:1079900000000000000000000000000000000000E7
:1079A00000000000000000000000000000000000D7
:1079B0000000000000000000000000000780001F21
:1079C000864003E10020030200200304002003049A
:1079D00000200304002003040020030600400303EA
:1079E00001C00301FF8003007E00000000000000D2
:1079F0000000000000000000000000000000000087
:107A00000000000000000000000000000000000076
:107A10000000000000000000000000000000000066
:107A20000000000000000000000000000000000056
:107A3000000000000000000000000007FC00003F04
:107A4000FF000070C380008180C00101006003025C
:107A50000020020200200202002002020020020395
:107A6000004001C180C000C0FF8000007E00000017
:107A70000000000000000000000000000000000006
:107A800000000000000000000000000000000000F6
:107A900000000000000000000000000000000000E6
:107AA00000000000000000000000000000000000D6
:107AB0000000000000000000000000F0000003C013
:107AC00000000380000003000000030007E0030043
:107AD0003FE00301C000030600000318000003603C
:107AE0000000038000000300000000000000000010
:107AF0000000000000000000000000000000000086
:107B00000000000000000000000000000000000075
:107B10000000000000000000000000000000000065
:107B20000000000000000000000000000000000055
:107B300000000000000000001F0000783F8000FCF3
:107B400060C0018EC04003078020020300200201B4
:107B50008020020180200201C0200301E040018654
:107B600070C000FC3F8000781F0000000000000093
:107B70000000000000000000000000000000000005
:107B800000000000000000000000000000000000F5
:107B900000000000000000000000000000000000E5
:107BA00000000000000000000000000000000000D5
:107BB000000000000000003F000000FF81C001C085
:107BC000C1C001006020020020200200202002002D
:107BD000202002002060020040C00100C18000C1DE
:107BE0008F00007FFE00001FF0000000000000007A
:107BF0000000000000000000000000000000000085
:107C00000000000000000000000000000000000074
:107C10000000000000000000000000000000000064
:107C20000000000000000000000000000000000054
:107C30000000000000000000000000000000000044
:107C400000000000000000000000000300C000076A
:107C500081E0000781E0000300C000000000000098
:107C60000000000000000000000000000000000014
:107C70000000000000000000000000000000000004
:107C800000000000000000000000000000000000F4
:107C900000000000000000000000000000000000E4
:107CA00000000000000000000000000000000000D4
:107CB00000000000000000000000000000000000C4
:107CC0000000000000000000000000060066000642
:107CD000007800000000000000000000000000002C
:107CE0000000000000000000000000000000000094
:107CF0000000000000000000000000000000000084
:107D00000000000000000000000000000000000073
:107D10000000000000000000000000000000000063
:107D20000000000000000000000000000000000053
:107D300000000000000000000000000080000001C2
:107D4000C0000003600000063000000C180000189E
:107D50000C00003006000060030000C0018001003C
:107D6000004002000020040000100000000000009D
:107D70000000000000000000000000000000000003
:107D800000000000000000000000000000000000F3
:107D900000000000000000000000000000000000E3
:107DA00000000000000000000000000000000000D3
:107DB0000000000000000004100000041000000497
:107DC0001000000410000004100000041000000463
:107DD0001000000410000004100000041000000453
:107DE0001000000410000004100000041000000047
:107DF0000000000000000000000000000000000083
:107E00000000000000000000000000000000000072
:107E10000000000000000000000000000000000062
:107E20000000000000000000000000000000000052
:107E3000000000000000000000000400001002002C
:107E400000200100004000C00180006003000030FD
:107E5000060000180C00000C18000006300000039B
:107E600060000001C0000000800000000000000071
:107E70000000000000000000000000000000000002
:107E800000000000000000000000000000000000F2
:107E900000000000000000000000000000000000E2
:107EA00000000000000000000000000000000000D2
:107EB000000000000000000000000078000001F851
:107EC00000000238000002000000040000C00400AE
:107ED00079E0040081E0040100C004030000020214
:107EE00000000306000001FC000000F80000000094
:107EF0000000000000000000000000000000000082
:107F00000000000000000000000000000000000071
:107F10000000000000000000000000000000000061
:107F20000000000000000000000000000000000051
:107F3000000000000000000FF800003FFE0000708D
:107F4000078000C000C00101F8400307FC20021EAA
:107F500004200230082002203020023FFC20013F94
:107F6000044001800CC000E03180001FC20000000E
:107F70000000000000000000000000000000000001
:107F800000000000000000000000000000000000F1
:107F900000000000000000000000000000000000E1
:107FA00000000000000000000000000000000000D1
:107FB00000000000002000000060000003E000005E
:107FC0003E200003E020003E200003E0200003806C
:107FD000200007FC2000003FE0000003FE2000001E
:107FE0003FE0000001E00000002000000020000051
:107FF0000000000000000000000000000000000081
:108000000000000000000000000000000000000070
:108010000000000000000000000000000000000060
:108020000000000000000000000000000000000050
:10803000000000000000020000200200002003FFFA
:10804000FFE003FFFFE00201002002010020020127
:10805000002002010020020100200303002001860D
:10806000806001FCC0C000F87F8000001F0000009D
:108070000000000000000000000000000000000000
:1080800000000000000000000000000000000000F0
:1080900000000000000000000000000000000000E0
:1080A00000000000000000000000000000000000D0
:1080B0000000000000000007F800003FFF00007013
:1080C000078000C000C00100004003000020020043
:1080D0000020020000200200002002000020010019
:1080E0000040018000C003C0018000300600000095
:1080F0000000000000000000000000000000000080
:10810000000000000000000000000000000000006F
:10811000000000000000000000000000000000005F
:10812000000000000000000000000000000000004F
:10813000000000000000020000200200002003FFF9
:10814000FFE003FFFFE00200002002000020020029
:1081500000200200002003000060010000400180B8
:1081600000C000F00780007FFE00000FF800000054
:1081700000000000000000000000000000000000FF
:1081800000000000000000000000000000000000EF
:1081900000000000000000000000000000000000DF
:1081A00000000000000000000000000000000000CF
:1081B000000000000000020000200200002003FF79
:1081C000FFE003FFFFE002010020020100200201A6
:1081D0000020020100200201002002038020020F83
:1081E000E0200300006003C000E000600300000026
:1081F000000000000000000000000000000000007F
:10820000000000000000000000000000000000006E
:10821000000000000000000000000000000000005E
:10822000000000000000000000000000000000004E
:10823000000000000000020000200200002003FFF8
:10824000FFE003FFFFE00201002002010020020125
:108250000000020100000201000002010000020310
:108260008000030FE0000300000003C00000006076
:1082700000000000000000000000000000000000FE
:1082800000000000000000000000000000000000EE
:1082900000000000000000000000000000000000DE
:1082A00000000000000000000000000000000000CE
:1082B0000000000000000007F800003FFE00007012
:1082C000078001C001C0010000400300002002003F
:1082D00000200200002002000020010020200100F8
:1082E000204003C03F8000303F800000200000009D
:1082F000200000000000000000000000000000005E
:10830000000000000000000000000000000000006D
:10831000000000000000000000000000000000005D
:10832000000000000000000000000000000000004D
:108330000000020000200200002003FFFFE003FF16
:10834000FFE002008020020080200000800000008A
:10835000800000008000020080200200802003FFD7
:10836000FFE003FFFFE00200002002000020000009
:1083700000000000000000000000000000000000FD
:1083800000000000000000000000000000000000ED
:1083900000000000000000000000000000000000DD
:1083A00000000000000000000000000000000000CD
:1083B00000000000000000000000000000000200BB
:1083C000002002000020020000200200002003FF25
:1083D000FFE003FFFFE00200002002000020020097
:1083E000002002000020000000000000000000004B
:1083F000000000000000000000000000000000007D
:10840000000000000000000000000000000000006C
:10841000000000000000000000000000000000005C
:10842000000000000000000000000000000000004C
:108430000000000000000000000E0000000F00001F
:10844000000F000000010200000102000001020014
:1084500000030200000603FFFFFC03FFFFF8020019
:108460000000020000000200000002000000000006
:1084700000000000000000000000000000000000FC
:1084800000000000000000000000000000000000EC
:1084900000000000000000000000000000000000DC
:1084A00000000000000000000000000000000000CC
:1084B000000000000000020000200200002003FF76
:1084C000FFE003FFFFE00200C020020100200007E0
:1084D0008000000FE0000030F80002603E200380C2
:1084E0000F20030003E0020000E002000020000073
:1084F000002000000000000000000000000000005C
:10850000000000000000000000000000000000006B
:10851000000000000000000000000000000000005B
:10852000000000000000000000000000000000004B
:10853000000000000000020000200200002003FFF5
:10854000FFE003FFFFE00200002002000020000027
:10855000002000000020000000200000002000009B
:10856000002000000060000000E0000003000000A8
:1085700000000000000000000000000000000000FB
:1085800000000000000000000000000000000000EB
:1085900000000000000000000000000000000000DB
:1085A00000000000000000000000000000000000CB
:1085B0000000020000200200002003FFFFE003E0B3
:1085C000002003FF0020001FF0000001FF800000DA
:1085D0000FE000001E000003E000003E002003E06A
:1085E000002003FFFFE003FFFFE002000020020085
:1085F000002000000000000000000000000000005B
:10860000000000000000000000000000000000006A
:10861000000000000000000000000000000000005A
:10862000000000000000000000000000000000004A
:108630000000020000200200002003FFFFE0038092
:10864000002003F0002000FC0000001F00000007D5
:10865000C0000001F00000007C0002001F8002004A
:1086600007E003FFFFE0020000000200000000003E
:1086700000000000000000000000000000000000FA
:1086800000000000000000000000000000000000EA
:1086900000000000000000000000000000000000DA
:1086A00000000000000000000000000000000000CA
:1086B000000000000000000FF800003FFE0000F086
:1086C0000780018000C0010000400200002002007D
:1086D0000020020000200200002001000040018074
:1086E00000C000F00380003FFE00000FF800000013
:1086F000000000000000000000000000000000007A
:108700000000000000000000000000000000000069
:108710000000000000000000000000000000000059
:108720000000000000000000000000000000000049
:10873000000000000000020000200200002003FFF3
:10874000FFE003FFFFE00200802002008020020023
:10875000800002008000020080000200800003010F
:1087600080000183000000FE0000007C000000008B
:1087700000000000000000000000000000000000F9
:1087800000000000000000000000000000000000E9
:1087900000000000000000000000000000000000D9
:1087A00000000000000000000000000000000000C9
:1087B000000000000000000FF800007FFF0000F044
:1087C0000380018001C00100064002000420020075
:1087D000042002000620020003E0010000F80180EE
:1087E000005C00E0038C003FFF0C000FFC18000051
:1087F0000000000000000000000000000000000079
:108800000000000000000000000000000000000068
:108810000000000000000000000000000000000058
:108820000000000000000000000000000000000048
:10883000000000000000020000200200002003FFF2
:10884000FFE003FFFFE0020100200201002002011F
:1088500080000201E0000201FC0003033F8001866A
:1088600007E001FC00E000F800200000002000000C
:1088700000000000000000000000000000000000F8
:1088800000000000000000000000000000000000E8
:1088900000000000000000000000000000000000D8
:1088A00000000000000000000000000000000000C8
:1088B000000000000000000000000078060000FE3C
:1088C00001E0018600C00303004002030020020112
:1088D0008020020180200201C0200200C02001008F
:1088E000E060018070C003E03F8000001F000000D6
:1088F0000000000000000000000000000000000078
:108900000000000000000000000000000000000067
:108910000000000000000000000000000000000057
:108920000000000000000000000000000000000047
:108930000000000000000060000003800000030051
:10894000000002000000020000200200002003FFDF
:10895000FFE003FFFFE00200002002000020020011
:108960000000020000000380000000E000000000A2
:1089700000000000000000000000000000000000F7
:1089800000000000000000000000000000000000E7
:1089900000000000000000000000000000000000D7
:1089A00000000000000000000000000000000000C7
:1089B0000000020000000200000003FFFF0003FFB0
:1089C000FFC0020000400200006000000020000024
:1089D00000200000002000000020020000400200F3
:1089E000008003FFFF000200000002000000000002
:1089F0000000000000000000000000000000000077
:108A00000000000000000000000000000000000066
:108A10000000000000000000000000000000000056
:108A20000000000000000000000000000000000046
:108A3000000000000000020000000200000003C06F
:108A4000000003FC0000023FC0000003F80000002B
:108A50007F80000007E0000007800000780002032C
:108A6000C000023C000003C0000002000000020041
:108A700000000000000000000000000000000000F6
:108A800000000000000000000000000000000000E6
:108A900000000000000000000000000000000000D6
:108AA00000000000000000000000000000000000C6
:108AB00000000200000003C0000003FF8000023F2E
:108AC000FE0002007FE000000F000200F00003EF54
:108AD000000003FF8000020FFE0000003FE00000E6
:108AE0001F000207E00003F800000300000002007E
:108AF0000000000000000000000000000000000076
:108B00000000000000000000000000000000000065
:108B10000000000000000000000000000000000055
:108B20000000000000000000000000000000000045
:108B3000000000000000020000200200002003806E
:108B400000E003F0032002FC0C20021F30000007AD
:108B5000C0000007F00002187C0002601F200380A4
:108B600003E0020000E002000020000000200000FE
:108B700000000000000000000000000000000000F5
:108B800000000000000000000000000000000000E5
:108B900000000000000000000000000000000000D5
:108BA00000000000000000000000000000000000C5
:108BB000000000000000020000000300000003C0ED
:108BC000000003F80000023E0020020FC020000158
:108BD000FFE000007FE000038020021C0020027004
:108BE00000000380000002000000020000000000FE
:108BF0000000000000000000000000000000000075
:108C00000000000000000000000000000000000064
:108C10000000000000000000000000000000000054
:108C20000000000000000000000000000000000044
:108C300000000000000000000020006000E0038051
:108C400003E003000FA002003E200200F820020310
:108C5000E020020F8020023E00200278002003E086
:108C60000060038000E0020003000000000000003C
:108C700000000000000000000000000000000000F4
:108C800000000000000000000000000000000000E4
:108C900000000000000000000000000000000000D4
:108CA00000000000000000000000000000000000C4
:108CB00000000000000000000000000000000000B4
:108CC000000000000000000000001FFFFFFC10007B
:108CD0000004100000041000000410000004100044
:108CE0000004100000041000000400000000000058
:108CF0000000000000000000000000000000000074
:108D00000000000000000000000000000000000063
:108D10000000000000000000000000000000000053
:108D20000000000000000000000000000000000043
:108D3000000000000000000000000000000007002C
:108D4000000003C0000000780000001E00000003C7
:108D5000C0000000F00000001E00000007800000BE
:108D600000F00000003C00000006000000000000D1
:108D700000000000000000000000000000000000F3
:108D800000000000000000000000000000000000E3
:108D900000000000000000000000000000000000D3
:108DA00000000000000000000000000000000000C3
:108DB000000000000000000000001000000410008F
:108DC0000004100000041000000410000004100053
:108DD0000004100000041FFFFFFC00000000000062
:108DE0000000000000000000000000000000000083
:108DF0000000000000000000000000000000000073
:108E00000000000000000000000000000000000062
:108E10000000000000000000000000000000000052
:108E20000000000000000000000000000000000042
:108E30000000000000000000000000000000000032
:108E400000000200000004000000080000001800FC
:108E500000001000000018000000180000000400CE
:108E60000000020000000000000000000000000000
:108E700000000000000000000000000000000000F2
:108E800000000000000000000000000000000000E2
:108E900000000000000000000000000000000000D2
:108EA00000000000000000000000000000000000C2
:108EB00000000000000100000001000000010000AF
:108EC000000100000001000000010000000100009E
:108ED000000100000001000000010000000100008E
:108EE000000100000001000000010000000100007E
:108EF0000001000000000000000000000000000071
:108F00000000000000000000000000000000000061
:108F10000000000000000000000000000000000051
:108F20000000000000000000000000000000000041
:108F30000000000000000000000000000000100021
:108F400000001000000010000000180000000800E1
:108F5000000004000000000000000000000000000D
:108F60000000000000000000000000000000000001
:108F700000000000000000000000000000000000F1
:108F800000000000000000000000000000000000E1
:108F900000000000000000000000000000000000D1
:108FA00000000000000000000000000000000000C1
:108FB0000000000000000000038000018FC00003DB
:108FC0008C6000061820000410200004102000040B
:108FD000202000042040000620400003FFC00001C4
:108FE000FFE00000002000000020000000C00000A2
:108FF0000000000000000000000000000000000071
:109000000000000000000000000000000000000060
:109010000000000000000000000000000000000050
:109020000000000000000000000000000000000040
:10903000000000000000020000000200000003FF2A
:10904000FFE007FFFFC0000180C0000200600002D7
:10905000002000040020000400200004002000067E
:109060000040000300C00001FF800000FE0000007F
:1090700000000000000000000000000000000000F0
:1090800000000000000000000000000000000000E0
:1090900000000000000000000000000000000000D0
:1090A00000000000000000000000000000000000C0
:1090B0000000000000000000000000007E00000131
:1090C000FF80000381C00002004000060020000471
:1090D00000200004002000040020000600200003FF
:1090E000C0400001C080000003000000000000003C
:1090F0000000000000000000000000000000000070
:10910000000000000000000000000000000000005F
:10911000000000000000000000000000000000004F
:10912000000000000000000000000000000000003F
:109130000000000000000000000000007E000001B0
:10914000FF80000380C000060060000400200004CF
:10915000002000040020020400400202008003FFFF
:10916000FFE007FFFFC000000040000000400000DB
:1091700000000000000000000000000000000000EF
:1091800000000000000000000000000000000000DF
:1091900000000000000000000000000000000000CF
:1091A00000000000000000000000000000000000BF
:1091B0000000000000000000000000007E00000130
:1091C000FF80000311C00002104000041060000482
:1091D00010200004102000041020000610200003BE
:1091E00010400001F0C0000071000000000000000D
:1091F000000000000000000000000000000000006F
:10920000000000000000000000000000000000005E
:10921000000000000000000000000000000000004E
:10922000000000000000000000000000000000003E
:109230000000000000000000000000040000000426
:1092400000200004002000040020007FFFE001FF58
:10925000FFE00104002003040020020400200204B7
:109260000020020400000200000001C0000001C054
:1092700000000000000000000000000000000000EE
:1092800000000000000000000000000000000000DE
:1092900000000000000000000000000000000000CE
:1092A00000000000000000000000000000000000BE
:1092B000000000000000000000000000001C000092
:1092C000E33E0003FFC200020CC3000404C100041B
:1092D00004C1000404C1000404C100060CC1000361
:1092E000F8C30005F0620006007E0006003C0000A6
:1092F000000000000000000000000000000000006E
:10930000000000000000000000000000000000005D
:10931000000000000000000000000000000000004D
:10932000000000000000000000000000000000003D
:10933000000000000000020000200200002003FFE7
:10934000FFE007FFFFE00001002000020020000610
:1093500000000004000000040000000400200006DB
:1093600000200003FFE00001FFE0000000200000FB
:1093700000200000000000000000000000000000CD
:1093800000000000000000000000000000000000DD
:1093900000000000000000000000000000000000CD
:1093A00000000000000000000000000000000000BD
:1093B00000000000000000000000000000000004A9
:1093C0000020000400200004002000040020038787
:1093D000FFE0038FFFE0038000200000002000007A
:1093E000002000000020000000000000000000003D
:1093F000000000000000000000000000000000006D
:10940000000000000000000000000000000000005C
:10941000000000000000000000000000000000004C
:10942000000000000000000000000000000000003C
:10943000000000000000000000000000000000002C
:109440000006000000070000000100000001000409
:10945000000100040001000400030004000603876B
:10946000FFFC038FFFF803800000000000000000F5
:1094700000000000000000000000000000000000EC
:1094800000000000000000000000000000000000DC
:1094900000000000000000000000000000000000CC
:1094A00000000000000000000000000000000000BC
:1094B000000000000000020000200200002003FF66
:1094C000FFE007FFFFE00000082000001020000080
:1094D00030000000FC0000058E00000707A0000619
:1094E00001E0000400E00004002000000020000073
:1094F000000000000000000000000000000000006C
:10950000000000000000000000000000000000005B
:10951000000000000000000000000000000000004B
:10952000000000000000000000000000000000003B
:109530000000000000000000000000000000020029
:10954000002002000020020000200200002003FF93
:10955000FFE007FFFFE00000002000000020000007
:1095600000200000002000000000000000000000BB
:1095700000000000000000000000000000000000EB
:1095800000000000000000000000000000000000DB
:1095900000000000000000000000000000000000CB
:1095A00000000000000000000000000000000000BB
:1095B000000000000000000400200007FFE0000F92
:1095C000FFE000020020000400000004002000076B
:1095D000FFE00003FFE000020020000400000004A0
:1095E00000200007FFE00003FFE000000020000073
:1095F000000000000000000000000000000000006B
:10960000000000000000000000000000000000005A
:10961000000000000000000000000000000000004A
:10962000000000000000000000000000000000003A
:1096300000000000000000040020000400200007DB
:10964000FFE0000FFFE00001002000020020000208
:1096500000000004000000040000000400200006D8
:1096600000200003FFE00001FFE0000000200000F8
:1096700000200000000000000000000000000000CA
:1096800000000000000000000000000000000000DA
:1096900000000000000000000000000000000000CA
:1096A00000000000000000000000000000000000BA
:1096B0000000000000000000000000007E0000002C
:1096C000FF80000381C0000200400006002000046B
:1096D00000200004002000040020000600200002FA
:1096E0000040000381C00001FF8000007E000000F8
:1096F000000000000000000000000000000000006A
:109700000000000000000000000000000000000059
:109710000000000000000000000000000000000049
:109720000000000000000000000000000000000039
:109730000000000000000004000100040001000718
:10974000FFFF000FFFFF000100C100020041000405
:109750000020000400200004002000040020000677
:109760000040000301C00001FF8000007E000000F7
:1097700000000000000000000000000000000000E9
:1097800000000000000000000000000000000000D9
:1097900000000000000000000000000000000000C9
:1097A00000000000000000000000000000000000B9
:1097B0000000000000000000000000007E0000012A
:1097C000FF80000380C0000200600004002000044D
:1097D00000200004002000040020000200410003DB
:1097E00000C10003FFFF0007FFFF000000010000B1
:1097F0000001000000000000000000000000000068
:109800000000000000000000000000000000000058
:109810000000000000000000000000000000000048
:109820000000000000000000000000000000000038
:1098300000000000000000040020000400200004DC
:10984000002000040020000FFFE0000FFFE00000F8
:10985000C0200001002000020020000600200004BB
:1098600000000004000000070000000300000000EA
:1098700000000000000000000000000000000000E8
:1098800000000000000000000000000000000000D8
:1098900000000000000000000000000000000000C8
:1098A00000000000000000000000000000000000B8
:1098B00000000000000000000000000003E00001C4
:1098C000C0E00003E0400006302000043020000427
:1098D0001820000418200004182000040C200002A6
:1098E0000C60000307C00007838000000000000038
:1098F0000000000000000000000000000000000068
:109900000000000000000000000000000000000057
:109910000000000000000000000000000000000047
:109920000000000000000000000000000000000037
:10993000000000000000000000000004000000041F
:10994000000000040000000C0000001FFF8000FF6A
:10995000FFC0000400600004002000040020000498
:109960000020000400400000018000000000000012
:1099700000000000000000000000000000000000E7
:1099800000000000000000000000000000000000D7
:1099900000000000000000000000000000000000C7
:1099A00000000000000000000000000000000000B7
:1099B0000000000000000004000000040000000798
:1099C000FF80000FFFC000000060000000200000CA
:1099D00000200000002000000020000400400004DF
:1099E00000800007FFE0000FFFC000000040000003
:1099F0000040000000000000000000000000000027
:109A00000000000000000000000000000000000056
:109A10000000000000000000000000000000000046
:109A20000000000000000000000000000000000036
:109A30000000000000000004000000040000000717
:109A400080000007F0000004FE0000041FC00000BA
:109A500003E00000038000001C0000046000000719
:109A6000800000060000000400000000000000006C
:109A700000000000000000000000000000000000E6
:109A800000000000000000000000000000000000D6
:109A900000000000000000000000000000000000C6
:109AA00000000000000000000000000000000000B6
:109AB000000000040000000600000007C0000007CE
:109AC000FC0000043F80000003E000040F8000065B
:109AD000F0000007F0000007FF8000040FE0000026
:109AE000038000043C000007C000000600000004E2
:109AF0000000000000000000000000000000000066
:109B00000000000000000000000000000000000055
:109B10000000000000000000000000000000000045
:109B20000000000000000000000000000000000035
:109B300000000000000000000020000400200004DD
:109B40000060000700E0000783200007E600000433
:109B5000F80000003C0000045E20000587A000061D
:109B600001E000040060000400200000002000006C
:109B700000000000000000000000000000000000E5
:109B800000000000000000000000000000000000D5
:109B900000000000000000000000000000000000C5
:109BA00000000000000000000000000000000000B5
:109BB0000000000000000004000000040003000793
:109BC00000030007E0010004F80100041F02000088
:109BD00007FC000000E00000070000043800000758
:109BE000C0000006000000040000000400000000A7
:109BF0000000000000000000000000000000000065
:109C00000000000000000000000000000000000054
:109C10000000000000000000000000000000000044
:109C20000000000000000000000000000000000034
:109C30000000000000000000000000078060000637
:109C400000E0000403E0000407A000040E2000046C
:109C50003C20000470200005E02000078020000761
:109C60000060000400E0000003800000000000002D
:109C700000000000000000000000000000000000E4
:109C800000000000000000000000000000000000D4
:109C900000000000000000000000000000000000C4
:109CA00000000000000000000000000000000000B4
:109CB00000000000000000000000000000000000A4
:109CC0000000000000000000000000000000000094
:109CD0008000000080000001400007FE3FF80800FF
:109CE000000410000002100000020000000000004C
:109CF0000000000000000000000000000000000064
:109D00000000000000000000000000000000000053
:109D10000000000000000000000000000000000043
:109D20000000000000000000000000000000000033
:109D30000000000000000000000000000000000023
:109D40000000000000000000000000000000000013
:109D50000000FFFFFFFF0000000000000000000007
:109D600000000000000000000000000000000000F3
:109D700000000000000000000000000000000000E3
:109D800000000000000000000000000000000000D3
:109D900000000000000000000000000000000000C3
:109DA00000000000000000000000000000000000B3
:109DB0000000000000000000000010000002100081
:109DC00000020800000407FE3FF800014000000008
:109DD0008000000080000000000000000000000083
:109DE0000000000000000000000000000000000073
:109DF0000000000000000000000000000000000063
:109E00000000000000000000000000000000000052
:109E10000000000000000000000000000000000042
:109E20000000000000000000000000000000000032
:109E3000000000000000180000003000000040009A
:109E40000000400000004000000020000000300042
:109E500000000800000004000000020000000200F2
:109E60000000020000000C000000180000000000CC
:109E700000000000000000000000000000000000E2
:109E800000000000000000000000000000000000D2
:109E900000000000000000000000000000000000C2
:109EA00000000000000000000000000000000000B2
:109EB000000030313233343536373839414243448B
:109EC0004546403058003031323334353637383932
:109ED0006162636465664030780004000008000039
:109EE0000000000000020001000010000C9F0008AC
:109EF0000000002428000000D4020008349F00085D
:109F000028000024080E0000F00200080090D00392
:109F10000090D003000000000000000000000000DE
:109F2000010000001000000000000000000000FF21
:049F3000FFFFFFFF31
:040000050800029954
:00000001FF
