:020000040800F2
:100000002808012069020008D53900908F09009066
:1000100075020008D50300905D40009000000000CC
:10002000000000000000000000000000D93900902E
:10003000D903009000000000D7390090DB39009010
:10004000830200088302000883020008830200087C
:10005000830200088302000883020008830200086C
:10006000830200088302000883020008830200085C
:10007000830200088302000883020008830200084C
:10008000830200088302000883020008830200083C
:10009000830200088302000883020008830200082C
:1000A000830200088302000883020008830200081C
:1000B000830200088302000883020008830200080C
:1000C00083020008830200088302000883020008FC
:1000D0008302000859160008830200088302000802
:1000E00083020008830200088302000883020008DC
:1000F00083020008830200088302000883020008CC
:1001000083020008830200088302000883020008BB
:1001100083020008830200088302000883020008AB
:10012000830200088302000883020008830200089B
:10013000830200088302000883020008830200088B
:10014000830200088302000883020008830200087B
:10015000830200088302000883020008830200086B
:10016000830200088302000883020008830200085B
:10017000830200088302000883020008830200084B
:10018000830200088302000883020008830200083B
:10019000830200088302000883020008830200082B
:1001A000830200088302000883020008830200081B
:1001B000830200088302000883020008830200080B
:1001C000830200088302000800F002F800F03CF807
:1001D0000AA090E8000C82448344AAF10107DA45A2
:1001E00001D100F031F8AFF2090EBAE80F0013F0B8
:1001F000010F18BFFB1A43F001031847481700000E
:1002000068170000103A24BF78C878C1FAD852079E
:1002100024BF30C830C144BF04680C607047000080
:100220000023002400250026103A28BF78C1FBD8FF
:10023000520728BF30C148BF0B6070471FB501F09F
:100240006FFB1FBD10B510BD00F0AAF81146FFF7F7
:10025000F5FF01F073FA00F0C8F803B4FFF7F2FFFE
:1002600003BC01F021FA0000094880470948004713
:10027000FEE7FEE7FEE7FEE7FEE7FEE7FEE7FEE756
:10028000FEE7FEE704480549054A064B70470000B3
:10029000F5150008C90100082802012028080120DE
:1002A0002804012028040120704753EA020C00F0C2
:1002B00069802DE9F04B4FF00006002B1FBFB3FA09
:1002C00083F503FA05F424FA05F65E4012BF1643DF
:1002D000B2FA82F502FA05F4C5F120051EBF22FA32
:1002E00005FC44EA0C04203556EA044C4FEA144459
:1002F00018BF641C4FF000084FF00009904271EBEA
:10030000030C39D3002919BFB1FA81F701FA07F6B6
:10031000B0FA80F700FA07F6C7F120071EBF20FAEF
:1003200007FC46EA0C062037B6FBF4FCA7EB0507F2
:10033000103F07F01F0BCBF120060CFA0BFB2CFA39
:1003400006F644BFB3460026202FA4BF5E464FF0FA
:10035000000B5BEA060C08BF4FF0010B19EB0B0911
:10036000ABFB027C48EB0608C01B06FB02CC0BFB78
:1003700003CC71EB0C01C1E70B46024641464846EF
:10038000BDE8F08B13B54FF000004FF00001AFF364
:100390000080BDE81C407047704770477047704749
:1003A000754600F02BF8AE4605006946534620F02E
:1003B0000700854618B020B5FFF764FFBDE8204070
:1003C0004FF000064FF000074FF000084FF0000B11
:1003D00021F00701AC46ACE8C009ACE8C009ACE8C4
:1003E000C009ACE8C0098D46704710B50446AFF3AC
:1003F00000802046BDE81040FFF72FBF004870473F
:10040000C801012040F2315CC9F2000C604740F2A3
:10041000C16CC9F2000C604740F2B36CC9F2000C29
:10042000604740F6A90CC9F2000C604743F67D1CFA
:10043000C9F2000C604740F6554CC9F2000C604709
:1004400040F2250CC9F2000C604740F6951CC9F239
:10045000000C604743F6C10CC9F2000C604740F63F
:10046000350CC9F2000C604710B500BF00BF00BFDB
:1004700000BF00BFBFF34F8F00BF00BF00BF00BF72
:1004800000BF00BFBFF36F8F00BF00BF00BF0020E1
:10049000114908601148006840F400300F490860B5
:1004A00000BF00BF00BFBFF34F8F00BF00BF00BF42
:1004B00000BF00BF00BFBFF36F8F00BF00BF00BF12
:1004C00000BF00F0EDFF04484C30006840F004002D
:1004D00001494C31086010BD50EF00E014ED00E020
:1004E000F8B502460B46002100250024002000BF7D
:1004F000E4E0012606FA01F51E6806EA0504AC42AE
:1005000071D15E68022E02D05E68122E13D1CF0820
:1005100002F1200656F827004E07F70E0F26BE40C0
:10052000B0434F07FF0E1E69BE403043CF0802F1B3
:10053000200646F8270010684F000326BE40B0434F
:100540001E7906F003064F00BE40304310605E681F
:10055000012E08D05E68022E05D05E68112E02D0F2
:100560005E68122E13D190684F000326BE40B04340
:100570004F00DE68BE4030439060506801268E40D8
:10058000B0431E79C6F300168E4030435060D068E9
:100590004F000326BE40B0434F009E68BE4030432C
:1005A000D0605E6806F08056B6F1805FA8D100BFCB
:1005B000444E366846F48046424F3E603E463668BA
:1005C00006F48046009600BF00BF3F4E8F0856F8E5
:1005D00027008E07370F0F26BE40B0433B4EB24276
:1005E00002D100262EE068E0394EB24201D1012648
:1005F00028E0384EB24201D1022623E0364EB24204
:1006000001D103261EE0354EB24201D1042619E085
:10061000334EB24201D1052614E0324EB24201D12E
:1006200006260FE0304EB24201D107260AE02F4ED7
:10063000B24201D1082605E02D4EB24201D1092671
:1006400000E00A268F073F0FBE4030431E4E8F0842
:1006500046F82700274E3068A0435E6806F48036CF
:10066000B6F5803F00D12043224E3060361D306801
:10067000A0435E6806F40036B6F5003F00D1204383
:100680001C4E361D3060361D3068A0435E6806F48F
:100690008016B6F5801F00D12043164E0836306014
:1006A000361D3068A0435E6806F40016B6F5001FDC
:1006B00000D120430F4E0C363060491C1029FFF446
:1006C00018AFF8BD4438024008380140000002402D
:1006D0000004024000080240000C024000100240EA
:1006E0000014024000180240001C0240002002409A
:1006F00000240240003C014042690A408A4202D183
:100700000A04826100E0816170470AB1816101E001
:100710000B048361704700000148006870470000C7
:100720001000012003480068034909780844014982
:1007300008607047100001201800012010B508481B
:10074000006840F4807006490860032000F0E0F87B
:100750000F2000F007F800F08FF8002010BD000017
:10076000003C024070B504460E4800784FF47A71A0
:10077000B1FBF0F00C490968B1FBF0F5284600F038
:100780008FFC08B1012070BD102C07D20022214639
:10079000501E00F07FF80548046001E00120F2E7F8
:1007A0000020F0E7180001200000012014000120C3
:1007B0004178154A11600178F9B1121D4168116044
:1007C000017B0907C27A41EA0261827A41EAC241A9
:1007D000427B41EA8241827B41EA4241C27B41EA5B
:1007E0000241427A41EA0221027A41EA4201027858
:1007F0001143054A0832116005E00021024A121D2A
:100800001160121D1160704798ED00E000BF00BF3D
:1008100000BFBFF35F8F00BF00BF00BF0548006887
:1008200020F48030034908600020024970310860DC
:100830007047000024ED00E040F001010D4A116016
:100840000C497039096841F480310A4A703A1160E4
:1008500000BF00BF00BFBFF34F8F00BF00BF00BF8E
:1008600000BF00BF00BFBFF36F8F00BF00BF00BF5E
:100870007047000094ED00E0704700BF00F01F02D9
:10088000012191404209920002F1E022C2F80011D8
:1008900000BF70472DE9F05F80460D4616460027E1
:1008A00000F0A6FC074639462A46334601F0070009
:1008B000C0F1070ABAF1040F02D94FF0040A01E0AF
:1008C000C0F1070AD14600F1040ABAF1070F02D2BB
:1008D0004FF0000A01E0A0F1030AD4464FF0010AEC
:1008E0000AFA09FAAAF1010A0AEA020A0AFA0CFA51
:1008F0004FF0010B0BFA0CFBABF1010B0BEA030BF6
:100900004AEA0B042146404600F07AFCBDE8F09F1D
:1009100000BF00F00702064B19684FF6FF031940AD
:10092000044B0B4343EA0221014B196000BF70479F
:100930000CED00E00000FA0570B504460D460026F7
:100940000CB9012070BD5C48006800F00F00A8429F
:100950000ED25948006820F00F002843564908601D
:100960000846006800F00F00A84201D00120E9E726
:10097000207800F0020002281DD1207800F0040049
:10098000042805D14D48006840F4E0504B49086008
:10099000207800F00800082805D14848006840F495
:1009A0006040464908604548006820F0F000A168B2
:1009B000084342490860207800F0010090B3606865
:1009C000012807D13D4808380068C0F34040A0B96D
:1009D0000120B7E76068022807D138480838006866
:1009E000C0F3406048B90120ACE7344808380068DB
:1009F000C0F3400008B90120A4E73048006820F0A7
:100A00000300616808432D490860FFF785FE06462C
:100A100009E0FFF781FE801B41F28831884202D94C
:100A200003208FE707E02548006800F00C006168AC
:100A3000B0EB810FEDD12048006800F00F00A84214
:100A40000ED91D48006820F00F0028431A4908609D
:100A50000846006800F00F00A84201D0012071E7AD
:100A6000207800F00400042807D11448006820F41E
:100A7000E050E168084311490860207800F0080060
:100A8000082808D10D48006820F46040216940EA38
:100A9000C1000A49086000F03DF808490968C1F33F
:100AA0000311074A515CC840064908600F20FFF750
:100AB00059FE002046E70000003C02400838024092
:100AC0002A19000800000120014800687047000052
:100AD0000000012000B5FFF7F7FF04490968C1F3E2
:100AE0008221034A515CC84000BD00000838024022
:100AF0003A19000800B5FFF7E7FF04490968C1F398
:100B00004231034A515CC84000BD00000838024031
:100B10003A1900082DE9F047002400250026A146D7
:100B20002548006800F00C0020B1042805D00828F2
:100B30003AD105E0DFF8849039E0DFF8849036E0C0
:100B40001D48001F006800F03F041B48001F00689C
:100B500000F4800078B11A481749091F0968C1F3E9
:100B60008811A0FB01700146224600233846FFF79A
:100B70009CFB05460EE011480F49091F0968C1F3A7
:100B80008811A0FB01700146224600233846FFF77A
:100B90008CFB05460848001F0068C0F30140401C5C
:100BA0004600B5FBF6F902E0DFF8109000BF00BF89
:100BB0004846BDE8F0870000083802400024F400F1
:100BC00040787D01F8B5044600260CB90120F8BD37
:100BD000207800F00100002871D0F848006800F08B
:100BE0000C0004280DD0F548006800F00C0008281F
:100BF00013D1F248001F006800F48000B0F5800FA8
:100C00000BD1EE4808380068C0F34040002869D096
:100C10006068002866D10120D9E700BF6068B0F5A0
:100C2000803F08D1E5480838006840F48030E34947
:100C3000083908602EE0606868B9E0480838006844
:100C400020F48030DD49083908600846006820F447
:100C5000802008601EE06068B0F5A02F0DD1D74855
:100C60000838006840F48020D449083908600846F4
:100C7000006840F4803008600CE0D0480838006814
:100C800020F48030CD49083908600846006820F417
:100C90008020086000BF606890B1FFF73DFD054609
:100CA00006E0FFF739FD401B642801D903208EE7D9
:100CB000C24808380068C0F340400028F1D011E075
:100CC000FFF72AFD054606E0FFF726FD401B6428D6
:100CD00001D903207BE7B94808380068C0F34040D9
:100CE0000028F1D1207800F00200022869D1B34831
:100CF000006800F00C0058B1B048006800F00C002B
:100D000008281CD1AD48001F006800F48000B0B96D
:100D1000AA4808380068C0F3400020B1E068012804
:100D200001D0012053E7A5480838006820F0F800FA
:100D3000216940EAC100A1490839086041E0E06842
:100D400028B39E480838006840F001009B490839E4
:100D50000860FFF7E1FC054606E0FFF7DDFC401BFD
:100D6000022801D9032032E7944808380068C0F30C
:100D700040000028F1D091480838006820F0F800C1
:100D8000216940EAC1008D490839086019E08B48A3
:100D90000838006820F00100884908390860FFF72A
:100DA000BBFC054606E0FFF7B7FC401B022801D953
:100DB00003200CE7814808380068C0F34000002891
:100DC000F1D1207800F00800082836D16069D0B150
:100DD0007A486C30006840F0010078496C31086056
:100DE000FFF79AFC054606E0FFF796FC401B022839
:100DF00001D90320EBE671486C300068C0F3400075
:100E00000028F1D019E06D486C30006820F0010036
:100E10006A496C310860FFF77FFC054606E0FFF782
:100E20007BFC401B022801D90320D0E663486C30CC
:100E30000068C0F340000028F1D1207800F00400E1
:100E4000042874D15D483830006800F0805080B9C3
:100E500000BF5A483830006840F080505749383158
:100E600008600846006800F08050009000BF00BF96
:100E700001265348006800F48070B0B950480068FB
:100E800040F480704E490860FFF746FC054606E0D6
:100E9000FFF742FC401B642801D9032097E648482D
:100EA000006800F480700028F2D000BFA06801281C
:100EB00008D142486830006840F001003F4968317D
:100EC00008602DE0A06868B93C486830006820F0F0
:100ED00001003A49683108600846006820F00400C3
:100EE00008601DE0A06805280DD13448683000680E
:100EF00040F004003149683108600846006840F05D
:100F0000010008600CE02D486830006820F0010006
:100F10002A49683108600846006820F0040008602B
:100F200000BFA068A8B1FFF7F7FB054609E02EE077
:100F3000FFF7F2FB401B41F28831884201D90320C0
:100F400045E61E4868300068C0F340000028EFD036
:100F500013E0FFF7E1FB054608E0FFF7DDFB401B70
:100F600041F28831884201D9032030E613486830C5
:100F70000068C0F340000028EFD1012E07D10F48D0
:100F80003830006820F080500C4938310860A06982
:100F9000E8B30A48006800F00C00082866D0A06991
:100FA00002284BD105480838006820F080700349BA
:100FB00008390860FFF7B0FB05460AE00838024030
:100FC00000700040FFF7A8FB401B022801D9032056
:100FD000FDE528480068C0F340600028F2D1E069D0
:100FE00040F00050216A0843616A40EA8111012201
:100FF000A06AC2EB500041EA00412C20005D41EAAA
:1010000000601C49091D0860081F006800E02FE00F
:1010100040F08070091F0860FFF77EFB054606E080
:10102000FFF77AFB401B022801D90320CFE51148C6
:101030000068C0F340600028F2D019E00D48006855
:1010400020F080700B490860FFF766FB054606E05C
:10105000FFF762FB401B022801D90320B7E50548D2
:101060000068C0F340600028F2D101E00120AEE545
:101070000020ACE500380240042808D14FF0E02100
:10108000096941F004014FF0E022116107E04FF0DF
:10109000E021096921F004014FF0E022116170475D
:1010A00070B504462546681EB0F1807F01D301204B
:1010B0000FE0681E4FF0E02148610F214FF0FF3034
:1010C00000F09EF800204FF0E021886107200861C1
:1010D000002070BD10B586B00446204920688842C3
:1010E0003AD100BF1E48006840F001001C4908606A
:1010F0000846006800F00100009000BF00BF00BF7C
:1011000017481430006840F0100015491431086089
:101110000846006800F01000009000BF00BF4815AE
:1011200001900220029001200390022004900720E9
:10113000059001A90B48FFF7D3F94FF480600190A7
:1011400001A90848FFF7CCF92520FFF796FB0322F9
:1011500011462520FFF79EFB06B010BD0010014090
:1011600030380240000002401D4A0168914236D1E9
:101170001C49098801F4004189BB1A49098801F416
:10118000804171B1184909780A2903D00021154A14
:10119000118024E01349098841F40041114A11806B
:1011A0001DE0114909780D2906D10E49098841F43D
:1011B00080410C4A118012E00B490978094A1288D3
:1011C000C2F30D02094B995406490988491C054A86
:1011D000118011460988C72901DD0021118070475F
:1011E000001001400C0001200E000120240001200D
:1011F00002480068C0F30220704700000CED00E0D8
:1012000010B5002807DA0A07140E054A00F00F038C
:101210001B1FD45403E00A07130E024A135410BDD7
:1012200018ED00E000E400E030B587B00024934DF5
:1012300000BF9348006840F00200914908600846EA
:10124000006800F00200019000BF00BF00BF084628
:10125000006840F0200008600846006800F02000A8
:10126000019000BF00BF00BF85480830006840F013
:1012700002008349083108600846006800F0020057
:10128000019000BF00BF4020029002200390032085
:101290000590002004900A20069002A97948FFF7E3
:1012A0001FF9042002900920069002A97548FFF753
:1012B00017F9C02002900920069002A97248FFF792
:1012C0000FF94FF4407002900A20069002A96E4870
:1012D000FFF706F96A481838006840F4804068490A
:1012E000183908600846006820F48040086000BF94
:1012F00062482038806800F020000028F8D1634858
:101300005E4920390860624848600846006840F03D
:101310000100086000BF59482038806800F02000B4
:101320000028F8D14FF49C7054492039486100BF1F
:1013300052482038806800F002000028F8D04F485A
:101340002038C06840F002004C492039C86000BF16
:101350004A482038806800F020000028F8D14FF477
:10136000837046492039486100BF4448203880686E
:1013700000F002000028F8D040482038C06840F053
:1013800002003E492039C86000BF3C4820388068D0
:1013900000F020000028F8D13E4838492039486143
:1013A0000020086100BF35482038806800F0040044
:1013B0000028F8D03020287030482038006840F0ED
:1013C00004002E492039086000BF2C48203880686E
:1013D00000F002000028F8D028482038C06840F00B
:1013E000020026492039C86000BF244820388068A0
:1013F00000F020000028F8D100BF20482038806885
:1014000000F020000028F8D11C492039C861EB24E5
:1014100044F4407444F4406444F4005444F44044BC
:1014200000BF44F4C01444F0407444F040640846E3
:1014300044611948006820F4803017490860164854
:101440007030006820F001001349703108600020FE
:10145000091D08604FF01040091D08600F48091D64
:10146000086005200C49703108600B48006840F4A2
:1014700080300949086007B030BD0000201000A08E
:101480003038024000040240001402401003000102
:1014900001041600C003000324ED00E02D00030347
:1014A00010B50023234C236000BF00BF00BFBFF373
:1014B0004F8F00BF00BF00BF231F1868C0F34E311D
:1014C00000BFC0F3C90200BF43F6E07303EA411353
:1014D0004FF0404404EA82742343174C236000BF5A
:1014E00000BF131EA2F10102EED10B1EA1F10101FA
:1014F000E7D100BF00BF00BFBFF34F8F00BF00BFE9
:1015000000BF0C4B703B1B6843F48033094C703CAC
:10151000236000BF00BF00BFBFF34F8F00BF00BFFD
:1015200000BF00BF00BF00BFBFF36F8F00BF00BF91
:1015300000BF10BD84ED00E060EF00E02DE9F04158
:1015400092B00546884616461F46002400BF27482D
:10155000006840F08050254908600846006800F0A7
:101560008050009000BF00BF00BF2148006840F4D9
:1015700040401F4908600846006800F44040009061
:1015800000BF00BF012006900004079002200C90CD
:1015900041050D91CDF838800F951096119706A84A
:1015A000FFF710FB04460CB100BFFEE7FFF73CFE5F
:1015B000FEF728FF04460CB100BFFEE70F200190A4
:1015C00002200290002003904FF4A05004904FF4AA
:1015D00080500590072101A8FFF7AEF904460CB131
:1015E00000BFFEE712B0BDE8F081000040380240C5
:1015F000007000401448006840F470001249086010
:101600001248006840F001001049086000200F49AE
:10161000083108600D4800680D4908400B49086012
:101620000C48091D0860081F006820F48020091F6D
:101630000860002005490C3108604FF00060024945
:10164000803908607047000088ED00E000380240F3
:10165000FFFFF6FE1030002470B500240F4D104837
:10166000FEF7D5FE00BF03E0641CAC4200D904E0E5
:101670000B48FEF7D1FE2028F6D100BF002403E07E
:10168000641CAC4200D906E0012206490448FEF77A
:10169000C8FE0028F4D100BF70BD0000FFFF0100AC
:1016A000EC0001200E00012000BF704710B5044679
:1016B0000420FFF7E1FC0148046010BD0400012094
:1016C00030B50446002504E04FF47A7000F004F8C9
:1016D0006D1CA542F8D330BD70B5034600224FF013
:1016E000E02675690D4E366803FB06F44FF0E026E0
:1016F000B16910E04FF0E026B06988420BD0884213
:1017000002D20E1A324402E02E1A0E44324401462E
:10171000A24200D300E0EDE700BF70BD040001204D
:1017200000BF054AD26902F04002002AF9D0C2B2D5
:10173000014B9A62704700000010014086B00024FF
:10174000FEF792FEFEF7FAFF0923022219214FF459
:10175000D870FFF7F3FED820FFF7A8FF4FF4E13071
:1017600000F0C2F8FEF762FEFEF765FE4FF4784027
:10177000494908604948828849A103A8FEF760FEEC
:1017800088E00C2C41D2DFE804F0060B0F13181D83
:1017900022272C31363B4FF6FF70FEF756FE34E021
:1017A0000020FEF752FE30E01F20FEF74EFE2CE038
:1017B0004FF47840FEF749FE27E04FF61F00FEF792
:1017C00044FE22E04FF4FC60FEF73FFE1DE047F6CA
:1017D000FF70FEF73AFE18E04FF6E070FEF735FEB8
:1017E00013E04FF60740FEF730FE0EE048F23040BF
:1017F000FEF72BFE09E04CF21860FEF726FE04E02F
:101800004BF64040FEF721FE00BF00BF4FF478408A
:101810002149086025A020210B464FF48272CDE9B2
:10182000001028210A20FEF715FE24A018210B46DF
:10183000F022CDE9001050210A20FEF70BFE22A075
:1018400010210B46F022CDE900106E210A20FEF790
:1018500001FE03A810210B46F022CDE900108221E1
:101860000A20FEF7F7FD1CA00C210B46F022CDE963
:10187000001096210A20FEF7EDFD601CC4B20C2C6E
:1018800000D1002402211748FEF736FF4FF47A708A
:10189000FFF716FF75E700001C000120B8010120CA
:1018A0004C43442049443A2530345800504F4C4171
:1018B0005249532053544D33320000005446544C87
:1018C000434420544553540041544F4D40414C49EA
:1018D000454E54454B000000323031392F352F3200
:1018E000340000000004024010B5044609480A49CB
:1018F00008600846446000218160C1600161816127
:101900000C214161FEF7ABFD012204490248FEF7BC
:1019100088FD10BD00100140EC0001200E000120E8
:101920004FF04070E1EE100A704700000000000028
:10193000000001020304060708090000000001027C
:1019400003040000641900080000012024000000C6
:10195000040200088819000824000120040800007F
:10196000200200080024F400000000000000000035
:101970000000000000000000100000000100000056
:08198000000000FFFFFFFFFF64
:0200000490006A
:10000000782900F04B800020704700000FB40449AD
:1000100010B503AA029800F081F910BC5DF814FB3A
:10002000080001200FB41CB5074B06AA7B446946A3
:100030000090059800F059F90020694600F068F931
:100040001CBC5DF814FB0000E102000070B5044622
:1000500085690068C10601D5302600E02026C0076A
:1000600007D070BDD4E9012130469047206A401C7A
:1000700020626D1EF6D570BD70B5044685690078A6
:10008000C00707D170BDD4E9012120209047206A24
:10009000401C20626D1EF6D570BD000070B5044690
:1000A0000D4621461068AFF300802188090502D56E
:1000B0000F4A7A4402E00E4A7A440E32002104F1DB
:1000C000240305E000F00F060009965D5E54491C0C
:1000D0000028F7D120780023000704D5702D02D026
:1000E00009B1022311322046BDE8704000F09EB8ED
:1000F000768900002DE9F05F894604464FF0000A3A
:10010000DFF824B1FB44C0F820A02046E16888470E
:1001100000287DD0252806D0D4E901219047206A07
:10012000401C2062F1E700255F462046E1688847D1
:100130002028064607DB312E05D2B81910F8200C0E
:1001400008B10543F1E7A80701D525F00405C4F877
:100150001CA00027C4F818A02A2E09D0304603F0AE
:100160007FFF38B304EB8708303EC8F8186019E009
:1001700059F8041B204604EB87029161E168884727
:10018000012F064618D1E069002820DA25F0200565
:100190001DE0D8F8180000EB800006EB4000303876
:1001A000C8F818002046E1688847064603F058FF63
:1001B0000028EED1012F0AD02E2E08D12046E1686A
:1001C00088477F1C0646022F45F02005C4DBA06946
:1001D000002803DA404245F00105A061E80701D09C
:1001E00025F01005A6B1A6F14100192802D8203645
:1001F00045F400654A463146204625604D46FFF7E6
:10020000FFFE60B1012807D0ED1D25F0070000E0DA
:1002100007E000F1080978E705F1040975E73046C1
:100220007AE7206ABDE8F09F4C8900002DE9F0478D
:100230000D4699469246044600F124080168880656
:1002400004D5E06921F01001216000E00120A842FE
:1002500001DD471B00E00027A1697A1902EB0900C4
:10026000081AA0612078C00602D42046FFF7EEFEEF
:10027000002608E0D4E901211AF806009047206A18
:10028000401C761C20624E45F4DB2078C0060AD55F
:100290002046FFF7DBFE06E0D4E90121302090473D
:1002A000206A401C2062381EA7F10107F4DC07E039
:1002B000D4E9012118F805009047206A401C20620B
:1002C000281EA5F10105F3DC2046FFF7D5FE2078B6
:1002D000000602D50220BDE8F0870120FBE7000000
:1002E00001694A1C02610878704700B58FB0CDE9FA
:1002F00001310021059105497944CDE903101146EA
:100300006846FFF7F7FE0FB000BD0000E5FFFFFFF6
:100310000A6802F8010B0A6070470000074B70B5CD
:100320000D467B44FFF7E1FF0446284600F008F83D
:1003300010B14FF0FF3070BD204670BDFB13007848
:10034000007B00F08000704740F2197CC0F6000C82
:10035000604740F2E14CC0F6000C604741F2D50C1A
:10036000C0F6000C604741F2C16CC0F6000C60475B
:1003700041F2D96CC0F6000C604740F20B7CC0F62D
:10038000000C604740F60D0CC0F6000C604740F2D0
:10039000B17CC0F6000C604740F6390CC0F6000C8A
:1003A000604740F2257CC0F6000C604741F2691CB2
:1003B000C0F6000C604740F6D52CC0F6000C604734
:1003C00040F6F52CC0F6000C604740F6153CC0F630
:1003D000000C604700BFFEE77047000070B50446A0
:1003E0001D460023B5F5804F13D154F822300C4838
:1003F0000340D1E9000640EA06108E6840EA062074
:100400008E8940EA06408E693043034344F8223027
:1004100003E06FF0704044F82200002070BD00003F
:100420000000F0CF10B502460023086852F82030D3
:100430001B480340D1E901042043CC6820430C69E8
:1004400020434C6920438C692043CC6920430C6ACB
:1004500020434C6A20438C6A2043CC6A20430C6BB7
:1004600020438C6B20434C6B20430343886808284F
:1004700001D143F04003086842F82030086BB0F522
:10048000801F05D1086818B110680C6B20431060FC
:10049000086818B110684C6B20431060002010BD34
:1004A0008004C0FF30B5034614460022601C53F898
:1004B000202002F04042D1E9000540EA05108D6895
:1004C00040EA05208D8940EA0545088A401E45EA34
:1004D0000055087D801E45EA00608D69284302436F
:1004E000601C43F82020186800F48010B0F5801FCD
:1004F00007D1586820F47002088A401E42EA005270
:100500005A60002030BD014691F83500022803D022
:100510008020486501207047052081F83500086873
:10052000006820F001000A6810600020F3E7000076
:1005300038B5002400BF2048006840F080501E49B4
:1005400008600846006800F08050009000BF00BFBF
:100550001A48006840F4803018490860FFF7F4FE3C
:10056000044607E0FFF7F0FE001BB0F57A7F01D9E3
:10057000032038BD1148406800F48030B0F5803F5A
:10058000F0D10E48006840F400300C490860FFF7D5
:10059000DBFE044607E0FFF7D7FE001BB0F57A7FCD
:1005A00001D90320E5E70548406800F40030B0F5C4
:1005B000003FF0D10020DCE74038024000700040EE
:1005C00070B504460E4615460CB9012070BD94F86E
:1005D000450028B9002084F84400204600F01CF8AB
:1005E00004F108012068FFF71DFF3146A26820686A
:1005F000FFF758FF2946E36AD4E90102FFF7EEFE50
:10060000A168206850F8210040F00100A26821682C
:1006100041F822000020D9E710B586B0044600BF9B
:100620002048006840F001001E4908600846006844
:1006300000F00100009000BF00BF00BF194808385B
:10064000006840F00800174908390860084600684B
:1006500000F00800009000BF00BF00BF084600681F
:1006600040F0100008600846006800F0100000909C
:1006700000BF00BF4EF2B370019002200290012033
:100680000390032004900C20059001A90648FFF771
:1006900060FE4FF68070019001A90448FFF759FEF3
:1006A00006B010BD38380240000C02400010024075
:1006B000704701464B6F8A6F43EA020070470000A3
:1006C0002DE9F04704462068C5692068066820685F
:1006D000876805F00F08B8F1000F0CD105F0200075
:1006E00048B106F0200030B1206E10B12046216ED6
:1006F0008847BDE8F087B8F1000F71D007F001001E
:1007000018B906F49070002879D005F0010048B1BE
:1007100006F4807030B1012021680862E06F40F07B
:100720000100E06705F0020048B107F0010030B1B8
:10073000022021680862E06F40F00400E06705F0E5
:10074000040048B107F0010030B1042021680862BC
:10075000E06F40F00200E06705F0080060B106F0CD
:10076000200010B907F0010030B1082021680862AC
:10077000E06F40F00800E067E06F80B305F0200014
:1007800038B106F0200020B1206E10B12046216E55
:100790008847D4F87C902068806800F040004028AA
:1007A00002D009F0080020B3204603F0C6F9206803
:1007B000806800F04000402817D12068806820F051
:1007C000400021688860E06E58B11948E16E086504
:1007D000E06EFFF798FE10B1E06E016D88470DE006
:1007E0000DE02046FFF764FF08E02046FFF760FFBA
:1007F00004E02046FFF75CFF0020E06779E705F0A2
:10080000800040B106F0800028B1606E10B1204633
:10081000616E88476DE705F0400030B106F040009A
:1008200018B1204603F09AF963E700BF61E70000C2
:10083000233B009010B504460CB9012010BDA069FF
:1008400000B100E000BF606F28B9002084F870009C
:100850002046FFF783FD242060672068006820F0B1
:10086000010021680860204603F0F2F9012800D158
:10087000E4E7606A10B1204603F0B3F820684068EE
:1008800020F49040216848602068806820F02A00A9
:10089000216888602068006840F0010021680860D5
:1008A000204603F01AF9C9E710B50346986F2028CF
:1008B00065D101B10AB9012010BD00BF93F87000E5
:1008C000012801D10220F7E7012083F8700000BF62
:1008D0005965A3F85820A3F85A200020186600BFD5
:1008E0009868B0F5805F0AD1186920B940F2FF100E
:1008F000A3F85C0020E0FF20A3F85C001CE09868EF
:1009000048B9186918B9FF20A3F85C0014E07F20EB
:10091000A3F85C0010E09868B0F1805F09D1186915
:1009200018B97F20A3F85C0006E03F20A3F85C0024
:1009300002E00020A3F85C0000BF0020D86722205E
:1009400098671868806840F001001C68A06098688B
:10095000B0F5805F04D1186910B90A48186601E043
:100960000948186600BF002083F8700000BF1868AF
:10097000006840F490701C68206000209CE7022012
:100980009AE700007D3B0090E93B0090704700BF74
:10099000FEE7000070B50446002609480588408837
:1009A00045430021084602F04BFE02F0D5FF00BF90
:1009B00002E004490C80761CAE42FAD370BD000000
:1009C000B80101200000086010B50446002C58D181
:1009D0005A498871F02008804FF4A070488008467A
:1009E000808849F2413188420BD05448808845F2D2
:1009F0001031884205D05148808847F28971884279
:100A000014D12C204D4908812A2048812B2088812F
:100A10000846808845F21031884206D14FF4A07014
:100A2000464908804FF4F070488083E0434880884E
:100A300045F21051884210D14FF430503F4908819F
:100A40004FF4285048814FF42C5088814FF4F070B7
:100A500008804FF4487048806CE03848808841F640
:100A60006311884266D12C20344908812B204881AB
:100A70002A2088814FF4F07008804FF44870488035
:100A800058E001202D4988714FF4A0700880F020B3
:100A900048800846808849F2413188420BD0274877
:100AA000808845F21031884205D02448808847F27A
:100AB0008971884207D12C20204908812A20488149
:100AC0002B20888129E01D48808845F210518842FA
:100AD00010D14FF43050194908814FF42850488103
:100AE0004FF42C5088814FF4487008804FF4F07018
:100AF000488012E01148808841F6631188420CD189
:100B00002C200E4908812A2048812B2088814FF40F
:100B1000487008804FF4F07048800848808845F29B
:100B20001031884206D14FF4F070044908804FF428
:100B3000A0704880002002F043FC10BDB8010120E5
:100B400030B504460D464148808849F2413188421B
:100B50000BD03E48808845F21031884205D03B4892
:100B6000808847F28971884214D13849488902F057
:100B7000E7FE201202F0D8FEE0B202F0D5FE3349C3
:100B8000888902F0DDFE281202F0CEFEE8B202F003
:100B9000CBFE54E02D48808845F21051884220D188
:100BA0002A49488902F0CCFE201202F0BDFE2749F6
:100BB0004989491C88B202F0C3FEE0B202F0B4FEDB
:100BC0002249888902F0BCFE281202F0ADFE1F49BE
:100BD0008989491C88B202F0B3FEE8B202F0A4FE93
:100BE0002DE01A48808841F66311884227D11748C2
:100BF000807920B915480088401E001B84B2134933
:100C0000488902F09DFE201202F08EFEE0B202F052
:100C10008BFE201202F088FEE0B202F085FE0B4946
:100C2000888902F08DFE281202F07EFEE8B202F002
:100C30007BFE281202F078FEE8B202F075FE03484F
:100C4000008903490880891C0A8030BDB801012051
:100C5000FEFF076000B595B000BFFE48006840F099
:100C60000200FC4908600846006800F0020001909C
:100C700000BF00BF2020109001201190129003208F
:100C8000139010A9F448FFF764FB02F037FB4FF014
:100C90002040F2490860F248486000208860002146
:100CA000EE48C16001611021416109024162890081
:100CB000C1620F20099000200A9050200B90002064
:100CC0000F900F200290002003900F20049000202E
:100CD000089002AA09A9E148FFF772FC3220FFF749
:100CE00042FBD32002F02CFE02F030FBDD4988806D
:100CF00002F02CFBDB49888002F028FBD949888070
:100D0000084680884FF6FF7101EA0020D5498880A7
:100D100002F01CFBD34989880843D24988800846E1
:100D2000808849F2413188427DD0042002F008FEDB
:100D300002F00CFBCB49888002F008FBC94988808F
:100D400002F004FBC7498880084680884FF6FF718F
:100D500001EA0020C349888002F0F8FAC149898875
:100D60000843C04988800846808848F2525188422A
:100D700003D147F28970BB498880BA48808847F21E
:100D800089718842D0D0D42002F0DAFD02F0DEFA78
:100D9000B449888002F0DAFAB249888002F0D6FAC3
:100DA000B0498880084680884FF6FF7101EA00202C
:100DB000AC49888002F0CAFAAA4989880843A9493F
:100DC00088800846808845F2103188426BD05521D2
:100DD0004FF4704002F0CAFDAA214FF2010002F068
:100DE000C5FD52214FF2020002F0C0FD08214FF272
:100DF000030002F0BBFD01214FF2040002F0B6FD3A
:100E00004FF4454002F09CFD02F0A0FA954988801D
:100E1000084680884FF6FF7101EA002091498880DA
:100E20004CF2015000E03EE002F08AFD02F08EFA42
:100E30008C49898808438B4988800520FFF793FAFD
:100E400088488088B0F5004F03D145F2105085499D
:100E500088808448808845F21051884223D0A120A0
:100E600002F06EFD02F072FA7E49888002F06EFA9E
:100E70007C498880084680884FF6FF7101EA00208F
:100E80007849888002F062FA764989880843754972
:100E900088800846808845F26171884203D141F616
:100EA0006310704988806F4881886FA0FFF7AEF8A3
:100EB0006C48808849F2413188427CD1CF2002F0D1
:100EC0003FFD002002F030FDC12002F02DFD30205A
:100ED00002F02AFDED2002F033FD642002F024FD33
:100EE000032002F021FD122002F01EFD812002F0FD
:100EF0001BFDE82002F024FD852002F015FD1020E6
:100F000002F012FD7A2002F00FFDCB2002F018FD56
:100F1000392002F009FD2C2002F006FD002002F02D
:100F200003FD342002F000FD022002F0FDFCF7205A
:100F300002F006FD202002F0F7FCEA2002F000FD9E
:100F4000002002F0F1FC002002F0EEFCC02002F0D4
:100F5000F7FC1B2002F0E8FCC12002F0F1FC0120AC
:100F600002F0E2FCC52002F0EBFC302002F0DCFCD9
:100F7000302002F0D9FCC72002F0E2FCB72002F0DA
:100F8000D3FC362002F0DCFC482002F0CDFC3A20F5
:100F900002F0D6FC552002F0C7FCB12002F0D0FCD4
:100FA000002002F0C1FC1A2002F0BEFCB62002F0C4
:100FB000C7FC0A2000E0ACE002F0B6FCA22002F080
:100FC000B3FCF22002F0BCFC002002F0ADFC2620B5
:100FD00002F0B6FC012002F0A7FCE02002F0B0FC19
:100FE0000F2002F0A1FC2A2002F09EFC282002F033
:100FF0009BFC082002F098FC0E2002F095FC0820D3
:1010000002F092FC542002F08FFCA92002F08CFC2C
:10101000432002F089FC0A2002F086FC0F2002F037
:1010200083FC002002F080FC002002F07DFC002008
:1010300002F07AFC002002F077FCE12002F080FC54
:10104000002002F071FC152002F06EFC172002F067
:101050006BFC11E030380240000402406C010120BA
:10106000040100A0B8010120204C43442049443A27
:1010700025780D0A00000000072002F055FC112021
:1010800002F052FC062002F04FFC2B2002F04CFC38
:10109000562002F049FC3C2002F046FC052002F0FC
:1010A00043FC102002F040FC0F2002F03DFC3F20EA
:1010B00002F03AFC3F2002F037FC0F2002F034FC33
:1010C0002B2002F03DFC002002F02EFC002002F05C
:1010D0002BFC012002F028FC3F2002F025FC2A20F6
:1010E00002F02EFC002002F01FFC002002F01CFC8D
:1010F000002002F019FCEF2002F016FC112002F093
:101100001FFC7820FFF72FF9292002F019FC02F0CC
:10111000A6B8FE48808847F2897188427ED11120A6
:1011200002F00EFC7820FFF71EF9362002F008FCD2
:10113000002002F0F9FB3A2002F002FC052002F048
:10114000F3FBB22002F0FCFB0C2002F0EDFB0C20C4
:1011500002F0EAFB002002F0E7FB332002F0E4FBA0
:10116000332002F0E1FBB72002F0EAFB352002F069
:10117000DBFBBB2002F0E4FB322002F0D5FBC020F9
:1011800002F0DEFB0C2002F0CFFBC22002F0D8FB05
:10119000012002F0C9FBC32002F0D2FB102002F0B4
:1011A000C3FBC42002F0CCFB202002F0BDFBC62014
:1011B00002F0C6FB0F2002F0B7FBD02002F0C0FB0C
:1011C000A42002F0B1FBA12002F0AEFBE02002F06F
:1011D000B7FBD02002F0A8FB002002F0A5FB022004
:1011E00002F0A2FB072002F09FFB0A2002F09CFB0A
:1011F000282002F099FB322002F096FB442002F0F6
:1012000093FB422002F090FB062002F08DFB0E20A3
:1012100002F08AFB122002F087FB00E054E0142069
:1012200002F082FB172002F07FFBE12002F088FB36
:10123000D02002F079FB002002F076FB022002F0C1
:1012400073FB072002F070FB0A2002F06DFB2820E0
:1012500002F06AFB312002F067FB542002F064FBCD
:10126000472002F061FB0E2002F05EFB1C2002F022
:101270005BFB172002F058FB1B2002F055FB1E20E1
:1012800002F052FB2A2002F05BFB002002F04CFB34
:10129000002002F049FB002002F046FBEF2002F0A4
:1012A00043FB2B2002F04CFB002002F03DFB002012
:1012B00002F03AFB012002F037FB3F2002F034FB42
:1012C000292002F03DFB22E79048808845F210314A
:1012D000884240F07C87ED2002F032FB012002F0D2
:1012E00023FBFE2002F020FBEE2002F029FBDE2093
:1012F00002F01AFB212002F017FBF12002F020FB84
:10130000012002F011FBDF2002F01AFB102002F096
:101310000BFBC42002F014FB8F2002F005FBC6205B
:1013200002F00EFB002002F0FFFAE22002F0FCFACD
:10133000E22002F0F9FAE22002F0F6FABF2002F011
:10134000FFFAAA2002F0F0FAB02002F0F9FA0D201C
:1013500002F0EAFA002002F0E7FA0D2002F0E4FAC7
:10136000002002F0E1FA112002F0DEFA002002F083
:10137000DBFA192002F0D8FA002002F0D5FA212079
:1013800002F0D2FA002002F0CFFA2D2002F0CCFABF
:10139000002002F0C9FA3D2002F0C6FA002002F057
:1013A000C3FA5D2002F0C0FA002002F0BDFA5D2011
:1013B00002F0BAFA002002F0B7FAB12002F0C0FA47
:1013C000802002F0B1FA002002F0AEFA8B2002F089
:1013D000ABFA002002F0A8FA962002F0A5FA00204D
:1013E00002F0A2FAB22002F0ABFA002002F09CFA5E
:1013F000002002F099FA022002F096FA002002F092
:1014000093FA032002F090FA002002F08DFAB32044
:1014100002F096FA002002F087FA002002F084FA27
:10142000002002F081FA002002F07EFA002002F093
:101430007BFA002002F078FA002002F075FA002012
:1014400002F072FA002002F06FFA002002F06CFA4B
:10145000002002F069FA002002F066FA002002F093
:1014600063FA002002F060FA002002F05DFA00202A
:1014700002F05AFA002002F057FA002002F054FA63
:10148000002002F051FA002002F04EFA002002F093
:101490004BFA002002F048FA002002F045FA002042
:1014A00002F042FAB42002F04BFA8B2002F03CFA30
:1014B000002002F039FA962002F036FA002002F0FD
:1014C00033FAA12002F030FA002002F02DFAB52004
:1014D00002F036FA022002F027FA002002F024FA85
:1014E000032002F021FA002002F01EFA042002F08C
:1014F0001BFA002002F018FAB62002F021FA0020B0
:1015000002F012FA002002F00FFA01E0B801012007
:10151000B72002F015FA002002F006FA002002F0CF
:1015200003FA3F2002F000FA002002F0FDF95E20ED
:1015300002F0FAF9002002F0F7F9642002F0F4F961
:10154000002002F0F1F98C2002F0EEF9002002F008
:10155000EBF9AC2002F0E8F9002002F0E5F9DC201C
:1015600002F0E2F9002002F0DFF9702002F0DCF96D
:10157000002002F0D9F9902002F0D6F9002002F004
:10158000D3F9EB2002F0D0F9002002F0CDF9DC20F5
:1015900002F0CAF9002002F0C7F9B82002F0D0F931
:1015A000002002F0C1F9002002F0BEF9002002F094
:1015B000BBF9002002F0B8F9002002F0B5F90020D4
:1015C00002F0B2F9002002F0AFF9002002F0ACF90D
:1015D000BA2002F0B5F9242002F0A6F9002002F0AA
:1015E000A3F9002002F0A0F9002002F09DF9C1202B
:1015F00002F0A6F9202002F097F9002002F094F9F9
:10160000542002F091F9002002F08EF9FF2002F040
:101610008BF9002002F088F9C22002F091F90A202B
:1016200002F082F9002002F07FF9042002F07CF938
:10163000002002F079F9C32002F082F93C2002F088
:1016400073F9002002F070F93A2002F06DF90020E1
:1016500002F06AF9392002F067F9002002F064F91B
:10166000372002F061F9002002F05EF93C2002F020
:101670005BF9002002F058F9362002F055F90020FD
:1016800002F052F9322002F04FF9002002F04CF93A
:101690002F2002F049F9002002F046F92C2002F038
:1016A00043F9002002F040F9292002F03DF9002022
:1016B00002F03AF9262002F037F9002002F034F95E
:1016C000242002F031F9002002F02EF9242002F04B
:1016D0002BF9002002F028F9232002F025F9002040
:1016E00002F022F93C2002F01FF9002002F01CF960
:1016F000362002F019F9002002F016F9322002F02B
:1017000013F9002002F010F92F2002F00DF900204B
:1017100002F00AF92C2002F007F9002002F004F987
:10172000292002F001F9002002F0FEF8262002F044
:10173000FBF8002002F0F8F8242002F0F5F8002071
:1017400002F0F2F8242002F0EFF8002002F0ECF8AA
:10175000232002F0E9F8002002F0E6F8C42002F0AD
:10176000EFF8622002F0E0F8002002F0DDF805203A
:1017700002F0DAF8002002F0D7F8842002F0D4F862
:10178000002002F0D1F8F02002F0CEF8002002F0A4
:10179000CBF8182002F0C8F8002002F0C5F8A42009
:1017A00002F0C2F8002002F0BFF8182002F0BCF8E6
:1017B000002002F0B9F8502002F0B6F8002002F044
:1017C000B3F80C2002F0B0F8002002F0ADF81720BA
:1017D00002F0AAF8002002F0A7F8952002F0A4F881
:1017E000002002F0A1F8F32002F09EF8002002F0A1
:1017F0009BF8E62002F098F8002002F095F8C5204A
:1018000002F09EF8322002F08FF8002002F08CF8EF
:10181000442002F089F8002002F086F8652002F0EA
:1018200083F8002002F080F8762002F07DF8002096
:1018300002F07AF8882002F077F8002002F074F8BD
:10184000C62002F07DF8202002F06EF8002002F0A1
:101850006BF8172002F068F8002002F065F801200C
:1018600002F062F8002002F05FF8C72002F068F88A
:10187000002002F059F8002002F056F8002002F093
:1018800053F8002002F050F8C82002F059F8002068
:1018900002F04AF8002002F047F8002002F044F875
:1018A000002002F041F8C92002F04AF8002002F0BE
:1018B0003BF8002002F038F8002002F035F8002054
:1018C00002F032F8002002F02FF8002002F02CF88D
:1018D000002002F029F8002002F026F8002002F093
:1018E00023F8002002F020F8002002F01DF800206C
:1018F00002F01AF8002002F017F8002002F014F8A5
:10190000002002F011F8002002F00EF8E02002F0B2
:1019100017F8162002F008F8002002F005F81C2045
:1019200002F002F8002001F0FFFF212001F0FCFF8F
:10193000002001F0F9FF362001F0F6FF002001F051
:10194000F3FF462001F0F0FF002001F0EDFF5220F0
:1019500001F0EAFF002001F0E7FF642001F0E4FF5E
:10196000002001F0E1FF7A2001F0DEFF002001F00D
:10197000DBFF8B2001F0D8FF002001F0D5FF99207C
:1019800001F0D2FF002001F0CFFFA82001F0CCFF32
:10199000002001F0C9FFB92001F0C6FF002001F0CE
:1019A000C3FFC42001F0C0FF002001F0BDFFCA202A
:1019B00001F0BAFF002001F0B7FFD22001F0B4FF20
:1019C000002001F0B1FFD92001F0AEFF002001F0AE
:1019D000ABFFE02001F0A8FF002001F0A5FFF320FD
:1019E00001F0A2FF002001F09FFFE12001F0A8FF1D
:1019F000162001F099FF002001F096FF1C2001F055
:101A000093FF002001F090FF222001F08DFF0020C5
:101A100001F08AFF362001F087FF002001F084FFEB
:101A2000452001F081FF002001F07EFF522001F0EF
:101A30007BFF002001F078FF642001F075FF00209B
:101A400001F072FF7A2001F06FFF002001F06CFFBF
:101A50008B2001F069FF002001F066FF992001F062
:101A600063FF002001F060FFA82001F05DFF00206F
:101A700001F05AFFB92001F057FF002001F054FF98
:101A8000C42001F051FF002001F04EFFCA2001F0F8
:101A90004BFF002001F048FFD22001F045FF00205D
:101AA00001F042FFD82001F03FFF002001F03CFF91
:101AB000E02001F039FF002001F036FFF32001F0B3
:101AC00033FF002001F030FFE22001F039FF052054
:101AD00001F02AFF002001F027FF0B2001F024FF76
:101AE000002001F021FF1B2001F01EFF002001F06B
:101AF0001BFF342001F018FF002001F015FF4420E7
:101B000001F012FF002001F00FFF4F2001F00CFF49
:101B1000002001F009FF612001F006FF002001F024
:101B200003FF792001F000FF002001F0FDFE882076
:101B300001F0FAFE002001F0F7FE972001F0F4FE1C
:101B4000002001F0F1FEA62001F0EEFE002001F0E1
:101B5000EBFEB72001F0E8FE002001F0E5FEC22018
:101B600001F0E2FE002001F0DFFEC72001F0DCFE04
:101B7000002001F0D9FED12001F0D6FE002001F0B6
:101B8000D3FED62001F0D0FE002001F0CDFEDD20F6
:101B900001F0CAFE002001F0C7FEF32001F0C4FEF0
:101BA000002001F0C1FEE32001F0CAFE052001F093
:101BB000BBFE002001F0B8FE0A2001F0B5FE0020B7
:101BC00001F0B2FE1C2001F0AFFE002001F0ACFEDF
:101BD000332001F0A9FE002001F0A6FE442001F010
:101BE000A3FE002001F0A0FE502001F09DFE002089
:101BF00001F09AFE622001F097FE002001F094FEB1
:101C0000782001F091FE002001F08EFE882001F086
:101C10008BFE002001F088FE972001F085FE002059
:101C200001F082FEA62001F07FFE002001F07CFE84
:101C3000B72001F079FE002001F076FEC22001F00D
:101C400073FE002001F070FEC72001F06DFE002041
:101C500001F06AFED12001F067FE002001F064FE71
:101C6000D52001F061FE002001F05EFEDD2001F0D4
:101C70005BFE002001F058FEF32001F055FE00202D
:101C800001F052FEE42001F05BFE012001F04CFE69
:101C9000002001F049FE012001F046FE002001F085
:101CA00043FE022001F040FE002001F03DFE2A200C
:101CB00001F03AFE002001F037FE3C2001F034FE36
:101CC000002001F031FE4B2001F02EFE002001F03B
:101CD0002BFE5D2001F028FE002001F025FE74207F
:101CE00001F022FE002001F01FFE842001F01CFE06
:101CF000002001F019FE932001F016FE002001F0F3
:101D000013FEA22001F010FE002001F00DFEB32012
:101D100001F00AFE002001F007FEBE2001F004FEE3
:101D2000002001F001FEC42001F0FEFD002001F0C2
:101D3000FBFDCD2001F0F8FD002001F0F5FDD320E2
:101D400001F0F2FD002001F0EFFDDD2001F0ECFDDF
:101D5000002001F0E9FDF32001F0E6FD002001F094
:101D6000E3FDE52001F0ECFD002001F0DDFD0020A9
:101D700001F0DAFD002001F0D7FD002001F0D4FDD4
:101D8000022001F0D1FD002001F0CEFD292001F05C
:101D9000CBFD002001F0C8FD3C2001F0C5FD002076
:101DA00001F0C2FD4B2001F0BFFD002001F0BCFDA1
:101DB0005D2001F0B9FD002001F0B6FD742001F0B6
:101DC000B3FD002001F0B0FD842001F0ADFD002046
:101DD00001F0AAFD932001F0A7FD002001F0A4FD71
:101DE000A22001F0A1FD002001F09EFDB32001F032
:101DF0009BFD002001F098FDBE2001F095FD002024
:101E000001F092FDC42001F08FFD002001F08CFD57
:101E1000CD2001F089FD002001F086FDD32001F0E6
:101E200083FD002001F080FDDC2001F07DFD00201D
:101E300001F07AFDF32001F077FD002001F074FD40
:101E4000E62001F07DFD112001F06EFD002001F083
:101E50006BFD342001F068FD002001F065FD562087
:101E600001F062FD002001F05FFD762001F05CFDD5
:101E7000002001F059FD772001F056FD002001F00F
:101E800053FD662001F050FD002001F04DFD88203B
:101E900001F04AFD002001F047FD992001F044FDCA
:101EA000002001F041FDBB2001F03EFD002001F0CB
:101EB0003BFD992001F038FD002001F035FD662042
:101EC00001F032FD002001F02FFD552001F02CFD26
:101ED000002001F029FD552001F026FD002001F031
:101EE00023FD452001F020FD002001F01DFD4320D1
:101EF00001F01AFD002001F017FD442001F014FD4F
:101F0000002001F011FDE72001F01AFD322001F060
:101F10000BFD002001F008FD552001F005FD00201B
:101F200001F002FD762001F0FFFC002001F0FCFC36
:101F3000662001F0F9FC002001F0F6FC672001F0BA
:101F4000F3FC002001F0F0FC672001F0EDFC002024
:101F500001F0EAFC872001F0E7FC002001F0E4FC3E
:101F6000992001F0E1FC002001F0DEFCBB2001F033
:101F7000DBFC002001F0D8FC992001F0D5FC00200A
:101F800001F0D2FC772001F0CFFC002001F0CCFC66
:101F9000442001F0C9FC002001F0C6FC562001F0ED
:101FA000C3FC002001F0C0FC232001F0BDFC002098
:101FB00001F0BAFC332001F0B7FC002001F0B4FCC2
:101FC000452001F0B1FC002001F0AEFCE82001F05A
:101FD000B7FC002001F0A8FC002001F0A5FC99202E
:101FE00001F0A2FC002001F09FFC872001F09CFC86
:101FF000002001F099FC882001F096FC002001F0FF
:1020000093FC772001F090FC002001F08DFC66200D
:1020100001F08AFC002001F087FC882001F084FC9C
:10202000002001F081FCAA2001F07EFC002001F0DC
:102030007BFCBB2001F078FC002001F075FC9920AE
:1020400001F072FC002001F06FFC662001F06CFCD6
:10205000002001F069FC552001F066FC002001F031
:1020600063FC552001F060FC002001F05DFC442081
:1020700001F05AFC002001F057FC442001F054FC10
:10208000002001F051FC552001F04EFC002001F031
:102090004BFCE92001F054FCAA2001F045FC002093
:1020A00001F042FC002001F03FFC002001F03CFC6C
:1020B000002001F045FCAA2001F036FCCF2001F001
:1020C0003FFC002001F030FC002001F02DFC00203E
:1020D00001F02AFC002001F027FC002001F024FC84
:1020E000002001F021FC002001F01EFC002001F086
:1020F0001BFC002001F018FC002001F015FC002062
:1021000001F012FC002001F00FFC002001F00CFC9B
:10211000002001F009FC002001F006FC002001F085
:1021200003FC002001F000FCF02001F009FC00207D
:1021300001F0FAFB502001F0F7FB002001F0F4FB66
:10214000002001F0F1FB002001F0EEFBF32001F094
:10215000F7FB002001F0E8FBF92001F0F1FB06207D
:1021600001F0E2FB102001F0DFFB292001F0DCFB95
:10217000002001F0D9FB3A2001F0E2FB552001F0EC
:10218000D3FB112001F0DCFB6420FEF7ECF82920E2
:1021900001F0D6FB352001F0D3FB002001F0C4FB99
:1021A000512001F0CDFBFF2001F0BEFB532001F0D8
:1021B000C7FB2C2001F0B8FB552001F0C1FB8220A9
:1021C00001F0B2FB2C2001F0BBFB01F048B8FE4847
:1021D000808845F2105188427ED155214FF47040DD
:1021E00001F0C4FBAA214FF2010001F0BFFB522114
:1021F0004FF2020001F0BAFB08214FF2030001F098
:10220000B5FB01214FF2040001F0B0FB0D214FF4AA
:10221000304001F0ABFB0D214BF2010001F0A6FBB9
:102220000D214BF2020001F0A1FB34214FF43640A6
:1022300001F09CFB34214BF2016001F097FB34214B
:102240004BF2026001F092FB0D214FF4314001F09E
:102250008DFB0D214BF2011001F088FB0D214BF29B
:10226000021001F083FB34214FF4374001F07EFB74
:1022700034214BF2017001F079FB34214BF20270F2
:1022800001F074FB00214FF4324001F06FFB00219C
:102290004BF2012001F06AFB00214BF2022001F019
:1022A00065FB24214FF4384001F060FB24214BF6FC
:1022B000010001F05BFB24214BF6020001F056FB0C
:1022C00001214FF43F4001F051FB0F214FF4334007
:1022D00001F04CFB0F2100E0FEE34BF2013001F076
:1022E00045FB0F214BF2023001F040FB34214FF44B
:1022F000394001F03BFB34214BF6011001F036FB75
:1023000034214BF6021001F031FB08214FF4354027
:1023100001F02CFB08214BF2015001F027FB0821B2
:102320004BF2025001F022FB03214FF4424001F036
:102330001DFB24214FF43A4001F018FB24214BF6F9
:10234000012001F013FB24214BF6022001F00EFBCB
:1023500000214FF43C4001F009FB78214BF601408D
:1023600001F004FB00214BF6024001F0FFFA0021CE
:102370004FF43D4001F0FAFA78214BF6015001F09C
:10238000F5FA00214BF6025001F0F0FA00214FF46B
:102390003E4001F0EBFA64214BF6016001F0E6FAF1
:1023A00000214FF4514001F0E1FA33214DF20110C8
:1023B00001F0DCFA00214DF2021001F0D7FA3421CD
:1023C0004DF2031001F0D2FA00214DF2041001F099
:1023D000CDFA3A214DF2051001F0C8FA00214DF274
:1023E000061001F0C3FA4A214DF2071001F0BEFABF
:1023F00000214DF2081001F0B9FA5C214DF20910EC
:1024000001F0B4FA00214DF20A1001F0AFFA812177
:102410004DF20B1001F0AAFA00214DF20C1001F060
:10242000A5FAA6214DF20D1001F0A0FA00214DF2FF
:102430000E1001F09BFAE5214DF20F1001F096FA13
:1024400001214DF2101001F091FA13214DF21110FB
:1024500001F08CFA01214DF2121001F087FA54219B
:102460004DF2131001F082FA01214DF2141001F027
:102470007DFA82214DF2151001F078FA01214DF21A
:10248000161001F073FACA214DF2171001F06EFA1E
:1024900002214DF2181001F069FA00214DF21910D5
:1024A00001F064FA02214DF21A1001F05FFA0121E5
:1024B0004DF21B1001F05AFA02214DF21C1001F0EE
:1024C00055FA34214DF21D1001F050FA02214DF25F
:1024D0001E1001F04BFA67214DF21F1001F046FA71
:1024E00002214DF2201001F041FA84214DF2211019
:1024F00001F03CFA02214DF2221001F037FAA4213A
:102500004DF2231001F032FA02214DF2241001F0B5
:102510002DFAB7214DF2251001F028FA02214DF2D3
:10252000261001F023FACF214DF2271001F01EFAF8
:1025300002214DF2281001F019FADE214DF2291086
:1025400001F014FA02214DF22A1001F00FFAF221E3
:102550004DF22B1001F00AFA02214DF22C1001F07D
:1025600005FAFE214DF22D1001F000FA03214DF283
:102570002E1001F0FBF910214DF22F1001F0F6F9A9
:1025800003214DF2301001F0F1F933214DF23110F9
:1025900001F0ECF903214DF2321001F0E7F96D2161
:1025A0004DF2331001F0E2F900214FF4524001F0F6
:1025B000DDF933214DF2012001F0D8F900214DF26F
:1025C000022001F0D3F901E0B801012034214DF2DD
:1025D000032001F0CBF900214DF2042001F0C6F9EF
:1025E0003A214DF2052001F0C1F900214DF20620FB
:1025F00001F0BCF94A214DF2072001F0B7F90021A2
:102600004DF2082001F0B2F95C214DF2092001F0F1
:10261000ADF900214DF20A2001F0A8F981214DF217
:102620000B2001F0A3F900214DF20C2001F09EF9DE
:10263000A6214DF20D2001F099F900214DF20E2056
:1026400001F094F9E5214DF20F2001F08FF90121FD
:102650004DF2102001F08AF913214DF2112001F002
:1026600085F901214DF2122001F080F954214DF23B
:10267000132001F07BF901214DF2142001F076F9CD
:1026800082214DF2152001F071F901214DF2162041
:1026900001F06CF9CA214DF2172001F067F902210F
:1026A0004DF2182001F062F900214DF2192001F0DD
:1026B0005DF902214DF21A2001F058F901214DF285
:1026C0001B2001F053F902214DF21C2001F04EF9BC
:1026D00034214DF21D2001F049F902214DF21E2056
:1026E00001F044F967214DF21F2001F03FF902216A
:1026F0004DF2202001F03AF984214DF2212001F021
:1027000035F902214DF2222001F030F9A4214DF2D9
:10271000232001F02BF902214DF2242001F026F9AB
:10272000B7214DF2252001F021F902214DF226209A
:1027300001F01CF9CF214DF2272001F017F90221F9
:102740004DF2282001F012F9DE214DF2292001F08E
:102750000DF902214DF22A2001F008F9F2214DF283
:102760002B2001F003F902214DF22C2001F0FEF89C
:10277000FE214DF22D2001F0F9F803214DF22E201B
:1027800001F0F4F810214DF22F2001F0EFF80321B1
:102790004DF2302001F0EAF833214DF2312001F002
:1027A000E5F803214DF2322001F0E0F86D214DF201
:1027B000332001F0DBF800214FF4534001F0D6F84C
:1027C00033214DF2013001F0D1F800214DF20230F9
:1027D00001F0CCF834214DF2033001F0C7F80021AC
:1027E0004DF2043001F0C2F83A214DF2053001F00B
:1027F000BDF800214DF2063001F0B8F84A214DF243
:10280000073001F0B3F800214DF2083001F0AEF8C6
:102810005C214DF2093001F0A9F800214DF20A3097
:1028200001F0A4F881214DF20B3001F09FF8002156
:102830004DF20C3001F09AF8A6214DF20D3001F066
:1028400095F800214DF20E3001F090F8E5214DF29F
:102850000F3001F08BF801214DF2103001F086F8B5
:1028600013214DF2113001F081F801214DF21230A7
:1028700001F07CF854214DF2133001F077F801217A
:102880004DF2143001F072F882214DF2153001F052
:102890006DF801214DF2163001F068F8CA214DF2B1
:1028A000173001F063F802214DF2183001F05EF8A4
:1028B00000214DF2193001F059F802214DF21A3081
:1028C00001F054F801214DF21B3001F04FF80221C4
:1028D0004DF21C3001F04AF834214DF21D3001F068
:1028E00045F802214DF21E3001F040F867214DF20B
:1028F0001F3001F03BF802214DF2203001F036F894
:1029000084214DF2213001F031F802214DF22230C4
:1029100001F02CF8A4214DF2233001F027F8022118
:102920004DF2243001F022F8B7214DF2253001F0AC
:102930001DF802214DF2263001F018F8CF214DF29A
:10294000273001F013F802214DF2283001F00EF883
:10295000DE214DF2293001F009F802214DF22A3032
:1029600001F004F8F2214DF22B3000F0FFFF0221BC
:102970004DF22C3000F0FAFFFE214DF22D3000F028
:10298000F5FF03214DF22E3000F0F0FF10214DF243
:102990002F3000F0EBFF03214DF2303000F0E6FF66
:1029A00033214DF2313000F0E1FF03214DF232309E
:1029B00000F0DCFF6D214DF2333000F0D7FF002135
:1029C0004FF4544000F0D2FF33214DF2014000F0AB
:1029D000CDFF00214DF2024000F0C8FF34214DF23E
:1029E000034000F0C3FF00214DF2044000F0BEFFA1
:1029F0003A214DF2054000F0B9FF00214DF20640AA
:102A000000F0B4FF4A214DF2074000F0AFFF002173
:102A10004DF2084000F0AAFF5C214DF2094000F0A1
:102A2000A5FF00214DF20A4000F0A0FF81214DF2E8
:102A30000B4000F09BFF00214DF20C4000F096FF90
:102A4000A6214DF20D4000F091FF00214DF20E4005
:102A500000F08CFFE5214DF20F4000F087FF0121CF
:102A60004DF2104000F082FF13214DF2114000F0B2
:102A70007DFF01214DF2124000F078FF54214DF20C
:102A8000134000F073FF01214DF2144000F06EFF7F
:102A900082214DF2154000F069FF01214DF21640F0
:102AA00000F064FFCA214DF2174000F05FFF0221E1
:102AB0004DF2184000F05AFF00214DF2194000F08D
:102AC00055FF02214DF21A4000F050FF01214DF256
:102AD0001B4000F04BFF00E003E302214DF21C40DD
:102AE00000F044FF34214DF21D4000F03FFF022171
:102AF0004DF21E4000F03AFF67214DF21F4000F0FA
:102B000035FF02214DF2204000F030FF84214DF2CC
:102B1000214000F02BFF02214DF2224000F026FF61
:102B2000A4214DF2234000F021FF02214DF2244068
:102B300000F01CFFB7214DF2254000F017FF0221E5
:102B40004DF2264000F012FFCF214DF2274000F059
:102B50000DFF02214DF2284000F008FFDE214DF26A
:102B6000294000F003FF02214DF22A4000F0FEFE52
:102B7000F2214DF22B4000F0F9FE02214DF22C40E3
:102B800000F0F4FEFE214DF22D4000F0EFFE032197
:102B90004DF22E4000F0EAFE10214DF22F4000F0E1
:102BA000E5FE03214DF2304000F0E0FE33214DF20E
:102BB000314000F0DBFE03214DF2324000F0D6FE42
:102BC0006D214DF2334000F0D1FE00214FF455400D
:102BD00000F0CCFE33214DF2015000F0C7FE002181
:102BE0004DF2025000F0C2FE34214DF2035000F0CD
:102BF000BDFE00214DF2045000F0B8FE3A214DF226
:102C0000055000F0B3FE00214DF2065000F0AEFE7C
:102C10004A214DF2075000F0A9FE00214DF2085064
:102C200000F0A4FE5C214DF2095000F09FFE00214F
:102C30004DF20A5000F09AFE81214DF20B5000F047
:102C400095FE00214DF20C5000F090FEA6214DF2B1
:102C50000D5000F08BFE00214DF20E5000F086FE6C
:102C6000E5214DF20F5000F081FE01214DF2105090
:102C700000F07CFE13214DF2115000F077FE01218F
:102C80004DF2125000F072FE54214DF2135000F03C
:102C90006DFE01214DF2145000F068FE82214DF2CC
:102CA000155000F063FE01214DF2165000F05EFE5B
:102CB000CA214DF2175000F059FE02214DF2185072
:102CC00000F054FE00214DF2195000F04FFE022199
:102CD0004DF21A5000F04AFE01214DF21B5000F057
:102CE00045FE02214DF21C5000F040FE34214DF211
:102CF0001D5000F03BFE02214DF21E5000F036FE4A
:102D000067214DF21F5000F031FE02214DF220509C
:102D100000F02CFE84214DF2215000F027FE02210C
:102D20004DF2225000F022FEA4214DF2235000F07B
:102D30001DFE02214DF2245000F018FEB7214DF285
:102D4000255000F013FE02214DF2265000F00EFE39
:102D5000CF214DF2275000F009FE02214DF22850FC
:102D600000F004FEDE214DF2295000F0FFFD0221AB
:102D70004DF22A5000F0FAFDF2214DF22B5000F0F6
:102D8000F5FD02214DF22C5000F0F0FDFE214DF238
:102D90002D5000F0EBFD03214DF22E5000F0E6FD2A
:102DA00010214DF22F5000F0E1FD03214DF2305083
:102DB00000F0DCFD33214DF2315000F0D7FD03214E
:102DC0004DF2325000F0D2FD6D214DF2335000F043
:102DD000CDFD00214FF4564000F0C8FD33214DF2E7
:102DE000016000F0C3FD00214DF2026000F0BEFD65
:102DF00034214DF2036000F0B9FD00214DF2046072
:102E000000F0B4FD3A214DF2056000F0AFFD002165
:102E10004DF2066000F0AAFD4A214DF2076000F075
:102E2000A5FD00214DF2086000F0A0FD5C214DF2EF
:102E3000096000F09BFD00214DF20A6000F096FD54
:102E400081214DF20B6000F091FD00214DF20C60EC
:102E500000F08CFDA6214DF20D6000F087FD0021F1
:102E60004DF20E6000F082FDE5214DF20F6000F0A2
:102E70007DFD01214DF2106000F078FD13214DF22F
:102E8000116000F073FD01214DF2126000F06EFD43
:102E900054214DF2136000F069FD01214DF21460E0
:102EA00000F064FD82214DF2156000F05FFD01210C
:102EB0004DF2166000F05AFDCA214DF2176000F085
:102EC00055FD02214DF2186000F050FD00214DF239
:102ED000196000F04BFD02214DF21A6000F046FD32
:102EE00001214DF21B6000F041FD02214DF21C60FA
:102EF00000F03CFD34214DF21D6000F037FD022151
:102F00004DF21E6000F032FD67214DF21F6000F0AF
:102F10002DFD02214DF2206000F028FD84214DF2AC
:102F2000216000F023FD02214DF2226000F01EFD21
:102F3000A4214DF2236000F019FD02214DF224601E
:102F400000F014FDB7214DF2256000F00FFD0221C5
:102F50004DF2266000F00AFDCF214DF2276000F00F
:102F600005FD02214DF2286000F000FDDE214DF24A
:102F7000296000F0FBFC02214DF22A6000F0F6FC13
:102F8000F2214DF22B6000F0F1FC02214DF22C6099
:102F900000F0ECFCFE214DF22D6000F0E7FC032177
:102FA0004DF22E6000F0E2FC10214DF22F6000F097
:102FB000DDFC03214DF2306000F0D8FC33214DF2EE
:102FC000316000F0D3FC03214DF2326000F0CEFC02
:102FD0006D214DF2336000F0C9FC55214FF4704073
:102FE00000F0C4FCAA214FF2010000F0BFFC522106
:102FF0004FF2020000F0BAFC08214FF2030000F08B
:10300000B5FC00214FF2040000F0B0FCCC214FF4DD
:10301000314000F0ABFC00214BF2011000F0A6FCA7
:1030200005214FF4364000F0A1FC70214FF43740E9
:1030300000F09CFC70214BF2017000F097FC012124
:103040004FF4384000F092FC03214BF6010000F0F1
:103050008DFC03214BF6020000F088FC03214BF6A7
:10306000030000F083FC02214FF43C4000F07EFCA2
:1030700000214BF6014000F079FC00214BF60240A4
:1030800000F074FCD0214FF4494000F06FFC0221A5
:103090004CF6011000F06AFC50214CF6021000F0D2
:1030A00065FC50214CF6031000F060FC50214CF6FA
:1030B000041000F05BFC00214FF4545000F056FC6B
:1030C00055214FF4685000F051FC4FF4885000F047
:1030D00037FC7820FDF74CF94FF4245000F030FC19
:1030E000BDE08348808841F663118842F8D1E22030
:1030F00000F026FC1D2000F017FC022000F014FC5C
:10310000042000F011FC6420FDF732F9E02000F00B
:1031100017FC012000F008FC0A20FDF724F9E0204C
:1031200000F00EFC032000F0FFFB0C20FDF71BF964
:10313000012000F005FC0A20FDF715F9E62000F05B
:10314000FFFB2F2000F0F0FBFF2000F0EDFBFF2045
:1031500000F0EAFBB02000F0F3FB202000F0E4FBDD
:10316000002000F0E1FB032000F0DEFB40F21F3006
:1031700000F0DAFB012000F0D7FB40F2DF1000F096
:10318000D3FB002000F0D0FBB42000F0D9FB0420DA
:1031900000F0CAFB40F21F4000F0C6FB002000F028
:1031A000C3FB2E2000F0C0FB002000F0BDFB002080
:1031B00000F0BAFB002000F0B7FB002000F0B4FBE9
:1031C000B62000F0BDFB022000F0AEFB4FF4037010
:1031D00000F0AAFB002000F0A7FB172000F0A4FBE2
:1031E000152000F0A1FB002000F09EFB002000F065
:1031F0009BFBF02000F0A4FB032000F095FB2920AE
:1032000000F09EFBD02000F09BFB002000F08CFB28
:10321000BE2000F095FB052000F086FBFE2000F0AC
:1032200083FB012000F080FB002000F07DFB0020EC
:1032300000F07AFB002000F077FBB82000F080FB64
:10324000032000F071FB012000F06EFBBA2000F0BB
:1032500077FB012000F068FB642000F081F824482F
:10326000808849F24131884217D02148808845F250
:103270001031884211D01E48808845F21051884292
:103280000BD01B48808841F66311884205D018484E
:10329000808847F2897188421CD11648006820F066
:1032A0000F004FF02041C1F804010846D0F8040196
:1032B00020F47060C1F804010846D0F8040140F021
:1032C0000500C1F804010846D0F8040140F4A060EC
:1032D000C1F804010020FDF777FB012220210648F8
:1032E000FDF74BF84FF6FF70FDF754FB15B000BD2E
:1032F000B8010120040100A0000402401FB5FDF741
:1033000041F801208DF8000000208DF801004FF0F9
:10331000C04001901B208DF8080000208DF80900A6
:103320008DF80A0003208DF80B0000208DF80C00AA
:103330008DF80D008DF80E0001208DF80F00684605
:10334000FDF725F80420FDF727F81FBD08B5034851
:1033500000880090BDF8000008BD00000000086073
:1033600070B52DED048B0446BE2000F0E9FA05206F
:1033700000F0DAFA204600F0A8FE41EC190B9FEDB0
:103380000E0B53EC102B00F0B3FE41EC180B00F0C9
:103390006FFE85B2284600F0C7FA012000F0C4FA9B
:1033A000FF2000F0C1FA002000F0BEFA002000F07B
:1033B000BBFABDEC048B70BD66666666666604404B
:1033C000F0B50546002400279C488079012805D1E6
:1033D0009A48808841F66311884208D197488079DD
:1033E000F0B99648808841F66311884218D1082DBB
:1033F00015D2DFE805F00406080A0C0E10120625A7
:103400000DE007250BE0042509E0052507E001256F
:1034100005E0002503E0032501E0022500BF00BF11
:103420008648808849F24131884217D08348808895
:1034300045F21031884211D08048808845F2105101
:1034400088420BD07D48808841F66311884205D0C0
:103450007A48808847F2897188427DD1082D1CD234
:10346000DFE805F00406090C0F12151800BF14E080
:1034700044F0800411E044F040040EE044F0C00445
:103480000BE044F0200408E044F0600405E044F060
:10349000A00402E044F0E00400BF00BF6748808859
:1034A00045F21051884202D14FF4585700E03627B8
:1034B0006248808845F2103188420DD05F4880888C
:1034C00045F21051884207D05C48808841F663116C
:1034D000884201D044F008042146384600F046FAFC
:1034E0005648808841F6631188421DD004F02000C0
:1034F00068B15248008851494988884214DA4F48D7
:10350000068840884D490880084646800CE04B48B4
:1035100000884A494988884206DD4848068840882C
:1035200046490880084646804448808845F2105144
:10353000884254D14149488900F002FA002000F045
:10354000F3F93E494989491C88B200F0F9F9002095
:1035500000F0EAF9394900E06FE04989891C88B236
:1035600000F0EEF935490988491EC1F30F2000F03B
:10357000DBF932494989C91C88B200F0E1F92F49C9
:103580000978491EC8B200F0CFF92C49888900F0AB
:10359000D7F9002000F0C8F928498989491C88B268
:1035A00000F0CEF9002000F0BFF924498989891C78
:1035B00088B200F0C5F921494988491EC1F30F209E
:1035C00000F0B2F91D498989C91C88B200F0B8F928
:1035D0001A498978491EC8B200F0A6F92DE01749AA
:1035E000488900F0ADF9002000F09EF9002000F0BD
:1035F0009BF912490988491EC1F30F2000F094F984
:103600000E490978491EC8B200F08EF90B49888925
:1036100000F096F9002000F087F9002000F084F90E
:1036200006494988491EC1F30F2000F07DF903497E
:103630008978491EC8B200F077F9F0BDB8010120C1
:1036400010B502460C464E48808849F24131884206
:103650000BD04B48808845F21031884205D048484D
:10366000808847F28971884214D14549488900F021
:1036700067F9101200F058F9D0B200F055F940493E
:10368000888900F05DF9201200F04EF9E0B200F0F8
:103690004BF973E03A48808841F66311884247D17C
:1036A00037488079A8B936480088401E801A82B20F
:1036B0003349488900F044F9002000F035F9002032
:1036C00000F032F9101200F02FF9D0B200F02CF90E
:1036D00016E02B49488900F033F9101200F024F964
:1036E000D0B200F021F926490988491EC1F30F2004
:1036F00000F01AF922490978491EC8B200F014F9FD
:103700001F49888900F01CF9201200F00DF9E0B281
:1037100000F00AF91A494988491EC1F30F2000F048
:1037200003F917498978491EC8B200F0FDF825E071
:103730001348808845F2105188421FD110494889AA
:1037400000F0FEF8101200F0EFF80D494989491C0D
:1037500088B200F0F5F8D0B200F0E6F808498889A0
:1037600000F0EEF8201200F0DFF805498989491CC5
:1037700088B200F0E5F8E0B200F0D6F810BD000025
:10378000B80101202DE9F84F80460F4616461C4629
:10379000BB462046E31704EB5373DB1021464FEA88
:1037A000E47C04EB5C7C4FEAEC0CA4EBCC0CBCF1AD
:1037B000000F02D04FF0010C01E04FF0000C634409
:1037C000224604EBD27C4FEA6C0C03FB0CF3DBB219
:1037D0000093A6F12000C6B200255EE00C2C07D1B4
:1037E00006EB46002F4901EB800010F805901BE026
:1037F000102C05D12C4800EB061010F8059013E0B2
:10380000182C07D106EBC600284901EB800010F800
:10381000059009E0202C05D1254800EBC61010F8D2
:10382000059001E0BDE8F88F4FF0000A2FE009F0A5
:10383000800030B11F48394602684046FDF780F9E4
:1038400007E00A9828B91C48394602684046FDF747
:1038500077F94FEA49604FEA1069781C87B2174838
:103860004088B84200DCDDE7A7EB0B00A0420AD19C
:103870005F4608F101001FFA80F8104800884045B3
:1038800000DCCFE706E00AF1010000F0FF0ABAF120
:10389000080FCCDB00BF681CC5B2009885429DDBD9
:1038A00000BFBFE7EC42009060470090504D009091
:1038B000AC5A00901C00012020000120B80101201A
:1038C0002DE9F84704460D4690469946DDE909671B
:1038D00004F0FF0A08EB04001FFA80F809EB05006A
:1038E0001FFA80F916E0444502DB5446A81985B258
:1038F0004D4500DB14E0002000903A78334629461D
:103900002046FFF73FFF304606EBD07104EB610124
:103910008CB27F1C38787E2802DC38782028E2DAE6
:1039200000BFBDE8F887000001B5BDF800000090B9
:10393000BDF800000149088008BD000000000860D3
:1039400001B5BDF800000090BDF8000001490880F5
:1039500008BD0000FEFF0760024800890249088098
:1039600070470000B8010120FEFF0760024A108086
:10397000921C118070470000FEFF076000B587B001
:1039800000BF1248006840F0020010490860084675
:10399000006800F00200019000BF00BF0320029009
:1039A0000120039004900320059002A90848FCF729
:1039B000D0FC012211460648FCF7DFFC012202215F
:1039C0000348FCF7DAFC07B000BD000030380240C5
:1039D0000004024070477047704710B5FCF7E1FCE7
:1039E00010BD90F8241001F0010139B10168496857
:1039F00021F40031826A11430268516090F824106A
:103A000001F00201022907D10168496821F48031DF
:103A1000C26A11430268516090F8241001F0040159
:103A2000042907D10168496821F48021026B114300
:103A30000268516090F8241001F00801082907D1AC
:103A40000168496821F40041426B114302685160EA
:103A500090F8241001F01001102907D1016889683D
:103A600021F48051826B11430268916090F8241018
:103A700001F02001202907D10168896821F4005153
:103A8000C26B11430268916090F8241001F040016C
:103A9000402913D10168496821F48011026C114357
:103AA00002685160016CB1F5801F07D10168496857
:103AB00021F4C001426C11430268516090F8241057
:103AC00001F08001802907D10168496821F40021B3
:103AD000826C114302685160704738B5044600207B
:103AE000E067FCF731FC05462068006800F008003C
:103AF00008280CD16FF07E402B4600224FF40011B5
:103B00000090204600F076FA08B1032038BD20204E
:103B10006067A06700BF002084F8700000BF00BF8E
:103B2000F4E770B50546AC6B0020A4F85A00A4F881
:103B300052002046FCF7BCFD70BD0168096821F405
:103B40009071026811600168896821F001010268C2
:103B500091602021816700210166704710B50446FD
:103B60002068006820F0400021680860202060671D
:103B7000002060662046FCF709FF10BD2DE9F041EA
:103B80000446B4F85C70A06F222825D12068406AF2
:103B900086B2656D06EA07002880606D801C60654E
:103BA000B4F85A00401EA4F85A00B4F85A00C8B934
:103BB0002068006820F490702168086020688068A0
:103BC00020F00100216888602020A0670020206686
:103BD0002046FCF7EBFB05E02068806940F0080018
:103BE00021688861BDE8F08170B50446B4F85C6076
:103BF000A06F222825D12068406A85B2F0B2284003
:103C0000616D0870606D401C6065B4F85A00401E1C
:103C1000A4F85A00B4F85A00C8B92068006820F423
:103C20009070216808602068806820F00100216899
:103C300088602020A067002020662046FCF7B6FBA5
:103C400005E02068806940F008002168886170BD47
:103C50002DE9F04704460026B1462169A0680843D3
:103C600061690843E16940EA010720680068D549B5
:103C700008403843216808602068406820F44050BC
:103C8000E168084321684860A769206A0743206803
:103C9000806820F4306038432168886000BFCA49DA
:103CA0002068884216D1C948006800F0030030B18E
:103CB000012808D0022804D0032808D105E00125F6
:103CC00007E0022505E0042503E0082501E01025B2
:103CD00000BFC9E0BE492068884216D1BB480068D1
:103CE00000F00C0030B1042808D0082804D00C28BB
:103CF00008D105E0002507E0022505E0042503E0E2
:103D0000082501E0102500BFAEE0B24920688842D6
:103D100016D1AE48006800F0300030B1102808D04D
:103D2000202804D0302808D105E0002507E002252E
:103D300005E0042503E0082501E0102500BF93E01D
:103D4000A5492068884216D1A048006800F0C0004C
:103D500030B1402808D0802804D0C02808D105E020
:103D6000002507E0022505E0042503E0082501E021
:103D7000102500BF78E099492068884219D19348FE
:103D8000006800F4407048B1B0F5807F0AD0B0F50B
:103D9000007F05D0B0F5407F08D105E0002507E0A1
:103DA000022505E0042503E0082501E0102500BFF9
:103DB0005AE08B492068884219D18448006800F491
:103DC000406048B1B0F5806F0AD0B0F5006F05D003
:103DD000B0F5406F08D105E0012507E0022505E0B8
:103DE000042503E0082501E0102500BF3CE07D49E3
:103DF0002068884219D17548006800F4405048B1E5
:103E0000B0F5805F0AD0B0F5005F05D0B0F5405F37
:103E100008D105E0002507E0022505E0042503E0C0
:103E2000082501E0102500BF1EE06F492068884288
:103E300019D16648006800F4404048B1B0F5804FA1
:103E40000AD0B0F5004F05D0B0F5404F08D105E0DD
:103E5000002507E0022505E0042503E0082501E030
:103E6000102500BF00E0102500BFE069B0F5004F4D
:103E700057D1042D28D005DC4DB1012D11D0022DD4
:103E800036D118E0082D29D0102D31D131E0FCF7C2
:103E900092FA4000616800EB5100B0FBF1F086B28D
:103EA0002AE0FCF78DFA4000616800EB5100B0FB9E
:103EB000F1F086B220E04D49606801EB5000616886
:103EC000B0FBF1F086B217E0FCF77FFA40006168C2
:103ED00000EB5100B0FBF1F086B20DE04FF4803101
:103EE000606801EB50006168B0FBF1F086B203E05E
:103EF00000BF4FF0010900BF00BF102E0ED3B6F572
:103F0000803F0BD24FF6F07006EA0008C6F342007D
:103F100048EA00082068C0F80C804DE04FF0010925
:103F20004AE0042D26D005DC4DB1012D10D0022D24
:103F300033D116E0082D26D0102D2ED12EE0FCF71F
:103F40003AFA616800EB5100B0FBF1F086B228E06C
:103F5000FCF736FA616800EB5100B0FBF1F086B275
:103F60001FE02349606801EB50006168B0FBF1F08D
:103F700086B216E0FCF729FA616800EB5100B0FB4D
:103F8000F1F086B20DE04FF40041606801EB5000A3
:103F90006168B0FBF1F086B203E000BF4FF00109A9
:103FA00000BF00BF102E05D3B6F5803F02D22068B7
:103FB000C66001E04FF001090020206660664846B7
:103FC000BDE8F087F369FFEF001001409038024030
:103FD0000044004000480040004C004000500040B9
:103FE0000014014000780040007C00400048E801D7
:103FF0000024F4002DE9F04104460D46174698468A
:10400000069E1FE0701CE8B1FCF79EF9A0EB0800CB
:10401000B04200D8B6B92068006820F4D07021689A
:1040200008602068806820F00100216888602020F6
:104030006067A06700BF002084F8700000BF032005
:10404000BDE8F0812068C0692840A84201D1012064
:1040500000E00020B842D5D00020F1E700BFFEE725
:1040600030380A2801D20120704700207047000034
:104070004FEA1153A3F58063D3F11E03A8BFD3F118
:10408000200C08DB4FF0004242EAC12252EA5052B3
:1040900032FA03F0704709420BD4102BC4BF002042
:1040A000704703F5787CBCF1FF3F05D04FF0FF303F
:1040B00070474FF00000704770B500F0C3F800BFC4
:1040C0004992248000207047F0E7B0FA80F310FA9C
:1040D00003F10AD0C3F11D0303F580634FEA415099
:1040E0004FEA035202EBD12170474FF000007047B6
:1040F000DFF848C170B51CEA111E1EBF1CEA13157B
:104100009EEA0C0F95EA0C0F00F06F8081EA030421
:1041100023EA4C134EEAD47E21EA4C1141F480117B
:1041200043F48013AE44A1FB024CA0FB0365AEF147
:104130007F7E361955EB0C05A1FB034C4CF10003B7
:10414000A0FB021C16EB0C06654153F1000309426B
:1041500018BF46F0010613F4007F0BD14FEA03317C
:104160004FEA0530340341EA155140EA16506FF02A
:1041700003020AE04FEAC3214FEAC520F40241EAF4
:10418000555140EA56506FF0020202EB2E4201EB0D
:10419000025585EACE710AD05FEA440C18BF24F0BC
:1041A000004450F1000041F1000120EAD47040F2D7
:1041B000FE7C624500D270BDA84214BF4FF080441F
:1041C0004FF04044002E08BF0024BEF1806FA8BF0E
:1041D000A1F1C041BDE8704080F282804FF0000044
:1041E00001F1C04101F0004170479EEA0C0F0CEA5A
:1041F000131518BF95EA0C0F06D04FF0000081EAA6
:10420000030E0EF0004170BD00F01CF88900013E65
:1042100000F007B800F009B84FEA430C5FEA5C5CB5
:1042200008D081EA030100F05BB84FEA410C5FEA75
:104230005C5CF6D14FF00000014970470000FF07B9
:104240000000F87F0EF1020E2EF0030E5EF8046BF4
:10425000364205D4012A43EB030515F5001F12D899
:10426000012841EB010C1CF5001F0CD80ED14FEAC0
:10427000D17C15F5001F0CEB4C0C0CF1020C08BFA7
:104280004CEBD37C04E04FF0080C01E04FEAD37C08
:104290000CEB4C0526FA05F606F00706B6F1040C01
:1042A00006D20EEB860CBDE870404CF0010C604766
:1042B000DFE80CF0090B02024FF000414FF0000064
:1042C000A1F5002170BD19461046012851EB0104EB
:1042D00018BFD4F5001484BF002001F0004170BD68
:1042E0000808A0F500114FEA3101704700000000F6
:1042F0000000000000000000000000003F4000003F
:1043000000000000000030004000300040000000CD
:1043100009000BC03D000BC03D00090018C024403F
:104320007FE0224031800000180024C01B000D8077
:104330003240018003801C4027401C800740004021
:1043400010006000000000000000000000000000FD
:1043500000001F80204040200000402020401F809F
:1043600000000000090006001F8006000900000090
:10437000040004003F8004000400000000100060FE
:10438000000000000000000004000400040004001D
:1043900004000000000000400000000000000000D9
:1043A000002001C006003800400000001F802040AF
:1043B000204020401F800000000010403FC000400F
:1043C0000000000018C02140224024401840000096
:1043D00010802040244024401B80000002000D007B
:1043E00011003FC0014000003C8024402440244094
:1043F000238000001F8024402440344003800000BC
:104400003000200027C03800200000001B8024401E
:10441000244024401B8000001C0022C02240224077
:104420001F800000000000000840000000000000A5
:104430000000000004600000000000000000040014
:104440000A0011002080404009000900090009000D
:104450000900000000004040208011000A00040014
:104460001800200023402400180000001F80204076
:10447000274029401F400000004007C039000F00BE
:1044800001C0004020403FC0244024401B80000069
:104490001F802040204020403080000020403FC04E
:1044A000204020401F80000020403FC024402E407C
:1044B00030C0000020403FC024402E0030000000EB
:1044C0000F001080204022403380020020403FC077
:1044D000040004003FC02040204020403FC0204056
:1044E000204000000060202020203FC0200020004D
:1044F00020403FC024400B0030C0204020403FC03F
:1045000020400040004000C03FC03C0003C03C00D1
:104510003FC0000020403FC00C4023003FC02000AF
:104520001F802040204020401F80000020403FC0CE
:1045300024402400180000001F802140214020E07A
:104540001FA0000020403FC02440260019C00040AA
:1045500018C0244024402240318000003000204018
:104560003FC020403000000020003F80004000405D
:104570003F80200020003E0001C0070038002000DE
:10458000380007C03C0007C038000000204039C098
:10459000060039C0204000002000384007C03840E5
:1045A00020000000304021C02640384020C00000DC
:1045B000000000007FE0402040200000000070006C
:1045C0000C000380004000000000402040207FE0FD
:1045D000000000000000200040002000000000005B
:1045E000001000100010001000100010000000006B
:1045F000400000000000000000000280054005406F
:1046000003C0004020003FC004400440038000007D
:1046100000000380044004400640000000000380C6
:10462000044024403FC00040000003800540054096
:1046300003400000000004401FC02440244020002C
:10464000000002E0055005500650042020403FC005
:104650000440040003C000400000044027C00040A4
:104660000000000000100010041027E0000000000F
:1046700020403FC00140070004C0044020402040CB
:104680003FC000400040000007C0040007C0040015
:1046900003C00000044007C00440040003C0004001
:1046A000000003800440044003800000041007F071
:1046B00004500440038000000000038004400450C4
:1046C00007F00010044007C002400400040000008E
:1046D000000006400540054004C000000000040042
:1046E0001F80044000400000040007800040044098
:1046F00007C000400400070004C001800600040059
:10470000060001C0070001C006000000044006C00A
:10471000010006C0044000000410071004E00180FE
:10472000060004000000044005C0064004400000EC
:104730000000000004007BE04020000000000000BA
:104740000000FFF000000000000040207BE00400BB
:1047500000000000400080004000200020004000D9
:104760000000000000000000000000000000000049
:104770000000000000001FCC000C00000000000042
:1047800000000800300060000800300060000000F9
:10479000022003FC1E20022003FC1E200220000039
:1047A00000000E1811043FFF10840C780000000078
:1047B0000F0010840F3800C00778188400780000BC
:1047C00000780F8410C411240E9800E400840008BF
:1047D00008006800700000000000000000000000F9
:1047E00000000000000007E018182004400200004C
:1047F000000040022004181807E00000000000003C
:104800000240024001800FF001800240024000009F
:104810000080008000800FF8008000800080000091
:104820000001000D000E000000000000000000006C
:1048300000000080008000800080008000800080F8
:104840000000000C000C0000000000000000000050
:10485000000000060018006001800600180020001B
:10486000000007F0080810041004080807F0000012
:104870000000080408041FFC0004000400000000FD
:1048800000000E0C10141024104411840E0C0000B3
:1048900000000C1810041104110412880C700000A0
:1048A000000000E00320042408241FFC0024000072
:1048B00000001F981084110411041088107000006B
:1048C000000007F008881104110418880070000027
:1048D00000001C00100010FC13001C001000000061
:1048E00000000E3811441084108411440E3800006A
:1048F00000000700088C10441044088807F00000EE
:10490000000000000000030C030C00000000000089
:10491000000000000001010600000000000000008F
:10492000000000800140022004100808100400006C
:104930000220022002200220022002200220000089
:10494000000010040808041002200140008000004C
:1049500000000E001200100C106C10800F00000000
:1049600003E00C1813E4142417C4082807D000002F
:104970000004003C03C41C40074000E4001C000489
:1049800010041FFC1104110411040E8800700000B3
:1049900003E00C1810041004100410081C10000090
:1049A00010041FFC100410041004080807F0000095
:1049B00010041FFC1104110417C41004081800008F
:1049C00010041FFC1104110017C0100008000000A3
:1049D00003E00C181004100410441C780040000080
:1049E00010041FFC10840080008010841FFC100441
:1049F0000000100410041FFC10041004000000004C
:104A000000030001100110011FFE10001000000043
:104A100010041FFC110403801464181C100400000F
:104A200010041FFC1004000400040004000C00002B
:104A300010041FFC1F0000FC1F001FFC10040000DE
:104A400010041FFC0C04030000E010181FFC1000F1
:104A500007F00808100410041004080807F000000C
:104A600010041FFC10841080108010800F000000C4
:104A700007F0081810241024101C080A07F2000080
:104A800010041FFC1104110011C011300E0C0004A1
:104A900000000E1C11041084108410441C38000007
:104AA0001800100010041FFC100410001800000073
:104AB00010001FF810040004000410041FF8100078
:104AC00010001E0011E0001C007013801C0010007C
:104AD0001FC0103C00E01F0000E0103C1FC00000A1
:104AE0001004180C163401C001C01634180C100440
:104AF00010001C00130400FC13041C001000000034
:104B00000804101C1064108413041C041018000006
:104B10000000000000007FFE400240024002000052
:104B2000000030000C0003800060001C0003000047
:104B300000004002400240027FFE00000000000032
:104B40000000000020004000400040002000000065
:104B5000000100010001000100010001000100014D
:104B600000004000400020000000000000000000A5
:104B700000000098012401440144014400FC0004A9
:104B800010001FFC00880104010400880070000070
:104B90000000007000880104010401040088000086
:104BA0000000007000880104010411081FFC0004CB
:104BB000000000F8014401440144014400C8000021
:104BC0000000010401040FFC11041104110018007D
:104BD000000000D601290129012901C901060000B0
:104BE00010041FFC008401000100010400FC00040B
:104BF00000000104190419FC000400040000000076
:104C00000000000300010101190119FE000000006D
:104C100010041FFC0024004001B4010C010400003A
:104C20000000100410041FFC000400040000000039
:104C3000010401FC0104010001FC0104010000FC6D
:104C4000010401FC008401000100010400FC0004D7
:104C5000000000F8010401040104010400F8000050
:104C6000010101FF008501040104008800700000BB
:104C700000000070008801040104010501FF00012B
:104C80000104010401FC0084010401000180000012
:104C9000000000CC0124012401240124019800001B
:104CA00000000100010007F80104010400000000F9
:104CB000010001F8000400040004010801FC0004E4
:104CC000010001800170000C0010016001800100F2
:104CD00001F0010C003001C00030010C01F00100B6
:104CE00000000104018C00740170018C01040000BB
:104CF000010101810171000E0018016001800100B5
:104D000000000184010C013401440184010C000005
:104D1000000000000000000001003EFC40024002D4
:104D20000000000000000000FFFF00000000000085
:104D30000000400240023EFC0100000000000000B4
:104D40000000600080008000400040002000200043
:104D50000000000000000000000000000000000053
:104D60000000000000000000000000000000000043
:104D70000000000000000000000000000000000033
:104D80000000000F80380FFE380F80380000000050
:104D90000000000000000000000000000000010012
:104DA000000600000C000038000031000006000082
:104DB0000C0000380000300000000000000000007F
:104DC00061800067F807F980006180006180006100
:104DD000800061800067F807F980006180000000B2
:104DE00000000000000001C0E003E0F0063008040D
:104DF00018081FFFFE040E080787F00381E000007B
:104E00000000000001F000060C00040408060C700D
:104E100001F9C0000E00003BE000EC180708080490
:104E20000C180003E00000000001E00007F003F8A8
:104E300018041C0804170807E1D003C0E00023B0E1
:104E4000003C0800200800001000000000000001E5
:104E500000003100003200001C00000000000000D3
:104E60000000000000000000000000000000000042
:104E70000000000000000000000000000000000032
:104E80007F0001FFC00780F00C0018100004200014
:104E9000020000000000002000021000040C0018B6
:104EA0000780F001FFC0007F00000000000000004C
:104EB000000000000000000000000000420000664A
:104EC00000006600003C0000180003FFC00018004E
:104ED000003C000066000066000042000000000088
:104EE000080000080000080000080000080001FF9A
:104EF000C0000800000800000800000800000800CA
:104F000000000000000100003100003200001C0021
:104F10000000000000000000000000000000000091
:104F20000000000000000000080000080000080069
:104F30000008000008000008000008000008000049
:104F40000800000800000000000000000000000051
:104F500038000038000038000000000000000000A9
:104F60000000000000000000000000000000000041
:104F7000000600001C000070000180000E000038D8
:104F80000000C0000700001C00003000000000000E
:104F9000000000007F8001FFE0038070060018041D
:104FA000000804000806001803807001FFE0007F7D
:104FB000800000000000000000000100080100085F
:104FC00001000803FFF807FFF800000800000800D0
:104FD000000800000000000000000001C03802C00E
:104FE00058040098040118040218040418061C1838
:104FF00003F81801E0F800000000000000000001C4
:10500000C0E003C0F00400080408080408080618FB
:105010000803F41801E7F00001E0000000000000C0
:10502000000000000300000D0000110000610000FE
:10503000810803010807FFF80FFFF80001080001CD
:10504000080000000000000000E007FCD00608088F
:10505000061008061008061008061838060FF00695
:1050600007C0000000000000000000003F8001FFBA
:10507000E003843002081804100804100804100823
:10508000071810030FF00007C00000000000000028
:10509000000003C0000700000600000600F8060735
:1050A000F806180006E000070000060000000000F7
:1050B00000000001E1E003F7F006341004180804D2
:1050C0001808040C08040C0806161803F3F001C1B4
:1050D000E000000000000000F80003FC3003063888
:1050E0000402080402080402080404100308F00182
:1050F000FFC0007F00000000000000000000000072
:1051000000000000000000007038007038007038A7
:10511000000000000000000000000000000000008F
:10512000000000000000000000000000301A003005
:105130001C00000000000000000000000000000053
:105140000000000000000008000014000022000021
:10515000410000808001004002002004001008008F
:1051600008000000000000002100002100002100D4
:10517000002100002100002100002100002100008A
:1051800021000021000000000000000000000800D5
:10519000080400100200200100400080800041004F
:1051A00000220000140000080000000000000003BE
:1051B000C00004C000040000080038080F380808C8
:1051C000380810000C300007E00003C000000000A9
:1051D000000000003F8000FFE0038070020F100617
:1051E000708804C088048308047F8802C09003018B
:1051F0002000FE400000080000180001F8003E08F2
:1052000001C20007020007E20000FE00001FC80004
:1052100001F800003800000804000807FFF807FF45
:10522000F804080804080804080804080806180810
:1052300003F41801E7F00001E000000000000000A6
:105240003F8001FFE00380700200180400080400A2
:10525000080400080400100600200780C0000000B9
:1052600004000807FFF807FFF8040008040008041A
:10527000000804001802001003807001FFE0007FA6
:105280008000000004000807FFF807FFF804080882
:10529000040808040808040808043E080400080676
:1052A000001801006000000004000807FFF807FF75
:1052B000F8040808040800040800040800043E007C
:1052C0000600000600000180000000000000000051
:1052D0003F8001FFE003807006001804000804020C
:1052E000080402080203F00783F000020000020035
:1052F00004000807FFF807FFF8040808000800008A
:10530000080000080000080004080807FFF807FF6D
:10531000F804000800000000000004000804000871
:1053200004000807FFF807FFF80400080400080459
:10533000000800000000000000000000000600005F
:105340000700000104000104000104000307FFFE40
:1053500007FFFC040000040000040000040008072C
:10536000FFF807FFF8040C08001800003E0004C70F
:10537000800503C80600F80400380400180000087F
:1053800004000807FFF807FFF80400080000080001
:1053900000080000080000080000080000180000D5
:1053A0006000000004000807FFF807800807FC0001
:1053B000007FC00003F80007C000780007800807DE
:1053C000FFF807FFF804000804000807FFF80700CB
:1053D0000803C00000E000003800001E00000700C5
:1053E0000001C00400F007FFF80400000000000006
:1053F0007F8001FFE00380700600180400080400AD
:105400000806001803003001FFE0007F8000000064
:1054100004000807FFF807FFF80404080404000468
:105420000400040400040400060C0003F80001F06A
:1054300000000000000000007F8001FFE00380709A
:105440000600880400880400C806003C03003E01F2
:10545000FFE6007F8400000004000807FFF807FF54
:10546000F8040808040800040C00040F00040BC032
:105470000610F003F03801E0080000080000000109
:10548000E0F803F030063010041808041808040C83
:1054900008040C080206180207F00781E00000006B
:1054A000018000060000040000040000040008075A
:1054B000FFF807FFF80400080400000400000600DD
:1054C0000001800004000007FFE007FFF00400185F
:1054D00000000800000800000800000800000804A0
:1054E000001007FFE004000004000006000007E0D1
:1054F0000007FE00041FE00001F80000380001E092
:10550000043E0007C000060000040000040000077D
:10551000E00007FFC0041FF80007C007F80007FFFE
:1055200080043FF80007C004F800070000040000F2
:1055300000000004000806001807C07805F1C80044
:105540003E00001F800463E80780F806001804008E
:105550000800000004000006000007800007E008C3
:10556000047C08001FF80007F800180804E008078A
:105570000000060000040000000000010008060012
:10558000380400F80403E8040F08047C0805F00858
:1055900007C00807001804006000000000000000B9
:1055A00000000000000000000000003FFFFE20009F
:1055B0000220000220000220000220000200000061
:1055C00000000000000008000007000000C000000C
:1055D00038000006000001C000003000000E00008E
:1055E0000100000000000000000020000220000276
:1055F0002000022000022000023FFFFE0000000009
:10560000000000000000000000000000000000009A
:1056100000080000100000300000200000300000F2
:105620001000000800000000000000000000010061
:105630000001000001000001000001000001000065
:105640000100000100000100000100000100000154
:1056500000000000000000000020000020000010FA
:10566000000010000000000000000000000000002A
:10567000000000000000000000F00019F8001B18F6
:10568000002208002608002408002410003FF8002B
:105690001FF800000800001800000004000007FFC9
:1056A000F80FFFF00018180010080020080020086C
:1056B000003018001FF0000FC000000000000000C4
:1056C00007C0001FF000183000200800200800204C
:1056D00008003C08001C10000060000000000000F2
:1056E0000000000007C0001FF0003818002008006C
:1056F000200800200804101007FFF80FFFF000003A
:10570000100000000000000000000007C0001FF0B3
:10571000001230002218002208002208003208007F
:105720001E10000E200000000000000020000020DD
:105730000800200801FFF803FFF8062008042008ED
:105740000420080720000300000000000000000003
:10575000000E000E6E001FF30031B10020B10020DA
:10576000B1003191001F13002E1E00200E003000EA
:1057700000000004000807FFF80FFFF80010080001
:105780002000002000002008003FF8001FF8000063
:1057900008000000000000000000002008002008B1
:1057A000002008063FF8063FF80000080000080047
:1057B00000080000000000000000000000000000E1
:1057C00003000003002001002001002003063FFE2B
:1057D000063FFC0000000000000000000000000484
:1057E000000807FFF80FFFF8000188000300002FF2
:1057F000C00038F800203800200800000800000031
:10580000000000000000040008040008040008076D
:10581000FFF80FFFF8000008000008000008000073
:1058200000000000002008003FF8003FF8001008CA
:10583000002000003FF8003FF800100800200000A2
:105840003FF8003FF8000008000000002008003F7B
:10585000F8003FF8001008001000002000002008A9
:10586000003FF8001FF800000800000000000000E2
:1058700007C0000FF000183000300800200800209A
:1058800008003008001830000FF00007C0000000CA
:10589000000000002001003FFF003FFF001011004A
:1058A0002009002008002008003038001FF0000FF9
:1058B000C00000000000000007C0001FF000381802
:1058C000002008002008002009001011001FFF0020
:1058D0003FFF000001000000002008002008002019
:1058E00008003FF8003FF8000808001008002008F2
:1058F0000020000030000030000000000000000028
:105900000000000C78001E18003308002308002156
:10591000080021880021980030F000386000000065
:1059200000000000200000200000200000FFF00325
:10593000FFF80020080020080020080000300000C8
:1059400000000000000000002000003FF0007FF891
:10595000000018000008000008002010003FF800B8
:105960007FF0000010000000000000002000003068
:1059700000003C00003F800023F000007800007031
:10598000002380003C0000300000200000200000C8
:105990003C00003FE00023F80000E0002700003E4C
:1059A00000003FE00021F80001E0003E0000200080
:1059B000000000002008002008003838003E680081
:1059C00027800003C8002CF8003838002018002079
:1059D00008000000000000002000003003003C012F
:1059E000003F830023EC000070002380003C000097
:1059F000200000200000000000000000000000382F
:105A0000080020380020F80023E8002F88003E0816
:105A1000003808002018000070000000000000009E
:105A2000000000000000000000000000080000145A
:105A3000001FF7FC300006200002000000000000FC
:105A40000000000000000000000000000000000056
:105A50000000FFFFFF000000000000000000000049
:105A600000000000000000000000200002300006DE
:105A70001FF7FC00140000080000000000000000F8
:105A8000000000000000000000000018000060009E
:105A9000004000004000002000001000000800004E
:105AA0000400000400000C000010000000000000D2
:105AB00000000000000000000000000000000000E6
:105AC00000000000000000000000000000000000D6
:105AD00000000000000000000000000000000000C6
:105AE00000000000000000000000000000000000B6
:105AF00000000000000000000000000000000000A6
:105B00000000000000000000000000000000000095
:105B10000000000000000000000000000000000085
:105B20000000000000000000000000000000000075
:105B30000000000000000000000000000000000065
:105B40000000000007F000C007FFE1E007F001E0FF
:105B5000000000C000000000000000000000000085
:105B60000000000000000000000000000000000035
:105B70000000000000000000000000000000000025
:105B80000000000000000000000000000000000015
:105B90000000000000000000000000000000000005
:105BA00000000000000000000000000000000000F5
:105BB000000000000020000001C00000078000007D
:105BC0001F0000001E0000001C20000001C000009B
:105BD000078000001F0000001E0000001C000000E5
:105BE00000000000000000000000000000000000B5
:105BF00000000000000000000000000000000000A5
:105C00000000000000000000000000000000000094
:105C10000000000000000000000000000000000084
:105C20000000000000000000000000000000000074
:105C300000180C0000180C0000180FE0001FFC00FA
:105C400003F80C0000180C0000180C0000180C00E1
:105C500000180C0000180FE0001FFC0003F80C00F7
:105C600000180C0000180C000000000000000000EC
:105C70000000000000000000000000000000000024
:105C80000000000000000000000000000000000014
:105C90000000000000000000000000000000000004
:105CA00000000000000000000000000000000000F4
:105CB0000000000000000780007807C000FC0640DC
:105CC000010E002003070020020380200FFFFFFCCD
:105CD0000201C0200200E0600130704001F03F800E
:105CE00000F01F00000000000000000000000000A5
:105CF00000000000000000000000000000000000A4
:105D00000000000000000000000000000000000093
:105D10000000000000000000000000000000000083
:105D200000000000000000000000000000FE000075
:105D300001FF00000301800002008060030181C0B8
:105D400001FF070000FE18000000E0000003BF0094
:105D5000000CFFC00071806001C100200301806061
:105D60000000FFC000003F00000000000000000035
:105D70000000000000000000000000000000000023
:105D80000000000000000000000000000000000013
:105D90000000000000000000000000000000000003
:105DA00000000000000000000000000000001F00D4
:105DB00000007FC000FCC0C001FF80600303E02042
:105DC0000202782002061E2003FC074001F0038037
:105DD000000103C000011C600001E0200001002060
:105DE00000010040000001800000000000000000F1
:105DF00000000000000000000000000000000000A3
:105E00000000000000000000000000000000000092
:105E10000000000000000000000000000000000082
:105E20000000000000000000000000000000000072
:105E3000002000001C6000001C4000001F800000CB
:105E40000F00000000000000000000000000000043
:105E50000000000000000000000000000000000042
:105E60000000000000000000000000000000000032
:105E70000000000000000000000000000000000022
:105E80000000000000000000000000000000000012
:105E90000000000000000000000000000000000002
:105EA00000000000000000000000000000000000F2
:105EB00000000000000000000000000000000000E2
:105EC00000000000000000000007F800003FFF0095
:105ED000007807C001C000E00300003004000008A3
:105EE0000800000410000002000000000000000094
:105EF00000000000000000000000000000000000A2
:105F00000000000000000000000000000000000091
:105F10000000000000000000000000000000000081
:105F20000000000000000000000000000000000071
:105F30001000000208000004040000080300003004
:105F400001C000E0007807C0003FFF000007F80034
:105F50000000000000000000000000000000000041
:105F60000000000000000000000000000000000031
:105F70000000000000000000000000000000000021
:105F80000000000000000000000000000000000011
:105F90000000000000000000000000000000000001
:105FA00000000000000000000000000000000000F1
:105FB00000000000000C1800000E3800000E380031
:105FC00000063000000360000061438000FFFF8096
:105FD000006143000003600000063000000E38003E
:105FE000000E3800000C1800000000000000000047
:105FF00000000000000000000000000000000000A1
:106000000000000000000000000000000000000090
:106010000000000000000000000000000000000080
:106020000000000000000000000000000000000070
:1060300000000000000080000000800000008000E0
:10604000000080000000800000008000007FFF0052
:106050000000800000008000000080000000800040
:106060000000800000008000000000000000000030
:106070000000000000000000000000000000000020
:106080000000000000000000000000000000000010
:106090000000000000000000000000000000000000
:1060A00000000000000000000000000000000000F0
:1060B00000000001000000E3000000E2000000FC1E
:1060C0000000007800000000000000000000000058
:1060D00000000000000000000000000000000000C0
:1060E00000000000000000000000000000000000B0
:1060F00000000000000000000000000000000000A0
:10610000000000000000000000000000000000008F
:10611000000000000000000000000000000000007F
:10612000000000000000000000000000000000006F
:10613000000080000000800000008000000080005F
:10614000000080000000800000008000000080004F
:10615000000080000000800000008000000080003F
:10616000000080000000800000000000000000002F
:10617000000000000000000000000000000000001F
:10618000000000000000000000000000000000000F
:1061900000000000000000000000000000000000FF
:1061A00000000000000000000000000000000000EF
:1061B00000000000000000C0000001E0000001E05D
:1061C000000000C00000000000000000000000000F
:1061D00000000000000000000000000000000000BF
:1061E00000000000000000000000000000000000AF
:1061F000000000000000000000000000000000009F
:10620000000000000000000000000000000000008E
:10621000000000000000000000000000000000007E
:10622000000000000000000000000000000000006E
:106230000000000C00000038000000E000000380B7
:1062400000000E00000038000000E00000038000A5
:10625000000E00000038000000E000000380000095
:106260000E00000018000000000000000000000008
:10627000000000000000000000000000000000001E
:10628000000000000000000000000000000000000E
:1062900000000000000000000000000000000000FE
:1062A00000000000000000000000000000000000EE
:1062B00000000000000FF800007FFF0000F00780E2
:1062C000018000C0030000600200002002000020E6
:1062D0000200002003000060018000C000E0038095
:1062E000007FFF00000FF800000000000000000029
:1062F000000000000000000000000000000000009E
:10630000000000000000000000000000000000008D
:10631000000000000000000000000000000000007D
:10632000000000000000000000000000000000006D
:10633000000000000000000000800020008000201D
:10634000008000200080006001FFFFE003FFFFE00D
:10635000000000600000002000000020000000207D
:10636000000000000000000000000000000000002D
:10637000000000000000000000000000000000001D
:10638000000000000000000000000000000000000D
:1063900000000000000000000000000000000000FD
:1063A00000000000000000000000000000000000ED
:1063B00000000000007800E0009801600100026029
:1063C0000200046002000860020010600200206009
:1063D00002004060030080600183006001FE00E075
:1063E000007C0780000000000000000000000000AA
:1063F000000000000000000000000000000000009D
:10640000000000000000000000000000000000008C
:10641000000000000000000000000000000000007C
:10642000000000000000000000000000000000006C
:106430000000000000F0078001F007C001000040EC
:1064400002000020020100200201002002010020C1
:10645000030380200186804001FCC0C000787F805B
:1064600000001E000000000000000000000000000E
:10647000000000000000000000000000000000001C
:10648000000000000000000000000000000000000C
:1064900000000000000000000000000000000000FC
:1064A00000000000000000000000000000000000EC
:1064B00000000800000038000000480000018800CB
:1064C00000060800000C08100030081000400810FA
:1064D00001FFFFF003FFFFF003FFFFF000000810D3
:1064E000000008100000081000000000000000007C
:1064F000000000000000000000000000000000009C
:10650000000000000000000000000000000000008B
:10651000000000000000000000000000000000007B
:10652000000000000000000000000000000000006B
:106530000000000000000780001F864003E10020EB
:1065400003020020030400200304002003040020B1
:106550000304002003060040030301C00301FF8081
:1065600003007E00000000000000000000000000AA
:10657000000000000000000000000000000000001B
:10658000000000000000000000000000000000000B
:1065900000000000000000000000000000000000FB
:1065A00000000000000000000000000000000000EB
:1065B000000000000007FC00003FFF000070C380E7
:1065C000008180C00101006003020020020200205F
:1065D00002020020020200200203004001C180C02C
:1065E00000C0FF8000007E000000000000000000EE
:1065F000000000000000000000000000000000009B
:10660000000000000000000000000000000000008A
:10661000000000000000000000000000000000007A
:10662000000000000000000000000000000000006A
:106630000000000000F0000003C000000380000024
:1066400003000000030007E003003FE00301C00077
:106650000306000003180000036000000380000030
:106660000300000000000000000000000000000027
:10667000000000000000000000000000000000001A
:10668000000000000000000000000000000000000A
:1066900000000000000000000000000000000000FA
:1066A00000000000000000000000000000000000EA
:1066B00000001F0000783F8000FC60C0018EC040D9
:1066C00003078020020300200201802002018020B5
:1066D0000201C0200301E040018670C000FC3F8041
:1066E00000781F0000000000000000000000000013
:1066F000000000000000000000000000000000009A
:106700000000000000000000000000000000000089
:106710000000000000000000000000000000000079
:106720000000000000000000000000000000000069
:10673000003F000000FF81C001C0C1C00100602017
:106740000200202002002020020020200200206001
:10675000020040C00100C18000C18F00007FFE0028
:10676000001FF0000000000000000000000000001A
:106770000000000000000000000000000000000019
:106780000000000000000000000000000000000009
:1067900000000000000000000000000000000000F9
:1067A00000000000000000000000000000000000E9
:1067B00000000000000000000000000000000000D9
:1067C00000000000000300C0000781E0000781E036
:1067D000000300C0000000000000000000000000F6
:1067E00000000000000000000000000000000000A9
:1067F0000000000000000000000000000000000099
:106800000000000000000000000000000000000088
:106810000000000000000000000000000000000078
:106820000000000000000000000000000000000068
:106830000000000000000000000000000000000058
:10684000000000000006006600060078000000005E
:106850000000000000000000000000000000000038
:106860000000000000000000000000000000000028
:106870000000000000000000000000000000000018
:106880000000000000000000000000000000000008
:1068900000000000000000000000000000000000F8
:1068A00000000000000000000000000000000000E8
:1068B00000000000000080000001C0000003600034
:1068C00000063000000C180000180C000030060014
:1068D0000060030000C001800100004002000020B1
:1068E0000400001000000000000000000000000094
:1068F0000000000000000000000000000000000098
:106900000000000000000000000000000000000087
:106910000000000000000000000000000000000077
:106920000000000000000000000000000000000067
:106930000004100000041000000410000004100007
:1069400000041000000410000004100000041000F7
:1069500000041000000410000004100000041000E7
:1069600000041000000410000000000000000000FF
:106970000000000000000000000000000000000017
:106980000000000000000000000000000000000007
:1069900000000000000000000000000000000000F7
:1069A00000000000000000000000000000000000E7
:1069B0000000000004000010020000200100004060
:1069C00000C00180006003000030060000180C00C9
:1069D000000C180000063000000360000001C00039
:1069E0000000800000000000000000000000000027
:1069F0000000000000000000000000000000000097
:106A00000000000000000000000000000000000086
:106A10000000000000000000000000000000000076
:106A20000000000000000000000000000000000066
:106A3000000000000078000001F8000002380000AB
:106A400002000000040000C0040079E0040081E0BE
:106A5000040100C00403000002020000030600005D
:106A600001FC000000F80000000000000000000031
:106A70000000000000000000000000000000000016
:106A80000000000000000000000000000000000006
:106A900000000000000000000000000000000000F6
:106AA00000000000000000000000000000000000E6
:106AB000000FF800003FFE000070078000C000C01B
:106AC0000101F8400307FC20021E042002300820C8
:106AD00002203020023FFC20013F044001800CC016
:106AE00000E03180001FC200000000000000000034
:106AF0000000000000000000000000000000000096
:106B00000000000000000000000000000000000085
:106B10000000000000000000000000000000000075
:106B20000000000000000000000000000000002045
:106B300000000060000003E000003E200003E020B1
:106B4000003E200003E020000380200007FC20001E
:106B5000003FE0000003FE2000003FE0000001E0F5
:106B600000000020000000200000000000000000E5
:106B70000000000000000000000000000000000015
:106B80000000000000000000000000000000000005
:106B900000000000000000000000000000000000F5
:106BA00000000000000000000000000000000000E5
:106BB000020000200200002003FFFFE003FFFFE0CF
:106BC0000201002002010020020100200201002039
:106BD00002010020030300200186806001FCC0C088
:106BE00000F87F8000001F0000000000000000008F
:106BF0000000000000000000000000000000000095
:106C00000000000000000000000000000000000084
:106C10000000000000000000000000000000000074
:106C20000000000000000000000000000000000064
:106C30000007F800003FFF000070078000C000C0A0
:106C4000010000400300002002000020020000209C
:106C5000020000200200002001000040018000C06E
:106C600003C00180003006000000000000000000AA
:106C70000000000000000000000000000000000014
:106C80000000000000000000000000000000000004
:106C900000000000000000000000000000000000F4
:106CA00000000000000000000000000000000000E4
:106CB000020000200200002003FFFFE003FFFFE0CE
:106CC000020000200200002002000020020000203C
:106CD0000300006001000040018000C000F0078058
:106CE000007FFE00000FF800000000000000000020
:106CF0000000000000000000000000000000000094
:106D00000000000000000000000000000000000083
:106D10000000000000000000000000000000000073
:106D20000000000000000000000000000000000063
:106D3000020000200200002003FFFFE003FFFFE04D
:106D400002010020020100200201002002010020B7
:106D50000201002002038020020FE02003000060F7
:106D600003C000E00060030000000000000000001D
:106D70000000000000000000000000000000000013
:106D80000000000000000000000000000000000003
:106D900000000000000000000000000000000000F3
:106DA00000000000000000000000000000000000E3
:106DB000020000200200002003FFFFE003FFFFE0CD
:106DC0000201002002010020020100000201000077
:106DD000020100000201000002038000030FE00036
:106DE0000300000003C0000000600000000000007D
:106DF0000000000000000000000000000000000093
:106E00000000000000000000000000000000000082
:106E10000000000000000000000000000000000072
:106E20000000000000000000000000000000000062
:106E30000007F800003FFE000070078001C001C09D
:106E4000010000400300002002000020020000209A
:106E500002000020010020200100204003C03F80EC
:106E600000303F80000020000000200000000000F3
:106E70000000000000000000000000000000000012
:106E80000000000000000000000000000000000002
:106E900000000000000000000000000000000000F2
:106EA00000000000000000000000000002000020C0
:106EB0000200002003FFFFE003FFFFE0020080204C
:106EC00002008020000080000000800000008000A0
:106ED000020080200200802003FFFFE003FFFFE0AC
:106EE000020000200200002000000000000000005E
:106EF0000000000000000000000000000000000092
:106F00000000000000000000000000000000000081
:106F10000000000000000000000000000000000071
:106F20000000000000000000000000000000000061
:106F3000000000000000000002000020020000200D
:106F4000020000200200002003FFFFE003FFFFE03B
:106F500002000020020000200200002002000020A9
:106F60000000000000000000000000000000000021
:106F70000000000000000000000000000000000011
:106F80000000000000000000000000000000000001
:106F900000000000000000000000000000000000F1
:106FA00000000000000000000000000000000000E1
:106FB0000000000E0000000F0000000F00000001A4
:106FC00002000001020000010200000302000006AE
:106FD00003FFFFFC03FFFFF80200000002000000B7
:106FE000020000000200000000000000000000009D
:106FF0000000000000000000000000000000000091
:107000000000000000000000000000000000000080
:107010000000000000000000000000000000000070
:107020000000000000000000000000000000000060
:10703000020000200200002003FFFFE003FFFFE04A
:107040000200C0200201002000078000000FE000C5
:107050000030F80002603E2003800F20030003E0B0
:10706000020000E0020000200000002000000000FC
:107070000000000000000000000000000000000010
:107080000000000000000000000000000000000000
:1070900000000000000000000000000000000000F0
:1070A00000000000000000000000000000000000E0
:1070B000020000200200002003FFFFE003FFFFE0CA
:1070C000020000200200002000000020000000203C
:1070D00000000020000000200000002000000060F0
:1070E000000000E0000003000000000000000000BD
:1070F0000000000000000000000000000000000090
:10710000000000000000000000000000000000007F
:10711000000000000000000000000000000000006F
:10712000000000000000000000000000020000203D
:107130000200002003FFFFE003E0002003FF002027
:10714000001FF0000001FF8000000FE000001E00A3
:107150000003E000003E002003E0002003FFFFE00A
:1071600003FFFFE0020000200200002000000000FA
:10717000000000000000000000000000000000000F
:1071800000000000000000000000000000000000FF
:1071900000000000000000000000000000000000EF
:1071A00000000000000000000000000002000020BD
:1071B0000200002003FFFFE00380002003F0002016
:1071C00000FC0000001F00000007C0000001F000EC
:1071D00000007C0002001F80020007E003FFFFE0C8
:1071E000020000000200000000000000000000009B
:1071F000000000000000000000000000000000008F
:10720000000000000000000000000000000000007E
:10721000000000000000000000000000000000006E
:10722000000000000000000000000000000000005E
:10723000000FF800003FFE0000F00780018000C052
:107240000100004002000020020000200200002097
:107250000200002001000040018000C000F0038017
:10726000003FFE00000FF8000000000000000000DA
:10727000000000000000000000000000000000000E
:1072800000000000000000000000000000000000FE
:1072900000000000000000000000000000000000EE
:1072A00000000000000000000000000000000000DE
:1072B000020000200200002003FFFFE003FFFFE0C8
:1072C0000200802002008020020080000200800076
:1072D00002008000020080000301800001830000A2
:1072E00000FE0000007C0000000000000000000024
:1072F000000000000000000000000000000000008E
:10730000000000000000000000000000000000007D
:10731000000000000000000000000000000000006D
:10732000000000000000000000000000000000005D
:10733000000FF800007FFF0000F00380018001C013
:107340000100064002000420020004200200062082
:10735000020003E0010000F80180005C00E0038C03
:10736000003FFF0C000FFC180000000000000000B0
:10737000000000000000000000000000000000000D
:1073800000000000000000000000000000000000FD
:1073900000000000000000000000000000000000ED
:1073A00000000000000000000000000000000000DD
:1073B000020000200200002003FFFFE003FFFFE0C7
:1073C0000201002002010020020180000201E00011
:1073D0000201FC0003033F80018607E001FC00E09E
:1073E00000F8002000000020000000000000000065
:1073F000000000000000000000000000000000008D
:10740000000000000000000000000000000000007C
:10741000000000000000000000000000000000006C
:10742000000000000000000000000000000000005C
:10743000000000000078060000FE01E0018600C0A8
:10744000030300400203002002018020020180208B
:107450000201C0200200C0200100E060018070C075
:1074600003E03F8000001F0000000000000000005B
:10747000000000000000000000000000000000000C
:1074800000000000000000000000000000000000FC
:1074900000000000000000000000000000000000EC
:1074A00000000000000000000000000000000000DC
:1074B00000600000038000000300000002000000E4
:1074C000020000200200002003FFFFE003FFFFE0B6
:1074D0000200002002000020020000000200000064
:1074E0000380000000E00000000000000000000039
:1074F000000000000000000000000000000000008C
:10750000000000000000000000000000000000007B
:10751000000000000000000000000000000000006B
:107520000000000000000000000000000200000059
:107530000200000003FFFF0003FFFFC00200004045
:107540000200006000000020000000200000002079
:1075500000000020020000400200008003FFFF0046
:107560000200000002000000000000000000000017
:10757000000000000000000000000000000000000B
:1075800000000000000000000000000000000000FB
:1075900000000000000000000000000000000000EB
:1075A00000000000000000000000000000000000DB
:1075B000020000000200000003C0000003FC000005
:1075C000023FC0000003F80000007F80000007E0D9
:1075D00000000780000078000203C000023C0000A9
:1075E00003C00000020000000200000000000000D4
:1075F000000000000000000000000000000000008B
:10760000000000000000000000000000000000007A
:10761000000000000000000000000000000000006A
:107620000000000000000000000000000200000058
:1076300003C0000003FF8000023FFE0002007FE065
:1076400000000F000200F00003EF000003FF8000C5
:10765000020FFE0000003FE000001F000207E000F4
:1076600003F800000300000002000000000000001A
:10767000000000000000000000000000000000000A
:1076800000000000000000000000000000000000FA
:1076900000000000000000000000000000000000EA
:1076A00000000000000000000000000000000000DA
:1076B0000200002002000020038000E003F003200D
:1076C00002FC0C20021F30000007C0000007F00081
:1076D00002187C0002601F20038003E0020000E02B
:1076E0000200002000000020000000000000000058
:1076F000000000000000000000000000000000008A
:107700000000000000000000000000000000000079
:107710000000000000000000000000000000000069
:107720000000000000000000000000000000000059
:10773000020000000300000003C0000003F8000086
:10774000023E0020020FC0200001FFE000007FE0A9
:1077500000038020021C0020027000000380000053
:107760000200000002000000000000000000000015
:107770000000000000000000000000000000000009
:1077800000000000000000000000000000000000F9
:1077900000000000000000000000000000000000E9
:1077A00000000000000000000000000000000000D9
:1077B00000000020006000E0038003E003000FA051
:1077C00002003E200200F8200203E020020F802089
:1077D000023E00200278002003E00060038000E009
:1077E0000200030000000000000000000000000094
:1077F0000000000000000000000000000000000089
:107800000000000000000000000000000000000078
:107810000000000000000000000000000000000068
:107820000000000000000000000000000000000058
:107830000000000000000000000000000000000048
:10784000000000001FFFFFFC1000000410000004F7
:1078500010000004100000041000000410000004D8
:107860001000000400000000000000000000000004
:107870000000000000000000000000000000000008
:1078800000000000000000000000000000000000F8
:1078900000000000000000000000000000000000E8
:1078A00000000000000000000000000000000000D8
:1078B00000000000000000000700000003C00000FE
:1078C00000780000001E00000003C0000000F0006F
:1078D00000001E0000000780000000F00000003CD7
:1078E0000000000600000000000000000000000092
:1078F0000000000000000000000000000000000088
:107900000000000000000000000000000000000077
:107910000000000000000000000000000000000067
:107920000000000000000000000000000000000057
:10793000000000001000000410000004100000040B
:1079400010000004100000041000000410000004E7
:107950001FFFFFFC0000000000000000000000000E
:107960000000000000000000000000000000000017
:107970000000000000000000000000000000000007
:1079800000000000000000000000000000000000F7
:1079900000000000000000000000000000000000E7
:1079A00000000000000000000000000000000000D7
:1079B00000000000000000000000000002000000C5
:1079C0000400000008000000180000001000000083
:1079D0001800000018000000040000000200000071
:1079E0000000000000000000000000000000000097
:1079F0000000000000000000000000000000000087
:107A00000000000000000000000000000000000076
:107A10000000000000000000000000000000000066
:107A20000000000000000000000000000000000155
:107A30000000000100000001000000010000000142
:107A40000000000100000001000000010000000132
:107A50000000000100000001000000010000000122
:107A60000000000100000001000000010000000013
:107A70000000000000000000000000000000000006
:107A800000000000000000000000000000000000F6
:107A900000000000000000000000000000000000E6
:107AA00000000000000000000000000000000000D6
:107AB00000000000000000001000000010000000A6
:107AC0001000000018000000080000000400000082
:107AD00000000000000000000000000000000000A6
:107AE0000000000000000000000000000000000096
:107AF0000000000000000000000000000000000086
:107B00000000000000000000000000000000000075
:107B10000000000000000000000000000000000065
:107B20000000000000000000000000000000000055
:107B30000000038000018FC000038C600006182045
:107B40000004102000041020000420200004204025
:107B5000000620400003FFC00001FFE000000020FD
:107B600000000020000000C0000000000000000035
:107B70000000000000000000000000000000000005
:107B800000000000000000000000000000000000F5
:107B900000000000000000000000000000000000E5
:107BA00000000000000000000000000000000000D5
:107BB000020000000200000003FFFFE007FFFFC01B
:107BC000000180C0000200600002002000040020CC
:107BD000000400200004002000060040000300C054
:107BE0000001FF800000FE00000000000000000017
:107BF0000000000000000000000000000000000085
:107C00000000000000000000000000000000000074
:107C10000000000000000000000000000000000064
:107C20000000000000000000000000000000000054
:107C30000000000000007E000001FF80000381C002
:107C40000002004000060020000400200004002084
:107C500000040020000600200003C0400001C08096
:107C60000000030000000000000000000000000011
:107C70000000000000000000000000000000000004
:107C800000000000000000000000000000000000F4
:107C900000000000000000000000000000000000E4
:107CA00000000000000000000000000000000000D4
:107CB0000000000000007E000001FF80000380C083
:107CC00000060060000400200004002000040020E2
:107CD000020400400202008003FFFFE007FFFFC034
:107CE0000000004000000040000000000000000014
:107CF0000000000000000000000000000000000084
:107D00000000000000000000000000000000000073
:107D10000000000000000000000000000000000063
:107D20000000000000000000000000000000000053
:107D30000000000000007E000001FF80000311C071
:107D40000002104000041060000410200004102005
:107D50000004102000061020000310400001F0C0B5
:107D600000007100000000000000000000000000A2
:107D70000000000000000000000000000000000003
:107D800000000000000000000000000000000000F3
:107D900000000000000000000000000000000000E3
:107DA00000000000000000000000000000000000D3
:107DB0000000000000040000000400200004002077
:107DC00000040020007FFFE001FFFFE0010400202D
:107DD000030400200204002002040020020400002A
:107DE0000200000001C0000001C00000000000000F
:107DF0000000000000000000000000000000000083
:107E00000000000000000000000000000000000072
:107E10000000000000000000000000000000000062
:107E20000000000000000000000000000000000052
:107E3000000000000000001C0000E33E0003FFC241
:107E400000020CC3000404C1000404C1000404C106
:107E5000000404C100060CC10003F8C30005F06271
:107E60000006007E0006003C00000000000000004C
:107E70000000000000000000000000000000000002
:107E800000000000000000000000000000000000F2
:107E900000000000000000000000000000000000E2
:107EA00000000000000000000000000000000000D2
:107EB000020000200200002003FFFFE007FFFFE0B8
:107EC0000001002000020020000600000004000065
:107ED0000004000000040020000600200003FFE072
:107EE0000001FFE000000020000000200000000072
:107EF0000000000000000000000000000000000082
:107F00000000000000000000000000000000000071
:107F10000000000000000000000000000000000061
:107F20000000000000000000000000000000000051
:107F300000000000000000000004002000040020F9
:107F400000040020000400200387FFE0038FFFE00F
:107F5000038000200000002000000020000000201E
:107F60000000000000000000000000000000000011
:107F70000000000000000000000000000000000001
:107F800000000000000000000000000000000000F1
:107F900000000000000000000000000000000000E1
:107FA00000000000000000000000000000000000D1
:107FB00000000000000000000000000600000007B4
:107FC00000000001000000010004000100040001A5
:107FD00000040003000400060387FFFC038FFFF882
:107FE000038000000000000000000000000000000E
:107FF0000000000000000000000000000000000081
:108000000000000000000000000000000000000070
:108010000000000000000000000000000000000060
:108020000000000000000000000000000000000050
:10803000020000200200002003FFFFE007FFFFE036
:108040000000082000001020000030000000FC00AC
:1080500000058E00000707A0000601E0000400E014
:1080600000040020000000200000000000000000CC
:108070000000000000000000000000000000000000
:1080800000000000000000000000000000000000F0
:1080900000000000000000000000000000000000E0
:1080A00000000000000000000000000000000000D0
:1080B000000000000000000002000020020000207C
:1080C000020000200200002003FFFFE007FFFFE0A6
:1080D0000000002000000020000000200000002020
:1080E0000000000000000000000000000000000090
:1080F0000000000000000000000000000000000080
:10810000000000000000000000000000000000006F
:10811000000000000000000000000000000000005F
:10812000000000000000000000000000000000004F
:10813000000400200007FFE0000FFFE00002002025
:1081400000040000000400200007FFE00003FFE03F
:108150000002002000040000000400200007FFE0EF
:108160000003FFE00000002000000000000000000D
:1081700000000000000000000000000000000000FF
:1081800000000000000000000000000000000000EF
:1081900000000000000000000000000000000000DF
:1081A00000000000000000000000000000000000CF
:1081B00000040020000400200007FFE0000FFFE0A3
:1081C0000001002000020020000200000004000066
:1081D0000004000000040020000600200003FFE06F
:1081E0000001FFE00000002000000020000000006F
:1081F000000000000000000000000000000000007F
:10820000000000000000000000000000000000006E
:10821000000000000000000000000000000000005E
:10822000000000000000000000000000000000004E
:108230000000000000007E000000FF80000381C0FD
:10824000000200400006002000040020000400207E
:10825000000400200006002000020040000381C04E
:108260000001FF8000007E00000000000000000010
:1082700000000000000000000000000000000000FE
:1082800000000000000000000000000000000000EE
:1082900000000000000000000000000000000000DE
:1082A00000000000000000000000000000000000CE
:1082B00000040001000400010007FFFF000FFFFFA2
:1082C000000100C100020041000400200004002061
:1082D000000400200004002000060040000301C04C
:1082E0000001FF8000007E00000000000000000090
:1082F000000000000000000000000000000000007E
:10830000000000000000000000000000000000006D
:10831000000000000000000000000000000000005D
:10832000000000000000000000000000000000004D
:108330000000000000007E000001FF80000380C0FC
:10834000000200600004002000040020000400205F
:108350000004002000020041000300C10003FFFFF1
:108360000007FFFF00000001000000010000000006
:1083700000000000000000000000000000000000FD
:1083800000000000000000000000000000000000ED
:1083900000000000000000000000000000000000DD
:1083A00000000000000000000000000000000000CD
:1083B000000400200004002000040020000400202D
:1083C000000FFFE0000FFFE00000C02000010020D0
:1083D000000200200006002000040000000400004D
:1083E0000007000000030000000000000000000083
:1083F000000000000000000000000000000000007D
:10840000000000000000000000000000000000006C
:10841000000000000000000000000000000000005C
:10842000000000000000000000000000000000004C
:1084300000000000000003E00001C0E00003E04095
:10844000000630200004302000041820000418200A
:108450000004182000040C2000020C60000307C078
:108460000007838000000000000000000000000002
:1084700000000000000000000000000000000000FC
:1084800000000000000000000000000000000000EC
:1084900000000000000000000000000000000000DC
:1084A00000000000000000000000000000000000CC
:1084B00000000000000400000004000000040000B0
:1084C000000C0000001FFF8000FFFFC000040060E0
:1084D00000040020000400200004002000040040EC
:1084E000000001800000000000000000000000000B
:1084F000000000000000000000000000000000007C
:10850000000000000000000000000000000000006B
:10851000000000000000000000000000000000005B
:10852000000000000000000000000000000000004B
:1085300000040000000400000007FF80000FFFC0DF
:10854000000000600000002000000020000000206B
:108550000000002000040040000400800007FFE04D
:10856000000FFFC0000000400000004000000000BD
:1085700000000000000000000000000000000000FB
:1085800000000000000000000000000000000000EB
:1085900000000000000000000000000000000000DB
:1085A00000000000000000000000000000000000CB
:1085B0000004000000040000000780000007F00035
:1085C0000004FE0000041FC0000003E00000038060
:1085D00000001C000004600000078000000600008E
:1085E0000004000000000000000000000000000087
:1085F000000000000000000000000000000000007B
:10860000000000000000000000000000000000006A
:10861000000000000000000000000000000000005A
:108620000000000000000000000000000004000046
:10863000000600000007C0000007FC0000043F80A7
:10864000000003E000040F800006F0000007F000C7
:108650000007FF8000040FE00000038000043C00DE
:108660000007C00000060000000400000000000039
:1086700000000000000000000000000000000000FA
:1086800000000000000000000000000000000000EA
:1086900000000000000000000000000000000000DA
:1086A00000000000000000000000000000000000CA
:1086B000000000200004002000040060000700E02B
:1086C000000783200007E6000004F80000003C00DB
:1086D00000045E20000587A0000601E000040060A1
:1086E0000004002000000020000000000000000046
:1086F000000000000000000000000000000000007A
:108700000000000000000000000000000000000069
:108710000000000000000000000000000000000059
:108720000000000000000000000000000000000049
:108730000004000000040003000700030007E0013C
:108740000004F80100041F02000007FC000000E024
:1087500000000700000438000007C0000006000009
:108760000004000000040000000000000000000001
:1087700000000000000000000000000000000000F9
:1087800000000000000000000000000000000000E9
:1087900000000000000000000000000000000000D9
:1087A00000000000000000000000000000000000C9
:1087B0000000000000078060000600E0000403E005
:1087C000000407A000040E2000043C2000047020D8
:1087D0000005E0200007802000070060000400E0A2
:1087E0000000038000000000000000000000000006
:1087F0000000000000000000000000000000000079
:108800000000000000000000000000000000000068
:108810000000000000000000000000000000000058
:108820000000000000000000000000000000000048
:108830000000000000000000000000000000000038
:108840000000000000000000000080000000800028
:108850000001400007FE3FF808000004100000027D
:1088600010000002000000000000000000000000F6
:1088700000000000000000000000000000000000F8
:1088800000000000000000000000000000000000E8
:1088900000000000000000000000000000000000D8
:1088A00000000000000000000000000000000000C8
:1088B00000000000000000000000000000000000B8
:1088C000000000000000000000000000FFFFFFFFAC
:1088D0000000000000000000000000000000000098
:1088E0000000000000000000000000000000000088
:1088F0000000000000000000000000000000000078
:108900000000000000000000000000000000000067
:108910000000000000000000000000000000000057
:108920000000000000000000000000000000000047
:108930000000000010000002100000020800000407
:1089400007FE3FF8000140000000800000008000AA
:108950000000000000000000000000000000000017
:108960000000000000000000000000000000000007
:1089700000000000000000000000000000000000F7
:1089800000000000000000000000000000000000E7
:1089900000000000000000000000000000000000D7
:1089A00000000000000000000000000000000000C7
:1089B00018000000300000004000000040000000EF
:1089C000400000002000000030000000080000000F
:1089D000040000000200000002000000020000008D
:1089E0000C00000018000000000000000000000063
:1089F0000000000000000000000000000000000077
:108A00000000000000000000000000000000000066
:108A10000000000000000000000000000000000056
:108A20000000000000000000000000003031323380
:108A30003435363738394142434445464030580092
:108A400030313233343536373839616263646566C4
:108A50004030780004000008000000000000000220
:088A60000001000010000000FD
:04000005080001C925
:00000001FF
