:020000040800F2
:1000000020BB002459030008856D0008575C0008D8
:100010004D6C0008691B0008858F00080000000077
:10002000000000000000000000000000BF72000897
:10003000BB1B000800000000876D0008C1720008AB
:1000400073030008730300087303000873030008B8
:1000500073030008730300087303000873030008A8
:100060007303000873030008730300087303000898
:100070007303000873030008730300087303000888
:100080007303000873030008730300087303000878
:100090007303000873030008730300087303000868
:1000A0007303000873030008730300087303000858
:1000B0007303000873030008730300087303000848
:1000C0007303000873030008730300087303000838
:1000D00073030008358F00087303000873030008DA
:1000E0007303000873030008000000007303000896
:1000F0007303000873030008730300087303000808
:1001000073030008730300087303000873030008F7
:1001100073030008730300087303000873030008E7
:1001200073030008730300087303000873030008D7
:1001300073030008730300087303000873030008C7
:1001400000000000000000000000000000000000AF
:1001500073030008730300087303000873030008A7
:100160007303000873030008730300087303000897
:100170007303000873030008730300087303000887
:100180007303000873030008730300087303000877
:100190007303000873030008730300087303000867
:1001A0007303000873030008730300087303000857
:1001B0007303000873030008730300087303000847
:1001C0007303000873030008730300087303000837
:1001D0007303000873030008730300087303000827
:1001E0007303000873030008730300087303000817
:1001F0007303000873030008730300087303000807
:1002000073030008730300087303000873030008F6
:1002100073030008730300087303000873030008E6
:100220007303000873030008730300080000000054
:100230007303000873030008000000007303000844
:1002400073030008730300087303000873030008B6
:1002500073030008730300087303000873030008A6
:100260007303000873030008730300087303000896
:100270007303000873030008730300080000000004
:1002800073030008730300087303000800000000F4
:10029000000000007303000800F002F800F04CF8C2
:1002A0000AA090E8000C82448344AAF10107DA45D1
:1002B00001D100F041F8AFF2090EBAE80F0013F0D7
:1002C000010F18BFFB1A43F001031847A0A100005B
:1002D000C0A10000103A24BF78C878C1FAD85207EC
:1002E00024BF30C830C144BF04680C6070470000B0
:1002F0000023002400250026103A28BF78C1FBD82F
:10030000520728BF30C148BF0B607047662909F00B
:100310009687642900F0F880002070471FB509F027
:1003200089FF00F013FC04000020002109F064FFA5
:10033000E0601FBD10B510BD00F028FD1146FFF7AD
:10034000EDFF09F0E1FB00F046FD03B4FFF7F2FF1B
:1003500003BC09F075FB00000948804709480047C5
:10036000FEE7FEE7FEE7FEE7FEE7FEE7FEE7FEE765
:10037000FEE7FEE704480549054A064B70470000C2
:10038000C972000899020008D802002420BB00248A
:10039000D804002420B30024704753EA020C00F074
:1003A00069802DE9F04B4FF00006002B1FBFB3FA18
:1003B00083F503FA05F424FA05F65E4012BF1643EE
:1003C000B2FA82F502FA05F4C5F120051EBF22FA41
:1003D00005FC44EA0C04203556EA044C4FEA144468
:1003E00018BF641C4FF000084FF00009904271EBF9
:1003F000030C39D3002919BFB1FA81F701FA07F6C6
:10040000B0FA80F700FA07F6C7F120071EBF20FAFE
:1004100007FC46EA0C062037B6FBF4FCA7EB050701
:10042000103F07F01F0BCBF120060CFA0BFB2CFA48
:1004300006F644BFB3460026202FA4BF5E464FF009
:10044000000B5BEA060C08BF4FF0010B19EB0B0920
:10045000ABFB027C48EB0608C01B06FB02CC0BFB87
:1004600003CC71EB0C01C1E70B46024641464846FE
:10047000BDE8F08B13B54FF000004FF00001AFF373
:100480000080BDE81C4070470FB4044910B503AAB2
:10049000029800F049FB10BC5DF814FB200000241A
:1004A0002DE9F0410E460446002020622046E16816
:1004B000884730B3252805D0D4E901219047206A28
:1004C000401CF2E7E168204600278847050018D065
:1004D000A5F14100192802D820354FF400673246B3
:1004E000294620462760FFF711FF40B1012804D0BC
:1004F000F61D26F007060836D8E7361DD6E728464B
:10050000DAE7206ABDE8F0812DE9F04106460024D3
:1005100010687529314616A510D0AFF30080002869
:1005200002DA404213A507E031688A0701D512A517
:1005300002E0490704D511A5012401E0AFF30080D2
:1005400000210A2206F1240709E0B0FBF2FCB0FB0F
:10055000F2F302FB1C00303078541846491C002886
:10056000F3D123462A463046BDE8F04100F073B887
:10057000000000002D0000002B0000002000000003
:100580004FF0000200B5134694469646203922BF2C
:10059000A0E80C50A0E80C50B1F12001BFF4F7AF77
:1005A000090728BFA0E80C5048BF0CC05DF804EB59
:1005B000890028BF40F8042B08BF704748BF20F8C7
:1005C000022B11F0804F18BF00F8012B704700007C
:1005D0004FF0013C50F8042B51F8043B9A4215D1DE
:1005E000A2EB0C03934313EACC130BD150F8042B6A
:1005F00051F8043B9A4209D1A2EB0C03934313EA4E
:10060000CC13E7D04FF00000704700BFD01A01BAFA
:10061000B1FA81F101F0180122FA01F0CB40C1F1E9
:100620002001DBB2C0B2C01A2CFA01F3D11A9143F7
:1006300011EAC311E6D170477047704770477047A1
:1006400010B500F087FA006810BD10B5044600F040
:1006500081FA046010BD2DE9F0470D469946924697
:10066000044600F124080168880604D5E06921F0F9
:100670001001216000E00120A84201DD471B00E0DD
:100680000027A1697A1902EB0900081AA0612078F5
:10069000C00602D42046AFF30080002608E0D4E96B
:1006A00001211AF806009047206A401C761C20623F
:1006B0004E45F4DB2078C0060AD52046AFF3008013
:1006C00006E0D4E9012130209047206A401C2062D6
:1006D000381EA7F10107F4DC07E0D4E9012118F87E
:1006E00005009047206A401C2062281EA5F10105E4
:1006F000F3DC2046AFF300802078000602D502200C
:10070000BDE8F0870120FBE770472DE9FF4F0C465D
:100710001E464FF0FF378BB0D2E90001DDF8608054
:100720000A908A46C1F30A5505B93D46002108469C
:100730004FF00000BAF1000F00F4400005DA00EBC2
:1007400080004FF4400101EA50004FEA9059B9F19E
:10075000010F00DDB9460A9850EA4A000ED044F66F
:100760001050A5F2FF3545432F14B8F1000F1ED0ED
:100770007542291E1EDDC9F100021CE0B8F1010F0F
:100780004FF0000001D0302103E0F24305E0215496
:10079000401CB042FBDB30460022002121540B9963
:1007A000C1F80880C1E900200FB0BDE8F08FBD1B83
:1007B0006D1CDEE74A4600DA694206A800F06CFAD2
:1007C00006AB93E8070003AB83E8070050460A999D
:1007D00000F00AFB8DE80700A0F500501F380090DC
:1007E0000398002D0ADD42F21F014A460844002307
:1007F00003A90390684600F073FD09E0A0F50050DE
:100800004A461F38002303A90390684600F07DFD87
:100810008DE807000004000C03D04FF0FF304108C2
:1008200000E01046B8F1000F03D0002200921546F8
:100830001EE0751E05D400F091F9303262556D1E30
:10084000F9D5B3460122084302D000227F1C04E000
:100850002078302801D100227F1E002A099784D0F9
:100860001DE0112D07DA00F079F9303262556D1C68
:1008700050EA0102F5D1084302D00098C8B10EE059
:100880000021681E05E0235C625C63542254401E14
:10089000491C8142F7DBAB46A81B401E0990002093
:1008A00004F80B000B98099AC0F80880C0E9002BE7
:1008B0007AE711264FF0000857E72DE9F04F8846F8
:1008C0000446D21D22F0070191B0D1E90001CDE923
:1008D0000A0108F060FB02460B98C00F01D02D20E2
:1008E00007E02068810701D52B2002E0202101EAE2
:1008F000C000032A099001D0072A05DB03464146C0
:10090000204600F089F90BE12078800601D5E069E6
:1009100000E00620B8F1650F814606D0B8F1660FF9
:1009200018D0B8F1670F70D131E00020B9F1110F84
:10093000009001DB112301E009F101030AAA01A9DA
:100940000CA8FFF7E2FEDDE90C70002609F10105B5
:10095000834647E001204B4600904FF000470AAA2B
:1009600001A90CA8FFF7D1FEDDE90DB00C995D4699
:10097000002610B909F101000D18B9EB050003D4E8
:10098000C0F1FF3609F10105A5EB09002BE0B9F133
:10099000010F01DA4FF001090020B9F1110F0090A9
:1009A000484601DD112300E003460AAA01A90CA86C
:1009B000FFF7ABFEDDE90C704D460026834620783C
:1009C00000070AD4AB4500DA5D4601A8012D04DD1D
:1009D000411911F8011C302907D04F4502DA17F1EF
:1009E000040F04DA012082460FE06D1EEEE7002FAF
:1009F00002DCED1B3E4403E0781CA84200DD7D1CB8
:100A0000B81B00F1010A4FF000472078000703D41B
:100A1000AA4501DB4FF0FF3A0021B7F1004F0DF17D
:100A200043088DF8431024D002202B23002F01DA35
:100A30007F422D230A21021EA0F1010000DC5FB1DC
:100A400097FBF1FC97FBF1F201FB1C7C17460CF1C4
:100A5000300C08F801CDEEE7A8F101000370218801
:100A6000090501D5452100E06521A0F1010800F844
:100A7000011C09980FA9A1EB0807FF1D00B1012077
:100A8000411901EBEA70A1693844081A401EA061BF
:100A90002078C00602D42046AFF30080099828B120
:100AA000D4E901219047206A401C20622078C006CA
:100AB00022D52046AFF300801EE0002E04DBB345B4
:100AC00002DD01A8805D00E03020D4E901219047DB
:100AD000206A401C2062761CAAF101005FEA000A2D
:100AE0000AD100F033F8C0680168405CD4E9012104
:100AF0009047206A401C2062281EA5F10105DCDC1D
:100B000007E0D4E9012118F8010B9047206A401C46
:100B10002062381EA7F10107F3DC2046AFF3008006
:100B2000032011B041E60000074B70B50D467B4431
:100B300000F05FF80446284600F020F910B14FF0AD
:100B4000FF3070BD204670BDBB8F0000004870476D
:100B50001C01002400487047FC00002430B5B0F1AF
:100B60000A024FEA900E71F100034EEA817EB0EB6B
:100B70000E0061EB91014FEA101E4EEA017E10EB70
:100B80000E0041EB11114FEA102E4EEA016E10EBF0
:100B90000E0041EB11214FEA104E4EEA014E10EBD0
:100BA0000E0041EB1141401841F100014FEAD00025
:100BB00040EA41704FEAD10110EB80054FEA810411
:100BC00044EA907444EB01046D1944EB0404521B95
:100BD000A3414FF0000348BF0A3200D530BD401C8E
:100BE00041F1000130BD000001694A1C0261087832
:100BF000704700B58FB0CDE901310021059105495D
:100C00007944CDE9031011466846FFF749FC0FB05F
:100C100000BD0000E5FFFFFF2DE9F0411F4604463F
:100C200003260168072A01F4006004DB08B116A559
:100C300005E016A503E008B115A500E015A521F013
:100C400010002060A069C01EA0610FB1401EA0610D
:100C50002046AFF300804FB1D4E9012138469047D8
:100C6000206A401C2062C01C206206E0206AFAE76D
:100C7000D4E9012115F8010B9047761EF8D22046E1
:100C8000AFF30080BDE8F0814E414E006E616E0012
:100C9000494E4600696E66002DE9F04781461646CA
:100CA0008AB0354878440DC88DE80D003248784444
:100CB000801C03AC0DC884E80D0041F69B3008444D
:100CC000372190FBF1F290FBF1F5A5F1800501FBD6
:100CD00012041B3C02D56442012000E00020DFF832
:100CE00098A080460027FA44AAF1BE0A0EE0E00769
:100CF0000AD03246684607EB470101230AEB81011F
:100D000000F003FB8DE8070064107F1C002CEED17F
:100D1000194F7F44AE3F19E0E80715D007EB0410E8
:100D20000DF1180A90E80E008AE80E00C068F04243
:100D300001D1981908903246012306A903A800F0B2
:100D4000E4FA03AB83E807006D10641C002DE3D1C7
:100D50004FF0010332466946B8F1000F03A802D0F4
:100D600000F0BEFA01E000F0D0FAC9E90001C9F8CC
:100D700008200AB0BDE8F087AC970000007B00F0C7
:100D80008000704700487047FC0000247546FFF75C
:100D9000F9FFAE4605006946534620F00700854638
:100DA00018B020B5FFF7E6FABDE820404FF0000686
:100DB0004FF000074FF000084FF0000B21F0070143
:100DC000AC46ACE8C009ACE8C009ACE8C009ACE886
:100DD000C0098D46704710B50446AFF30080204629
:100DE000BDE81040FFF7B1BA5FEA400C08BF91F0D0
:100DF000000F4FEA8C234FEAC12243EA51514FEAD8
:100E00001C5018BF00F5F0404FEA300018BF41F009
:100E100000415FEA6C5C00F02980BCF1FF3F08BF35
:100E200040F080407047130C06BF12044FF0100CC6
:100E30004FF0000C130E04BF12020CF1080C130F3C
:100E400004BF12010CF1040C930F04BF92000CF1CB
:100E5000020CD30F04BF52000CF1010C11464FF0ED
:100E60000002A0F11F00A0EB0C00704711F0004F32
:100E700008BF704731F000413FF4D5AF0B0C06BFFF
:100E800009044FF0100C4FF0000C0B0E04BF0902C8
:100E90000CF1080C0B0F04BF09010CF1040C8B0FB3
:100EA00004BF89000CF1020CCB0F04BF49000CF108
:100EB000010CCCF12003A0EB0C0022FA03F302FAA0
:100EC0000CF241EA030100F10100704720F07F4C71
:100ED00080EA030023F07F47ACEB070303F57C5364
:100EE00000F0004003F1FF032DE980494FEA154B64
:100EF00009B44FEA144325EA0B4E24EA03480FF2E3
:100F0000042606EB132749083E785FEA320203FB0A
:100F10000667C7F5000707FB06F64FEA54374FEAA6
:100F2000D64606F1020607FB066CCCF1005C4FEAE0
:100F30001C472CEA074C07FB06F40CFB06F504EBF8
:100F400015464FEA961634BF00204FF000404FEA96
:100F5000D13706FB07FC4FEA1C4C0CFB0BF7D21BEE
:100F600003FB0CF761EB07010CFB0EF7B0EB07403E
:100F700072EB17420CFB08F734BFA2EB0742B2EB4F
:100F8000074261EB17414FEA0C444FEA910706FB19
:100F900007FC4FEA1C4C0CFB0BF7B0EBC74072EBA5
:100FA000573203FB0CF734BFA2EBC742B2EBC74288
:100FB00061EB57310CFB0EF7B0EBC70072EB5772C9
:100FC0000CFB08F734BFA2EBC702B2EBC70261EB20
:100FD0005771039F4FEA816141EA921104EBCC04FF
:100FE0004FEAD1374FEA826206FB07FC42EA9012D1
:100FF0004FEA80604FEA1C4C0CFB0BF7D21B03FB43
:101000000CF761EB07010CFB0EF7B0EB074072EB3E
:1010100017420CFB08F734BFA2EB0742B2EB0742C2
:1010200061EB17414FEA8C554FEA910704EB9C2482
:1010300006FB07FC4FEA1C4C0CFB0BF7B0EBC74060
:1010400072EB573203FB0CF734BFA2EBC742B2EB93
:10105000C74261EB57310CFB0EF7B0EBC70072EBE8
:1010600057720CFB08F734BFA2EBC702B2EBC70202
:1010700061EB577115EB4C254FEA816141EA921102
:101080004FEA82624FEAD13742EA901206FB07FC30
:1010900044F100044FEA80604FEA1C4C0CFB0BF754
:1010A000D21B03FB0CF761EB07010CFB0EF7B0EB57
:1010B000074072EB17420CFB08F734BFA2EB074264
:1010C000B2EB074261EB174115EB1C154FEA81317A
:1010D00041EA92414FEA823242EA90424FEA80303E
:1010E0004FEA0C7644F1000448EA03434EEA0B4809
:1010F0004FF0000EB2EB080C71EB030724BF624601
:1011000039464EEB0E0E4FF0000B0018524149418C
:101110004BEB0B0BB2EB080C71EB03077BF1000BF5
:1011200024BF624639464EEB0E0E4FF0000B0018FE
:10113000524149414BEB0B0BB2EB080C71EB03072F
:101140007BF1000B24BF624639464EEB0E0E51EA8E
:10115000020718BF46F0010616EB0E7655F10002A5
:1011600054F1000103D5BDE88901BDE80088BDE860
:101170008901BDE80048B619524141EB0101A3F1D4
:101180000103704780807F7E7D7C7B7A79787776DB
:1011900076757473727171706F6E6E6D6C6C6B6A54
:1011A0006A696868676666656464636362616160F2
:1011B000605F5F5E5E5D5D5C5C5B5B5A5A5959586F
:1011C00058575756565555555454535352525251D9
:1011D000515050504F4F4F4E4E4D4D4D4C4C4C4B2F
:1011E0004B4B4A4A4A494949484848474747474676
:1011F00046464545454444444443434343424242B2
:1012000042414141002B9C4630D477002BD01CB585
:101210004FEA370703B44FF010004FF01001BAF156
:10122000000F06D0BCF1000FDCBF40F0080040F01A
:1012300008014FF000000FBCBDE810400BF1010B9E
:10124000BBF1010F08BF5FEA170722BF12F10102CD
:1012500011F101014FF0004143F1000300F00040A3
:1012600043EA00007047F9D35708D0E746EA06463C
:1012700013F1400F4FEA16461FDD13F1200FDFBFB9
:1012800016430A46002120335B42BED0C3F120073B
:1012900046EA064602FA07F74FEA164646EA070606
:1012A000C3F1200722FA03F201FA07F721FA03F14A
:1012B0004FF0000342EA0702A7E746EA020646EAC1
:1012C00006464FEA164646EA0106BCBF46EA06460F
:1012D000360C4FF000034FF000024FF0000194E78E
:1012E0002DE9804C9A46934670B491E8380007C8BF
:1012F00031EA400C48BF34EA430C03D5FFF7E6FD62
:10130000FFF780FFF0BCBDE8008C2DE9804C9A46C9
:10131000934670B491E8380007C810F0804F08BFBA
:1013200013F0804F03D100F005F8FFF76BFFF0BC1E
:10133000BDE8008C20F07F4780EA030023F07F4C5B
:1013400007EB0C03A3F57C5300F00040A3F1FE0370
:1013500092F0000F00F0B38095F0000F00F077805E
:101360002DE901494FEA11404FEA144621EA0048AD
:1013700000FB06FC24EA064708FB06F607FB08F814
:1013800000FB07F718EB06484CEB164C4FEA124BE4
:1013900018EB07484FEA15464CEB174022EA0B4E74
:1013A0000BFB06FC25EA06470EFB06F607FB0EFEC6
:1013B0000BFB07F71EEB064E4CEB164C4FF00006EE
:1013C0001EEB074E4CEB174B18EB0B0840F10000DF
:1013D00018EB0E0B58EB000840F100008F1A4FF08D
:1013E00000013CBFC943661B14BFB5EB040C0021D0
:1013F0003CBFC943F61B4FEA17444EEA8E0E27EA5C
:1014000004454FEA1C4704FB07622CEA074C05FB26
:1014100007F70CFB05F604FB0CFC16EB074642EB4A
:10142000174216EB0C4642EB1C421BEB060658EB30
:101430000202414146EA9E0601D5BDE80189B6197E
:10144000524141EB0101A3F10103BDE801894FEADB
:1014500014454FEA114724EA054621EA074C05FBEB
:1014600007F406FB07F70CFB06F105FB0CFC11EB80
:10147000074144EB17444FEA124711EB0C4144EB90
:101480001C4422EA074C05FB07F206FB07F70CFB9E
:1014900006F605FB0CFC16EB074642EB174216EB73
:1014A0000C4642EB1C456A1854F1000148BF7047D6
:1014B000B619524141EB0101A3F10103704795F0C8
:1014C000000F37D04FEA11424FEA144721EA024693
:1014D00024EA074C02FB07F106FB07F70CFB06F4B6
:1014E00002FB0CFC14EB074441EB17414FEA154794
:1014F00014EB0C4441EB1C4125EA074C02FB07F5B9
:1015000006FB07F70CFB06F602FB0CFC16EB074686
:1015100045EB174516EB0C4645EB1C42121951F1F1
:10152000000148BF7047B619524141EB0101A3F1D8
:10153000010370474FEA14454FEA114724EA054674
:1015400021EA074C05FB07F106FB07F70CFB06F247
:101550004FF0000605FB0CFC12EB074241EB174174
:1015600012EB0C4251EB1C4148BF7047921841EB03
:101570000101A3F1010370472DE9F04F2DED108B10
:1015800089B006460C46B0EE40BAB0EE60DA93463B
:10159000B6F8820600902146304605F0D1F8F0EE0C
:1015A00040AA2146304605F057F8F0EE408A9FEDFC
:1015B000FD1A38EE811AB7EEC11AB0EE410BB1EE4A
:1015C000001B07F01DFDB7EEC00BF0EE40EA9FEDEB
:1015D000F51A3DEE011AB7EEC11AB0EE410BB1EEAD
:1015E000001B07F00DFDB7EEC00BF0EE40DA7DEE0C
:1015F000EE0A80EE8B0A3DEEC00AF0EE40BAD4ED62
:101600000B0A9FEDE91AB7EE000A00EE810AF7EE29
:10161000000A80EE801A8DED011AB7EE000A8DEDFA
:10162000020AD4ED0D0AB4F9400000EE100AB8EE3B
:10163000C01AB7EE000A00EE810A8DED030AB4F974
:101640004210B4F94000081A00EE100AF8EEC00A81
:1016500094ED0E1AB7EE000A01EE200ADDED030A42
:1016600020EE200A8DED040AB6F8140600EE100AEA
:10167000B8EE400AB0EE409A9FEDCC0AB4EEC09AA4
:10168000F1EE10FA05DD9FEDCA0A39EE400AB0EE20
:10169000409AB4F9140000EE100AB8EEC00AC0EE89
:1016A000090AB0EE609AB6F8800600F480504FEA5E
:1016B0006018B6F8100600EE100AB8EE400A8DED7C
:1016C000070AB6F8500600EE100AB8EE400A8DED93
:1016D000080A002026E007A901EB800191ED000A2D
:1016E000DFEDB20AB4EEE00AF1EE10FA0DDD07A963
:1016F00001EB800191ED000ADFEDAD0A30EE600AEA
:1017000007A901EB800181ED000A07A901EB800127
:1017100091ED000A20EE090A07A901EB800181ED95
:10172000000A401C0228D6DBD4ED080AB3EE090AF1
:1017300038EEC01AB7EE000A00EE810A42F64C20DD
:10174000005F00EE900AF8EEE00A20EE201AD4EDD9
:10175000070A9FED980A7AEEC01AB7EE000A00EE6B
:10176000A10ADDED070A41EE400ACDED070A94F823
:101770002500404525D1D4ED080AB3EE090A38EE1C
:10178000C01AB7EE000A00EE810A42F64C2020444F
:10179000B0F9020000EE900AF8EEE00A20EE201AFE
:1017A000D4ED070A9FED830A7AEEC01AB7EE000A5D
:1017B00000EEA10ADDED080A41EE400ACDED080A6F
:1017C0002AE042F64C202044B0F9020000EE100A54
:1017D000B8EEC00A04F52050D0ED940A70EE200A4D
:1017E00094ED081AB3EE090A78EEC01AB7EE000AB3
:1017F00001EE210A20EE801AD4ED070A9FED6D0A52
:101800007AEEC01AB7EE000A00EEA10ADDED080A72
:1018100041EE400ACDED080A002593E12846EA177B
:1018200005EBD26252112946EB1705EB93639B112E
:10183000A2EB430257B205EBD0714910A5EB410171
:10184000794049B20691AB1C4FEAE37C03EB9C7CE8
:101850004FEAAC0CEA1C4FEAE27E02EB9E7EACEB58
:10186000AE0C691C4FEAE17E01EB9E7E0CEBAE0CE8
:101870004FEAE57E05EB9E7EACEBAE0C4FEA470EE1
:10188000CEF1010E0CFB0EFC4FFA8CF9B8F1000FF3
:1018900001D1059701E006980590B6F882160598E3
:1018A00081427DD136F8150000EE100AB8EE400AEC
:1018B000B0EE408A9FED3D0AB4EEC08AF1EE10FA18
:1018C00005DD9FED3B0A38EE400AB0EE408A28EE77
:1018D000090AB0EE408A41F24420204400EB850022
:1018E000D0ED000AB3EE090A38EEC01AB7EE000ACE
:1018F00000EE810A04F6444030F9150000EE900A2B
:10190000F8EEE00A20EE201A41F64460204400EB95
:101910008500D0ED000A9FED270A7AEEC01AB7EED7
:10192000000A00EEA10AF0EE480A41EE400AB0EECD
:10193000608A94F8250040451BD042F65020204490
:10194000D0ED020A7800401E00EE100AB8EEC01A70
:10195000B0EE480A00EE810A42F65020204490ED95
:10196000011A00EE909AF8EEE00A01EE600AB0EE7D
:10197000408A88EE0B0AB0EE408AD4ED060A07A929
:10198000009801EB800090ED001AB0EE480A00EEDE
:10199000C10AB0EE408A04F1440000EB85000BE080
:1019A000CFE00000339388430000204200FEFF4652
:1019B000000080473333534090ED000AD4ED060A0F
:1019C00042F644202118009801EB800090ED001AA7
:1019D00000EEC10A94ED0A1AF3EE090A78EEE01A55
:1019E000F7EE000A41EE210A60EE209AB0EE081BE5
:1019F000B7EEE90A07F004FBB0EE481A09EEAB1A9D
:101A0000B7EEC11A20EE010BB7EEC00BB0EE40EA04
:101A1000B7EECE0A07F070FFB0EE40CB07F06CFFD8
:101A200094ED0C1AB7EEC11A20EE010BB7EEC00B05
:101A3000B0EE40EAD4ED0C0A1FED261AB7EE000A0C
:101A400000EEC10AF0EE4E0A49EE800A88EE200A46
:101A500030EE2B0AB7EEC00AB0EE40FB07F04CFFA9
:101A6000B0EE40CB07F048FF9FED3B1B30EE410B43
:101A7000B7EEC00BB0EE40AAB4F93E0000EE100A7B
:101A8000B8EEC00AB4EECA0AF1EE10FA02DD4FF069
:101A9000000A1DE0B4F9400000EE100AB8EEC00ADA
:101AA000B4EECA0AF1EE10FA02DD4FF0010A0FE0BF
:101AB000B4F9420000EE100AB8EEC00AB4EECA0A49
:101AC000F1EE10FA02DD4FF0020A01E04FF0030AD6
:101AD00004F12C0000EB8A00D0ED000A04F13C0078
:101AE00030F91A0000EE100AB8EEC00A3AEE401AB9
:101AF000B7EE000A00EE810A01A800EB8A00D0EDE3
:101B0000000A60EEA90A60EE200A88EE200A30EE94
:101B10002B0AB7EEC00AB0EE40CB07F0EDFEB0EEF8
:101B200040FB07F0E9FE9FED0E1B30EE410BB7EED8
:101B3000C00BB0EE40AABCEECA0A10EE100A2BF899
:101B400015006D1CB5F5407FFFF668AE09B0BDEC21
:101B5000108BBDE8F08F000000000060661271403D
:101B6000666666666612714000BFFEE702460B4677
:101B7000D11A11F1220F05DD11F11E0F02DA6FF0FB
:101B80000500704711F1020F04DD022902DA6FF03F
:101B90000500F6E71E2904DD222902DA6FF00500B0
:101BA000EFE70020EDE70146087D00F040020AB9AA
:101BB000002070476FF00600FBE770472DE9F04FFB
:101BC0002DED028BB9B005460E46002415F8400FE6
:101BD00000F00F0000902878C0F303192888C0F3A4
:101BE000032828881E2101EB103008EE100A6F88A8
:101BF000403D002025E0840000F1220115F811107D
:101C000001F00F0121AA42F8241000F1220115F879
:101C10001110C1F3031221AB611C43F8212000F124
:101C2000220135F81110C1F30322A11C43F8212031
:101C300000F1220135F811100A0BE11C43F82120B4
:101C4000401C0628D7DB00200CE021A951F8201009
:101C5000072906DD21A951F82010103921AA42F8E0
:101C60002010401C1828F0DB002025E0840000F143
:101C7000280115F8111001F00F0101AA42F82410F3
:101C800000F1280115F81110C1F3031201AB611C1A
:101C900043F8212000F1280135F81110C1F3032287
:101CA000A11C43F8212000F1280135F811100A0B7E
:101CB000E11C43F82120401C0828D7DB00200CE061
:101CC00001A951F82010072906DD01A951F82010BB
:101CD000103901AA42F82010401C2028F0DB4FF0F8
:101CE000000A86E04FF0000B7DE0202000FB0AB4E4
:101CF00004F1400035F81000C0F3051000EE100AA2
:101D0000B8EEC00A06F1440000EB840080ED000A42
:101D100006F1440000EB840090ED000AF3EE0F0A98
:101D2000B4EEE00AF1EE10FA0FDD06F1440000EB2C
:101D3000840090ED000ADFED330A30EE600A06F110
:101D4000440000EB840080ED000A06F1440000EB43
:101D50008400D0ED000A0121009801FA00F000EEA5
:101D6000100AB8EEC00A20EE800A06F1440000EB2B
:101D7000840080ED000A21A850F82A0000FA08F03B
:101D8000C11901A850F82B0000FA09F0084400EE30
:101D9000100AB8EEC00A06F1440000EB8400D0ED52
:101DA000000A30EE200A06F1440000EB840080EDCA
:101DB000000AB8EE481BB0EE000B07F021F906F15F
:101DC000440000EB840090ED001AB7EEC11A81EEDA
:101DD000002BB7EEC20B06F1440000EB840080ED4F
:101DE000000A0BF1010BBBF1200FFFF67EAF0AF1E9
:101DF000010ABAF1180FFFF675AF39B0BDEC028BCE
:101E0000BDE8F08F000080420EB5838A03F40063C2
:101E10001A1182F0800290F86A3003F03F0300EE5E
:101E2000103AB8EEC00A8DED000A9DED000AF3EEFF
:101E30000F0AB4EEE00AF1EE10FA07DD9DED000A9C
:101E4000DFED340A30EE600A8DED000A9DED000AE8
:101E5000F3EE000A80EE201A8DED001AB0F86A3019
:101E6000C3F3841300EE103AB8EEC00A8DED010AF8
:101E70009DED010AF2EE0E0AB4EEE00AF1EE10FA60
:101E800007DD9DED010ADFED240A30EE600A8DEDDD
:101E9000010A9DED010AF0EE000A80EE201A8DED98
:101EA000011AB0F86A30DB0A00EE103AB8EEC00A48
:101EB0008DED020A9DED020AF2EE0E0AB4EEE00A82
:101EC000F1EE10FA07DD9DED020ADFED130A30EEA8
:101ED000600A8DED020A9DED020AF2EE000A80EE24
:101EE000201A8DED021A81F825209DED000A01F5DA
:101EF000205383ED940A9DED010A42F650230B44D2
:101F000083ED010A9DED020A42F650230B4483ED56
:101F1000020A0EBD0000804200000042F0B52DED27
:101F2000048B83B004460D46B4F840001B2101EB3E
:101F3000103009EE100AB4F87400C0F30900ADF8CF
:101F40000000BDF90000B0F5007F06DBBDF8000021
:101F5000A0F5806000B2ADF80000B4F87400800A0B
:101F6000ADF80200BDF902001F2805DDBDF8020032
:101F7000403800B2ADF80200BDF80200BDF8001014
:101F8000084400B2ADF80200B4F87200C0F30900D2
:101F900000EE100AB8EEC00A8DED010A9DED010AAF
:101FA000DFED5A0AB4EEE00AF1EE10FA07DD9DED1E
:101FB000010ADFED570A30EE600A8DED010AB8EE36
:101FC000491BB0EE000B07F01BF89DED011AB7EEB0
:101FD000C11A81EE002BB7EEC20B8DED010AB4F8E9
:101FE0007200800A00EE100AB8EEC00A8DED020AF7
:101FF0009DED020AF3EE0F0AB4EEE00AF1EE10FADC
:1020000007DD9DED020ADFED430A30EE600A8DED3B
:10201000020A9DED020ADFED400A80EE201AB7EEBB
:10202000000A31EE000ADDED010A20EE200A8DEDF6
:10203000020A94F8760000EE100AF8EEC08A9FEDCE
:10204000370AF4EEC08AF1EE10FA05DD9FED340A8E
:1020500038EEC00AF0EE408A94F87000C0F3031026
:1020600000F1080600EE106AB8EE401BB0EE000B5F
:1020700006F0C6FFB7EEE81A81EE002BB7EEC20BF2
:1020800085ED080AB4F87600000A00EE100AB8EEF2
:10209000C08A9FED220AB4EEC08AF1EE10FA05DD87
:1020A0009FED1F0A38EE400AB0EE408AB4F8700087
:1020B000C0F3032700EE107AB8EE401BB0EE000B21
:1020C00006F09EFFB7EEC81A81EE002BB7EEC20BEA
:1020D00085ED070A9DED010A05F5205080ED910A76
:1020E0009DED020A42F64420284480ED010ABDF825
:1020F000001042F64C204153BDF8020042F64C213C
:102100002944488003B0BDEC048BF0BD0080FF4340
:102110000000804400008042000000430000FE42B6
:10212000000080432DE9F04782460D460024002739
:10213000A046A14600BF0DE04FF6FF7042F65C21BD
:10214000294421F8140042F66621294421F814009C
:10215000601C84B2052CEFDB00241EE004F140007B
:102160003AF8100038B942F65C20284420F81740AD
:10217000781C87B20FE004F140001AF8100000F05C
:10218000010040B142F66620284420F8184008F1CA
:1021900001001FFA80F8601C84B2B4F5407F04DAB5
:1021A000052F02DAB8F1050FD8DB042F02DD6FF03E
:1021B000020964E0B8F1040F02DD6FF003095EE08C
:1021C00007EB0800042802DD6FF0040957E0002443
:1021D00019E0661C13E042F65C222A4432F816101D
:1021E00042F65C222A4432F81400FFF7BFFC814615
:1021F000B9F1000F02D04846BDE8F087761CBE4218
:10220000E9DB601C84B2BC42E3DB002418E0661CFE
:1022100012E042F666222A4432F8161042F666228E
:102220002A4432F81400FFF7A1FC8146B9F1000FEF
:1022300001D04846E0E7761C4645EADB601C84B2E4
:102240004445E4DB002418E0002612E042F6662252
:102250002A4432F8161042F65C222A4432F814005E
:10226000FFF784FC8146B9F1000F01D04846C3E76F
:10227000761C4645EADB601C84B2BC42E4DB48467F
:10228000BAE70246B2F8603018B2B0F5004F00DB92
:1022900000B2888270470000B0F87820120A00EE81
:1022A000902AF8EEE00AB0EE600ADFED0B0AB4EE19
:1022B000E00AF1EE10FA05DDDFED080A70EE600AC3
:1022C000B0EE600ADFED060A80EE201AB0EE410A99
:1022D00081ED0A0A704700000000FE4200008043C2
:1022E0000000004630B57A308288C2F3013202EB3A
:1022F000820254006FF027028A870025CD87027979
:10230000C2F30315402255528288C2F303254222AC
:1023100055524022525A12FB04F215B24022555235
:10232000B1F940504222525A12FB045215B24222D5
:102330005552027902F00F0202F10803012202FA5B
:1023400003F3027800EE102AB8EEC00A81ED0B0A02
:102350000288120A00EE102AB8EEC00A81ED0C0ABB
:10236000827800EE102AB8EEC00A81ED0D0A42888C
:102370007A38120A00EE102AB8EEC00A81ED0E0A71
:1023800000222FE001F12C0505EB820595ED000AF6
:10239000DFED160AB4EEE00AF1EE10FA0FDD01F1FE
:1023A0002C0505EB820595ED000ADFED110A30EEF4
:1023B000600A01F12C0505EB820585ED000A01F1AB
:1023C0002C0505EB8205D5ED000A00EE103AB8EEBB
:1023D000C00A80EE801A01F12C0505EB820585ED1F
:1023E000001A521C042ACDDB30BD00000000FE4262
:1023F000000080432DE9F04F85B006460D460024CD
:10240000B6F86C00000A4FFA80FABAF17F0F01DDCE
:102410004FFA8AFA8DF810A096F86C004FFA80F8FF
:10242000B8F17F0F01DD4FFA88F88DF81280B6F809
:102430006E00000A47B27F2F00DD7FB28DF8117069
:1024400096F86E004FFA80F9B9F17F0F01DD4FFA6F
:1024500089F98DF8139096F87000C0F303100830D6
:10246000039096F8700000F00F0002904FF0000B00
:10247000A5E0002000909CE02021009801FB0B04C7
:102480002046E31704EBD3635B1121464FEAE47C5B
:1024900004EB9C6C4FEAAC1CA3EB4C03224604EB10
:1024A000D27C4FEA6C0CA4EB4C0C4FF0020E0EFBEE
:1024B00003C3DBB20193403016F81000C0F34200B2
:1024C00000EE100AB8EEC00A41F24420284400EBA6
:1024D000840080ED000A41F24420284400EB84008F
:1024E00090ED000AF0EE080AB4EEE00AF1EE10FA00
:1024F00011DD41F24420284400EB840090ED000AF5
:10250000F2EE000A30EE600A41F24420284400EB6B
:10251000840080ED000A41F24420284400EB84004E
:10252000D0ED000A0121029801FA00F000EE100A35
:10253000B8EEC00A20EE800A41F24420284400EBA5
:10254000840080ED000A04A90198085600EE100AE4
:10255000B8EEC00A41F24420284400EB8400D0EDDC
:10256000000A30EE200A41F24420284400EB8400A7
:1025700080ED000A9DED030AB8EE401BB0EE000BA3
:1025800006F03EFD41F24420284400EB840090ED2B
:10259000001AB7EEC11A81EE002BB7EEC20B41F262
:1025A0004420284400EB840080ED000A0098401C81
:1025B000009000982028FFF65FAF0BF1010BBBF1F4
:1025C000180FFFF656AF05B0BDE8F08F2DE9FF5F9D
:1025D00005460E460024B5F868004FEA103ABAF1F5
:1025E000070F03DDAAF110004FFA80FA8DF80CA056
:1025F000B5F86800C0F30328B8F1070F03DDA8F1B0
:1026000010004FFA80F88DF80E8095F86800C0F33E
:102610000317072F02DDA7F1100047B28DF80D70E8
:1026200095F8680000F00F09B9F1070F03DDA9F173
:1026300010004FFA80F98DF80F90B5F87000C0F3D4
:10264000032002900020009053E04FF0000B4AE07E
:102650002021009801FB00B42046E31704EBD3636C
:102660005B1121464FEAE47C04EB9C6C4FEAAC1C06
:10267000A3EB4C03224604EBD27C4FEA6C0CA4EB98
:102680004C0C4FF0020E0EFB03C3DBB2019303A808
:10269000019BC05600EE100AB8EEC00A41F6446035
:1026A000304400EB840080ED000A9DED020AB8EE94
:1026B000401BB0EE000B06F0A3FC41F64460304432
:1026C00000EB840090ED001AB7EEC11A81EE002BEA
:1026D000B7EEC20B41F64460304400EB840080ED5D
:1026E000000A0BF1010BBBF1200FB1DB0098401C7D
:1026F000009000981828A8DBBDE8FF9F2DE9F04363
:10270000B8B00246002092F8203003F00F0C92F887
:102710002030C3F30317138CC3F30326538C1DB26D
:10272000B5F5004F00DB2DB2002328E0980003F13F
:10273000120412F8144004F00F040DF1800848F858
:10274000204003F1120412F81440C4F303180DF1F1
:102750008009441C49F8248003F1120432F8144023
:10276000C4F30328841C49F8248003F1120432F8CE
:1027700014404FEA1438C41C49F824805B1C062B13
:10278000D4DB00230DE020AC54F82340072C07DDF8
:1027900020AC54F82340103C0DF1800848F8234049
:1027A0005B1C182BEFDB002324E0980003F11804D6
:1027B00012F8144004F00F044DF8204003F11804FF
:1027C00012F81440C4F30318441C4DF8248003F19C
:1027D000180432F81440C4F30328841C4DF82480F4
:1027E00003F1180432F814404FEA1438C41C4DF8B1
:1027F00024805B1C082BD8DB002309E05DF8234014
:10280000072C04DD5DF82340103C4DF823405B1C91
:10281000202BF3DB00234CE0002447E04FF020089E
:1028200008FB034000F1400832F818804FEA98296D
:1028300001F6444828F8109038F91080B8F11F0FBD
:102840000BDD01F6444838F81080A8F140080FFA73
:1028500088F901F6444828F8109001F6444838F801
:1028600010804FF0010909FA0CF908FB09F80FFA7A
:1028700088F901F6444828F810900DF1800838F8DE
:10288000238008FA06F808EB05093DF8248008FAC9
:1028900007F8C14401F6444838F81080C8440FFADC
:1028A00088F901F6444828F81090641C202CB5DB08
:1028B0005B1C182BB0DB38B0BDE8F08370B52DED94
:1028C000048B04460D46B4F86400800A00EE100A3A
:1028D000B8EEC00AF0EE408AB3EE0F0AF4EEC08AFA
:1028E000F1EE10FA05DD9FED250A38EEC00AF0EE94
:1028F000408A9FED230AC8EE800AF0EE608AB4F8A1
:102900006400C0F3090000EE100AB8EEC08A9FED23
:102910001D0AB4EEC08AF1EE10FA05DD9FED1A0A29
:1029200038EE400AB0EE408AB2EE000AC8EE000A65
:10293000B0EE608AB4F8620006B2B2EE0C1BB0EEE4
:10294000000B06F05DFBB0EE401B208C00F47040E5
:1029500000EE100AB8EEC00B80EE012BB2EE000BB9
:1029600032EE000BB7EEC09BC5ED018A85ED028A01
:10297000AE8185ED049ABDEC048B70BD00008042F1
:10298000000080450080FF4300008044B0F87030B4
:10299000C3F3013281F824207047000090F87820BA
:1029A00000EE902AF8EEE00AB0EE600ADFED0A0AC7
:1029B000B4EEE00AF1EE10FA05DDDFED080A70EE84
:1029C000600AB0EE600ADFED060A80EE201AB0EE73
:1029D000410A81ED060A70470000FE420000804374
:1029E0000000004230B50A46B0F8664021B2B0F8A7
:1029F0006640210A7F2902DDA1F5807421B24C01D5
:102A000021B290F86630A3F580744FF40055C5EB01
:102A100044131180538030BD70B504460CB90120B9
:102A200070BD94F83500022803D080206065012035
:102A3000F6E7DC492068884249D0DA491831206835
:102A4000884244D0D7493031206888423FD0D549A8
:102A50004831206888423AD0D249603120688842A3
:102A600035D0D04978312068884230D0CD49903176
:102A7000206888422BD0CB49A8312068884226D0D4
:102A8000C9492068884222D0C74918312068884245
:102A90001DD0C54930312068884218D0C24948311C
:102AA0002068884213D0C0496031206888420ED027
:102AB000BD4978312068884209D0BB4990312068EF
:102AC000884204D0B849A8312068884201D1012049
:102AD00000E00020F0B3042084F83500B1492068FC
:102AE00088424BD0AF4918312068884246D0AD4962
:102AF00030312068884241D0AA4948312068884254
:102B00003CD0A84960312068884237D0A549783147
:102B10002068884232D0A3499031206888422DD065
:102B2000A049A8312068884228D09F49206888425F
:102B300024D09D491831206888421FD09A493031ED
:102B4000206888421AD0984948312068884215D0B8
:102B5000954900E020E06031206888420ED092491B
:102B600078312068884209D08F49903120688842A6
:102B700004D08D49A8312068884206D120680068B9
:102B800020F001002168086009E12068006820F059
:102B900001002168086002E12068006820F00E0052
:102BA000216808607F492068884249D07D491831F2
:102BB0002068884244D07B493031206888423FD029
:102BC00078494831206888423AD076496031206897
:102BD000884235D0734978312068884230D07149B5
:102BE0009031206888422BD06E49A83120688842F5
:102BF00026D06D492068884222D06B491831206860
:102C000088421DD0684930312068884218D0664912
:102C100048312068884213D0634960312068884277
:102C20000ED0614978312068884209D05E499031E0
:102C30002068884204D05C49A8312068884206D1C7
:102C40002068006820F001002168086005E0206825
:102C5000006820F00100216808605249206888421D
:102C600070D050491831206888426BD04D493031BE
:102C70002068884266D04B4948312068884261D03C
:102C800048496031206888425CD0464978312068E4
:102C9000884257D0434990312068884252D04149F8
:102CA000A831206888424DD03F492068884249D0E9
:102CB0003D4918312068884244D03B493031206872
:102CC00088423FD038494831206888423AD0364956
:102CD00060312068884235D0334978312068884295
:102CE00030D031499031206888422BD02E49A8310C
:102CF0002068884226D02D492068884222D02B495E
:102D00001431206888421DD0284928312068884223
:102D100018D026493C312068884213D023495031CD
:102D2000206888420ED0214964312068884209D049
:102D30001E4978312068884204D01C498C312068B3
:102D4000884201D1012000E00020D8B1206E006847
:102D500020F48070216E0860A56D94F85C0000F08E
:102D60001F01012088406860D4E919104860E06EB6
:102D700040B1E06E006820F48070E16E0860D4E934
:102D80001C10486000BF002084F8340000BF012000
:102D900084F83500206D10B12046216D8847002051
:102DA0003EE60000100002401004024008540258A1
:102DB0000348006840F001000149086070470000C6
:102DC00020040058F8B502460023734DDEE00127C9
:102DD0009F400E6806EA0704002C71D04E68022E50
:102DE00002D04E68122E13D1DF0802F1200656F8E9
:102DF00027005E07F70E0F26BE40B0435F07FF0EA9
:102E00000E69BE403043DF0802F1200646F8270075
:102E100010685F000326BE40B0430E7906F003063B
:102E20005F00BE40304310604E68012E08D04E68EF
:102E3000022E05D04E68112E02D04E68122E13D1EC
:102E400090685F000326BE40B0435F00CE68BE407E
:102E500030439060506801269E40B0430E79C6F31F
:102E600000169E4030435060D0685F000326BE408D
:102E7000B0435F008E68BE403043D0604E6806F0BD
:102E80008056B6F1805F1BD100BF444E366846F0D5
:102E90000206424F3E603E46366806F00206009645
:102EA00000BF00BF3E4E9F0856F827009E07370F11
:102EB0000F26BE40B0433B4EB24202D100262EE068
:102EC00063E0394EB24201D1012628E0374EB242CA
:102ED00001D1022623E0364EB24201D103261EE084
:102EE000344EB24201D1042619E0334EB24201D130
:102EF000052614E0314EB24201D106260FE0304ED5
:102F0000B24201D107260AE02E4EB24201D1082674
:102F100005E02D4EB24201D1092600E00A269F07A6
:102F20003F0FBE4030431E4E9F0846F827002868DA
:102F3000A0434E6806F48036B6F5803F00D12043AA
:102F400028606868A0434E6806F40036B6F5003F76
:102F500000D1204368604FF0B0463068A0434E680F
:102F600006F48016B6F5801F00D120434FF0B0461E
:102F700030607068A0434E6806F40016B6F5001F76
:102F800000D120434FF0B04670605B1C0E68DE40FD
:102F9000002E7FF41CAFF8BD80000058F4440258A6
:102FA00008040058000002580004025800080258A3
:102FB000000C025800100258001402580018025861
:102FC000001C0258002002580024025802461369CF
:102FD0000B400BB1012000E0002070470AB1816175
:102FE00001E00B048361704701480068000C7047E2
:102FF0000010005C014800687047000028000024B1
:10300000034800680349097808440149086070478B
:10301000280000243000002410B5052000F00AF933
:1030200001F0CCFA10490968C1F303210F4A515C41
:1030300001F01F01C8400E4908600B48006800F00D
:103040000F001146085C00F01F0109480068C840E5
:10305000084908600F2000F00FF808B1012010BDEA
:1030600000F09AF80020FAE71844025832A300084A
:10307000140000241800002470B50446114800789C
:1030800008B9012070BD0F4800784FF47A71B1FB88
:10309000F0F00D490968B1FBF0F5284602F030FB6D
:1030A00008B10120EEE7102C07D200222146501E65
:1030B00000F083F80548046001E00120E2E7002009
:1030C000E0E7000030000024140000242C0000245D
:1030D0004178154A11600178F9B1121D41681160FB
:1030E000017B0907C27A41EA0261827A41EAC24160
:1030F000427B41EA8241827B41EA4241C27B41EA12
:103100000241427A41EA0221027A41EA420102780E
:103110001143054A0832116005E00021024A121DE0
:103120001160121D1160704798ED00E000BF00BFF4
:1031300000BFBFF35F8F00BF00BF00BF054800683E
:1031400020F4803003490860002002497031086093
:103150007047000024ED00E040F001010D4A1160CD
:103160000C497039096841F480310A4A703A11609B
:1031700000BF00BF00BFBFF34F8F00BF00BF00BF45
:1031800000BF00BF00BFBFF36F8F00BF00BF00BF15
:103190007047000094ED00E07047014608460028A3
:1031A00009DB00F01F0301229A4043099B0003F151
:1031B000E023C3F8002100BF70472DE9F05F80468F
:1031C0000D46164605F000FF074639462A463346A7
:1031D00001F00700C0F1070ABAF1040F02D94FF05D
:1031E000040A01E0C0F1070AD14600F1040ABAF16D
:1031F000070F02D24FF0000A01E0A0F1030AD44603
:103200004FF0010A0AFA09FAAAF1010A0AEA020AC7
:103210000AFA0CFA4FF0010B0BFA0CFBABF1010BA5
:103220000BEA030B4AEA0B042146404605F0D4FEA4
:10323000BDE8F09F00BF00F00702064B19684FF68B
:10324000FF031940044B0B4343EA0221014B196071
:1032500000BF70470CED00E00000FA05034800686D
:1032600040F0807001490860704700000C48025827
:1032700010B501F0A3F907490968C1F30321064A13
:10328000515C01F01F01C84004490860084600680D
:1032900010BD00001844025832A300081400002496
:1032A00010B501F04FF905490968C1F30211044A4C
:1032B000515C01F01F01C84010BD000020440258BD
:1032C00032A3000870B50146844D2D6805F0030354
:1032D000824D2D68C5F30530804D2D1D2D68C5F339
:1032E00000147E4D14352D68C5F3CC0515FB04F58F
:1032F00001EE105AB8EE411AF0EE410A00286FD0E4
:1033000023B1012B4ED0022B6BD16BE0734D283DC6
:103310002D68C5F340153DB3704D283D2D68C5F3AC
:10332000C1066F4D25FA06F201EE102AF8EE411A99
:1033300001EE100AB8EE411A81EE812A9FED691A5A
:10334000C0EE811A654D10352D68C5F3080501EEF4
:10335000105AB8EE411A31EE811AF7EE001A31EE2A
:10336000211A22EE010A1CE001EE100AB8EE411A01
:10337000DFED5D1A81EE812A9FED5A1AC0EE811AA7
:10338000564D10352D68C5F3080501EE105AB8EEFC
:10339000411A31EE811AF7EE001A31EE211A22EEAF
:1033A000010A5BE001EE100AB8EE411ADFED4F1A98
:1033B00081EE812A9FED4B1AC0EE811A474D1035E0
:1033C0002D68C5F3080501EE105AB8EE411A31EE2A
:1033D000811AF7EE001A31EE211A22EE010A3DE0C1
:1033E00077E01DE001EE100AB8EE411A9FED402A89
:1033F000C2EE011A9FED3B1A80EE812A374D10353F
:103400002D68C5F3080501EE105AB8EE411A32EEE8
:10341000011AB7EE002A31EE021A21EE810A1DE0F0
:1034200001EE100AB8EE411ADFED301A81EE812A62
:103430009FED2C1AC0EE811A284D10352D68C5F36A
:10344000080501EE105AB8EE411A31EE811AF7EE76
:10345000001A31EE211A22EE010A00BF00BF1F4DF3
:1034600010352D68C5F3462501EE105AB8EE411A05
:10347000F7EE001A31EE211AC0EE011ABCEEE11A85
:1034800081ED001A154D10352D68C5F3064501EE86
:10349000105AB8EE411AF7EE001A31EE211AC0EEBA
:1034A000011ABCEEE11A81ED011A0C4D10352D68A0
:1034B000C5F3066501EE105AB8EE411AF7EE001A90
:1034C00031EE211AC0EE011ABCEEE11A81ED021AAA
:1034D00003E000250D604D608D6070BD28440258EA
:1034E0000090D003000000460024744C0024744A6D
:1034F0000024F44A70B50146844D2D6805F003039D
:10350000824D2D68C5F30550804D2D1D2D68C5F3E6
:1035100000247E4D1C352D68C5F3CC0515FB04F544
:1035200001EE105AB8EE411AF0EE410A00286FD0B1
:1035300023B1012B4ED0022B6BD16BE0734D283D94
:103540002D68C5F340153DB3704D283D2D68C5F37A
:10355000C1066F4D25FA06F201EE102AF8EE411A67
:1035600001EE100AB8EE411A81EE812A9FED691A28
:10357000C0EE811A654D18352D68C5F3080501EEBA
:10358000105AB8EE411A31EE811AF7EE001A31EEF8
:10359000211A22EE010A1CE001EE100AB8EE411ACF
:1035A000DFED5D1A81EE812A9FED5A1AC0EE811A75
:1035B000564D18352D68C5F3080501EE105AB8EEC2
:1035C000411A31EE811AF7EE001A31EE211A22EE7D
:1035D000010A5BE001EE100AB8EE411ADFED4F1A66
:1035E00081EE812A9FED4B1AC0EE811A474D1835A6
:1035F0002D68C5F3080501EE105AB8EE411A31EEF8
:10360000811AF7EE001A31EE211A22EE010A3DE08E
:1036100077E01DE001EE100AB8EE411A9FED402A56
:10362000C2EE011A9FED3B1A80EE812A374D183504
:103630002D68C5F3080501EE105AB8EE411A32EEB6
:10364000011AB7EE002A31EE021A21EE810A1DE0BE
:1036500001EE100AB8EE411ADFED301A81EE812A30
:103660009FED2C1AC0EE811A284D18352D68C5F330
:10367000080501EE105AB8EE411A31EE811AF7EE44
:10368000001A31EE211A22EE010A00BF00BF1F4DC1
:1036900018352D68C5F3462501EE105AB8EE411ACB
:1036A000F7EE001A31EE211AC0EE011ABCEEE11A53
:1036B00081ED001A154D18352D68C5F3064501EE4C
:1036C000105AB8EE411AF7EE001A31EE211AC0EE88
:1036D000011ABCEEE11A81ED011A0C4D18352D6866
:1036E000C5F3066501EE105AB8EE411AF7EE001A5E
:1036F00031EE211AC0EE011ABCEEE11A81ED021A78
:1037000003E000250D604D608D6070BD28440258B7
:103710000090D003000000460024744C0024744A3A
:103720000024F44A2DE9F04104460025A84620680B
:1037300000F00060B0F1006F30D1606E48B1B0F5BC
:10374000801F0DD0B0F5001F10D0B0F5401F15D16F
:1037500013E0F948006840F40030F74908600FE0D2
:103760000221201D03F010FB054609E0022104F1AF
:10377000240003F0BBFB054602E001E0012500BF89
:1037800000BF55B9EC482430006820F44010616E49
:103790000843E9492431086000E0A846208800F485
:1037A0008070B0F5807F2DD1606D05281AD2DFE8DA
:1037B00000F0030A10171800DF48006840F40030DA
:1037C000DD49086010E00021201D03F0DDFA054608
:1037D0000AE0002104F1240003F088FB054603E021
:1037E00002E001E0012500BF00BF55B9D2482430F6
:1037F000006820F00700616D0843CF49243108605C
:1038000000E0A846208800F40070B0F5007F33D1B6
:10381000A06D802817D003DC40B140281CD10CE0FB
:10382000C02817D0B0F5807F16D114E0C2480068D8
:1038300040F40030C049086010E00021201D03F072
:10384000A3FA05460AE0002104F1240003F04EFB30
:10385000054603E002E001E0012500BF00BF55B9C5
:10386000B5482430006820F4E070A16D0843B249E7
:103870002431086000E0A846208800F48060B0F59C
:10388000806F38D1D4F8A400B0F5800F19D004DCD3
:1038900050B1B0F5001F1DD10DE0B0F5C00F17D02D
:1038A000B0F5000F16D114E0A348006840F40030D2
:1038B000A149086010E00021201D03F065FA0546CB
:1038C0000AE0002104F1240003F010FB054603E0A8
:1038D00002E001E0012500BF00BF5DB996482C3031
:1038E000006820F46000D4F8A410084392492C31F9
:1038F000086000E0A846208800F40060B0F5006F82
:1039000038D1D4F8A800B0F1007F19D004DC50B150
:10391000B0F1807F1DD10DE0B0F1407F17D0B0F144
:10392000806F16D114E08448006840F4003082496A
:10393000086010E00021201D03F026FA05460AE089
:10394000002104F1240003F0D1FA054603E002E06F
:1039500001E0012500BF00BF5DB977482C30006849
:1039600020F0E060D4F8A810084373492C310860B7
:1039700000E0A846206800F00070B0F1007F27D179
:10398000A06CA0B1102804D0202809D030280FD175
:103990000CE06948006840F400306749086009E0BD
:1039A0000221201D03F0F0F9054603E002E001E0EA
:1039B000012500BF00BF55B95F482030006820F0E6
:1039C0003000A16C08435C492031086000E0A84643
:1039D000208800F48050B0F5805F36D1E06DB0F5FE
:1039E000005F19D004DC50B1B0F5805F1DD10DE04F
:1039F000B0F5405F17D0B0F5804F16D114E04E48B7
:103A0000006840F400304C49086010E00021201D9F
:103A100003F0BAF905460AE0002104F1240003F09E
:103A200065FA054603E002E001E0012500BF00BFA2
:103A300055B941482430006820F4E040E16D084366
:103A40003D492431086000E0A846208800F4005079
:103A5000B0F5005F34D1206EB0F5403F1DD007DCDB
:103A600068B1B0F5803F0BD0B0F5003F18D10DE044
:103A7000B0F5802F12D0B0F5A02F11D10FE011E0DA
:103A80000121201D03F080F905460BE0012104F11E
:103A9000240003F02BFA054604E003E002E001E015
:103AA000012500BF00BF55B923482430006820F429
:103AB000E020216E084320492431086000E0A84638
:103AC000208800F48040B0F5804F38D1D4F8AC00A5
:103AD000B0F1405F1DD007DC68B1B0F1805F0BD062
:103AE000B0F1005F18D10DE0B0F1804F12D0B0F10D
:103AF000A04F11D10FE011E00121201D03F044F986
:103B000005460BE0012104F1240003F0EFF905461E
:103B100004E003E002E001E0012500BF00BF6DB951
:103B200005482C30006820F0E040D4F8AC10084381
:103B300001492C31086002E02C440258A846208834
:103B400000F40040B0F5004F26D1E06E98B1B0F11E
:103B5000805F03D0B0F1005F0ED106E0F948006845
:103B600040F40030F749086008E00121201D03F00F
:103B70000BF9054602E001E0012500BF00BF55B981
:103B8000F0482430006820F04050E16E0843ED49D1
:103B90002431086000E0A846206800F08070B0F191
:103BA000807F27D1606CA0B1012804D0022809D001
:103BB00003280FD10CE0E348006840F40030E149ED
:103BC000086009E00221201D03F0DEF8054603E04D
:103BD00002E001E0012500BF00BF55B9D9482030FF
:103BE000006820F00300616C0843D649203108606A
:103BF00000E0A846206800F48000B0F5800F7DD179
:103C0000D148006840F48070CF490860FFF7F2F9AE
:103C1000064606E0FFF7EEF9801B642801D903256C
:103C200005E0C948006800F480700028F2D000BFA9
:103C300085BBC4484430006800F44070B4F8B0104C
:103C400001F44071884213D0BE484430006820F42B
:103C50004077BC484430006840F48030B949443172
:103C600008600846006820F4803008600846076055
:103C7000D4F8B000B0F5807F15D1FFF7BBF9064648
:103C800009E0FFF7B7F9801B41F28831884202D979
:103C9000032507E038E0AB4844300068C0F340003B
:103CA0000028EED000BF55BB00BFB4F8B00000F450
:103CB0004070B0F5407F0ED1A2481C38006820F457
:103CC0007C51A24AD4F8B000104041EA10109D493E
:103CD0001C39086007E09B481C38006820F47C50C1
:103CE00098491C390860974844300068B4F8B0100F
:103CF000C1F30B0108439349443101E005E001E0C1
:103D0000086002E0A84600E0A846207800F0010024
:103D100068B3A06F182819D005DC48B1082808D06E
:103D2000102816D10BE0202811D0282811D10FE03F
:103D300011E00121201D03F027F805460BE00121C9
:103D400004F1240003F0D2F8054604E003E002E0A9
:103D500001E0012500BF00BF55B97A48283000684E
:103D600020F03800A16F084376492831086000E050
:103D7000A846207800F00200022828D1606F0628AB
:103D800015D2DFE800F003040A11121311E001213B
:103D9000201D02F0F9FF05460BE0012104F124008B
:103DA00003F0A4F8054604E003E002E001E0012589
:103DB00000BF00BF55B963482830006820F00700F5
:103DC000616F08435F492831086000E0A846207809
:103DD00000F0040004282AD1D4F89000062815D257
:103DE000DFE800F003040A11121311E00121201D85
:103DF00002F0CAFF05460BE0012104F1240003F0A4
:103E000075F8054604E003E002E001E0012500BF8B
:103E100000BF5DB94B482C30006820F00700D4F893
:103E20009010084347492C31086000E0A8462078EC
:103E300000F02000202836D1D4F88C00B0F1405F8B
:103E40001DD007DC68B1B0F1805F0BD0B0F1005F2E
:103E500018D10DE0B0F1804F12D0B0F1A04F11D1C8
:103E60000FE011E00021201D02F08EFF05460BE05F
:103E7000022104F1240003F039F8054604E003E0D0
:103E800002E001E0012500BF00BF5DB92D482830E8
:103E9000006820F0E040D4F88C100843294928310C
:103EA000086000E0A846207800F04000402836D1A5
:103EB000D4F89800B0F5406F1DD007DC68B1B0F5BC
:103EC000806F0BD0B0F5006F18D10DE0B0F5805FBA
:103ED00012D0B0F5A05F11D10FE011E00021201D3C
:103EE00002F052FF05460BE0022104F1240002F02B
:103EF000FDFF054604E003E002E001E0012500BF0C
:103F000000BF5DB90F482C30006820F4E050D4F8B1
:103F1000981008430B492C31086000E0A84620782F
:103F200000F0800080283AD1D4F89C00B0F5C04F52
:103F300023D00DDC98B1B0F5005F11D0B0F5804F03
:103F40001ED113E02C44025800480258FFFCFF0F1A
:103F5000B0F5004F12D0B0F5204F11D10FE011E0B5
:103F60000021201D02F010FF05460BE0022104F1A4
:103F7000240002F0BBFF054604E003E002E001E09C
:103F8000012500BF00BF4DB9AD48006820F4604076
:103F9000D4F89C100843AA49086000E0A84620789D
:103FA00000F00800082817D1D4F88000B0F5805F31
:103FB00007D1022104F1240002F098FF08B14FF06C
:103FC00001089F48001F006820F44050D4F880107A
:103FD00008439B49091F0860207800F01000102852
:103FE00015D1D4F89400B0F5807F07D1022104F1F7
:103FF000240002F07BFF08B14FF0010890480068F0
:1040000020F44070D4F8941008438D49086020686B
:1040100000F40020B0F5002F26D1D4F8A00030B174
:10402000B0F5803F09D0B0F5003F0ED10CE0002183
:10403000201D02F0A9FE054609E0022104F124003A
:1040400002F054FF054602E001E0012500BF00BF79
:104050004DB97B48006820F44030D4F8A0100843E4
:104060007749086000E0A846206800F48020B0F599
:10407000802F2DD1D4F88400B0F5801F06D0B0F584
:10408000001F0CD0B0F5401F11D10FE06C482C3848
:10409000006840F400306A492C39086009E00121C9
:1040A00004F1240002F022FF054602E001E00125B0
:1040B00000BF00BF5DB96248001F006820F44010D7
:1040C000D4F8841008435E49091F086000E0A84640
:1040D000206800F48030B0F5803F24D1E06C18B146
:1040E000B0F5803F0FD108E055482C38006840F407
:1040F000003053492C39086007E00221201D02F0EE
:1041000043FE054601E0012500BF00BF55B94C48FC
:104110000C38006820F48030E16C084348490C39C1
:10412000086000E0A846206800F00050B0F1005F91
:1041300007D1022104F1240002F0D8FE08B14FF0AB
:104140000108206800F40030B0F5003F27D1E06F8F
:10415000A0B1B0F5807F06D0B0F5007F0CD0B0F5EF
:10416000407F0CD109E036482C38006840F400301C
:1041700033492C39086004E003E002E001E0012546
:1041800000BF00BF55B92E48001F006820F44070E2
:10419000E16F08432A49091F086000E0A84620682B
:1041A00000F48010B0F5801F09D125480838006858
:1041B00020F00040216F0843214908390860206839
:1041C00000F40010B0F5001F09D11D480838006840
:1041D00020F08070A16E08431949083908602068F2
:1041E00000F08040B0F1804F11D100BF1448483832
:1041F000006820F400401249483908600846006809
:10420000D4F8B81008430E494839086000BF206848
:1042100000F00040B0F1004F09D109480C380068A7
:1042200020F04050216D084305490C390860B8F171
:10423000000F02D10020BDE8F0810120FBE7000063
:10424000584402582DE9F04104460D4614B90120A6
:10425000BDE8F081B648006800F00F00A8420ED219
:10426000B348006820F00F002843B14908600846B1
:10427000006800F00F00A84201D00120E8E7207894
:1042800000F0040004280ED1AA492069096801F051
:104290007001884207D9A748006820F070002169A2
:1042A0000843A4490860207800F00800082811D1CC
:1042B000A049091D6069096801F07001884209D9A7
:1042C0009C48001D006820F070006169084399490E
:1042D000091D0860207800F01000102811D19549C0
:1042E000091DA069096801F4E061884209D9914873
:1042F000001D006820F4E060A16908438D49091D94
:104300000860207800F02000202811D18949083168
:10431000E069096801F07001884209D985480830D0
:10432000006820F07000E1690843824908310860A4
:10433000207800F0020002280ED17E49E06809686A
:1043400001F00F01884207D97A48006820F00F0079
:10435000E168084377490860207800F001000028F0
:1043600050D07448006820F47060A1680843714917
:1043700008606068022807D16E4818380068C0F3EA
:104380004040F8B9012063E76068032807D1694815
:1043900018380068C0F34060A0B9012058E7606891
:1043A000012807D1634818380068C0F3002048B9D5
:1043B00001204DE75F4818380068C0F3800008B955
:1043C000012045E75B480838006820F00700616875
:1043D0000843584908390860FEF70CFE064608E015
:1043E000FEF708FE801B41F28831884201D9032084
:1043F0002EE750480838006800F038006168B0EBDC
:10440000C10FEDD1207800F0020002280ED14949F9
:10441000E068096801F00F01884207D2454800684A
:1044200020F00F00E16808434249086040480068F6
:1044300000F00F00A8420ED93D48006820F00F00A0
:1044400028433B4908600846006800F00F00A84276
:1044500001D00120FCE6207800F0040004280ED1F1
:1044600034492069096801F07001884207D2314857
:10447000006820F07000216908432E490860207808
:1044800000F00800082811D12A49091D606909684F
:1044900001F07001884209D22648001D006820F012
:1044A0007000616908432349091D0860207800F005
:1044B0001000102811D11F49091DA069096801F4D5
:1044C000E061884209D21B48001D006820F4E060CA
:1044D000A16908431749091D0860207800F02000F1
:1044E000202811D113490831E069096801F07001F1
:1044F000884209D20F480830006820F07000E16956
:1045000008430C490831086000F058F80949096867
:10451000C1F30321084A515C01F01F01C84007495B
:10452000086007480068FEF7A7FD074638468FE693
:10453000002000521844025832A30008140000243E
:104540002C00002410B5FEF793FE0749096801F01E
:104550000F01064A515C01F01F01C8400449086080
:104560000846006810BD00001844025832A3000835
:104570001800002410B5FFF7E5FF05490968C1F3ED
:104580000211044A515C01F01F01C84010BD000037
:104590001C44025832A3000810B5FFF7D3FF0549A9
:1045A0000968C1F30221044A515C01F01F01C840AF
:1045B00010BD00001C44025832A30008F0B5824E22
:1045C000366806F0380636B1082E15D0102E15D0F4
:1045D000182E7DD114E07C4E103E3668C6F340168E
:1045E00046B1794E103E3668C6F3C107774E26FABB
:1045F00007F000E07548E5E07548E3E07548E1E064
:10460000714E1836366806F003046F4E1836366859
:10461000C6F305116C4E1C36366806F001056A4E6D
:1046200024363668C6F3CC0616FB05F601EE106A92
:10463000B8EE410A002971D024B1012C50D0022CCF
:104640006DD16DE0604E103E3668C6F340163EB345
:104650005D4E103E3668C6F3C1075C4E26FA07F37E
:1046600001EE103AF8EE411A01EE101AB8EE411AB6
:1046700081EE812A9FED581AC0EE011A524E203663
:104680003668C6F3080601EE106AB8EE411A31EE3C
:10469000811AF7EE001A31EE211A62EE010A1EE0CD
:1046A00001EE101AB8EE411ADFED4C1A81EE812AA4
:1046B0009FED491AC0EE011A434E20363668C6F304
:1046C000080601EE106AB8EE411A31EE811A00E0D8
:1046D00076E0F7EE001A31EE211A62EE010A5BE095
:1046E00001EE101AB8EE411A9FED3D2AC2EE011AF2
:1046F0009FED391A80EE012A334E20363668C6F314
:10470000080601EE106AB8EE411A32EE011AB7EE51
:10471000002A31EE021A61EE810A3DE04EE01DE012
:1047200001EE101AB8EE411ADFED2E1A81EE812A41
:104730009FED291AC0EE011A234E20363668C6F3C3
:10474000080601EE106AB8EE411A31EE811AF7EE52
:10475000001A31EE211A62EE010A1DE001EE101A74
:10476000B8EE411A9FED1E2AC2EE011A9FED1A1AE9
:1047700080EE012A144E20363668C6F3080601EE94
:10478000106AB8EE411A32EE011AB7EE002A31EE85
:10479000021A61EE810A00BF00BF0B4E2036366858
:1047A000C6F34626721C01EE102AB8EE411AC0EE7E
:1047B000811ABCEEE11A11EE100A00E0002001E0BF
:1047C000034800BF00BFF0BD104402580090D00362
:1047D00000093D0000127A00000000460024744CDD
:1047E0000024744A0024F44A2DE9F047044614B921
:1047F0000120BDE8F087207800F00100002872D089
:10480000F948006800F03808F7481830D0F80090F0
:10481000B8F1100F06D0B8F1180F0FD109F003004E
:1048200002280BD1F04810380068C0F3404000283F
:104830006ED0606800286BD10120DAE700BF6068A5
:10484000B0F5803F08D1E8481038006840F4803067
:10485000E549103908602EE0606868B9E248103810
:10486000006820F48030E04910390860084600688C
:1048700020F4802008601EE06068B0F5A02F0DD104
:10488000D9481038006840F48020D74910390860B2
:104890000846006840F4803008600CE0D2481038C8
:1048A000006820F48030D04910390860084600685C
:1048B00020F48020086000BF6068A8B1FEF79AFB72
:1048C000054608E0FEF796FB401B41F2883188421E
:1048D00001D903208DE7C44810380068C0F3404078
:1048E0000028EFD014E014E0FEF784FB054608E052
:1048F000FEF780FB401B41F28831884201D903203A
:1049000077E7B94810380068C0F340400028EFD17D
:1049100000BF207800F0020002286BD1B248006886
:1049200000F03808B0481830D0F80090B8F1000F07
:1049300005D0B8F1180F2BD109F0030040BBAA48ED
:1049400010380068C0F3800018B1E06808B9012091
:104950004FE700BFFEF748FB41F2030188420BD846
:10496000A1480C38006820F47C30216940EA01300D
:104970009D490C3908600AE09B480C38006820F01B
:10498000FE40217C40EA016097490C39086058E0FC
:10499000E06870B394481038006820F01900E168AE
:1049A0000843914910390860FEF724FB054606E0EC
:1049B000FEF720FB401B022801D9032019E78A4893
:1049C00010380068C0F380000028F1D000BFFEF767
:1049D0000BFB41F2030188420DD883480C38006874
:1049E00020F47C30216940EA01307F490C390860AD
:1049F0000CE00CE026E07C480C38006820F0FE401B
:104A0000217C40EA016078490C39086019E0764859
:104A10001038006820F00100734910390860FEF773
:104A2000E9FA054606E0FEF7E5FA401B022801D93F
:104A30000320DEE66C4810380068C0F380000028D0
:104A4000F1D100BF207800F0100010286ED1664828
:104A5000006800F0380864481830D0F80090B8F1C9
:104A6000080F06D0B8F1180F2FD109F00300012864
:104A70002BD15D4810380068C0F3002020B1E069F8
:104A8000802801D00120B4E600BFFEF7ADFA41F264
:104A9000030188420CD854480C38006820F0F840D4
:104AA00094F8201040EA81604F490C3908600BE00F
:104AB0004D48001F006820F07C5094F8201040EA18
:104AC00001604949091F086058E0E06968B3464839
:104AD0001038006840F08000434910390860FEF744
:104AE00089FA054606E0FEF785FA401B022801D93F
:104AF00003207EE63C4810380068C0F30020002800
:104B0000F1D000BFFEF770FA41F2030188420ED8DF
:104B100035480C38006820F0F84094F8201040EA3E
:104B2000816031490C3908600DE00DE027E02E4826
:104B3000001F006820F07C5094F8201040EA0160CB
:104B40002949091F086019E027481038006820F03B
:104B50008000254910390860FEF74CFA054606E04A
:104B6000FEF748FA401B022801D9032041E61E48FF
:104B700010380068C0F300200028F1D100BF207871
:104B800000F00800082837D16069D0B116486430B9
:104B9000006840F00100144964310860FEF72AFA09
:104BA000054606E0FEF726FA401B022801D903203D
:104BB0001FE60D4864300068C0F340000028F1D0C3
:104BC0001AE009486430006820F0010006496431A9
:104BD0000860FEF70FFA054608E0FEF70BFA401BE7
:104BE000022803D9032004E610440258DC48006878
:104BF000C0F340000028F0D1207800F020002028E9
:104C000036D1A069D0B1D6487438006840F48050DD
:104C1000D34974390860FEF7EDF9054606E0FEF762
:104C2000E9F9401B022801D90320E2E5CC48743899
:104C30000068C0F340300028F1D019E0C84874384B
:104C4000006820F48050C64974390860FEF7D2F934
:104C5000054606E0FEF7CEF9401B022801D90320E5
:104C6000C7E5BF4874380068C0F340300028F1D170
:104C7000207800F0040004287DD1BA48006840F490
:104C80008070B8490860FEF7B5F9054606E0FEF702
:104C9000B1F9401B642801D90320AAE5B148006896
:104CA00000F480700028F2D000BFA068012808D16D
:104CB000AB48001F006840F00100A949091F0860C7
:104CC0002DE0A06868B9A648001F006820F0010028
:104CD000A349091F08600846006820F00400086026
:104CE0001DE0A06805280DD19D48001F006840F018
:104CF00004009B49091F08600846006840F0010055
:104D000008600CE09648001F006820F001009449FC
:104D1000091F08600846006820F00400086000BF12
:104D2000A068A0B1FEF766F9054608E0FEF762F953
:104D3000401B41F28831884201D9032059E5884857
:104D4000001F0068C0F340000028EFD013E0FEF71A
:104D500051F9054608E0FEF74DF9401B41F2883154
:104D6000884201D9032044E57D48001F0068C0F354
:104D700040000028EFD1606A00287DD07848643870
:104D8000006800F03800182877D0606A022875D1D2
:104D900073487438006820F0807071497439086075
:104DA000FEF728F9054606E0FEF724F9401B022825
:104DB00001D903201DE56A4874380068C0F34060DB
:104DC0000028F1D100BFD4E90A1041EA001064497B
:104DD0004C39096840F2F3329143084360494C3939
:104DE0000860208E401EC0F30800616B491E4FF41E
:104DF0007E4202EA41210843218F491ED20102EA84
:104E0000014108433C21095D491E120202EA016189
:104E1000084353494439086000BF081F006820F068
:104E20000100091F08604E48403800684FF6F871CD
:104E30008843A16C40EAC1004949403908604848AC
:104E40004838006820F00C00216C08434449483978
:104E500008600846006820F00200616C0843404981
:104E6000483908600846006840F480300860084609
:104E7000006840F4003002E06FE041E025E00860A7
:104E80000846006840F4802008600846006840F04A
:104E90000100086032487438006840F08070304982
:104EA00074390860FEF7A6F8054606E0FEF7A2F89A
:104EB000401B022801D903209BE42948743800686C
:104EC000C0F340600028F1D047E0254874380068FE
:104ED00020F08070224974390860FEF78BF805468F
:104EE00006E0FEF787F8401B022801D9032080E482
:104EF0001B4874380068C0F340600028F1D12CE0F2
:104F000017484C380768164844380668606A012814
:104F100021D007F00301A06A81421CD1C7F305111B
:104F2000E06A884217D1C6F30801206B401E814217
:104F300011D1606B401EC6F3462188420BD1A06B95
:104F4000401EC6F30641884205D1E06B401EC6F301
:104F50000661884201D001204BE4002049E40000B2
:104F6000744402580048025870B5044600250CB934
:104F7000012070BD606A00B900BFA06AB0F5800F63
:104F800000D100BF8D49206888420CD08C49206830
:104F9000884208D08B492068884204D0E0680F28F6
:104FA00001D90120E5E7204602F05CF90646834975
:104FB0002068884209D082492068884205D081490A
:104FC0002068884201D0082E0DD87C49206888428C
:104FD00007D07B492068884203D07A4920688842FC
:104FE00003D1102E01D90120C3E7A06AB0F5800FCC
:104FF0001DD17249206888420DD0714920688842CD
:1050000009D070492068884205D0206BB0F5702F18
:1050100001D90120ADE7206B10B9A089050400E09B
:10502000256BE068B0EB154F01D90120A1E794F89A
:10503000810028B9002084F88000204600F0C4F8E0
:10504000022084F881002068006820F001002168B7
:105050000860A069B0F1806F0BD16068B0F5800F77
:1050600007D1A06B28B92068006840F480502168FF
:105070000860A16AE06908432843E16B0843E168DE
:10508000084321688860616A606B0843A16B08432C
:10509000A16908432169084361690843216A0843FB
:1050A00061680843E16C0843A1680843A16C0843A8
:1050B000A16D08432168C860A06AB0F5800F4DD18A
:1050C000206C012806D12068006840F40040216867
:1050D000086005E02068006820F40040216808604E
:1050E000606C012806D12068006840F48040216887
:1050F000086005E02068006820F4804021680860AE
:105100002E49206888420AD02D492068884206D05E
:105110002C492068884202D0B5F5702F0ED027495F
:105120002068884207D026492068884203D0254954
:105130002068884209D1B5F5F81F06D120680068BB
:1051400040F400502168086005E02068006820F401
:105150000050216808602168E06A0864606888B9C6
:10516000A06A38B92068806820F4C05040F400601C
:10517000216888602068806820F4C06040F4806006
:10518000216888602068006D20F0010021680865B2
:10519000606800F48000B0F5800F07D12068C06817
:1051A00020F00040616D08432168C8600020C4F809
:1051B0008400012084F881000020DAE600300140FC
:1051C00000380040003C004010B5B6B00446142141
:1051D00002A8FBF7D5F93E492068884275D10798A7
:1051E00040F48050079000201E9007A8FEF79AFA1E
:1051F00000BF00BF3748006840F480403549086070
:105200000846006800F48040019000BF00BF00BF66
:1052100000BF00BF2F480838006840F002002D4949
:10522000083908600846006800F00200019000BFDD
:1052300000BF00BF00BF00BF0846006840F002008A
:1052400008600846006800F00200019000BF00BF3F
:1052500000BF00BF00BF0846006840F002000860C1
:105260000846006800F00200019000BF00BF00BFC8
:105270004FF400500290022003900120049003207C
:1052800005900520069002A91348FDF79BFD4FF4F9
:10529000804002900220039001200490032005909A
:1052A0000520069002A90C48FDF78CFD4FF4004044
:1052B0000290022003900120049003200590052015
:1052C000069002A90448FDF77DFD36B010BD000030
:1052D00000380040E8440258000402582DE9FF4F0E
:1052E00083B004468A461F46109E0020029000BFED
:1052F00094F88000012803D1022007B0BDE8F08FA8
:10530000012084F8800000BFFDF774FE81463D4611
:10531000A84694F881B060680190BBF1010F11D0EC
:105320000198B0F5800F04D1A06810B9BBF1040F4B
:1053300008D00220029000BF002084F8800000BF47
:105340000298DAE7BAF1000F02D0059800B147B928
:105350000120029000BF002084F8800000BF029866
:10536000CBE794F88100042802D0052084F881005E
:105370000020C4F8840005986066A4F86A70A4F858
:105380006870C4F85CA0A4F86270A4F86070002093
:1053900020676067206840686FF30F00384321681A
:1053A00048602068006840F001002168086060687B
:1053B000B0F5800F05D12068006840F400702168C6
:1053C0000860E0680F284DD92BE02068406900F0A4
:1053D000020002280ED16DB1E06D006821680862FC
:1053E000E06D001DE065B4F86200401EA4F86200A4
:1053F000B4F862502068406948F20801084080B162
:10540000B8F1000F0DD02068006B616E0860606E0F
:10541000001D6066B4F86A00401EA4F86A00B4F883
:105420006A80002DD1D1B8F1000FCED1FDF7E2FD99
:10543000A0EB0900B04201D3701C08B9002E7DD149
:10544000204601F091FE00BF002084F8800000BFDC
:10545000D4F8840040F48070C4F88400012084F8FB
:1054600081004AE7E068072876D96FE02068406944
:1054700000F00200022821D105B3012D10D9E06B04
:1054800070B1E06D006821680862E06D001DE065A4
:10549000B4F86200801EA4F86200B4F862500DE017
:1054A000E06D008821680884E06D801CE065B4F838
:1054B0006200401EA4F86200B4F86250206840699F
:1054C00000F4604020B3B8F1000F21D0206840699B
:1054D00000F4004070B12068006B616E0860606E7F
:1054E000001D6066B4F86A00801EA4F86A00B4F873
:1054F0006A800DE02068008E616E0880606E801CFE
:105500006066B4F86A00401EA4F86A00B4F86A80C5
:10551000FDF770FDA0EB0900B04201D3701C00B98B
:10552000A6B9204601F020FE00BF002084F88000CC
:1055300000BFD4F8840040F4807001E0ACE00BE0E0
:10554000C4F88400012084F88100D6E6002D8DD1B6
:10555000B8F1000F8AD19FE098E02068406900F020
:105560000200022836D12DB3032D11D9E06B40285B
:105570000ED9E06D006821680862E06D001DE065ED
:10558000B4F86200001FA4F86200B4F8625021E091
:10559000012D10D9E06B70B1E06D0088216808849E
:1055A000E06D801CE065B4F86200801EA4F8620023
:1055B000B4F862500EE0E06D0078216881F82000B8
:1055C000E06D401CE065B4F86200401EA4F8620083
:1055D000B4F862502068406900F4604058B3B8F1F4
:1055E000000F38D02068406900F4004070B1206896
:1055F000006B616E0860606E001D6066B4F86A0042
:10560000001FA4F86A00B4F86A8024E020684069AA
:1056100000F4C040B0F5005F0ED92068008E616EC6
:105620000880606E801C6066B4F86A00801EA4F872
:105630006A00B4F86A800EE0206890F83000616E6D
:105640000870606E401C6066B4F86A00401EA4F8E2
:105650006A00B4F86A80FDF7CDFCA0EB0900B04207
:1056600001D3701C00B98EB9204601F07DFD00BF4A
:10567000002084F8800000BFD4F8840040F48070DB
:10568000C4F88400012084F8810036E6002D7FF400
:1056900064AFB8F1000FFAD14B4600220821204632
:1056A000009601F0ECFD28B1D4F8840040F0200011
:1056B000C4F88400204601F057FD00BF002084F8A4
:1056C000800000BF012084F88100D4F8840008B174
:1056D000012012E6029810E6042808D14FF0E021DC
:1056E000096941F004014FF0E022116107E04FF039
:1056F000E021096921F004014FF0E02211617047B7
:1057000070B504462546681EB0F1807F01D30120A4
:105710000FE0681E4FF0E02148610F214FF0FF308D
:1057200003F05AFC00204FF0E02188610720086157
:10573000002070BD70477047704770470146D1F830
:105740008030D1F8842043EA020070472DE9F04709
:1057500004462068C569206806682068876840F6A6
:105760000F0005EA0008B8F1000F0FD105F0200086
:1057700060B106F0200010B907F0805030B1E06E43
:1057800010B12046E16E8847BDE8F087B8F1000F00
:105790007ED06E48384018B96D4830400028F7D0A8
:1057A00005F0010058B106F4807040B10120216875
:1057B0000862D4F8880040F00100C4F8880005F0C1
:1057C000020058B107F0010040B1022021680862D0
:1057D000D4F8880040F00400C4F8880005F0040004
:1057E00058B107F0010040B1042021680862D4F8E4
:1057F000880040F00200C4F8880005F0080070B18D
:1058000006F0200010B95148384040B10820216806
:105810000862D4F8880040F00800C4F8880005F455
:10582000006060B106F0806048B14FF4006021680C
:105830000862D4F8880040F02000C4F88800D4F84A
:105840008800002844D005F0200050B106F0200068
:1058500010B907F0805020B1E06E10B12046E16E23
:105860008847D4F888902068806800F0400040287D
:1058700002D009F0280028B3204601F03BFE206842
:10588000806800F04000402818D12068806800E05F
:105890001FE020F0400021688860A06F50B12D48C3
:1058A000A16F0865A06FFDF7B7F888B1A06F016D13
:1058B00088470DE02046FFF740FF09E02046FFF74C
:1058C0003CFF05E02046FFF738FF0020C4F88800C1
:1058D0005AE705F4801050B107F4800038B14FF456
:1058E0008010216808622046FFF726FF4CE705F08C
:1058F000800058B106F0800010B907F4000028B10C
:10590000206F10B12046216F88473DE705F0400029
:1059100030B106F0400018B1204601F0FFFD33E73A
:1059200005F4000030B106F0804018B12046FFF7C2
:1059300002FF29E705F0807030B106F0004018B191
:105940002046FFF7F7FE1FE700BF1DE7010000102C
:1059500020010004DD74000810B504460CB90120D4
:1059600010BDA06900B100E000BFD4F8800028B9E4
:10597000002084F87C00204600F02AF82420C4F897
:1059800080002068006820F001002168086020463F
:1059900001F0F8FE012800D1E2E7A06A10B120462C
:1059A00001F0E6FC2068406820F4904021684860DF
:1059B0002068806820F02A002168886020680068DC
:1059C00040F0010021680860204601F04DFDC7E766
:1059D00010B586B004462B492068884250D100BFDC
:1059E00000BF2948006840F01000274908600846B9
:1059F000006800F01000009000BF00BF00BF00BFB3
:105A000000BF21481038006840F001001E491039DD
:105A100008600846006800F00100009000BF00BF69
:105A200000BF00BF00BF0846006840F001000860EA
:105A30000846006800F00100009000BF00BF00BFF2
:105A40004FF4007001900220029001200390022088
:105A500004900720059001A90C48FDF7B3F94FF415
:105A6000806001900720059001A90848FDF7AAF978
:105A70002520FDF792FB032211462520FDF79DFB13
:105A800006B010BD00100140F0440258000002585A
:105A900010B50346D3F88400202874D101B10AB9A7
:105AA000012010BD00BF93F87C00012801D1022025
:105AB000F7E7012083F87C0000BF9965A3F85C201C
:105AC000A3F85E200020D86600BF9868B0F5805F1C
:105AD0000AD1186920B940F2FF10A3F8600020E055
:105AE000FF20A3F860001CE0986848B9186918B94D
:105AF000FF20A3F8600014E07F20A3F8600010E00E
:105B00009868B0F1805F09D1186918B97F20A3F8AF
:105B1000600006E03F20A3F8600002E00020A3F848
:105B2000600000BF0020C3F888002220C3F8840072
:105B30001868806840F001001C68A060586EB0F1E1
:105B4000005F21D1B3F8680090421DDC9868B0F581
:105B5000805F04D1186910B91848D86601E0184868
:105B6000D86600BF002083F87C0000BF186800687A
:105B700040F480701C6820601868806840F0805095
:105B80001C68A06016E017E09868B0F5805F04D14B
:105B9000186910B90B48D86601E00B48D86600BFF9
:105BA000002083F87C0000BF1868006840F4907003
:105BB0001C682060002074E7022072E7B1750008BD
:105BC000D17600083F750008657600081D4A016817
:105BD000914236D11C49098801F4004189BB1A4918
:105BE000098801F4804171B1184909780A2903D064
:105BF0000021154A118024E01349098841F400412D
:105C0000114A11801DE0114909780D2906D10E496C
:105C1000098841F480410C4A118012E00B4909784F
:105C2000094A1288C2F30D02094B995406490988A2
:105C3000491C054A118011460988C72901DD002148
:105C40001180704700100140240000242600002429
:105C500084010024704700BFFEE700002DE9F041F9
:105C600005460F4600243FE02148006803F08CF908
:105C7000012211021F48FDF7B1F90026B04626E0C7
:105C80001B48006803F080F9012251021948FDF712
:105C9000A5F91748006803F077F97006060E4FF46F
:105CA00080711448FDF792F908B1701CC6B2104813
:105CB000006803F069F900224FF400710D48FDF708
:105CC0008DF90B48006803F05FF908F10108B8F19D
:105CD000080FD5DB681EA04202D100F0DDF801E01C
:105CE00000F06EF83E55641CAC42BDDBBDE8F081AF
:105CF000340000240004025810B501221102154896
:105D0000FDF76CF91448006803F03EF901225102D6
:105D10001048FDF763F91048006803F035F94FF4B7
:105D200080710C48FDF752F908B9002400E0012405
:105D30000948006803F028F900224FF40071054873
:105D4000FDF74CF900224FF480710248FDF746F947
:105D5000204610BD000402583400002410B5002273
:105D60004FF400711448FDF739F91448006803F046
:105D70000BF9012211021048FDF730F90F480068B5
:105D800003F002F9012251020B48FDF727F90B48F5
:105D9000006803F0F9F800224FF480710648FDF71F
:105DA0001DF90648006803F0EFF800224FF4007177
:105DB0000148FDF713F910BD000402583400002417
:105DC00010B500224FF480710F48FDF707F90F4816
:105DD000006803F0D9F8012251020B48FDF7FEF8E4
:105DE0000A48006803F0D0F800224FF4007106481A
:105DF000FDF7F4F80548006803F0C6F80122110227
:105E00000148FDF7EBF810BD0004025834000024EF
:105E10002DE9F04104460127254600262CE01C48C8
:105E2000006803F0B1F805F0800028B101221102EA
:105E30001848FDF7D3F805E000224FF480711548AB
:105E4000FDF7CCF81248006803F09EF801225102D9
:105E50001048FDF7C3F80E48006803F095F80C48A9
:105E6000006803F091F800224FF400710948FDF733
:105E7000B5F8680045B2761C082ED0DB04480068EF
:105E800003F082F8FFF738FF07463846BDE8F08197
:105E9000340000240004025810B5012211021248F7
:105EA000FDF79CF81148006803F06EF801225102DA
:105EB0000D48FDF793F80D48006803F065F80B48AE
:105EC000006803F061F800224FF400710648FDF706
:105ED00085F80648006803F057F8012211020248CD
:105EE000FDF77CF810BD00000004025834000024C7
:105EF00010B5012211021048FDF770F8012251027D
:105F00000D48FDF76BF80D48006803F03DF80022DE
:105F10004FF480710848FDF761F80848006803F005
:105F200033F800224FF400710348FDF757F8034897
:105F3000006803F029F810BD000402583400002462
:105F400010B500224FF400710F48FDF747F800220A
:105F50004FF480710C48FDF741F80C48006803F0DD
:105F600013F8012251020848FDF738F80748006885
:105F700003F00AF8012211020348FDF72FF8034845
:105F8000006803F001F810BD00040258340000243A
:105F900070B5064616484088401E83B214480088F3
:105FA000401E82B20021084600F0BCF900224FF4E6
:105FB00000611048FDF712F8012291020D48FDF72B
:105FC0000DF800240AE0002503E0304600F05CFAFA
:105FD0006D1C07480088A842F7D8641C0448408814
:105FE000A042F0D80122D1020248FCF7F7FF70BDB1
:105FF00064000024000402582DE9F05F04460D46B9
:1060000016461F46301B401C1FFA80FA781B401CA6
:106010001FFA80FB3B4632462946204600F082F9B3
:106020004FF000080FE04FF0000906E00A9800F07A
:106030002BFA09F101001FFA80F9D145F6DB08F1CE
:1060400001001FFA80F8D845EDDBBDE8F09F0000A5
:1060500000B587B000BF0D48006840F002000B4952
:1060600008600846006800F00200019000BF00BF11
:106070004FF4E0500290032005900120039002A904
:106080000348FCF79FFE07B000BD0000E044025843
:106090000004025810B503F03BFE002003F08AFE16
:1060A000FFF7D6FF00F028F9CF2000F07FF900209D
:1060B00000F064F9C92000F061F9302000F05EF9C9
:1060C000ED2000F073F9642000F058F9032000F08F
:1060D00055F9122000F052F9812000F04FF9E82024
:1060E00000F064F9852000F049F9102000F046F92D
:1060F0007A2000F043F9CB2000F058F9392000F065
:106100003DF92C2000F03AF9002000F037F9342056
:1061100000F034F9022000F031F9F72000F046F9E0
:10612000202000F02BF9EA2000F040F9002000F0D8
:1061300025F9002000F022F9C02000F037F91B20DB
:1061400000F01CF9C12000F031F9002000F016F930
:10615000C52000F02BF9302000F010F9302000F0BD
:106160000DF9C72000F022F9B72000F007F936201A
:1061700000F01CF9082000F001F93A2000F016F9AF
:10618000552000F0FBF8B12000F010F9002000F0DD
:10619000F5F81A2000F0F2F8B62000F007F90A200E
:1061A00000F0ECF8A22000F0E9F8F22000F0FEF890
:1061B000002000F0E3F8262000F0F8F8012000F0BD
:1061C000DDF8E02000F0F2F80F2000F0D7F82A20E8
:1061D00000F0D4F8282000F0D1F8082000F0CEF824
:1061E0000E2000F0CBF8082000F0C8F8542000F092
:1061F000C5F8A92000F0C2F8432000F0BFF80A203B
:1062000000F0BCF80F2000F0B9F8002000F0B6F85C
:10621000002000F0B3F8002000F0B0F8002000F0FB
:10622000ADF8E12000F0C2F8002000F0A7F815203A
:1062300000F0A4F8172000F0A1F8072000F09EF865
:10624000112000F09BF8062000F098F82B2000F0B9
:1062500095F8562000F092F83C2000F08FF80520C9
:1062600000F08CF8102000F089F80F2000F086F87C
:106270003F2000F083F83F2000F080F80F2000F06E
:106280007DF82B2000F092F8002000F077F8002035
:1062900000F074F8012000F071F83F2000F06EF873
:1062A0002A2000F083F8002000F068F8002000F0B9
:1062B00065F8002000F062F8EF2000F05FF8112090
:1062C00000F074F8782003F0C7FB292000F06EF886
:1062D000002000F097F804A0FAF7D6F84FF6FF7008
:1062E000FFF756FE10BD0000626567696E20746F8F
:1062F0002121210A0000000010B500224FF4805136
:106300000748FCF76BFE642003F0A6FB0122110393
:106310000348FCF763FE322003F09EFB10BD000033
:10632000000402582DE9F04104460D4616461F466A
:106330001149887A00F03AF8201200F01FF8E0B214
:1063400000F01CF8301200F019F8F0B200F016F866
:106350000949087B00F02AF8281200F00FF8E8B28B
:1063600000F00CF8381200F009F8F8B200F006F866
:1063700000F036F8BDE8F0816400002410B5044652
:1063800000224FF400610848FCF728FE0122910228
:106390000548FCF723FE204603F0EAFC0122D10267
:1063A0000148FCF71BFE10BD0004025810B504465E
:1063B00000224FF400610948FCF710FE00224FF460
:1063C00080610648FCF70AFE204603F0D1FC01225A
:1063D000D1020248FCF702FE10BD00000004025882
:1063E00010B50249087AFFF7E1FF10BD64000024F0
:1063F00070B505460C462846FFF7D8FFE0B2FFF718
:10640000BDFF70BD10B504462A201E4948812B20CF
:1064100088812C20088134B1012C0FD0022C18D097
:10642000032C2CD120E0F020164908804FF4A070F6
:10643000488008213620FFF7DBFF21E04FF4A070F1
:1064400010490880F020488068213620FFF7D0FFEF
:1064500016E0F0200B4908804FF4A0704880C82156
:106460003620FFF7C5FF0BE04FF4A0700549088008
:10647000F0204880A8213620FFF7BAFF00E000BFD7
:1064800000BF10BD6400002410B5044600224FF484
:1064900000610A48FCF7A2FD012291020748FCF7BF
:1064A0009DFD201203F064FCE0B203F061FC0122C8
:1064B000D1020248FCF792FD10BD00000004025812
:1064C00070B505460C4623464FF450724FF41051F8
:1064D000284600F0DDF970BD70B505460E46284629
:1064E000FBF761FB0446002C38D131462846FCF707
:1064F00079FA31462846FCF7E1F931462846FBF7A0
:10650000C0FE31462846FCF749FA31462846FCF7DA
:106510003DFA31462846FBF7BFFE31462846FBF7D9
:10652000E1FE31462846FBF749FB31462846FCF799
:10653000E5F831462846FBF75DFF31462846FCF773
:1065400045F831462846FBF7E9FC31462846FBF77B
:106550005BFC31462846FBF7E5FD0446204670BD4E
:106560002DE9FC4180460D46012701240026002725
:106570000EE06B460122D103404600F089F9044643
:1065800014B12046BDE8FC81BDF8000000F008070A
:10659000002FEED02FE030224FF40041404600F0B3
:1065A000F5F90446601C08B92046EBE72B464FF48A
:1065B00050724FF48061404600F06AF904460CB115
:1065C0002046DFE76B460122D103404600F060F928
:1065D00004460CB12046D5E7BDF8001016A0F9F727
:1065E00053FFBDF8000000F00807701CC6B231462A
:1065F00017A0F9F749FF0FB1052ECCDB042E02DD01
:106600006FF00700BEE701AB012248F20D014046E2
:1066100000F03EF90446BDF80400A5F88006BDF878
:10662000000000F00100A5F882060CB12046A9E7A1
:10663000B5F88206A6E7000073746174757352653D
:106640006769737465723A3A3A3A25640A00000041
:10665000636E743A2564000070B52DED068B054617
:106660000C462146284600F06BF8F0EE409AB5F84B
:10667000400600EE100AB8EE400AF0EE408A9FEDA8
:106680002D0AF4EEC08AF1EE10FA05DD9FED2A0A1C
:1066900038EEC00AF0EE408AB5F8000600EE100AA7
:1066A000B8EE408A9FED230AB4EEC08AF1EE10FAEC
:1066B00005DD9FED210A38EE400AB0EE408AD4EDA8
:1066C000040AB0EE480A08EEA00AC8EE800AB7EE47
:1066D000E0AAB3EE021BB0EE000B02F091FC2AEE32
:1066E000000BB7EEC00BB0EE408AD4ED010A9FED6F
:1066F000130A39EEC01AB7EE000A00EE810AC8EE9E
:10670000000AA08900EE100AB8EE400A30EEC00A76
:10671000B0EE409AD4ED020A89EE200AF3EE090A9F
:1067200030EE200AB0EE409AB0EE490ABDEC068B7E
:1067300070BD000000FEFF46000080473333534029
:1067400070B52DED048B05460C46B5F8540600EEE9
:10675000100AB8EE400AB0EE408A9FED230AB4EE6C
:10676000C08AF1EE10FA05DD9FED200A38EE400AEE
:10677000B0EE408AB5F88006C0F3812694F8240074
:1067800000EE100AB8EE400BB0EE401BB0EE000B6E
:1067900002F036FCB0EE409B00EE106AB8EEC01B73
:1067A000B0EE000B02F02CFC89EE001BF7EEC18B63
:1067B000B4F9020000EE100AB8EEC00A18EE880A1A
:1067C000B4F9000000EE900AF8EEE00A80EE201A1C
:1067D0009FED070A31EE000AB0EE408AB0EE480A9B
:1067E000BDEC048B70BD000000FEFF46000080473A
:1067F0003333534010B586B000BF1F48006840F0E7
:1068000002001D4908600846006800F00200009080
:1068100000BF00BF4FF40070019001200290039070
:106820000220049001A91548FCF7CCFA4FF48070BF
:10683000019011200290012003900220049001A9F0
:106840000E48FCF7BFFAFFF77BFB4FF480710B4853
:10685000FCF7BCFB0446214609A0F9F715FE4FF4EE
:1068600000710648FCF7B2FB0446214606A0F9F782
:106870000BFE06B010BD0000E044025800040258B0
:106880005344413A25640A0053434C3A25640A00B4
:106890002DE9FF4FADF2846D83460D461646002468
:1068A000A046A1460020CDF880064FF4D06168468E
:1068B000F9F766FEDDF890A64FEA4B60070E281246
:1068C0008DF88006E8B28DF88106FFF739FB2E4877
:1068D000006802F059FBFFF70BFB2B48006802F041
:1068E00053FB78B2FFF794FA08B1012000E00020D2
:1068F00004462CB14FF0FF300DF2946DBDE8F08FDF
:106900009DF8801648B2FFF783FA08B1012000E035
:106910000020044614B14FF0FF30EDE79DF88116DA
:1069200048B2FFF775FA08B1012000E000200446E4
:1069300014B14FF0FF30DFE7FFF710FA47F001071F
:1069400078B2FFF765FA044614B14FF0FF30D3E791
:1069500070006946FFF782F9FFF7F2FA4FF000087E
:106960000DE04FEA480909F101001DF800101DF87B
:10697000090001EB00202AF8020B08F10108B045DC
:10698000EFDB0020B8E70000340000242DE9F843D5
:1069900007460D4614464FF0000800200090780688
:1069A0004FEA106928128DF80000E8B28DF8010056
:1069B00020128DF80200E0B28DF80300FFF7C0FA54
:1069C0001948006802F0E0FAFFF792FA4FFA89F0EE
:1069D000FFF71EFA8046B8F1000F02D00120BDE893
:1069E000F88300260CE01DF8061048B2FFF710FAF5
:1069F0008046B8F1000F02D04FF0FF30EFE7761C71
:106A0000042EF0DBFFF79CFA084B0122294638469A
:106A1000FFF73EFF05480088A04202D06FF001005A
:106A2000DDE70020DBE7000034000024380000240C
:106A30001CB5FFF7DFFE322003F00EF805213320EE
:106A400000F0E6F8332000F0CBF839493320FFF7A7
:106A500037FD384908600846006820B1364801888B
:106A600036A0F9F711FD40493148FFF735FD3149AE
:106A700008600846006820B12F4801883BA0F9F75C
:106A800003FD0020464908604CE02B4B0122D10356
:106A90003320FFF7FDFE2848007800F008000028AA
:106AA0003BD023493320FFF75BFD0446002C03DA7B
:106AB00021463CA0F9F7E8FC2B491D48FFF740FEB2
:106AC0003E4880ED000A28491948FFF7C5FD3C48BB
:106AD00080ED000A90ED000AF2EE000A30EE600A46
:106AE00080ED000A374AD0ED000A9FED370A1E49B3
:106AF0000F48FAF741FD324890ED000AB7EEC00AA0
:106B00008DED000B2D4890ED000AB7EEC00A53EC56
:106B1000102B2EA0F9F7B8FC00BF21480068401CDC
:106B20001F4908601E4800680328AEDB1CBD00003A
:106B3000780B002454000024620000246C6F616410
:106B40002073797374656D20706172616D65746511
:106B50007273206572726F72207769746820636F38
:106B600064653A25640D0A00AC88002450617261A6
:106B70006D657465722065787472616374696F6E97
:106B8000206661696C65642077697468206572723B
:106B90006F7220636F64653A25640D0A000000007F
:106BA000580000244765744672616D652045727215
:106BB0006F723A2025640D0A000000005C0000247A
:106BC00048000024781B00243333733F7664643A12
:106BD0002025662054723A2025660D0A0000000028
:106BE000F8B506466B46012248F20D013046FFF724
:106BF0004FFE054655B9BDF8000040F480542246CA
:106C000048F20D013046FFF7C1FE05462846F8BDA3
:106C1000F8B507460C466007850D6B46012248F221
:106C20000D013846FFF734FE064666B9BDF8000090
:106C30004FF67F4108400543AAB248F20D0138469D
:106C4000FFF7A4FE06463046F8BD000000BF002254
:106C500040211848FCF7C2F900BF17A0F9F714FC4F
:106C60004FF47A7002F0F8FE19A0F9F70DFC4FF41A
:106C70007A7002F0F1FE00BF00BF00BF00BF00BF8E
:106C8000BFF34F8F00BF00BF00BF1648006800F47D
:106C9000E06015490843001D1249086000BF00BFAD
:106CA00000BFBFF34F8F00BF00BF00BF00BF00BFDA
:106CB000FDE70000001002584D656D2041636365DB
:106CC0007373204572726F7221210D0A000000005B
:106CD000536F6674205265736574696E672E2E2E2D
:106CE0000D0A00000CED00E00000FA0538B50025A3
:106CF000002000906B460122D1033320FFF7C8FD2E
:106D0000BDF8000000F0080018B313493320FFF766
:106D100027FC0446002C03DA214610A0F9F7B4FB47
:106D200014490D48FFF798FC134880ED000A90EDD8
:106D3000000AF2EE000A30EE600A80ED000A0F4A07
:106D4000D0ED000A9FED0E0A0A490348FAF714FC39
:106D500000BF0125284638BD780B002447657446DE
:106D600072616D65204572726F723A2025640D0A5A
:106D700000000000AC88002448000024781B002498
:106D80003333733F704770472DE9F04104460E4698
:106D900000275548006800F00300032802D10120B5
:106DA000BDE8F08150482838006820F080604E49E6
:106DB00028390860FCF71EF9054606E0FCF71AF9C9
:106DC000401B022801D90320EAE747482838006819
:106DD000C0F3C0600028F1D100BF4348006820F430
:106DE0007C30216840EA01303F490860A088401E9D
:106DF000C0F30800A168491E4FF47E4202EA412117
:106E00000843A189491ED20102EA01410843217CBD
:106E1000491E120202EA0161084333491031086039
:106E200000BF3148001D006820F0C00061690843C0
:106E30002D49091D08600846006820F02000A1695E
:106E400008432949091D08600846006820F0100021
:106E500008602548143000684FF6F8718843E169EE
:106E600040EAC1002049143108601F48001D006835
:106E700040F010001C49091D08602EB90846006842
:106E800040F40020086012E0012E08D11648001DD1
:106E9000006840F480101449091D086007E012489A
:106EA000001D006840F400100F49091D08600E48DD
:106EB0002838006840F080600B4928390860FCF7EA
:106EC00099F8054606E0FCF795F8401B022801D921
:106ED000032065E7044828380068C0F3C060002834
:106EE000F1D038465CE70000284402582DE9F04113
:106EF00004460E4600275548006800F003000328AA
:106F000002D10120BDE8F08150482838006820F007
:106F100080504E4928390860FCF76CF8054606E0B9
:106F2000FCF768F8401B022801D90320EAE747482C
:106F300028380068C0F340700028F1D100BF4348F2
:106F4000006820F07C70218840EA01503F490860C9
:106F5000A088401EC0F30800A168491E4FF47E427D
:106F600002EA41210843A189491ED20102EA0141F6
:106F70000843217C491E120202EA01610843334999
:106F80001831086000BF3148001D006820F44060DF
:106F9000616908432D49091D08600846006820F40E
:106FA0000070A16908432949091D08600846006866
:106FB00020F48070086025481C3000684FF6F87196
:106FC0008843E16940EAC10020491C3108601F483C
:106FD000001D006840F480701C49091D08602EB92E
:106FE0000846006840F48000086012E0012E08D1D5
:106FF0001648001D006840F400001449091D08608F
:1070000007E01248001D006840F080700F49091D1C
:1070100008600E482838006840F080500B49283935
:107020000860FBF7E7FF054606E0FBF7E3FF401BC0
:10703000022801D9032065E7044828380068C0F316
:1070400040700028F1D038465CE700002844025820
:1070500010B50023234C236000BF00BF00BFBFF367
:107060004F8F00BF00BF00BF231F1868C0F34E3111
:1070700000BFC0F3C90200BF43F6E07303EA411347
:107080004FF0404404EA82742343174C236000BF4E
:1070900000BF131EA2F10102EED10B1EA1F10101EE
:1070A000E7D100BF00BF00BFBFF34F8F00BF00BFDD
:1070B00000BF0C4B703B1B6843F48033094C703CA1
:1070C000236000BF00BF00BFBFF34F8F00BF00BFF2
:1070D00000BF00BF00BF00BFBFF36F8F00BF00BF86
:1070E00000BF10BD84ED00E060EF00E000BF00BF16
:1070F00000BFBFF34F8F00BF00BF00BF00BF00BF86
:1071000000BFBFF36F8F00BF00BF00BF0020144956
:10711000086000BF00BF00BFBFF34F8F00BF00BFBC
:1071200000BF00BF00BF00BFBFF36F8F00BF00BF35
:1071300000BF0C48006840F400300A49086000BFF6
:1071400000BF00BFBFF34F8F00BF00BF00BF00BF35
:1071500000BF00BFBFF36F8F00BF00BF00BF70470D
:1071600050EF00E014ED00E0026851690268926996
:1071700042F0080203689A610268926942F01002C4
:1071800003689A610268126822F0010203681A60BB
:107190000268126940F26F339A4303681A61026809
:1071A000926822F4404203689A6090F88120042A91
:1071B0000ED001F020025AB1D0F8842042F08002B3
:1071C000C0F884200268926942F0200203689A6144
:1071D00090F88120032A21D001F040025AB1D0F862
:1071E000842042F00402C0F884200268926942F0D0
:1071F000400203689A61826AB2F5800F0ED101F0F5
:1072000080025AB1D0F8842042F00202C0F88420F3
:107210000268926942F0800203689A6101F4007288
:107220005AB1D0F8842042F00102C0F884200268EC
:10723000926942F4007203689A6101F480725AB153
:10724000D0F8842042F00802C0F8842002689269D5
:1072500042F4807203689A610022A0F86220A0F8CC
:107260006A20704710B501460124C86B04EB501327
:10727000C868421CD01DC20802FB03F010BD2DE9F6
:10728000F04106460C4617469846069D0BE0FBF774
:10729000B1FEA0EB0800A84201D3681C00B915B9E3
:1072A0000320BDE8F081306840692040A04201D150
:1072B000012000E00020B842E9D00020F1E770474B
:1072C00010B5FBF79DFE10BD2448006840F4700027
:1072D000224908602248006840F001002049086007
:1072E00000201F49103108601D4800681D490840F2
:1072F0001B49086000201A4918310860091D086000
:10730000091D0860164928310860091D0860091D1B
:107310000860091D0860091D0860091D0860091D35
:107320000860091D08600E48006820F480200C49A0
:10733000086000200A49603108600B4800686FF35C
:107340000F00B0F1005F02D20120084908604FF041
:1073500000600249803908607047000088ED00E055
:10736000004402587FEDF6EA0010005C08810051ED
:1073700090F8281001F0010139B10168496821F441
:107380000031C26A11430268516090F8281001F080
:107390000201022907D10168496821F48031026B9A
:1073A00011430268516090F8281001F0040104298B
:1073B00007D10168496821F48021426B11430268BA
:1073C000516090F8281001F00801082907D10168E0
:1073D000496821F40041826B11430268516090F8C2
:1073E000281001F01001102907D10168896821F4E3
:1073F0008051C26B11430268916090F8281001F02F
:107400002001202907D10168896821F40051026C0C
:1074100011430268916090F8281001F04001402962
:1074200013D10168496821F48011426C114302684C
:107430005160416CB1F5801F07D10168496821F4A2
:10744000C001826C11430268516090F8281001F06D
:107450008001802907D10168496821F40021C26CAC
:10746000114302685160704738B504460020C4F8E3
:107470008800FBF7BFFD05462068006800F00800A3
:1074800008280CD16FF07E402B4600224FF40011EB
:107490000090204601F0EEFC08B1032038BD2068C2
:1074A000006800F0040004280CD16FF07E402B46E9
:1074B00000224FF480010090204601F0DBFC08B16F
:1074C0000320EBE72020C4F88000C4F8840000BF4C
:1074D000002084F87C0000BF00BFDFE770B50546E0
:1074E000AC6B0020A4F85E00A4F856002046FEF71E
:1074F00024F970BD0168096821F490710268116077
:1075000001688968044A1140026891602021C0F82E
:1075100084100021C1667047FEFFFFEF10B50446DE
:107520002068006820F04000216808602020C4F82E
:107530008000002020672046FEF78CFB10BD2DE95F
:10754000F0410446B4F86070D4F88400222826D1B3
:107550002068406A86B2A56D06EA07002880A06D03
:10756000801CA065B4F85E00401EA4F85E00B4F86C
:107570005E00D0B92068006820F49070216808602F
:107580002068806820F00100216888602020C4F80D
:1075900084000020E0662046FEF718FB05E0206826
:1075A000806940F0080021688861BDE8F081000032
:1075B0002DE9F0470446B4F86090D4F884002228FE
:1075C00043D1B4F8685028E02068406A1FFA80F878
:1075D000A76D08EA09003880A06D801CA065B4F88A
:1075E0005E00401EA4F85E00B4F85E0098B9206802
:1075F000006820F48070216808602068806817495E
:107600000840216888602020C4F884000020E066DB
:107610002046FEF7DBFA681E85B2002DD4D1B4F8FF
:107620005E60C6B1B4F86800B04214DD20688068BE
:1076300020F08050216888600948E0662068006872
:1076400040F020002168086005E02068806940F073
:10765000080021688861BDE8F0870000FEFFFFEFA9
:107660003F75000870B50446B4F86060D4F8840033
:10767000222826D12068406A85B2F0B22840A16D48
:107680000870A06D401CA065B4F85E00401EA4F810
:107690005E00B4F85E00D0B92068006820F49070F5
:1076A000216808602068806820F0010021688860F7
:1076B0002020C4F884000020E0662046FEF786FA09
:1076C00005E02068806940F008002168886170BD8D
:1076D0002DE9F0410446B4F86080D4F884002228F3
:1076E00043D1B4F8685028E02068406A87B208F0B7
:1076F000FF003840A16D0870A06D401CA065B4F873
:107700005E00401EA4F85E00B4F85E0098B92068E0
:10771000006820F48070216808602068806817493C
:107720000840216888602020C4F884000020E066BA
:107730002046FEF74BFA681E85B2002DD4D1B4F86E
:107740005E60C6B1B4F86800B04214DD206880689D
:1077500020F08050216888600948E0662068006851
:1077600040F020002168086005E02068806940F052
:10777000080021688861BDE8F0810000FEFFFFEF8E
:10778000657600082DE9F04F89B004464FF00009F6
:10779000002007908346F9492068884200D100E024
:1077A00000BF2169A068084361690843E16940EAB4
:1077B000010A606E40EA0A0A20680068F049084041
:1077C00040EA0A00216808602068406820F44050C0
:1077D000E168084321684860D4F818A0E7492068A8
:1077E000884202D0206A40EA0A0A20688068E54997
:1077F000084040EA0A00216888602068C06A20F0DA
:107800000F00616A08432168C86200BFDE49206832
:10781000884220D1DD48006800F03800182811D0D7
:1078200005DC48B1082809D0102811D108E020282B
:107830000AD028280CD109E001250BE0042509E035
:10784000082507E0102505E0202503E0402501E09C
:10785000802500BFF8E0CE492068884219D1CB4886
:10786000006800F00700062810D2DFE800F00305EA
:1078700007090B0D00250BE0042509E0082507E0AA
:10788000102505E0202503E0402501E0802500BF0C
:10789000DAE0C0492068884219D1BC48006800F08D
:1078A0000700062810D2DFE800F0030507090B0DDA
:1078B00000250BE0042509E0082507E0102505E078
:1078C000202503E0402501E0802500BFBCE0B2494F
:1078D0002068884219D1AD48006800F007000628EA
:1078E00010D2DFE800F0030507090B0D00250BE0BF
:1078F000042509E0082507E0102505E0202503E020
:10790000402501E0802500BF9EE0A4492068884210
:1079100019D19E48006800F00700062810D2DFE861
:1079200000F0030507090B0D00250BE0042509E015
:10793000082507E0102505E0202503E0402501E0AB
:10794000802500BF80E096492068884220D18F487A
:10795000006800F03800182811D005DC48B108286C
:1079600009D0102811D108E020280AD028280CD1ED
:1079700009E001250BE0042509E0082507E01025B2
:1079800005E0202503E0402501E0802500BF5BE005
:1079900084492068884219D17C48006800F00700BB
:1079A000062810D2DFE800F0030507090B0D0025BB
:1079B0000BE0042509E0082507E0102505E0202557
:1079C00003E0402501E0802500BF3DE076492068C6
:1079D000884219D16D48006800F00700062810D2CF
:1079E000DFE800F0030507090B0D00250BE0042577
:1079F00009E0082507E0102505E0202503E04025E3
:107A000001E0802500BF1FE05C49206888421AD150
:107A10005E48001D006800F00700062810D2DFE86D
:107A200000F0030507090B0D02250BE0042509E012
:107A3000082507E0102505E0202503E0402501E0AA
:107A4000802500BF00E0802500BF4C4920688842A7
:107A500071D1102D70D006DC022D09D0042D49D033
:107A6000082D6AD1A6E0202D68D0402DF9D1B3E1D0
:107A7000FBF716FC616A09B9012138E0616A012946
:107A800001D1022133E0616A022901D104212EE0F3
:107A9000616A032901D1062129E0616A042901D123
:107AA000082124E0616A052901D10A211FE0616AE9
:107AB000062901D10C211AE0616A072901D11021A0
:107AC00015E0616A082901D1202110E0616A0929C5
:107AD00001D140210BE0616A0A2901D1802106E031
:107AE000616A0B2902D14FF4807100E00121B0FBE3
:107AF000F1FBB6E104A8FBF7E5FB0598616A09B95B
:107B0000012154E0616A012901D102214FE0616A3B
:107B1000022901D104214AE0616A032901D1062129
:107B200045E0616A042901D1082140E0616A052924
:107B300005D10A213BE0FDE380E08FE10BE1616AC2
:107B4000062901D10C2132E0616A072901D11021F7
:107B50002DE0616A082901D1202128E0616A092904
:107B600001D1402123E0616A0A2901D180211EE070
:107B7000616A0B291AD14FF4807118E0000C00588B
:107B8000F369FFCFFFF4FF11001001405444025885
:107B90000044004000480040004C004000500040BD
:107BA0000014014000780040007C00400121B0FB3F
:107BB000F1FB56E101A8FBF79DFC0298616A09B947
:107BC000012138E0616A012901D1022133E0616AB3
:107BD000022901D104212EE0616A032901D1062185
:107BE00029E0616A042901D1082124E0616A05299C
:107BF00001D10A211FE0616A062901D10C211AE096
:107C0000616A072901D1102115E0616A082901D1B3
:107C1000202110E0616A092901D140210BE0616A4D
:107C20000A2901D1802106E0616A0B2902D14FF4B3
:107C3000807100E00121B0FBF1FB12E1FA4800681D
:107C4000C0F3401088B3F8480068C0F3C101F7489A
:107C5000C840616A09B9012139E0616A012901D18D
:107C6000022134E0616A022901D104212FE0616A16
:107C7000032901D106212AE0616A042901D10821E2
:107C800025E0616A052901D10A2120E0616A0629FF
:107C900001D10C211BE0616A072901D1102116E0F6
:107CA000616A082902D1202111E013E0616A0929E3
:107CB00001D140210BE0616A0A2901D1802106E04F
:107CC000616A0B2902D14FF4807100E00121B0FB01
:107CD000F1FB3FE0606A08B9012038E0606A0128E2
:107CE00001D1022033E0606A022801D104202EE095
:107CF000606A032801D1062029E0606A042801D1C6
:107D0000082024E0606A052801D10A201FE0606A8B
:107D1000062801D10C201AE0606A072801D1102042
:107D200015E0606A082801D1202010E0606A092867
:107D300001D140200BE0606A0A2801D1802006E0D2
:107D4000606A0B2802D14FF4807000E00120B7492F
:107D5000B1FBF0FB85E0606A08B9012038E0606A99
:107D6000012801D1022033E0606A022801D10420F9
:107D70002EE0606A032801D1062029E0606A042809
:107D800001D1082024E0606A052801D10A201FE003
:107D9000606A062801D10C201AE0606A072801D128
:107DA000102015E0606A082801D1202010E0606AE8
:107DB000092801D140200BE0606A0A2801D1802007
:107DC00006E0606A0B2802D14FF4807000E00120C9
:107DD0009749B1FBF0FB44E0606A08B9012038E044
:107DE000606A012801D1022033E0606A022801D1D3
:107DF00004202EE0606A032801D1062029E0606A91
:107E0000042801D1082024E0606A052801D10A2055
:107E10001FE0606A062801D10C201AE0606A07287A
:107E200001D1102015E0606A082801D1202010E05F
:107E3000606A092801D140200BE0606A0A2801D15C
:107E4000802006E0606A0B2802D14FF4807000E0C9
:107E500001204FF40041B1FBF0FB02E0012007904C
:107E600000BF00BFBBF1000F00F0F287606800EBBD
:107E70004000584503D860680003584503D20120EC
:107E8000079000F0E5BF102D75D006DC022D09D05B
:107E9000042D67D0082D6FD1CCE0202D6DD0402D62
:107EA000F9D14DE2FBF7FCF98046606A08B901227E
:107EB00038E0606A012801D1022233E0606A0228BA
:107EC00001D104222EE0606A032801D1062229E0B4
:107ED000606A042801D1082224E0606A052801D1E3
:107EE0000A221FE0606A062801D10C221AE0606AAB
:107EF000072801D1102215E0606A082801D120224C
:107F000010E0606A092801D140220BE0606A0A286B
:107F100001D1802206E0606A0B2802D14FF4807202
:107F200000E001229446002340461946F8F735FA4E
:107F30004FF4807300228C46A0FB031E0CFB03E36E
:107F400000FB0233606840088C461CEB000643EBE4
:107F50000201D4F804C0624600233046F8F71DFA47
:107F600081464EE204A8FBF7ADF9DDF814E0606A43
:107F700020B901223BE0BFE040E282E1606A0128D3
:107F800001D1022233E0606A022801D104222EE0EE
:107F9000606A032801D1062229E0606A042801D121
:107FA000082224E0606A052801D10A221FE0606AE5
:107FB000062801D10C221AE0606A072801D110229C
:107FC00015E0606A082801D1202210E0606A0928C3
:107FD00001D140220BE0606A0A2801D1802206E02C
:107FE000606A0B2802D14FF4807200E001229446AF
:107FF000002370461946F8F7D0F94FF4807C002230
:10800000A0FB0C3E01FB0CE100FB02116068400884
:108010001E185141D4F804C0624600233046F8F7D8
:10802000BCF98146EDE10000004402580090D00305
:1080300000093D0001A8FBF75DFADDF808C0606AA1
:1080400008B9012238E0606A012801D1022233E038
:10805000606A022801D104222EE0606A032801D15F
:10806000062229E0606A042801D1082224E0606A1F
:10807000052801D10A221FE0606A062801D10C22DE
:108080001AE0606A072801D1102215E0606A08280A
:1080900001D1202210E0606A092801D140220BE0C2
:1080A000606A0A2801D1802206E0606A0B2802D1AA
:1080B0004FF4807200E00122964600236046194684
:1080C000F8F76BF94FF4807300228C46A0FB031E77
:1080D0000CFB03E300FB0233606840088C461CEB9A
:1080E000000643EB0201D4F804C062460023304688
:1080F000F8F753F9814684E1F8480068C0F340106E
:1081000090B3F6480068C0F3C101F54820FA01FEBB
:10811000606A08B9012239E0606A012801D10222AF
:1081200034E0606A022801D104222FE0606A03284B
:1081300001D106222AE0606A042801D1082225E044
:10814000606A052801D10A2220E0606A062801D170
:108150000C221BE0606A072801D1102216E0606A39
:10816000082802D1202211E030E0606A092801D1FC
:1081700040220BE0606A0A2801D1802206E0606A92
:108180000B2802D14FF4807200E0012294460023B4
:1081900070461946F8F701F94FF4807300228C46B7
:1081A000A0FB031E0CFB03E300FB023360684008E6
:1081B0008C461CEB000643EB0201D4F804C0624677
:1081C00000233046F8F7E9F8814659E0606A08B9BB
:1081D000012238E0606A012801D1022233E0606A9E
:1081E000022801D104222EE0606A032801D1062270
:1081F00029E0606A042801D1082224E0606A052889
:1082000001D10A221FE0606A062801D10C221AE07F
:10821000606A072801D1102215E0606A082801D1A0
:10822000202210E0606A092801D140220BE0606A38
:108230000A2801D1802206E0606A0B2802D14FF49F
:10824000807200E0012294460023A5481946F8F701
:10825000A4F84FF4807300228C46A0FB031E0CFB95
:1082600003E300FB0233606840080E1843EB020191
:10827000D4F804C0624600233046F8F78EF88146F1
:10828000BFE0606A08B9012238E0606A012801D1C4
:10829000022233E0606A022801D104222EE0606AE3
:1082A000032801D1062229E0606A042801D10822AE
:1082B00024E0606A052801D10A221FE0606A0628CE
:1082C00001D10C221AE0606A072801D1102215E0C2
:1082D000606A082801D1202210E0606A092801D1D3
:1082E00040220BE0606A0A2801D1802206E0606A21
:1082F0000B2802D14FF4807200E001229446002343
:1083000078481946F8F749F84FF4807300228C46F4
:10831000A0FB031E0CFB03E300FB02336068400874
:108320008C461CEB000643EB0201D4F804C0624605
:10833000002300E073E03046F8F72FF8814660E054
:10834000606A08B9012238E0606A012801D102227E
:1083500033E0606A022801D104222EE0606A03281B
:1083600001D1062229E0606A042801D1082224E014
:10837000606A052801D10A221FE0606A062801D13F
:108380000C221AE0606A072801D1102215E0606A09
:10839000082801D1202210E0606A092801D140227A
:1083A0000BE0606A0A2801D1802206E0606A0B288F
:1083B00002D14FF4807200E00122944600234FF472
:1083C00000401946F7F7E9FF4FF4807300228C460E
:1083D000A0FB031E0CFB03E300FB023360684008B4
:1083E0008C461CEB000643EB0201D4F804C0624645
:1083F00000233046F7F7D1FF814602E001200790C5
:1084000000BF00BFB9F5407F06D3B9F5801F03D286
:108410002068C0F80C9034E50120079031E5E06950
:10842000B0F5004F71D1082D70D005DC5DB1012D84
:108430005AD0042D6BD1A7E0102D69D0202D68D023
:10844000402DF7D11EE2FCF795F88046606A08B926
:10845000012038E0606A012801D1022033E0606A1F
:10846000022801D104202EE0606A032801D10620F1
:1084700029E0606A042801D1082024E0606A052808
:1084800001D10A201FE0606A062801D10C201AE001
:10849000606A072801D1102015E0606A082801D120
:1084A000202010E0606A092801D140200BE0606ABA
:1084B0000A2801D1802006E0606A0B2802D14FF41F
:1084C000807000E00120B8FBF0F04000616800EB34
:1084D0005100B0FBF1F01FFA80F920E2004402588D
:1084E0000090D00300093D00FCF756F88046606A12
:1084F00008B901203DE0606A012801D1022038E07E
:10850000606A022806D1042033E020E288E003E21A
:10851000D2E06EE1606A032801D1062029E0606A9A
:10852000042801D1082024E0606A052801D10A202E
:108530001FE0606A062801D10C201AE0606A072853
:1085400001D1102015E0606A082801D1202010E038
:10855000606A092801D140200BE0606A0A2801D135
:10856000802006E0606A0B2802D14FF4807000E0A2
:108570000120B8FBF0F04000616800EB5100B0FB57
:10858000F1F01FFA80F9CAE104A8FAF79BFE0598FA
:10859000616A09B9012138E0616A012901D102212A
:1085A00033E0616A022901D104212EE0616A0329C6
:1085B00001D1062129E0616A042901D1082124E0C2
:1085C000616A052901D10A211FE0616A062901D1EA
:1085D0000C211AE0616A072901D1102115E0616AB6
:1085E000082901D1202110E0616A092901D1402127
:1085F0000BE0616A0A2901D1802106E0616A0B293A
:1086000002D14FF4807100E00121B0FBF1F0400095
:10861000616800EB5100B0FBF1F01FFA80F97EE1D8
:1086200001A8FAF767FF0298616A09B9012138E0E9
:10863000616A012901D1022133E0616A022901D175
:1086400004212EE0616A032901D1062129E0616A33
:10865000042901D1082124E0616A052901D10A21F8
:108660001FE0616A062901D10C211AE0616A07291D
:1086700001D1102115E0616A082901D1202110E003
:10868000616A092901D140210BE0616A0A2901D1FF
:10869000802106E0616A0B2902D14FF4807100E06D
:1086A0000121B0FBF1F04000616800EB5100B0FB2C
:1086B000F1F01FFA80F932E1F9480068C0F3401088
:1086C00088B3F7480068C0F3C101F648C840616A42
:1086D00009B9012139E0616A012901D1022134E09F
:1086E000616A022901D104212FE0616A032901D1C5
:1086F00006212AE0616A042901D1082125E0616A86
:10870000052901D10A2120E0616A062901D10C2145
:108710001BE0616A072901D1102116E0616A08296E
:1087200002D1202111E01BE0616A092901D1402119
:108730000BE0616A0A2901D1802106E0616A0B29F8
:1087400002D14FF4807100E00121B0FBF1F0400054
:10875000616800EB5100B0FBF1F01FFA80F947E0CF
:10876000606A08B9012038E0606A012801D102205E
:1087700033E0606A022801D104202EE0606A0328F9
:1087800001D1062029E0606A042801D1082024E0F4
:10879000606A052801D10A201FE0606A062801D11D
:1087A0000C201AE0606A072801D1102015E0606AE9
:1087B000082801D1202010E0606A092801D140205A
:1087C0000BE0606A0A2801D1802006E0606A0B286D
:1087D00002D14FF4807000E00120B249B1FBF0F00B
:1087E0004000616800EB5100B0FBF1F01FFA80F926
:1087F00095E0606A08B9012038E0606A012801D17B
:10880000022033E0606A022801D104202EE0606A71
:10881000032801D1062029E0606A042801D108203C
:1088200024E0606A052801D10A201FE0606A06285A
:1088300001D10C201AE0606A072801D1102015E050
:10884000606A082801D1202010E0606A092801D15F
:1088500040200BE0606A0A2801D1802006E0606AAF
:108860000B2802D14FF4807000E001208E49B1FB4B
:10887000F0F04000616800EB5100B0FBF1F01FFA2E
:1088800080F94CE0606A08B9012038E0606A01288C
:1088900001D1022033E0606A022801D104202EE0D9
:1088A000606A032801D1062029E0606A042801D10A
:1088B000082024E0606A052801D10A201FE0606AD0
:1088C000062801D10C201AE0606A072801D1102087
:1088D00015E0606A082801D1202010E0606A0928AC
:1088E00001D140200BE0606A0A2801D1802006E017
:1088F000606A0B2802D14FF4807000E001204FF431
:108900000041B1FBF0F04000616800EB5100B0FBAA
:10891000F1F01FFA80F902E00120079000BF00BFCC
:10892000B9F1100F10D3B9F5803F0DD24FF6F070AA
:1089300009EA00000890C9F342010898084308902A
:1089400008982168C86083E20120079080E2082D22
:1089500072D005DC5DB1012D53D0042D6DD1A5E0A1
:10896000102D6BD0202D6AD0402D66D117E2FBF779
:1089700001FE8046606A08B9012038E0606A01287B
:1089800001D1022033E0606A022801D104202EE0E8
:10899000606A032801D1062029E0606A042801D119
:1089A000082024E0606A052801D10A201FE0606ADF
:1089B000062801D10C201AE0606A072801D1102096
:1089C00015E0606A082801D1202010E0606A0928BB
:1089D00001D140200BE0606A0A2801D1802006E026
:1089E000606A0B2802D14FF4807000E00120B8FBD0
:1089F000F0F0616800EB5100B0FBF1F01FFA80F974
:108A000019E2FBF7C9FD8046606A08B901203CE025
:108A1000606A012801D1022037E0606A022801D192
:108A2000042032E0606A032801D106202DE0606A4C
:108A3000042805D1082028E083E0F9E1CCE066E1D4
:108A4000606A052801D10A201FE0606A062801D16A
:108A50000C201AE0606A072801D1102015E0606A36
:108A6000082801D1202010E0606A092801D14020A7
:108A70000BE0606A0A2801D1802006E0606A0B28BA
:108A800002D14FF4807000E00120B8FBF0F0616883
:108A900000EB5100B0FBF1F01FFA80F9CBE10000D0
:108AA000004402580090D00300093D0004A8FAF7E2
:108AB00009FC0598616A09B9012138E0616A012958
:108AC00001D1022133E0616A022901D104212EE0A3
:108AD000616A032901D1062129E0616A042901D1D3
:108AE000082124E0616A052901D10A211FE0616A99
:108AF000062901D10C211AE0616A072901D1102150
:108B000015E0616A082901D1202110E0616A092974
:108B100001D140210BE0616A0A2901D1802106E0E0
:108B2000616A0B2902D14FF4807100E00121B0FB92
:108B3000F1F0616800EB5100B0FBF1F01FFA80F931
:108B400079E101A8FAF7D6FC0298616A09B9012116
:108B500038E0616A012901D1022133E0616A02290A
:108B600001D104212EE0616A032901D1062129E007
:108B7000616A042901D1082124E0616A052901D133
:108B80000A211FE0616A062901D10C211AE0616AFD
:108B9000072901D1102115E0616A082901D120219E
:108BA00010E0616A092901D140210BE0616A0A29BC
:108BB00001D1802106E0616A0B2902D14FF4807156
:108BC00000E00121B0FBF1F0616800EB5100B0FB67
:108BD000F1F01FFA80F92EE1A3480068C0F34010BD
:108BE00088B3A1480068C0F3C101A048C840616AC9
:108BF00009B9012139E0616A012901D1022134E07A
:108C0000616A022901D104212FE0616A032901D19F
:108C100006212AE0616A042901D1082125E0616A60
:108C2000052901D10A2120E0616A062901D10C2120
:108C30001BE0616A072901D1102116E0616A082949
:108C400002D1202111E01AE0616A092901D14021F5
:108C50000BE0616A0A2901D1802106E0616A0B29D3
:108C600002D14FF4807100E00121B0FBF1F06168A6
:108C700000EB5100B0FBF1F01FFA80F946E0606AAA
:108C800008B9012038E0606A012801D1022033E0F0
:108C9000606A022801D104202EE0606A032801D115
:108CA000062029E0606A042801D1082024E0606AD7
:108CB000052801D10A201FE0606A062801D10C2096
:108CC0001AE0606A072801D1102015E0606A0828C0
:108CD00001D1202010E0606A092801D140200BE07A
:108CE000606A0A2801D1802006E0606A0B2802D160
:108CF0004FF4807000E001205C49B1FBF0F0616846
:108D000000EB5100B0FBF1F01FFA80F993E0606ACC
:108D100008B9012038E0606A012801D1022033E05F
:108D2000606A022801D104202EE0606A032801D184
:108D3000062029E0606A042801D1082024E0606A46
:108D4000052801D10A201FE0606A062801D10C2005
:108D50001AE0606A072801D1102015E0606A08282F
:108D600001D1202010E0606A092801D140200BE0E9
:108D7000606A0A2801D1802006E0606A0B2802D1CF
:108D80004FF4807000E001203949B1FBF0F06168D8
:108D900000EB5100B0FBF1F01FFA80F94BE0606A84
:108DA00008B9012038E0606A012801D1022033E0CF
:108DB000606A022801D104202EE0606A032801D1F4
:108DC000062029E0606A042801D1082024E0606AB6
:108DD000052801D10A201FE0606A062801D10C2075
:108DE0001AE0606A072801D1102015E0606A08289F
:108DF00001D1202010E0606A092801D140200BE059
:108E0000606A0A2801D1802006E0606A0B2802D13E
:108E10004FF4807000E001204FF40041B1FBF0F00E
:108E2000616800EB5100B0FBF1F01FFA80F902E03D
:108E30000120079000BF00BFB9F1100F06D3B9F5AC
:108E4000803F03D22068C0F80C9001E00120079019
:108E50000120A4F86A00A4F868000020E0662067FA
:108E6000079809B0BDE8F08F004402580090D00385
:108E700000093D002DE9F04104460D46174698468D
:108E8000069E4AE0701C002847D0FAF7B3F8A0EB22
:108E90000800B04200D8C6B92068006820F4D0703D
:108EA000216808602068806820F0010021688860DF
:108EB0002020C4F88000C4F8840000BF002084F89B
:108EC0007C0000BF0320BDE8F0812068006800F04E
:108ED000040010B32068C069C0F3C020E8B14FF4AB
:108EE0000060216808622068006820F4D070216862
:108EF00008602068806820F00100216888602020D8
:108F0000C4F88000C4F88400C4F8880000BF0020C2
:108F100084F87C0000BF0320D5E72068C0692840A2
:108F2000A84201D1012000E00020B842AAD00020D0
:108F3000C9E7000070B500240F4D1048FCF706FC8F
:108F400000BF03E0641CAC4200D904E00B48FCF70E
:108F5000F5FB2028F6D100BF002403E0641CAC42DE
:108F600000D906E0012206490448FCF791FD0028DB
:108F7000F4D100BF70BD0000FFFF01004C020024CF
:108F80002600002400BFFEE7002101E0521C491C1E
:108F90008142FBDB704703B401984100009850EA1E
:108FA000C12018BF04204A0D18BF40F0010040F254
:108FB000FF72B2EB515F08BF40F00200012808BF0A
:108FC000052002B07047000002480068C0F302208C
:108FD000704700000CED00E010B5002804DB0A0724
:108FE000130E054A135406E00A07140E034A00F054
:108FF0000F031B1FD45410BD00E400E018ED00E087
:109000002DE9F04D2DED040B2DED0A8B9AB0DDE925
:109010002550279CDDF890A025F0004624F000485C
:10902000BAF1000F14BF0121002101EB4502F849FC
:1090300053184A1093422AD3002814BF0123002357
:1090400003EB44030B44F3498B4220D358EA00015D
:109050009FEDF19B72D0DFF8C8B35D4503D1BAF143
:10906000000F05D184E0BAF1000F08BF002100D045
:10907000012101EB450111F5001F08D8002814BF9C
:109080000121002101EB440111F5001F0BD99DEDD9
:10909000261B9DED240B1AB0BDEC0A8B04B0BDE875
:1090A000F04D00F0A5BC0027002DBCBFDD49884570
:1090B00021DADD498845A8BF02271CDAC3451ADC3E
:1090C000DA4901EB2851142908DDC1F1340220FAF4
:1090D00002F101FA02F282420DD108E058B9C1F161
:1090E000140228FA02F101FA02F2424503D101F01A
:1090F0000101C1F1020756EA0A0120D1002C1EDA53
:10910000002D18BF022F01D0012F0AD00220F7F73F
:109110009CFA1AB0BDEC0A8B04B0BDE8F04D00F02B
:1091200057BC0220F7F791FA00F052FCB1EE400B69
:109130001AB0BDEC0A8B04B0BDE8F08D18E09FEDCD
:10914000BCAB9FEDBD8B00287DD1B64880451CD1BE
:1091500005F1804010F5801008BFBAF1000F07D06C
:10916000B34508DC002CA8BF9DED260BE0DA07E034
:10917000B0EE490BDCE7002CB8BF9DED260BD5DB2C
:10918000AF48784490ED000BD2E7D84548D1002C89
:1091900043DA2EB186423AD1BAF1000F3DD126E032
:1091A000BAF1000F13D00220F7F74FFA00F030FCAD
:1091B0008DED020B9DED240B8DED000B10EE900A52
:1091C000039961F31E0003909DED020BB0E78DED56
:1091D00002AB9DED240B1AEE901A10EE900A8DED65
:1091E000000B61F31E0003909DED020BA0E78DEDD7
:1091F000028B9DED240B18EE901A10EE900A8DED67
:10920000000B61F31E0003909DED020B90E704DA62
:109210009DED241B89EE010B8AE79DED240B87E76A
:1092200086421ADAB4F1804F04BF9DED240B20EE84
:10923000000B3FF47DAFA4F10050B0F1FF500CD112
:10924000002D0ADB00E008E09DED240B51EC100B33
:1092500000F0D2FD41EC100B6AE79DED240B51ECC0
:10926000100B00F037FCBAF1000FCDE90E0140D130
:109270009FED750B46B3A6F1E040B0F17F600ED0D4
:109280005E4536D1002D00DA97B3022F0CBF0120C6
:109290004FF0FF3000EE100AB8EEC00B48E7002D8B
:1092A00001DD002C0DDA002D01DD002C1DDB002D71
:1092B00014DA002C12DB012F08BF9FED650B3FF481
:1092C00037AFB0EE4A0B33E7022F18BF002D0CD09A
:1092D000012F0AD1002DFFF62BAF06E0002DB8BFFD
:1092E000002C06DA012F3FF423AFB0EE480B1FE746
:1092F00019E0012000EBE57050EA070113D0791E58
:10930000B0EE498B084308BF9FED538B54480025AE
:1093100080457ADD53495448884514DDB0420DDB61
:10932000002C19DB2CE00120F7F78FF91AB0BDEC07
:109330000A8B04B0BDE8F04D00F05EBBB34502DC23
:10934000002C09DC1CE0864202DA002C18DA03E06B
:109350005E4528DD002C13DD0220F7F776F900F0DA
:1093600057FB8DED020B28EE0A0B8DED000B10EE76
:10937000900A039961F31E0003909DED020BD7E65E
:109380000220F7F762F900F04FFB10EE901A18EE8A
:10939000900A8DED020B8DED008B61F31E000390A2
:1093A0009DED020BC4E69DED0E0B9FED313B30EEC3
:1093B000490B8DED040B20EE002B9DED041B9FED62
:1093C0002E0B01EE430B9DED043B9FED2D1B03EE99
:1093D000401B9DED040B9FED2E3B22EE012B9FEDDC
:1093E0002A1B20EE011B20EE030B9FED2B3B02EE10
:1093F000430B31EE002B8DED022B02959DED022BE0
:1094000032EE411B30EE411B21E149E0000000003B
:10941000FFFF1F00FFFF0F00000000000000F03FF3
:109420000000F03F0000F07F0000404301FCFFFF20
:10943000000000000000F07F0000000000000000BD
:109440004A12000000000000000000000000008040
:10945000000000000000F0FF000000000000F0BF6E
:109460000000E0410000F043FFFFEF3F000000007C
:10947000000000000000D03F555555555555D53FCB
:10948000000000000000E03F000000604715F73FCB
:1094900044DF5DF80BAE543EFE822B654715F73F67
:1094A0000020B6F5801F0BDA9DED0E0B9FEDEC1B37
:1094B0006FF0340020EE010B10EE906A8DED0E0B74
:1094C000E94A00EB2650C6F31301A0F2FF3741F042
:1094D0007F6040F040509142D8BF002408DDE34A4D
:1094E0008A42C8BF012403DC0024A0F580107F1C41
:1094F000DF49794401EBC4010F9091ED001B9DED14
:109500000E2B9DED0E0BDB4931EE023B30EE410B95
:1095100089EE032B20EE02AB8DED02AB7944029570
:1095200091ED003B4FF0005141EA600000EB8440B8
:109530008DED043B00F5002005909DED043B9DED75
:10954000044B2AEE0ACB33EE411B9DED0E3BCA487D
:10955000062133EE411B9DED023B03EE440B03EE6F
:10956000410B20EE02BBB0EE4C0B784400F0F7F953
:109570002CEE0C1B20EE010B9DED021B31EE0A1BA5
:109580000BEE010B9DED021B21EE011B9FEDBC2B91
:1095900031EE023B33EE003B8DED043B04959DED37
:1095A000043B33EE422B32EE411B30EE412B9DED5E
:1095B000020B9DED041B20EE011B9DED040B2BEE19
:1095C000000B02EE0A0B31EE002B8DED022B029503
:1095D0009DED022B32EE411B30EE410B9DED021B47
:1095E0009FEDA92B21EE021B9DED022B9FEDA83BC9
:1095F00022EE032B9FEDA83BA94800EE032B7844F5
:1096000000EBC40090ED000BA64832EE000B02EE1A
:10961000107AB8EEC22B8DED042B31EE003B78446E
:1096200000EBC4009DED044B90ED002B33EE023BAC
:1096300033EE043B8DED023B02959DED023B33EE94
:10964000443B33EE422B32EE411B30EE411B9DED8D
:10965000260B954A8DED000B00959DED260B9DED9B
:10966000002B30EE420B9DED022B20EE020B9DED08
:10967000262B02EE010B9DED001B9DED022B21EE32
:10968000021B8DED021B30EE011B11EE900A11EE54
:10969000101A8DED001B904224DB821A11430ED16B
:1096A0009FED831B9DED002B9DED023B30EE011BDA
:1096B00032EE432BB4EEC21BF1EE10FA26DD02208F
:1096C000F6F7C3FF00F0A4F910EE901A18EE900A16
:1096D0008DED020B8DED008B61F31E0003909DED6F
:1096E000020B25E5744B20F000429A420ED3734AD8
:1096F000024411437FF444AE9DED022B31EE421B38
:10970000B4EEC01BF1EE10FABFF63AAE20F0004105
:109710006B4A6C4B002402EB21529942D8BF9DED5D
:10972000021B27DD511C4FF4801222FA01F1014483
:10973000654BC1F30A527B44A2F2FF3293ED001B4A
:10974000624B8DED041BD34021EA0303C1F31301E7
:1097500041F48011C2F1140221FA02F405930028A9
:10976000B8BF64429DED021B9DED042B31EE421B00
:109770008DED021B30EE011B8DED041B04959DED5C
:10978000041B9FED532B9DED023B21EE021B9DED33
:10979000042B32EE432B30EE420B9FED4F2B20EE8D
:1097A000020B9DED042B9FED4E3B4F48052102EE31
:1097B000030B31EE002B8DED002B32EE411B30EE12
:1097C00041AB9DED000B20EE000B8DED040B7844BA
:1097D00000F0C5F89DED001B9DED042B02EE401B33
:1097E0008DED021B9DED000B20EE010B9FED402B3C
:1097F00031EE422B80EE021B9DED002BB0EE4A0BAA
:1098000002EE0A0B31EE400B9DED001B30EE410BDA
:1098100039EE400B10EE900A8DED000B00EB04507A
:1098200001150029C8BF019013DC224651EC100B32
:1098300000F039FDFFF7AFFB042808BF00F0F4F893
:1098400022469DED000B51EC100B00F02CFDCDE9F4
:1098500000019DED000B28EE000B69E40000000004
:1098600000000000000040438E9803007AB60B0011
:10987000520E0000B00E00000A0E000000000000B2
:109880000000000000000840000000E009C7EE3FB3
:10989000F5015B14E02F3EBEFD033ADC09C7EE3F45
:1098A000660D0000360D0000000090400000000032
:1098B000FE822B654715973C00CC904000346F3FEB
:1098C00001FCFFFF0000E03F960C0000FFFF0F00CF
:1098D00000000000432EE63FEF39FAFE422EE63F3D
:1098E000396CA80C615C20BED60B000000000000A3
:1098F000000000000000004000B52DED028BB1EE2D
:10990000C08B83B018EE100A18EE901A8DED008B04
:10991000002818BF0120084320F00040C0F17F60FC
:1099200000F1E040C00F14D010EE101A10EE900AB3
:109930008DED000B002918BF0121084320F00040E5
:10994000C0F17F6000F1E040C00F04BF0120F6F7D6
:109950007CFEB0EE480B03B0BDEC028B00BD491E8F
:1099600000EBC102B0EE401B92ED000B31F006029D
:109970000DD0491E00EBC102B0EE403B92ED002B32
:1099800031F00602B0EE420B03EE010BF1D10229D9
:1099900014D004290AD0062918BF704790ED0A2B6D
:1099A00000EE012B90ED080B02EE010B90ED062B63
:1099B00000EE012B90ED040B02EE010B90ED022B5B
:1099C00000EE012B90ED000B02EE010B7047000042
:1099D0009FED031B9FED042B81EE020B70470000EF
:1099E000000000000000F03F000000000000000048
:1099F00030EE010B704700009FED031B81EE010B61
:109A0000704700000000000000000000000000009F
:109A10009FED030B20EE000B7047000000000000DC
:109A200000000000000000709FED030B20EE000B13
:109A3000704700000000000000000000000000105F
:109A400000BF704710B504460420FBF745FE0148EF
:109A5000046010BD1C00002470B504461E2094FB59
:109A6000F0F594FBF0F100FB114604E047F23050B2
:109A700000F00CF86D1E002DF8D12EB14FF47A7164
:109A800006FB01F000F002F870BD000070B503465F
:109A900000224FF0E02675690D4E366803FB06F490
:109AA0004FF0E026B16910E04FF0E026B06988423F
:109AB0000BD0884202D20E1A324402E02E1A0E4413
:109AC00032440146A24200D300E0EDE700BF70BD82
:109AD0001C00002482B0CDE9000121F0004001907B
:109AE0009DED000B02B051EC100B704700BF054A12
:109AF000D26902F04002002AF9D0C2B2014B9A6248
:109B0000704700000010014008B500F0ABF9F9F70C
:109B100083FA042302220521C02000F09DFA4FF4AD
:109B2000F070FFF78FFF4FF4E13000F049FB00F0D9
:109B300023F800F0ADF8FCF77BFFFCF7ABFA1AE076
:109B40000020FCF725FA4FF6FF70FCF721FA4FF4DE
:109B50007840FCF71DFA4FF4FC60FCF719FAFDF7AA
:109B6000C5F8012807D1002064231A46012100907E
:109B70000846FCF741FAE3E71FB501200022032362
:109B8000CDE90120009303901346024610214007BF
:109B900000F04FF8012000220323CDE901200093BB
:109BA0000390134602221221480600F042F80120D9
:109BB00000220323CDE901200093039013460322E2
:109BC0001221100700F035F8012000220323CDE90F
:109BD000012000930390134604220F214FF06050A0
:109BE00000F027F800200323CDE90030029003465F
:109BF0000522192103904FF0C04000F01AF801200F
:109C000000220323CDE9012000930390134606228E
:109C10001921500700F00DF800200323CDE9003092
:109C20000290012307221B210390C80700F001F8CE
:109C30001FBD2DE9FF5F04460D4616461F46DDE9B0
:109C400010ABDDE90E89F9F771FA01208DF80000FB
:109C5000F0B28DF801000194E8B28DF80800002000
:109C60008DF809008DF80A008DF80B808DF80C70C6
:109C70008DF80D908DF80EA08DF80FB06846F9F7AD
:109C800027FA0420F9F768FA002004B0BDE8F09F35
:109C900010B50BA0F6F7F8FB0AA0F6F7F5FB12A03B
:109CA000F6F7F2FB12A0F6F7EFFB15A0F6F7ECFBC8
:109CB00004A0F6F7E9FB0BA0F6F7E6FB10BD0000E9
:109CC0000A0000002A2A2A2A2A2A2A2A2A2A2A2A92
:109CD0002A2A2A2A2A2A2A2A2A2A2A2A2A2A2A2AE4
:109CE0002A2A2A2A0D0A000053544D33320D0A0045
:109CF00041544B2D4D44303433300D0A00000000E8
:109D000041544F4D40414C49454E54454B0D0A007E
:109D100010B51548FBF758FA1448134908604FF47A
:109D2000800048600021104881600721C160002147
:109D3000016141614FF0806181610021C161016277
:109D400041628162C162016341638163C1630164F5
:109D500041648164C16401654FF0004141650021A7
:109D60008165FBF701F910BD740000240038004044
:109D700001B582B04FF47A70012301AA02A90090C4
:109D80000548FBF7ABFA20B104A0F6F77DFB0020F5
:109D90000EBD9DF80400FBE7740000247370695F3A
:109DA00077726974655F7265616420656F6F657253
:109DB000210A00000F490968096821F001010D4AD4
:109DC000126811600B490968896821F0E041094A6D
:109DD000126891600749096889680143054A126859
:109DE000916004490968096841F00101014A12685B
:109DF000116070477400002400B541EC100B2DED8C
:109E0000028B83B0B1EEC08B18EE100A18EE901AD8
:109E10008DED008B002818BF0120084320F0004082
:109E2000C0F17F6000F1E040C00F14D010EE101AB6
:109E300010EE900A8DED000B002918BF0121084398
:109E400020F00040C0F17F6000F1E040C00F04BF8F
:109E50000120F6F7FAFB51EC180B03B0BDEC028BB6
:109E600000BD000010B5FDF741F9FDF7F1F803481A
:109E7000006840F004000149086010BD9CEF00E05C
:109E800030B587B00546002400BF6A48006840F03E
:109E90000200684908600846006800F0020001906E
:109EA00000BF00BF00BF0846006840F0080008601F
:109EB0000846006800F00800019000BF00BF00BF26
:109EC0000846006840F0100008600846006800F08E
:109ED0001000019000BF00BF00BF56480C3800685A
:109EE00040F4804053490C3908600846006800F48B
:109EF0008040019000BF00BF4020029002200390EC
:109F000003200590012004900A20069002A94A48E7
:109F1000F8F758FF042002900920069002A946484D
:109F2000F8F750FF4FF4605002900920069002A904
:109F30004248F8F747FF042002900920069002A942
:109F40003F48F8F73FFF3B486438006840F48040E2
:109F50003849643908600846006820F48040086089
:109F600000BF3848806800F020000028F9D136484A
:109F700034490860354848600846006840F00100F0
:109F8000086000BF2F48806800F020000028F9D149
:109F90004FF483702B49486100BF2A48806800F065
:109FA00002000028F9D02748C06840F00200254987
:109FB000C86000BF2348806800F020000028F9D165
:109FC0002049C861EB2444F4807444F44064A81C24
:109FD00044EA003444F4404400BF44F4801444F0A4
:109FE000407444F04064084644611948006820F415
:109FF00080301749086016487030006820F0010072
:10A000001349703108600020091D08604FF01040AE
:10A01000091D08600F48091D086005200C497031B2
:10A0200008600B48006840F480300949086007B0B8
:10A0300030BD0000E044025800040258000C0258F1
:10A0400000100258005000521003000101021800D5
:10A0500024ED00E02D0003032DE9F041CCB0804653
:10A060000D4616461F4600245148006820F00400A3
:10A070004F49086000BF002001904E48006820F062
:10A0800001004C4908600846006800F0010001909A
:10A0900047480C30006840F4404045490C310860A6
:10A0A0000846006800F44040019000BF00BF00BFB8
:10A0B0003F480C30006800F40050B0F5005FF7D165
:10A0C000212031904FF4803032900020349038902D
:10A0D0000120379002203A90022131A88162CDF808
:10A0E000F480C562466387630021416408210164EE
:10A0F00000218164FAF778FB04461CB101204CB0C2
:10A10000BDE8F0813F204490032045900020469018
:10A11000082047904020499000014A9040204890F4
:10A120004B90042144A8FAF78DF804460CB10120A5
:10A13000E5E721480290082003904FF4DC71049178
:10A1400002210591069107910021089109910A9138
:10A15000022013902020149000201F9020904FF494
:10A160004010239002A8F9F7DDFA04460CB1012053
:10A17000C5E70020FFF784FEF9F770F80F48006884
:10A1800040F080000D49086000BF0C48F4300068C2
:10A1900040F002000949F43108600846006800F008
:10A1A0000200019000BF00BFF8F702FE0020A6E702
:10A1B0000C4802582C0400580300040300440258C1
:10A1C00010B5044609480A49086008464460002161
:10A1D0008160C160016181610C214161FBF7BCFBC1
:10A1E000012204490248FBF753FC10BD0010014056
:10A1F0004C0200242600002410B500290AD008785B
:10A20000002807D005487844F6F7E2F9002801D085
:10A21000002010BD0248784410BD000086020000F6
:10A220007E02000002494FF0000000F00AB800BFB3
:10A230000000F87F4FF04070E1EE100A7047F6F72B
:10A240003CBB0CF00F03092B08BF082000F059801D
:10A250000A2B0BD0082B18BF704708BF1CF0400F0B
:10A260000AD04FF000004FF0000170471CF0400F83
:10A2700018BF4FF0004070471CF0100F08D020F0BE
:10A28000704300F07F4242EAD3014FEA43707047C7
:10A2900000F0604021F07F4242EA000201F07F407E
:10A2A00040EA727070474FF0FF0C4CF4E06C1CEA0F
:10A2B00011531CBF9CEA030C9445C2BFDA4201EB68
:10A2C00002517047002B0DD0BCF1000F0FD0002AB7
:10A2D00001F00041A4BF41F0E04141F07F614FF047
:10A2E0000000704701F000414FF00000704750EA55
:10A2F00001334FF09B0C18BF4CF0806C7FF492AF91
:10A3000070471CF4801F11D01CF4E02F03D06FEABB
:10A31000CC31490070474FF04050EFF3008222F0FB
:10A32000704242EA000282F3008870474FF000005A
:10A330007047000000000102030401020304060745
:10A340000809000000000000000000000000F03FCD
:10A35000000000000000F83F0000000000000000C6
:10A360000000004003B8E23F0000000000000000D1
:10A3700006D0CF43EBFD4C3E033333333333E33F5F
:10A38000FFAB6FDBB66DDB3F4D268F515555D53F8B
:10A3900001411DA96074D13F65DBC9934A86CD3F59
:10A3A000EF4E454A287ECA3F3E5555555555C53F47
:10A3B00093BDBE166CC166BF2CDE25AF6A56113F39
:10A3C000F16BD2C541BDBBBED0A4BE726937663E3B
:10A3D000000000000000000002400000000000A09B
:10A3E0000000000005400000000000C80000000060
:10A3F0000C4000000000409C0000000019400000DC
:10A400000020BCBE0000000034400000BFC91B8E0D
:10A4100000000004B5400000504BCFD06607E2CFEB
:10A42000010000006C4100003E8251AADFEEA7341B
:10A4300001000000D9420000DCB5A0E23A301F97CD
:10A44000FFFFFFFFB4450000FD25A0C8E9A3C14FF1
:10A45000FFFFFFFFFF3F0000000000800000000042
:10A46000FF3F00000000008000000000A8A40008DA
:10A470000000002464000000D40200080CA50008BD
:10A4800064000024BCBA0000F00200081C000000B8
:10A4900043000000F8FFFFFF0C0000000E0000006A
:10A4A0000F0000002E0000000A000100020003005F
:10A4B0000400050006000700080009000090D00312
:10A4C0000090D00300000000000000000000000029
:10A4D000000000001000000001000000010000006A
:10A4E000000000000F000000000000003E000024FB
:10A4F000000000003333733F000000000000000044
:0CA500000000000000000000000000004F
:040000050800029954
:00000001FF
